dataset,target,scope,variant,metric,d,se,n_env
ESWYT,2006,all,ia_g,spearman,0.0,0.0,29
ESWYT,2006,all,ia_g,sel_diff,0.0,0.0,29
ESWYT,2006,all,ia_het,spearman,0.0011672263424157942,0.01375617422167276,29
ESWYT,2006,all,ia_het,sel_diff,0.02087804230518049,0.05901075499330812,29
ESWYT,2006,all,ia_main,spearman,0.007982903957995037,0.012876314761295079,29
ESWYT,2006,all,ia_main,sel_diff,0.02087804230518049,0.058713820264799814,29
ESWYT,2006,all,ia_std,spearman,0.009286685784130437,0.011524611463787691,29
ESWYT,2006,all,ia_std,sel_diff,0.014576130354511425,0.014972299262866737,29
ESWYT,2006,all,iaw_0,spearman,0.0011672263424157942,0.013051681910494254,29
ESWYT,2006,all,iaw_0,sel_diff,0.02087804230518049,0.05874408036978694,29
ESWYT,2006,all,iaw_0.01,spearman,0.003218829429380011,0.013357231948419158,29
ESWYT,2006,all,iaw_0.01,sel_diff,0.02087804230518049,0.05796383230145176,29
ESWYT,2006,all,iaw_0.02,spearman,0.004004394409977165,0.013160881539177709,29
ESWYT,2006,all,iaw_0.02,sel_diff,0.02087804230518049,0.05844517839214279,29
ESWYT,2006,all,iaw_0.05,spearman,0.007982903957995037,0.01304027570985853,29
ESWYT,2006,all,iaw_0.05,sel_diff,0.02087804230518049,0.058736515091965494,29
ESWYT,2006,all,iaw_0.1,spearman,0.008802299306197995,0.013176489134657658,29
ESWYT,2006,all,iaw_0.1,sel_diff,0.02087804230518049,0.05852062764813296,29
ESWYT,2006,all,iaw_0.15,spearman,0.00953552762832358,0.013433200423084893,29
ESWYT,2006,all,iaw_0.15,sel_diff,0.02087804230518049,0.058517499891394625,29
ESWYT,2006,all,iaw_0.2,spearman,0.014878875359630266,0.012666655300890674,29
ESWYT,2006,all,iaw_0.2,sel_diff,0.03022602339778153,0.06117391113151003,29
ESWYT,2006,all,iaw_0.3,spearman,0.012886922109798067,0.012920706772526791,29
ESWYT,2006,all,iaw_0.3,sel_diff,0.0022213273073591736,0.07611604133198775,29
ESWYT,2006,all,iaw_0.4,spearman,0.012112847123751746,0.013264763673080876,29
ESWYT,2006,all,iaw_0.4,sel_diff,0.011433441691410392,0.07991511804108745,29
ESWYT,2006,all,iaw_0.5,spearman,0.013180429441489602,0.012575535446325739,29
ESWYT,2006,all,iaw_0.5,sel_diff,0.011433441691410392,0.08081470849843202,29
ESWYT,2006,all,iaw_0.6,spearman,0.01215966202204833,0.012657438726817386,29
ESWYT,2006,all,iaw_0.6,sel_diff,0.011433441691410392,0.08117362485104929,29
ESWYT,2006,all,iaw_0.7,spearman,0.015368327974138566,0.013025985535319671,29
ESWYT,2006,all,iaw_0.7,sel_diff,0.011433441691410392,0.08071571032104612,29
ESWYT,2006,all,iaw_0.8,spearman,0.015269344230069752,0.01230450647137322,29
ESWYT,2006,all,iaw_0.8,sel_diff,0.011433441691410392,0.08174992318245278,29
ESWYT,2006,all,iaw_0.9,spearman,0.014651579467405638,0.01230820478164045,29
ESWYT,2006,all,iaw_0.9,sel_diff,0.011433441691410392,0.08069845746245057,29
ESWYT,2006,all,iaw_0.95,spearman,0.011511870833239464,0.012625671037376524,29
ESWYT,2006,all,iaw_0.95,sel_diff,0.004708986887862451,0.08060772585664207,29
ESWYT,2006,all,ib_main,spearman,0.0,0.0,29
ESWYT,2006,all,ib_main,sel_diff,0.0,0.0,29
ESWYT,2006,all,ib_region,spearman,0.012779219194671513,0.016820695265810495,29
ESWYT,2006,all,ib_region,sel_diff,0.03128610742720755,0.07896180934209106,29
ESWYT,2006,all,ibc_0.05,spearman,0.0034870654884889304,0.0010097916200304284,29
ESWYT,2006,all,ibc_0.05,sel_diff,0.0,0.0,29
ESWYT,2006,all,ibc_0.1,spearman,0.005038386249406216,0.001795620605342587,29
ESWYT,2006,all,ibc_0.1,sel_diff,0.0,0.0,29
ESWYT,2006,all,ibc_0.2,spearman,0.008789895868654349,0.0034399243827990715,29
ESWYT,2006,all,ibc_0.2,sel_diff,-9.570888143320315e-19,2.1843425933543546e-18,29
ESWYT,2006,all,ibc_0.3,spearman,0.009669894764613945,0.004703810728583739,29
ESWYT,2006,all,ibc_0.3,sel_diff,-0.00013772764822080495,0.00013765485518307588,29
ESWYT,2006,all,ibc_0.5,spearman,0.011008423087195622,0.0062192707007469135,29
ESWYT,2006,all,ibc_0.5,sel_diff,0.0029055798143658726,0.021286518720111194,29
ESWYT,2006,all,ibc_0.75,spearman,0.011211682996597687,0.007633697835601345,29
ESWYT,2006,all,ibc_0.75,sel_diff,0.012062545310765541,0.024833086613086527,29
ESWYT,2006,all,ibc_1,spearman,0.014638818405194386,0.008933352880036008,29
ESWYT,2006,all,ibc_1,sel_diff,0.021637984901036012,0.026651324705632622,29
ESWYT,2006,all,ibc_1.5,spearman,0.01474830071811462,0.011099085084957784,29
ESWYT,2006,all,ibc_1.5,sel_diff,0.028003160356795124,0.034010914752152725,29
ESWYT,2006,all,ibc_2,spearman,0.01367571834920814,0.01266477497638426,29
ESWYT,2006,all,ibc_2,sel_diff,0.027363502002057165,0.039565477547213575,29
ESWYT,2006,all,ibc_3,spearman,0.017067251631177182,0.014744795023074854,29
ESWYT,2006,all,ibc_3,sel_diff,0.02682519805213089,0.03962764360318101,29
ESWYT,2006,new,ia_g,spearman,0.0,0.0,29
ESWYT,2006,new,ia_g,sel_diff,0.0,0.0,29
ESWYT,2006,new,ia_het,spearman,-0.037741524316750125,0.01559977735487685,29
ESWYT,2006,new,ia_het,sel_diff,-0.22224293321412494,0.05042221973226558,29
ESWYT,2006,new,ia_main,spearman,-0.021886053791424706,0.01400854222585564,29
ESWYT,2006,new,ia_main,sel_diff,-0.051296428017483,0.05785755018372473,29
ESWYT,2006,new,ia_std,spearman,-0.019073990861772753,0.012268215490351658,29
ESWYT,2006,new,ia_std,sel_diff,-0.021602455872748994,0.0805857355121558,29
ESWYT,2006,new,iaw_0,spearman,-0.037741524316750125,0.015427886209897072,29
ESWYT,2006,new,iaw_0,sel_diff,-0.22224293321412494,0.05030505362164013,29
ESWYT,2006,new,iaw_0.01,spearman,-0.03303240834115247,0.01494285259079545,29
ESWYT,2006,new,iaw_0.01,sel_diff,-0.22224293321412494,0.05109598852727698,29
ESWYT,2006,new,iaw_0.02,spearman,-0.030973711523807127,0.014904607057456467,29
ESWYT,2006,new,iaw_0.02,sel_diff,-0.22224293321412494,0.051414249548128364,29
ESWYT,2006,new,iaw_0.05,spearman,-0.021886053791424706,0.014162660217401528,29
ESWYT,2006,new,iaw_0.05,sel_diff,-0.051296428017483,0.0579954605319653,29
ESWYT,2006,new,iaw_0.1,spearman,-0.02099617542761196,0.013424415164079872,29
ESWYT,2006,new,iaw_0.1,sel_diff,-0.051296428017483,0.05779160769974708,29
ESWYT,2006,new,iaw_0.15,spearman,-0.020783708615138206,0.014382438603527609,29
ESWYT,2006,new,iaw_0.15,sel_diff,-0.051296428017483,0.058021096610845056,29
ESWYT,2006,new,iaw_0.2,spearman,-0.01796445787825939,0.013062483277944181,29
ESWYT,2006,new,iaw_0.2,sel_diff,-0.051296428017483,0.057234357211104196,29
ESWYT,2006,new,iaw_0.3,spearman,-0.021744791876107016,0.012578226006376963,29
ESWYT,2006,new,iaw_0.3,sel_diff,-0.051296428017483,0.05697914027394286,29
ESWYT,2006,new,iaw_0.4,spearman,-0.027528690793904888,0.014354590318790047,29
ESWYT,2006,new,iaw_0.4,sel_diff,-0.05129642801748299,0.056603112094464364,29
ESWYT,2006,new,iaw_0.5,spearman,-0.0234593674494461,0.013647728379306761,29
ESWYT,2006,new,iaw_0.5,sel_diff,-0.05129642801748299,0.05691306343520018,29
ESWYT,2006,new,iaw_0.6,spearman,-0.023812241377201913,0.012263554846190027,29
ESWYT,2006,new,iaw_0.6,sel_diff,-0.05129642801748299,0.05515556590867574,29
ESWYT,2006,new,iaw_0.7,spearman,-0.015671650498146634,0.01318458089916156,29
ESWYT,2006,new,iaw_0.7,sel_diff,-0.05129642801748299,0.057748814036621986,29
ESWYT,2006,new,iaw_0.8,spearman,-0.013403640755463088,0.013376915424901062,29
ESWYT,2006,new,iaw_0.8,sel_diff,-0.05129642801748299,0.05818367154942524,29
ESWYT,2006,new,iaw_0.9,spearman,-0.012514287373065112,0.013077812591498754,29
ESWYT,2006,new,iaw_0.9,sel_diff,-0.05129642801748299,0.057393742061048844,29
ESWYT,2006,new,iaw_0.95,spearman,-0.01947840885742151,0.013916025565600046,29
ESWYT,2006,new,iaw_0.95,sel_diff,-0.05129642801748299,0.05624409396715945,29
ESWYT,2006,new,ib_main,spearman,0.0,0.0,29
ESWYT,2006,new,ib_main,sel_diff,0.0,0.0,29
ESWYT,2006,new,ib_region,spearman,0.011911824772753123,0.020962159950416684,29
ESWYT,2006,new,ib_region,sel_diff,-0.044835781009629615,0.14137867323402473,29
ESWYT,2006,new,ibc_0.05,spearman,0.003526959426926683,0.001503240959281512,29
ESWYT,2006,new,ibc_0.05,sel_diff,0.0032492930726926144,0.02058543646593427,29
ESWYT,2006,new,ibc_0.1,spearman,0.002879419391068673,0.0025438550079234694,29
ESWYT,2006,new,ibc_0.1,sel_diff,-0.07044436278715972,0.05175388291760771,29
ESWYT,2006,new,ibc_0.2,spearman,0.005086030447331783,0.004347137385106086,29
ESWYT,2006,new,ibc_0.2,sel_diff,-0.08954068581070079,0.062100649908714584,29
ESWYT,2006,new,ibc_0.3,spearman,0.004721608928716043,0.005405289626853272,29
ESWYT,2006,new,ibc_0.3,sel_diff,-0.0939739677875912,0.06685792482326129,29
ESWYT,2006,new,ibc_0.5,spearman,0.0016968978107615952,0.007918744867847376,29
ESWYT,2006,new,ibc_0.5,sel_diff,-0.07166323070514496,0.10145331823621442,29
ESWYT,2006,new,ibc_0.75,spearman,-0.001917559162076099,0.010439431619673674,29
ESWYT,2006,new,ibc_0.75,sel_diff,-0.07549534259325028,0.10555864385454407,29
ESWYT,2006,new,ibc_1,spearman,-0.0015932553147766715,0.012024786833275233,29
ESWYT,2006,new,ibc_1,sel_diff,-0.0746460595092802,0.11553977122584647,29
ESWYT,2006,new,ibc_1.5,spearman,-0.00016815500381900814,0.014057870504540514,29
ESWYT,2006,new,ibc_1.5,sel_diff,-0.03246193497213879,0.11444169887001485,29
ESWYT,2006,new,ibc_2,spearman,-0.0025779737029872248,0.016710568545596858,29
ESWYT,2006,new,ibc_2,sel_diff,-0.036984623207603956,0.11472131477813415,29
ESWYT,2006,new,ibc_3,spearman,0.002801303467618723,0.01855480759865936,29
ESWYT,2006,new,ibc_3,sel_diff,-0.05466684760338715,0.11599922080170856,29
ESWYT,2007,all,ia_g,spearman,0.0,0.0,39
ESWYT,2007,all,ia_g,sel_diff,0.0,0.0,39
ESWYT,2007,all,ia_het,spearman,0.017386254974314515,0.009645627769318951,39
ESWYT,2007,all,ia_het,sel_diff,0.04353458015790301,0.051311656993219296,39
ESWYT,2007,all,ia_main,spearman,0.01797447489576003,0.009318115335664486,39
ESWYT,2007,all,ia_main,sel_diff,0.026953016852675135,0.05268666199445591,39
ESWYT,2007,all,ia_std,spearman,0.009484119570094679,0.007366202968290713,39
ESWYT,2007,all,ia_std,sel_diff,-4.937289893164759e-18,1.0145025085065059e-17,39
ESWYT,2007,all,iaw_0,spearman,0.017386254974314515,0.009442592764963849,39
ESWYT,2007,all,iaw_0,sel_diff,0.04353458015790301,0.051391586385207036,39
ESWYT,2007,all,iaw_0.01,spearman,0.01772500416472339,0.009299008424551225,39
ESWYT,2007,all,iaw_0.01,sel_diff,0.04353458015790301,0.05066666553735095,39
ESWYT,2007,all,iaw_0.02,spearman,0.01800477438941259,0.009351155325511095,39
ESWYT,2007,all,iaw_0.02,sel_diff,0.04353458015790301,0.0511638362724965,39
ESWYT,2007,all,iaw_0.05,spearman,0.01797447489576003,0.009301834331389685,39
ESWYT,2007,all,iaw_0.05,sel_diff,0.026953016852675135,0.05310666180945353,39
ESWYT,2007,all,iaw_0.1,spearman,0.02017975612115523,0.009277928422105784,39
ESWYT,2007,all,iaw_0.1,sel_diff,0.026953016852675146,0.05190224951496775,39
ESWYT,2007,all,iaw_0.15,spearman,0.02049984406518748,0.009053971193297487,39
ESWYT,2007,all,iaw_0.15,sel_diff,0.026953016852675173,0.053863273029949435,39
ESWYT,2007,all,iaw_0.2,spearman,0.02108138070866792,0.009371616442845555,39
ESWYT,2007,all,iaw_0.2,sel_diff,0.0688676774405685,0.052401222536570334,39
ESWYT,2007,all,iaw_0.3,spearman,0.022532121010811278,0.008884840746041777,39
ESWYT,2007,all,iaw_0.3,sel_diff,0.08983201806001502,0.07309563086836317,39
ESWYT,2007,all,iaw_0.4,spearman,0.027623881968778914,0.008369876195948745,39
ESWYT,2007,all,iaw_0.4,sel_diff,0.0980367455587429,0.07238644402992356,39
ESWYT,2007,all,iaw_0.5,spearman,0.025048184457065085,0.008485265874004772,39
ESWYT,2007,all,iaw_0.5,sel_diff,0.0980367455587429,0.07281104601037104,39
ESWYT,2007,all,iaw_0.6,spearman,0.023886415595680183,0.008262464970459675,39
ESWYT,2007,all,iaw_0.6,sel_diff,0.0980367455587429,0.0747370613559533,39
ESWYT,2007,all,iaw_0.7,spearman,0.022961429450418604,0.008344570711278802,39
ESWYT,2007,all,iaw_0.7,sel_diff,0.0980367455587429,0.07336015656238344,39
ESWYT,2007,all,iaw_0.8,spearman,0.025051367169076313,0.008725367043438844,39
ESWYT,2007,all,iaw_0.8,sel_diff,0.0980367455587429,0.07171798947886916,39
ESWYT,2007,all,iaw_0.9,spearman,0.02227376139528376,0.008728527934949448,39
ESWYT,2007,all,iaw_0.9,sel_diff,0.0980367455587429,0.07220276501946923,39
ESWYT,2007,all,iaw_0.95,spearman,0.02103047102096655,0.009304546666935493,39
ESWYT,2007,all,iaw_0.95,sel_diff,0.09167368450991864,0.0731602125837274,39
ESWYT,2007,all,ib_main,spearman,0.022632700289194573,0.013334870100684166,39
ESWYT,2007,all,ib_main,sel_diff,0.1594510433499151,0.08235825881394238,39
ESWYT,2007,all,ib_region,spearman,-0.0010298405544463519,0.015519792708531615,39
ESWYT,2007,all,ib_region,sel_diff,0.1411449301073975,0.05412523503922003,39
ESWYT,2007,all,ibc_0.05,spearman,0.001507215616843553,0.0012967534842459139,39
ESWYT,2007,all,ibc_0.05,sel_diff,0.014993352642579292,0.020059281481614316,39
ESWYT,2007,all,ibc_0.1,spearman,0.0028050320473564858,0.002489828880982604,39
ESWYT,2007,all,ibc_0.1,sel_diff,0.0250429637132454,0.021620914585997773,39
ESWYT,2007,all,ibc_0.2,spearman,0.006729650463267957,0.0040134412243666194,39
ESWYT,2007,all,ibc_0.2,sel_diff,0.0429711909429346,0.025482415018360932,39
ESWYT,2007,all,ibc_0.3,spearman,0.009932968700094177,0.005876201955042906,39
ESWYT,2007,all,ibc_0.3,sel_diff,0.04857558850880468,0.030660817020039692,39
ESWYT,2007,all,ibc_0.5,spearman,0.014354790387511578,0.00806652649825439,39
ESWYT,2007,all,ibc_0.5,sel_diff,0.03654031312977739,0.0327368211161197,39
ESWYT,2007,all,ibc_0.75,spearman,0.020130627993313548,0.010557747431087498,39
ESWYT,2007,all,ibc_0.75,sel_diff,0.1029119885435052,0.053311537959779845,39
ESWYT,2007,all,ibc_1,spearman,0.02244553579344042,0.011807219677468336,39
ESWYT,2007,all,ibc_1,sel_diff,0.1560467981860034,0.06880952871298052,39
ESWYT,2007,all,ibc_1.5,spearman,0.022632700289194573,0.013706629119148774,39
ESWYT,2007,all,ibc_1.5,sel_diff,0.1594510433499151,0.0781819359840844,39
ESWYT,2007,all,ibc_2,spearman,0.02493347705965523,0.014751396521516287,39
ESWYT,2007,all,ibc_2,sel_diff,0.17875711658569504,0.07962677242346904,39
ESWYT,2007,all,ibc_3,spearman,0.02939427444282414,0.015559485013365256,39
ESWYT,2007,all,ibc_3,sel_diff,0.1558367888130124,0.07721868829836598,39
ESWYT,2007,new,ia_g,spearman,0.0,0.0,39
ESWYT,2007,new,ia_g,sel_diff,0.0,0.0,39
ESWYT,2007,new,ia_het,spearman,0.01745887589565786,0.010198922055859864,39
ESWYT,2007,new,ia_het,sel_diff,-9.963539964584738e-18,1.1863098899691931e-17,39
ESWYT,2007,new,ia_main,spearman,0.01858870666254892,0.01019907205151155,39
ESWYT,2007,new,ia_main,sel_diff,-9.963539964584738e-18,1.1828671893357961e-17,39
ESWYT,2007,new,ia_std,spearman,0.008963602775190916,0.008238972674978732,39
ESWYT,2007,new,ia_std,sel_diff,-9.963539964584738e-18,1.200842385350138e-17,39
ESWYT,2007,new,iaw_0,spearman,0.01745887589565786,0.010421511522365862,39
ESWYT,2007,new,iaw_0,sel_diff,-9.963539964584738e-18,1.2035688162501865e-17,39
ESWYT,2007,new,iaw_0.01,spearman,0.017833911574868192,0.010122986517625226,39
ESWYT,2007,new,iaw_0.01,sel_diff,-9.963539964584738e-18,1.2195236780656678e-17,39
ESWYT,2007,new,iaw_0.02,spearman,0.01814003804845223,0.009875629100783274,39
ESWYT,2007,new,iaw_0.02,sel_diff,-9.963539964584738e-18,1.2174064439468615e-17,39
ESWYT,2007,new,iaw_0.05,spearman,0.01858870666254892,0.009888533565752802,39
ESWYT,2007,new,iaw_0.05,sel_diff,-9.963539964584738e-18,1.1992696102387992e-17,39
ESWYT,2007,new,iaw_0.1,spearman,0.02052589076331703,0.009570046602168786,39
ESWYT,2007,new,iaw_0.1,sel_diff,-9.963539964584738e-18,1.204837532988143e-17,39
ESWYT,2007,new,iaw_0.15,spearman,0.020238508551300185,0.00908218097412262,39
ESWYT,2007,new,iaw_0.15,sel_diff,4.448008912761044e-18,6.509298094886507e-18,39
ESWYT,2007,new,iaw_0.2,spearman,0.020117318945419817,0.009258118688428438,39
ESWYT,2007,new,iaw_0.2,sel_diff,4.448008912761044e-18,6.663611550193791e-18,39
ESWYT,2007,new,iaw_0.3,spearman,0.020167547397819445,0.008558482009652216,39
ESWYT,2007,new,iaw_0.3,sel_diff,4.448008912761044e-18,6.5849043698899096e-18,39
ESWYT,2007,new,iaw_0.4,spearman,0.02514597438321444,0.00809749770305707,39
ESWYT,2007,new,iaw_0.4,sel_diff,0.0,0.0,39
ESWYT,2007,new,iaw_0.5,spearman,0.022586567639403646,0.007839498828113073,39
ESWYT,2007,new,iaw_0.5,sel_diff,0.0,0.0,39
ESWYT,2007,new,iaw_0.6,spearman,0.02121824972016805,0.007703197360332133,39
ESWYT,2007,new,iaw_0.6,sel_diff,0.0,0.0,39
ESWYT,2007,new,iaw_0.7,spearman,0.0201312925932016,0.00784934362214037,39
ESWYT,2007,new,iaw_0.7,sel_diff,0.00996837375002168,0.030723702551126796,39
ESWYT,2007,new,iaw_0.8,spearman,0.022468667579310767,0.008065880691272426,39
ESWYT,2007,new,iaw_0.8,sel_diff,0.0308367871982783,0.04763140736500083,39
ESWYT,2007,new,iaw_0.9,spearman,0.01914970278556571,0.00862647646654988,39
ESWYT,2007,new,iaw_0.9,sel_diff,0.0308367871982783,0.049181692116511806,39
ESWYT,2007,new,iaw_0.95,spearman,0.01769126401019271,0.009319537853265768,39
ESWYT,2007,new,iaw_0.95,sel_diff,0.004583840544369504,0.0428149676145649,39
ESWYT,2007,new,ib_main,spearman,0.018220537291892828,0.013548681497303507,39
ESWYT,2007,new,ib_main,sel_diff,0.09322092071462358,0.06702359766611446,39
ESWYT,2007,new,ib_region,spearman,0.004978428350584903,0.014825526153022869,39
ESWYT,2007,new,ib_region,sel_diff,0.06761435188995674,0.04685436710900876,39
ESWYT,2007,new,ibc_0.05,spearman,0.0018670876789581713,0.0014159912721850747,39
ESWYT,2007,new,ibc_0.05,sel_diff,0.007843690490018427,0.007716484070237288,39
ESWYT,2007,new,ibc_0.1,spearman,0.0027405976401352486,0.0027205742550690955,39
ESWYT,2007,new,ibc_0.1,sel_diff,0.00784369049001843,0.007558091802734579,39
ESWYT,2007,new,ibc_0.2,spearman,0.006207402918493783,0.004507619831012754,39
ESWYT,2007,new,ibc_0.2,sel_diff,0.00784369049001843,0.007983350080399017,39
ESWYT,2007,new,ibc_0.3,spearman,0.008345193512223036,0.006277160056437365,39
ESWYT,2007,new,ibc_0.3,sel_diff,0.034600588174953595,0.018157203271794844,39
ESWYT,2007,new,ibc_0.5,spearman,0.011748725392163964,0.008460273980641256,39
ESWYT,2007,new,ibc_0.5,sel_diff,0.011063490563372,0.024064759316619427,39
ESWYT,2007,new,ibc_0.75,spearman,0.01644674521940401,0.011016277847799858,39
ESWYT,2007,new,ibc_0.75,sel_diff,0.019836700964277695,0.04145014384704619,39
ESWYT,2007,new,ibc_1,spearman,0.018963450009252293,0.012531281059068027,39
ESWYT,2007,new,ibc_1,sel_diff,0.06647208174936496,0.05632638025500717,39
ESWYT,2007,new,ibc_1.5,spearman,0.018220537291892828,0.01365692809070567,39
ESWYT,2007,new,ibc_1.5,sel_diff,0.09322092071462358,0.06413744039174127,39
ESWYT,2007,new,ibc_2,spearman,0.019381330858984643,0.014663798428643848,39
ESWYT,2007,new,ibc_2,sel_diff,0.11048306111473781,0.066467814755902,39
ESWYT,2007,new,ibc_3,spearman,0.022425442422800923,0.015739125584136534,39
ESWYT,2007,new,ibc_3,sel_diff,0.12441207062645795,0.06663051515208829,39
ESWYT,2008,all,ia_g,spearman,0.0,0.0,22
ESWYT,2008,all,ia_g,sel_diff,0.0,0.0,22
ESWYT,2008,all,ia_het,spearman,0.019276818685149355,0.011419584458612558,22
ESWYT,2008,all,ia_het,sel_diff,0.06931712506804101,0.1262939652135924,22
ESWYT,2008,all,ia_main,spearman,0.018727702957826272,0.012497118837087541,22
ESWYT,2008,all,ia_main,sel_diff,0.06931712506804102,0.1256631956812741,22
ESWYT,2008,all,ia_std,spearman,0.02104816227035762,0.009101233280863897,22
ESWYT,2008,all,ia_std,sel_diff,0.029014049378395267,0.09334353734234856,22
ESWYT,2008,all,iaw_0,spearman,0.019276818685149355,0.010917044435344516,22
ESWYT,2008,all,iaw_0,sel_diff,0.06931712506804101,0.12619657336157833,22
ESWYT,2008,all,iaw_0.01,spearman,0.01904390593054357,0.01145129214159505,22
ESWYT,2008,all,iaw_0.01,sel_diff,0.069317125068041,0.13006273840246296,22
ESWYT,2008,all,iaw_0.02,spearman,0.019808745667987692,0.011619451738068436,22
ESWYT,2008,all,iaw_0.02,sel_diff,0.069317125068041,0.12715947564613841,22
ESWYT,2008,all,iaw_0.05,spearman,0.02068604271287684,0.011504181439107334,22
ESWYT,2008,all,iaw_0.05,sel_diff,0.06931712506804105,0.12810142031168797,22
ESWYT,2008,all,iaw_0.1,spearman,0.018727702957826272,0.012412999297549783,22
ESWYT,2008,all,iaw_0.1,sel_diff,0.06931712506804102,0.1292703751819506,22
ESWYT,2008,all,iaw_0.15,spearman,0.018667812986859694,0.011894456584376364,22
ESWYT,2008,all,iaw_0.15,sel_diff,0.06931712506804102,0.13053927666067877,22
ESWYT,2008,all,iaw_0.2,spearman,0.016079718017044928,0.012358245771847383,22
ESWYT,2008,all,iaw_0.2,sel_diff,0.06931712506804102,0.12596471664249914,22
ESWYT,2008,all,iaw_0.3,spearman,0.014077424507118574,0.01501046171007398,22
ESWYT,2008,all,iaw_0.3,sel_diff,0.06931712506804102,0.1261853840256805,22
ESWYT,2008,all,iaw_0.4,spearman,0.013978656617827845,0.015936677264007208,22
ESWYT,2008,all,iaw_0.4,sel_diff,0.06931712506804102,0.1315385625434542,22
ESWYT,2008,all,iaw_0.5,spearman,0.010711225312903905,0.016703454513987605,22
ESWYT,2008,all,iaw_0.5,sel_diff,0.050665050244729073,0.1251774434178443,22
ESWYT,2008,all,iaw_0.6,spearman,0.011141929762049786,0.01669928037250478,22
ESWYT,2008,all,iaw_0.6,sel_diff,0.050665050244729073,0.12723091418342283,22
ESWYT,2008,all,iaw_0.7,spearman,0.003864235829547877,0.01951266600241702,22
ESWYT,2008,all,iaw_0.7,sel_diff,-0.04905842629896722,0.1505679965306082,22
ESWYT,2008,all,iaw_0.8,spearman,0.0022546993161981113,0.02061671384276558,22
ESWYT,2008,all,iaw_0.8,sel_diff,-0.0490584262989672,0.14826407316133058,22
ESWYT,2008,all,iaw_0.9,spearman,0.00022322515121968122,0.02366228751504046,22
ESWYT,2008,all,iaw_0.9,sel_diff,0.03597856795603959,0.16763226984928223,22
ESWYT,2008,all,iaw_0.95,spearman,-0.0021857473731059385,0.024382065160813014,22
ESWYT,2008,all,iaw_0.95,sel_diff,0.03597856795603959,0.16869628979418635,22
ESWYT,2008,all,ib_main,spearman,0.03810590517943205,0.023187927151560764,22
ESWYT,2008,all,ib_main,sel_diff,0.07438134296152468,0.09084089781897244,22
ESWYT,2008,all,ib_region,spearman,-0.010132911731277066,0.025666167092868883,22
ESWYT,2008,all,ib_region,sel_diff,0.06964107339967383,0.0955413526273709,22
ESWYT,2008,all,ibc_0.05,spearman,0.0014178449073756654,0.001769161452016037,22
ESWYT,2008,all,ibc_0.05,sel_diff,0.004890405867526668,0.030253117825516096,22
ESWYT,2008,all,ibc_0.1,spearman,0.0028072896330969387,0.0039528387636696026,22
ESWYT,2008,all,ibc_0.1,sel_diff,-0.04810014036210248,0.03312656646484179,22
ESWYT,2008,all,ibc_0.2,spearman,0.00815482493437996,0.00631920244105648,22
ESWYT,2008,all,ibc_0.2,sel_diff,-0.012200439557209265,0.0463220185640808,22
ESWYT,2008,all,ibc_0.3,spearman,0.01535117383520413,0.009657680400780097,22
ESWYT,2008,all,ibc_0.3,sel_diff,-0.00817023336918146,0.07681939489667308,22
ESWYT,2008,all,ibc_0.5,spearman,0.020534708632722845,0.01550981355351837,22
ESWYT,2008,all,ibc_0.5,sel_diff,-0.006811355339552982,0.06997651070335027,22
ESWYT,2008,all,ibc_0.75,spearman,0.025699314219936986,0.019614915175736023,22
ESWYT,2008,all,ibc_0.75,sel_diff,0.014580199003026973,0.08562751437757529,22
ESWYT,2008,all,ibc_1,spearman,0.028090168554604212,0.02034736483412596,22
ESWYT,2008,all,ibc_1,sel_diff,0.05265035311435471,0.09182119866753691,22
ESWYT,2008,all,ibc_1.5,spearman,0.033880473652475686,0.02225747941688779,22
ESWYT,2008,all,ibc_1.5,sel_diff,0.06582375853059005,0.09757684786841823,22
ESWYT,2008,all,ibc_2,spearman,0.03810590517943205,0.023295208283182406,22
ESWYT,2008,all,ibc_2,sel_diff,0.07438134296152468,0.09050711447535678,22
ESWYT,2008,all,ibc_3,spearman,0.04443815065831175,0.024603844154025133,22
ESWYT,2008,all,ibc_3,sel_diff,0.08263524793019132,0.09351012942692254,22
ESWYT,2008,new,ia_g,spearman,0.0,0.0,22
ESWYT,2008,new,ia_g,sel_diff,0.0,0.0,22
ESWYT,2008,new,ia_het,spearman,0.004596653617899313,0.010169162541147254,22
ESWYT,2008,new,ia_het,sel_diff,-0.06948372666063042,0.10648381070909732,22
ESWYT,2008,new,ia_main,spearman,0.00391338112622815,0.012126192430575045,22
ESWYT,2008,new,ia_main,sel_diff,-0.06948372666063042,0.10785321419115083,22
ESWYT,2008,new,ia_std,spearman,0.010483152412770808,0.007977693913206187,22
ESWYT,2008,new,ia_std,sel_diff,-0.12326166667126626,0.0979152864574255,22
ESWYT,2008,new,iaw_0,spearman,0.004596653617899313,0.010360028870984644,22
ESWYT,2008,new,iaw_0,sel_diff,-0.06948372666063042,0.11077197509459175,22
ESWYT,2008,new,iaw_0.01,spearman,0.004652165049534093,0.010686740172471397,22
ESWYT,2008,new,iaw_0.01,sel_diff,-0.06948372666063042,0.1072419622580764,22
ESWYT,2008,new,iaw_0.02,spearman,0.005641962388568799,0.011022894509446182,22
ESWYT,2008,new,iaw_0.02,sel_diff,-0.06948372666063042,0.10762479772332503,22
ESWYT,2008,new,iaw_0.05,spearman,0.005985544816700042,0.011026652336942175,22
ESWYT,2008,new,iaw_0.05,sel_diff,-0.06948372666063042,0.10796800052711039,22
ESWYT,2008,new,iaw_0.1,spearman,0.00391338112622815,0.012076092268619535,22
ESWYT,2008,new,iaw_0.1,sel_diff,-0.06948372666063042,0.10869638232113632,22
ESWYT,2008,new,iaw_0.15,spearman,0.0034725470450159127,0.012617355657628464,22
ESWYT,2008,new,iaw_0.15,sel_diff,-0.06948372666063042,0.10745629821890179,22
ESWYT,2008,new,iaw_0.2,spearman,0.0008467734768567281,0.012313884840639328,22
ESWYT,2008,new,iaw_0.2,sel_diff,-0.06948372666063042,0.11057585336466656,22
ESWYT,2008,new,iaw_0.3,spearman,-0.0016193888454182493,0.015451209381667441,22
ESWYT,2008,new,iaw_0.3,sel_diff,-0.06948372666063042,0.10583946957335708,22
ESWYT,2008,new,iaw_0.4,spearman,-0.0010210605390605807,0.01626778835512148,22
ESWYT,2008,new,iaw_0.4,sel_diff,-0.06948372666063042,0.10828579525100662,22
ESWYT,2008,new,iaw_0.5,spearman,-0.0023577012158359496,0.01695899818971973,22
ESWYT,2008,new,iaw_0.5,sel_diff,-0.03377944847856354,0.09971417810522352,22
ESWYT,2008,new,iaw_0.6,spearman,-0.00205280040220665,0.016437484066974598,22
ESWYT,2008,new,iaw_0.6,sel_diff,-0.14855106362530598,0.0995737274240004,22
ESWYT,2008,new,iaw_0.7,spearman,-0.007219186390007525,0.018440503518939874,22
ESWYT,2008,new,iaw_0.7,sel_diff,-0.14855106362530598,0.09689346683902204,22
ESWYT,2008,new,iaw_0.8,spearman,-0.01190738995773915,0.02062595789805182,22
ESWYT,2008,new,iaw_0.8,sel_diff,-0.14855106362530598,0.09827743306498031,22
ESWYT,2008,new,iaw_0.9,spearman,-0.015334812138781469,0.02487156070551296,22
ESWYT,2008,new,iaw_0.9,sel_diff,-0.14855106362530598,0.09850998423900939,22
ESWYT,2008,new,iaw_0.95,spearman,-0.018472812003600028,0.026734020028263073,22
ESWYT,2008,new,iaw_0.95,sel_diff,-0.18561454877304143,0.11665414772006881,22
ESWYT,2008,new,ib_main,spearman,0.03307637350983525,0.023331649921495744,22
ESWYT,2008,new,ib_main,sel_diff,0.010839146040153187,0.09345838266102949,22
ESWYT,2008,new,ib_region,spearman,-0.021365027915053018,0.02165719603806322,22
ESWYT,2008,new,ib_region,sel_diff,-0.07305214520300941,0.10669809297620929,22
ESWYT,2008,new,ibc_0.05,spearman,0.000269543856194018,0.0016487248582885776,22
ESWYT,2008,new,ibc_0.05,sel_diff,-0.0174672420257151,0.016314218607240236,22
ESWYT,2008,new,ibc_0.1,spearman,0.0020887923857212196,0.003875371531390709,22
ESWYT,2008,new,ibc_0.1,sel_diff,-0.04558292208999233,0.0280515640577706,22
ESWYT,2008,new,ibc_0.2,spearman,0.004929110195776485,0.006162602695948689,22
ESWYT,2008,new,ibc_0.2,sel_diff,-0.04603351429607062,0.037980998140103334,22
ESWYT,2008,new,ibc_0.3,spearman,0.011783966608461805,0.010218881048681896,22
ESWYT,2008,new,ibc_0.3,sel_diff,-0.06192385783963248,0.0559048875017811,22
ESWYT,2008,new,ibc_0.5,spearman,0.01666989597461164,0.015639104023009536,22
ESWYT,2008,new,ibc_0.5,sel_diff,-0.008647546492265502,0.06203317269180804,22
ESWYT,2008,new,ibc_0.75,spearman,0.022544673878920278,0.018625194339299104,22
ESWYT,2008,new,ibc_0.75,sel_diff,0.023736806135818966,0.06011481157425175,22
ESWYT,2008,new,ibc_1,spearman,0.024792133019683728,0.020773036394275936,22
ESWYT,2008,new,ibc_1,sel_diff,0.0528146365698341,0.07723629935032253,22
ESWYT,2008,new,ibc_1.5,spearman,0.029449837397015358,0.022506995348676184,22
ESWYT,2008,new,ibc_1.5,sel_diff,0.07476175499517937,0.09676732635428369,22
ESWYT,2008,new,ibc_2,spearman,0.03307637350983525,0.023573421659979787,22
ESWYT,2008,new,ibc_2,sel_diff,0.010839146040153187,0.0964486931200142,22
ESWYT,2008,new,ibc_3,spearman,0.040073236238547034,0.025897870076500636,22
ESWYT,2008,new,ibc_3,sel_diff,0.08408811075286778,0.08354510649045631,22
ESWYT,2009,all,ia_g,spearman,0.0,0.0,31
ESWYT,2009,all,ia_g,sel_diff,0.0,0.0,31
ESWYT,2009,all,ia_het,spearman,0.0034105581857513077,0.010204060094441155,31
ESWYT,2009,all,ia_het,sel_diff,-0.05701179360535851,0.07193426860422163,31
ESWYT,2009,all,ia_main,spearman,0.0017323074996805886,0.009764298322880937,31
ESWYT,2009,all,ia_main,sel_diff,-0.05701179360535851,0.0699178298771922,31
ESWYT,2009,all,ia_std,spearman,0.0045996262572241976,0.007551865496047396,31
ESWYT,2009,all,ia_std,sel_diff,-0.03443067947829579,0.054538728920743004,31
ESWYT,2009,all,iaw_0,spearman,0.0034105581857513077,0.010061202224127725,31
ESWYT,2009,all,iaw_0,sel_diff,-0.05701179360535851,0.07080333593065481,31
ESWYT,2009,all,iaw_0.01,spearman,0.0024249657647572895,0.009887557998314072,31
ESWYT,2009,all,iaw_0.01,sel_diff,-0.05701179360535851,0.07030374966599565,31
ESWYT,2009,all,iaw_0.02,spearman,0.0028430887459396977,0.00987384658945417,31
ESWYT,2009,all,iaw_0.02,sel_diff,-0.05701179360535851,0.07259587041086173,31
ESWYT,2009,all,iaw_0.05,spearman,0.0032932794872499818,0.009999141093102785,31
ESWYT,2009,all,iaw_0.05,sel_diff,-0.05701179360535851,0.06950253057184744,31
ESWYT,2009,all,iaw_0.1,spearman,0.005309059521879826,0.009683014921635799,31
ESWYT,2009,all,iaw_0.1,sel_diff,-0.05701179360535851,0.06993381271754379,31
ESWYT,2009,all,iaw_0.15,spearman,0.0017323074996805886,0.010062646735937012,31
ESWYT,2009,all,iaw_0.15,sel_diff,-0.05701179360535851,0.07212700843450914,31
ESWYT,2009,all,iaw_0.2,spearman,0.0009021537003994939,0.010226966010123231,31
ESWYT,2009,all,iaw_0.2,sel_diff,-0.05701179360535851,0.07012410552171663,31
ESWYT,2009,all,iaw_0.3,spearman,-0.00013178400891615403,0.010425710982802238,31
ESWYT,2009,all,iaw_0.3,sel_diff,-0.05701179360535851,0.07092166583294314,31
ESWYT,2009,all,iaw_0.4,spearman,0.0022071284366230294,0.011434351129105836,31
ESWYT,2009,all,iaw_0.4,sel_diff,-0.05701179360535851,0.07296187980818936,31
ESWYT,2009,all,iaw_0.5,spearman,0.0026189430759918746,0.012745928259697168,31
ESWYT,2009,all,iaw_0.5,sel_diff,-0.05616582007825382,0.07211533117679278,31
ESWYT,2009,all,iaw_0.6,spearman,0.00284962391974894,0.014247810151579023,31
ESWYT,2009,all,iaw_0.6,sel_diff,0.09998383636334288,0.08558900541237173,31
ESWYT,2009,all,iaw_0.7,spearman,0.00943558254368698,0.014392151997760982,31
ESWYT,2009,all,iaw_0.7,sel_diff,0.09998383636334288,0.08673529438161609,31
ESWYT,2009,all,iaw_0.8,spearman,0.017229220033854437,0.015596520367439245,31
ESWYT,2009,all,iaw_0.8,sel_diff,0.12252654455792845,0.07980158326395563,31
ESWYT,2009,all,iaw_0.9,spearman,0.024863630477274398,0.01989720125731291,31
ESWYT,2009,all,iaw_0.9,sel_diff,0.03446962563303915,0.11327647138276976,31
ESWYT,2009,all,iaw_0.95,spearman,0.029971386537862233,0.020867713552926704,31
ESWYT,2009,all,iaw_0.95,sel_diff,0.034469625633039166,0.1123278164208358,31
ESWYT,2009,all,ib_main,spearman,-0.011388072003652225,0.01736114563633873,31
ESWYT,2009,all,ib_main,sel_diff,-0.03467500857739618,0.06716628150424406,31
ESWYT,2009,all,ib_region,spearman,-0.009245146886113829,0.01922696633963153,31
ESWYT,2009,all,ib_region,sel_diff,0.03396429398386339,0.06781608362848376,31
ESWYT,2009,all,ibc_0.05,spearman,0.0009170850599539475,0.0018684148040254824,31
ESWYT,2009,all,ibc_0.05,sel_diff,0.0,0.0,31
ESWYT,2009,all,ibc_0.1,spearman,0.0010860120683341956,0.00352520706160711,31
ESWYT,2009,all,ibc_0.1,sel_diff,0.011748522489984913,0.01135123891264595,31
ESWYT,2009,all,ibc_0.2,spearman,-0.0007130930983700344,0.006111978097542156,31
ESWYT,2009,all,ibc_0.2,sel_diff,0.030575076423533173,0.03227781404475526,31
ESWYT,2009,all,ibc_0.3,spearman,-0.002991659482849629,0.008442133943080667,31
ESWYT,2009,all,ibc_0.3,sel_diff,0.004675770250727722,0.034447882511296886,31
ESWYT,2009,all,ibc_0.5,spearman,-0.0024635766914833704,0.011213632305679988,31
ESWYT,2009,all,ibc_0.5,sel_diff,-0.008389199638129409,0.03965341066600653,31
ESWYT,2009,all,ibc_0.75,spearman,-0.006580218012789148,0.012576457610700812,31
ESWYT,2009,all,ibc_0.75,sel_diff,0.0004261142770366524,0.043848210337144616,31
ESWYT,2009,all,ibc_1,spearman,-0.005916325712257857,0.013354015637413024,31
ESWYT,2009,all,ibc_1,sel_diff,-0.0024215250565239777,0.04857761314861045,31
ESWYT,2009,all,ibc_1.5,spearman,-0.010364838026101959,0.014265408057656866,31
ESWYT,2009,all,ibc_1.5,sel_diff,0.039082062673918866,0.0634760883857337,31
ESWYT,2009,all,ibc_2,spearman,-0.009605631587186244,0.015617113887129762,31
ESWYT,2009,all,ibc_2,sel_diff,-0.014022701623578436,0.0691278128783354,31
ESWYT,2009,all,ibc_3,spearman,-0.011388072003652225,0.017070783387108008,31
ESWYT,2009,all,ibc_3,sel_diff,-0.03467500857739618,0.06742389050268663,31
ESWYT,2009,new,ia_g,spearman,0.0,0.0,31
ESWYT,2009,new,ia_g,sel_diff,0.0,0.0,31
ESWYT,2009,new,ia_het,spearman,-0.0005833849521476789,0.010263348503151427,31
ESWYT,2009,new,ia_het,sel_diff,-0.025283326488656572,0.09530671059890063,31
ESWYT,2009,new,ia_main,spearman,-0.0025576305386389737,0.010055803072581615,31
ESWYT,2009,new,ia_main,sel_diff,-0.02000890081240226,0.09269605366412752,31
ESWYT,2009,new,ia_std,spearman,0.0034411052826613976,0.00815766991008443,31
ESWYT,2009,new,ia_std,sel_diff,-0.012308070042876169,0.06006017186730799,31
ESWYT,2009,new,iaw_0,spearman,-0.0005833849521476789,0.010277432251580643,31
ESWYT,2009,new,iaw_0,sel_diff,-0.025283326488656572,0.09562336524958796,31
ESWYT,2009,new,iaw_0.01,spearman,-0.0018229822947642181,0.01008261799904998,31
ESWYT,2009,new,iaw_0.01,sel_diff,-0.025283326488656572,0.09411528036674699,31
ESWYT,2009,new,iaw_0.02,spearman,-0.0013289467534615255,0.010294010270112008,31
ESWYT,2009,new,iaw_0.02,sel_diff,-0.025283326488656572,0.0921288612236188,31
ESWYT,2009,new,iaw_0.05,spearman,-0.0007501370963268401,0.009977263772227513,31
ESWYT,2009,new,iaw_0.05,sel_diff,-0.025283326488656572,0.09441271318435762,31
ESWYT,2009,new,iaw_0.1,spearman,0.0006136556660434094,0.009470778916845233,31
ESWYT,2009,new,iaw_0.1,sel_diff,-0.025283326488656572,0.09560818666735184,31
ESWYT,2009,new,iaw_0.15,spearman,-0.0025576305386389737,0.009644569327798598,31
ESWYT,2009,new,iaw_0.15,sel_diff,-0.02000890081240226,0.09454550570087542,31
ESWYT,2009,new,iaw_0.2,spearman,-0.003563025246045789,0.010579098557279674,31
ESWYT,2009,new,iaw_0.2,sel_diff,-0.02000890081240226,0.09325815590110252,31
ESWYT,2009,new,iaw_0.3,spearman,-0.004765331111664072,0.009902800106886643,31
ESWYT,2009,new,iaw_0.3,sel_diff,-0.02000890081240226,0.09408189824113256,31
ESWYT,2009,new,iaw_0.4,spearman,-0.0027310095693301225,0.010917897950317458,31
ESWYT,2009,new,iaw_0.4,sel_diff,-0.02000890081240226,0.09361307751147563,31
ESWYT,2009,new,iaw_0.5,spearman,-0.002815995541687574,0.013126703835762537,31
ESWYT,2009,new,iaw_0.5,sel_diff,-0.02000890081240226,0.09306030432005687,31
ESWYT,2009,new,iaw_0.6,spearman,-0.002018131717982566,0.013326081493720065,31
ESWYT,2009,new,iaw_0.6,sel_diff,-0.020008900812402263,0.09552507581360277,31
ESWYT,2009,new,iaw_0.7,spearman,0.008389306573293398,0.014647847949807122,31
ESWYT,2009,new,iaw_0.7,sel_diff,0.16188093017121297,0.0933397438845829,31
ESWYT,2009,new,iaw_0.8,spearman,0.020183441149591686,0.01682406860376474,31
ESWYT,2009,new,iaw_0.8,sel_diff,0.1618809301712129,0.09354276387106103,31
ESWYT,2009,new,iaw_0.9,spearman,0.03278089228898927,0.02063048032257499,31
ESWYT,2009,new,iaw_0.9,sel_diff,0.07029788643876461,0.11469279671461098,31
ESWYT,2009,new,iaw_0.95,spearman,0.03928849814860151,0.022295922053394354,31
ESWYT,2009,new,iaw_0.95,sel_diff,0.07876999808860566,0.09518425771907105,31
ESWYT,2009,new,ib_main,spearman,-0.013714420753773335,0.016978425610376796,31
ESWYT,2009,new,ib_main,sel_diff,0.07704374079865542,0.062382838051094104,31
ESWYT,2009,new,ib_region,spearman,0.0038402474991901508,0.02003495404443999,31
ESWYT,2009,new,ib_region,sel_diff,0.060464173708832954,0.0891063658688539,31
ESWYT,2009,new,ibc_0.05,spearman,0.0010832794334905138,0.001120421372509508,31
ESWYT,2009,new,ibc_0.05,sel_diff,0.0,0.0,31
ESWYT,2009,new,ibc_0.1,spearman,0.000554118196974223,0.002580993968453853,31
ESWYT,2009,new,ibc_0.1,sel_diff,-3.581364595565021e-18,3.505324962850014e-18,31
ESWYT,2009,new,ibc_0.2,spearman,-0.0019026174230267995,0.004576977813358215,31
ESWYT,2009,new,ibc_0.2,sel_diff,0.0029038080481981906,0.010425306994191865,31
ESWYT,2009,new,ibc_0.3,spearman,-0.004803328147642842,0.007309911987734587,31
ESWYT,2009,new,ibc_0.3,sel_diff,0.009883301133929623,0.01140036821409958,31
ESWYT,2009,new,ibc_0.5,spearman,-0.005385840006647819,0.010457235368837123,31
ESWYT,2009,new,ibc_0.5,sel_diff,0.0510075360173097,0.03346629984938268,31
ESWYT,2009,new,ibc_0.75,spearman,-0.008281356776015396,0.01196596427916136,31
ESWYT,2009,new,ibc_0.75,sel_diff,0.047528092860300575,0.03548485384370685,31
ESWYT,2009,new,ibc_1,spearman,-0.007301399543195456,0.012826587661147368,31
ESWYT,2009,new,ibc_1,sel_diff,0.06395797052006713,0.04538958385341345,31
ESWYT,2009,new,ibc_1.5,spearman,-0.012423643042843286,0.014047485836319538,31
ESWYT,2009,new,ibc_1.5,sel_diff,0.0853760087967371,0.04457151877118909,31
ESWYT,2009,new,ibc_2,spearman,-0.011980465469128947,0.015086451077335484,31
ESWYT,2009,new,ibc_2,sel_diff,0.06511173686042386,0.05925545860840111,31
ESWYT,2009,new,ibc_3,spearman,-0.013714420753773335,0.01716955541525225,31
ESWYT,2009,new,ibc_3,sel_diff,0.07704374079865542,0.06359231425635221,31
ESWYT,2010,all,ia_g,spearman,0.0,0.0,35
ESWYT,2010,all,ia_g,sel_diff,0.0,0.0,35
ESWYT,2010,all,ia_het,spearman,-0.006898844683086442,0.012167129685910678,35
ESWYT,2010,all,ia_het,sel_diff,0.20469379245338282,0.05613966331170267,35
ESWYT,2010,all,ia_main,spearman,-0.008250567994348118,0.012281971639009955,35
ESWYT,2010,all,ia_main,sel_diff,0.20469379245338282,0.05631760805977669,35
ESWYT,2010,all,ia_std,spearman,0.00168718298943509,0.005348109380725745,35
ESWYT,2010,all,ia_std,sel_diff,0.08167620043155156,0.0484638729595481,35
ESWYT,2010,all,iaw_0,spearman,-0.006898844683086442,0.01183745520935419,35
ESWYT,2010,all,iaw_0,sel_diff,0.20469379245338282,0.056262894674479653,35
ESWYT,2010,all,iaw_0.01,spearman,-0.007087642523442678,0.011870156122058334,35
ESWYT,2010,all,iaw_0.01,sel_diff,0.20469379245338282,0.057126601323964264,35
ESWYT,2010,all,iaw_0.02,spearman,-0.008250567994348118,0.012342180708126822,35
ESWYT,2010,all,iaw_0.02,sel_diff,0.20469379245338282,0.05604127796468784,35
ESWYT,2010,all,iaw_0.05,spearman,-0.008342300285664865,0.012549191427458499,35
ESWYT,2010,all,iaw_0.05,sel_diff,0.20469379245338282,0.055562538853189306,35
ESWYT,2010,all,iaw_0.1,spearman,-0.007673633397313404,0.013141053195242442,35
ESWYT,2010,all,iaw_0.1,sel_diff,0.20469379245338282,0.05498113925470514,35
ESWYT,2010,all,iaw_0.15,spearman,-0.008823554869580672,0.013848675589312687,35
ESWYT,2010,all,iaw_0.15,sel_diff,0.20469379245338282,0.055282024784570824,35
ESWYT,2010,all,iaw_0.2,spearman,-0.008529323668606469,0.014586440589304233,35
ESWYT,2010,all,iaw_0.2,sel_diff,0.2339031062054935,0.060015892189445225,35
ESWYT,2010,all,iaw_0.3,spearman,-0.00890404902431018,0.014537472377085227,35
ESWYT,2010,all,iaw_0.3,sel_diff,0.2339031062054935,0.062471555938181336,35
ESWYT,2010,all,iaw_0.4,spearman,-0.0107494175527559,0.015847881118796613,35
ESWYT,2010,all,iaw_0.4,sel_diff,0.20469379245338282,0.056190909112237154,35
ESWYT,2010,all,iaw_0.5,spearman,-0.013582724539501222,0.016979540826783376,35
ESWYT,2010,all,iaw_0.5,sel_diff,0.20491165593834398,0.056548272418397334,35
ESWYT,2010,all,iaw_0.6,spearman,-0.01816535127670017,0.017069610823745855,35
ESWYT,2010,all,iaw_0.6,sel_diff,0.20491165593834398,0.05507210708204801,35
ESWYT,2010,all,iaw_0.7,spearman,-0.01968016775247285,0.0177748236561326,35
ESWYT,2010,all,iaw_0.7,sel_diff,0.20491165593834398,0.05557166670991645,35
ESWYT,2010,all,iaw_0.8,spearman,-0.020918381398074747,0.018171438465550083,35
ESWYT,2010,all,iaw_0.8,sel_diff,0.20491165593834398,0.05609024314099077,35
ESWYT,2010,all,iaw_0.9,spearman,-0.02396244926638561,0.018504564607533303,35
ESWYT,2010,all,iaw_0.9,sel_diff,0.20491165593834398,0.05577696973425147,35
ESWYT,2010,all,iaw_0.95,spearman,-0.025131279448390016,0.019678675010099872,35
ESWYT,2010,all,iaw_0.95,sel_diff,0.20491165593834398,0.05353925962962334,35
ESWYT,2010,all,ib_main,spearman,0.004226152985628603,0.022222724926570687,35
ESWYT,2010,all,ib_main,sel_diff,0.10438867705444435,0.0610997305812688,35
ESWYT,2010,all,ib_region,spearman,-0.00889827093415338,0.01597649557594874,35
ESWYT,2010,all,ib_region,sel_diff,0.1674948969192128,0.06291990469986423,35
ESWYT,2010,all,ibc_0.05,spearman,0.000725303761654349,0.0014982711393279524,35
ESWYT,2010,all,ibc_0.05,sel_diff,0.020338411142181254,0.01797805507106675,35
ESWYT,2010,all,ibc_0.1,spearman,0.0022084370285755752,0.002132111377611384,35
ESWYT,2010,all,ibc_0.1,sel_diff,0.04317380212995239,0.027154618699741295,35
ESWYT,2010,all,ibc_0.2,spearman,0.005160787445370006,0.004601543307385453,35
ESWYT,2010,all,ibc_0.2,sel_diff,0.04377340108945655,0.04161169577359391,35
ESWYT,2010,all,ibc_0.3,spearman,0.009587529401905454,0.008057815872451534,35
ESWYT,2010,all,ibc_0.3,sel_diff,0.0936221210627806,0.04811793664358302,35
ESWYT,2010,all,ibc_0.5,spearman,0.010751213165938805,0.01309727944464814,35
ESWYT,2010,all,ibc_0.5,sel_diff,0.1477049779528002,0.06267250515190527,35
ESWYT,2010,all,ibc_0.75,spearman,0.008319029255485026,0.015958692988879784,35
ESWYT,2010,all,ibc_0.75,sel_diff,0.11720171757093788,0.061185924404254445,35
ESWYT,2010,all,ibc_1,spearman,0.007247168200667566,0.017306041156248553,35
ESWYT,2010,all,ibc_1,sel_diff,0.09776332594645083,0.05421504452580029,35
ESWYT,2010,all,ibc_1.5,spearman,0.008047250069516461,0.019642493037412542,35
ESWYT,2010,all,ibc_1.5,sel_diff,0.10259920394394903,0.053482306819080734,35
ESWYT,2010,all,ibc_2,spearman,0.006699677135289027,0.02007847163130135,35
ESWYT,2010,all,ibc_2,sel_diff,0.09952987913569229,0.052954895498544714,35
ESWYT,2010,all,ibc_3,spearman,0.004226152985628603,0.021615727614585516,35
ESWYT,2010,all,ibc_3,sel_diff,0.10438867705444435,0.060190415315783494,35
ESWYT,2010,new,ia_g,spearman,0.0,0.0,35
ESWYT,2010,new,ia_g,sel_diff,0.0,0.0,35
ESWYT,2010,new,ia_het,spearman,-0.021670906002692232,0.013818119031204132,35
ESWYT,2010,new,ia_het,sel_diff,0.008975726733278682,0.07402779148504714,35
ESWYT,2010,new,ia_main,spearman,-0.023361449545408624,0.013911492265175435,35
ESWYT,2010,new,ia_main,sel_diff,0.008975726733278682,0.07275753479757037,35
ESWYT,2010,new,ia_std,spearman,-0.007507778566100201,0.005067443197034772,35
ESWYT,2010,new,ia_std,sel_diff,0.012072749622231945,0.04178470643854649,35
ESWYT,2010,new,iaw_0,spearman,-0.021670906002692232,0.013193712664724012,35
ESWYT,2010,new,iaw_0,sel_diff,0.008975726733278682,0.07363849706572205,35
ESWYT,2010,new,iaw_0.01,spearman,-0.021885142494669843,0.01345096672242499,35
ESWYT,2010,new,iaw_0.01,sel_diff,0.008975726733278682,0.07501008836772638,35
ESWYT,2010,new,iaw_0.02,spearman,-0.023361449545408624,0.013980988041230661,35
ESWYT,2010,new,iaw_0.02,sel_diff,0.008975726733278682,0.07491274118244133,35
ESWYT,2010,new,iaw_0.05,spearman,-0.023522698845230325,0.014162313465475482,35
ESWYT,2010,new,iaw_0.05,sel_diff,0.008975726733278682,0.0750582152763556,35
ESWYT,2010,new,iaw_0.1,spearman,-0.022382183292945095,0.015247860327047561,35
ESWYT,2010,new,iaw_0.1,sel_diff,0.008975726733278682,0.0721189595690492,35
ESWYT,2010,new,iaw_0.15,spearman,-0.023915558559562948,0.015824185716211334,35
ESWYT,2010,new,iaw_0.15,sel_diff,0.008975726733278682,0.07272813142840422,35
ESWYT,2010,new,iaw_0.2,spearman,-0.023788430209360834,0.017074689896719,35
ESWYT,2010,new,iaw_0.2,sel_diff,-0.0005887589645012062,0.07950917856054583,35
ESWYT,2010,new,iaw_0.3,spearman,-0.02348469339863112,0.017433897579348993,35
ESWYT,2010,new,iaw_0.3,sel_diff,0.032966252736497004,0.072363527805521,35
ESWYT,2010,new,iaw_0.4,spearman,-0.024843067880838943,0.018729996592955628,35
ESWYT,2010,new,iaw_0.4,sel_diff,0.032966252736497004,0.07013405675585142,35
ESWYT,2010,new,iaw_0.5,spearman,-0.02739352816675963,0.019508942036750045,35
ESWYT,2010,new,iaw_0.5,sel_diff,0.032966252736497004,0.07071592504861798,35
ESWYT,2010,new,iaw_0.6,spearman,-0.028252145153196993,0.01895150309331888,35
ESWYT,2010,new,iaw_0.6,sel_diff,-0.012710065042691879,0.09316632688367821,35
ESWYT,2010,new,iaw_0.7,spearman,-0.029779971661252246,0.02015558164807499,35
ESWYT,2010,new,iaw_0.7,sel_diff,-0.012710065042691879,0.09346364489834136,35
ESWYT,2010,new,iaw_0.8,spearman,-0.031199023524715968,0.02105511071780676,35
ESWYT,2010,new,iaw_0.8,sel_diff,-0.012710065042691879,0.0941692725296392,35
ESWYT,2010,new,iaw_0.9,spearman,-0.03394171644843935,0.021404725235573446,35
ESWYT,2010,new,iaw_0.9,sel_diff,-0.012710065042691879,0.09239150103043799,35
ESWYT,2010,new,iaw_0.95,spearman,-0.03582535067040735,0.022581004278832004,35
ESWYT,2010,new,iaw_0.95,sel_diff,-0.012710065042691879,0.0899840375079555,35
ESWYT,2010,new,ib_main,spearman,0.006332066613900961,0.023429454107680818,35
ESWYT,2010,new,ib_main,sel_diff,0.0705502114341324,0.0779914602623732,35
ESWYT,2010,new,ib_region,spearman,-0.026938371267622056,0.016767510536895652,35
ESWYT,2010,new,ib_region,sel_diff,0.028277546782646223,0.0771377363567754,35
ESWYT,2010,new,ibc_0.05,spearman,-0.0005516110109461632,0.0015885396268165233,35
ESWYT,2010,new,ibc_0.05,sel_diff,-0.03833665382187982,0.032647227917820106,35
ESWYT,2010,new,ibc_0.1,spearman,0.0014841595054152583,0.002623111521140203,35
ESWYT,2010,new,ibc_0.1,sel_diff,-0.044108043530818875,0.03121387942125799,35
ESWYT,2010,new,ibc_0.2,spearman,0.0028450473564098,0.005192670110479901,35
ESWYT,2010,new,ibc_0.2,sel_diff,0.025214616968028132,0.06526807188194148,35
ESWYT,2010,new,ibc_0.3,spearman,0.00779538547124046,0.008266056674367604,35
ESWYT,2010,new,ibc_0.3,sel_diff,0.03472656884961465,0.06554790794108024,35
ESWYT,2010,new,ibc_0.5,spearman,0.009701407028676919,0.01437537486962332,35
ESWYT,2010,new,ibc_0.5,sel_diff,0.08601852980407654,0.07775930132285924,35
ESWYT,2010,new,ibc_0.75,spearman,0.006956183826946662,0.016638027670335637,35
ESWYT,2010,new,ibc_0.75,sel_diff,0.15099819889833388,0.08073492426974509,35
ESWYT,2010,new,ibc_1,spearman,0.007113499344332201,0.018531954252043077,35
ESWYT,2010,new,ibc_1,sel_diff,0.059818477625642255,0.08039639652636053,35
ESWYT,2010,new,ibc_1.5,spearman,0.00960308489459087,0.02042456803524994,35
ESWYT,2010,new,ibc_1.5,sel_diff,0.07497061012156699,0.07777108300785564,35
ESWYT,2010,new,ibc_2,spearman,0.009481741880046189,0.021659566089386486,35
ESWYT,2010,new,ibc_2,sel_diff,0.0618833192902458,0.07873409062857623,35
ESWYT,2010,new,ibc_3,spearman,0.006332066613900961,0.023515465212788,35
ESWYT,2010,new,ibc_3,sel_diff,0.0705502114341324,0.08160996091631481,35
ESWYT,2011,all,ia_g,spearman,0.0,0.0,44
ESWYT,2011,all,ia_g,sel_diff,0.0,0.0,44
ESWYT,2011,all,ia_het,spearman,-0.0020045676083618406,0.007314448042344485,44
ESWYT,2011,all,ia_het,sel_diff,0.09376610676805776,0.05248799958181112,44
ESWYT,2011,all,ia_main,spearman,-0.0020045676083618406,0.007232518014477259,44
ESWYT,2011,all,ia_main,sel_diff,0.09376610676805776,0.05170078612836027,44
ESWYT,2011,all,ia_std,spearman,0.006311533558823892,0.005631501040695442,44
ESWYT,2011,all,ia_std,sel_diff,0.07977400794054698,0.05025155516802494,44
ESWYT,2011,all,iaw_0,spearman,-0.0020045676083618406,0.007229831832915642,44
ESWYT,2011,all,iaw_0,sel_diff,0.09376610676805776,0.05211966850971758,44
ESWYT,2011,all,iaw_0.01,spearman,-0.0008882833751556054,0.00712793353381873,44
ESWYT,2011,all,iaw_0.01,sel_diff,0.07977400794054695,0.05036877912071112,44
ESWYT,2011,all,iaw_0.02,spearman,-0.000524537588942403,0.007131290929310192,44
ESWYT,2011,all,iaw_0.02,sel_diff,0.07977400794054695,0.04959535091492302,44
ESWYT,2011,all,iaw_0.05,spearman,-0.0007287422348890983,0.007124839469256942,44
ESWYT,2011,all,iaw_0.05,sel_diff,0.07716930176508704,0.050666652529536525,44
ESWYT,2011,all,iaw_0.1,spearman,0.0002085605384159463,0.007217153712999914,44
ESWYT,2011,all,iaw_0.1,sel_diff,0.07716930176508704,0.04991304835681597,44
ESWYT,2011,all,iaw_0.15,spearman,-0.0026118643611074783,0.007533387605756619,44
ESWYT,2011,all,iaw_0.15,sel_diff,0.07716930176508704,0.05036337325558831,44
ESWYT,2011,all,iaw_0.2,spearman,-0.006121512063381352,0.0077005189537936525,44
ESWYT,2011,all,iaw_0.2,sel_diff,0.07716930176508704,0.049966037851709326,44
ESWYT,2011,all,iaw_0.3,spearman,-0.005934308472382918,0.0074627639550004544,44
ESWYT,2011,all,iaw_0.3,sel_diff,0.07716930176508704,0.05026889729951438,44
ESWYT,2011,all,iaw_0.4,spearman,-0.0030814096358803165,0.00832145772581106,44
ESWYT,2011,all,iaw_0.4,sel_diff,0.07716930176508704,0.048426966766176124,44
ESWYT,2011,all,iaw_0.5,spearman,-0.0057359952903164365,0.00821616043923639,44
ESWYT,2011,all,iaw_0.5,sel_diff,0.07716930176508706,0.049271836749753474,44
ESWYT,2011,all,iaw_0.6,spearman,-0.00471040669662898,0.008506242531662506,44
ESWYT,2011,all,iaw_0.6,sel_diff,0.07716930176508704,0.050540097198594154,44
ESWYT,2011,all,iaw_0.7,spearman,-0.007925340702590518,0.009018280641364618,44
ESWYT,2011,all,iaw_0.7,sel_diff,0.07716930176508704,0.049848994125935894,44
ESWYT,2011,all,iaw_0.8,spearman,-0.009573210020890253,0.01013159908768285,44
ESWYT,2011,all,iaw_0.8,sel_diff,0.07716930176508704,0.05095254698563572,44
ESWYT,2011,all,iaw_0.9,spearman,-0.015983633115719265,0.011326290726270276,44
ESWYT,2011,all,iaw_0.9,sel_diff,0.07716930176508704,0.04988512971208809,44
ESWYT,2011,all,iaw_0.95,spearman,-0.02128140833831014,0.013261277418230551,44
ESWYT,2011,all,iaw_0.95,sel_diff,0.06998150571601257,0.04897644651436839,44
ESWYT,2011,all,ib_main,spearman,-0.03220973843218124,0.02024921294423625,44
ESWYT,2011,all,ib_main,sel_diff,-0.02047047886666213,0.064467711924374,44
ESWYT,2011,all,ib_region,spearman,0.0012299400152803544,0.018849793002447813,44
ESWYT,2011,all,ib_region,sel_diff,0.049649148093054825,0.07022864101940689,44
ESWYT,2011,all,ibc_0.05,spearman,-0.00258064386540666,0.0015729190860842616,44
ESWYT,2011,all,ibc_0.05,sel_diff,-0.010066994329578473,0.03891189923669504,44
ESWYT,2011,all,ibc_0.1,spearman,-0.005277304630590732,0.0033390485928284715,44
ESWYT,2011,all,ibc_0.1,sel_diff,0.023320875838745644,0.04917738736582811,44
ESWYT,2011,all,ibc_0.2,spearman,-0.009455723534984794,0.006904985097988154,44
ESWYT,2011,all,ibc_0.2,sel_diff,0.06752401584900213,0.06023648327832574,44
ESWYT,2011,all,ibc_0.3,spearman,-0.01740997434910162,0.012214870035248212,44
ESWYT,2011,all,ibc_0.3,sel_diff,0.05452575526185284,0.06480080375749671,44
ESWYT,2011,all,ibc_0.5,spearman,-0.02109857012163517,0.01592079758134386,44
ESWYT,2011,all,ibc_0.5,sel_diff,0.03893155731269351,0.06276230036488396,44
ESWYT,2011,all,ibc_0.75,spearman,-0.02520663590665171,0.017139989929784074,44
ESWYT,2011,all,ibc_0.75,sel_diff,0.0314231624177908,0.06599989179510746,44
ESWYT,2011,all,ibc_1,spearman,-0.0284901555808326,0.018165477626084822,44
ESWYT,2011,all,ibc_1,sel_diff,-0.00045008647183854907,0.06834924564368479,44
ESWYT,2011,all,ibc_1.5,spearman,-0.029312838287107835,0.019335923210795594,44
ESWYT,2011,all,ibc_1.5,sel_diff,-0.00972314045237243,0.06457052600594732,44
ESWYT,2011,all,ibc_2,spearman,-0.030624960362658073,0.02075030464707685,44
ESWYT,2011,all,ibc_2,sel_diff,-0.02551332948650774,0.0701211326865055,44
ESWYT,2011,all,ibc_3,spearman,-0.03220973843218124,0.021010111274512258,44
ESWYT,2011,all,ibc_3,sel_diff,-0.02047047886666213,0.0661925572945421,44
ESWYT,2011,new,ia_g,spearman,0.0,0.0,44
ESWYT,2011,new,ia_g,sel_diff,0.0,0.0,44
ESWYT,2011,new,ia_het,spearman,-0.007238723220100115,0.007862449308934719,44
ESWYT,2011,new,ia_het,sel_diff,0.03309524418175399,0.06707982674159677,44
ESWYT,2011,new,ia_main,spearman,-0.007238723220100115,0.0078534537657072,44
ESWYT,2011,new,ia_main,sel_diff,0.03309524418175399,0.06734876942231133,44
ESWYT,2011,new,ia_std,spearman,0.0010446469847207917,0.006215692927185081,44
ESWYT,2011,new,ia_std,sel_diff,0.03309524418175399,0.06617640877179046,44
ESWYT,2011,new,iaw_0,spearman,-0.007238723220100115,0.008066846893761054,44
ESWYT,2011,new,iaw_0,sel_diff,0.03309524418175399,0.06464102475271752,44
ESWYT,2011,new,iaw_0.01,spearman,-0.007222583211191774,0.008094608793025992,44
ESWYT,2011,new,iaw_0.01,sel_diff,0.03309524418175399,0.06576000163065274,44
ESWYT,2011,new,iaw_0.02,spearman,-0.006705459621806964,0.008301858344717288,44
ESWYT,2011,new,iaw_0.02,sel_diff,0.03309524418175399,0.0671450048329292,44
ESWYT,2011,new,iaw_0.05,spearman,-0.006340614814584464,0.0078016266421822985,44
ESWYT,2011,new,iaw_0.05,sel_diff,0.03309524418175399,0.06669733954660975,44
ESWYT,2011,new,iaw_0.1,spearman,-0.005582196568830609,0.00825383301039509,44
ESWYT,2011,new,iaw_0.1,sel_diff,0.03309524418175399,0.06546574978696629,44
ESWYT,2011,new,iaw_0.15,spearman,-0.00826724958133614,0.008448415330755478,44
ESWYT,2011,new,iaw_0.15,sel_diff,0.03309524418175399,0.06479372047334275,44
ESWYT,2011,new,iaw_0.2,spearman,-0.01008915214137318,0.008561913338741435,44
ESWYT,2011,new,iaw_0.2,sel_diff,0.03309524418175399,0.06571797073624,44
ESWYT,2011,new,iaw_0.3,spearman,-0.008634148936745445,0.008252544802528064,44
ESWYT,2011,new,iaw_0.3,sel_diff,0.04460375047398622,0.06596516570476849,44
ESWYT,2011,new,iaw_0.4,spearman,-0.003067582512202392,0.00893474314826879,44
ESWYT,2011,new,iaw_0.4,sel_diff,0.04460375047398622,0.06665887635600584,44
ESWYT,2011,new,iaw_0.5,spearman,-0.004481792672743291,0.008959254171901729,44
ESWYT,2011,new,iaw_0.5,sel_diff,0.04460375047398622,0.0676876804196023,44
ESWYT,2011,new,iaw_0.6,spearman,-0.0032422463958693415,0.0101806492012904,44
ESWYT,2011,new,iaw_0.6,sel_diff,0.04460375047398622,0.06664594763966007,44
ESWYT,2011,new,iaw_0.7,spearman,-0.007289531936942497,0.010450488541696449,44
ESWYT,2011,new,iaw_0.7,sel_diff,-0.08196141923643417,0.08041050431089078,44
ESWYT,2011,new,iaw_0.8,spearman,-0.0073894647228078545,0.011806668927593193,44
ESWYT,2011,new,iaw_0.8,sel_diff,-0.02805971182396053,0.08384656147183862,44
ESWYT,2011,new,iaw_0.9,spearman,-0.012168576045395434,0.012664809783895795,44
ESWYT,2011,new,iaw_0.9,sel_diff,-0.03495743835167664,0.07997900743912033,44
ESWYT,2011,new,iaw_0.95,spearman,-0.011354880185396581,0.012932412420561054,44
ESWYT,2011,new,iaw_0.95,sel_diff,-0.03495743835167664,0.08501999515205998,44
ESWYT,2011,new,ib_main,spearman,-0.024262786824220315,0.0203135513538846,44
ESWYT,2011,new,ib_main,sel_diff,-0.16823812936966884,0.07426501145202613,44
ESWYT,2011,new,ib_region,spearman,0.005223118024870961,0.018622973542589964,44
ESWYT,2011,new,ib_region,sel_diff,-0.019890216720628354,0.061922033968093065,44
ESWYT,2011,new,ibc_0.05,spearman,-0.001556594003055614,0.0015538117947400168,44
ESWYT,2011,new,ibc_0.05,sel_diff,0.028006759789999114,0.01858160804491847,44
ESWYT,2011,new,ibc_0.1,spearman,-0.0008069139310464478,0.0026981322138266467,44
ESWYT,2011,new,ibc_0.1,sel_diff,-0.012424874716409084,0.033081699826650955,44
ESWYT,2011,new,ibc_0.2,spearman,-0.0013760591597141872,0.006134789034944183,44
ESWYT,2011,new,ibc_0.2,sel_diff,-0.019199067340004504,0.03832146916471407,44
ESWYT,2011,new,ibc_0.3,spearman,-0.005917801856136052,0.010638401696723471,44
ESWYT,2011,new,ibc_0.3,sel_diff,-0.08941125393398294,0.06464765315303858,44
ESWYT,2011,new,ibc_0.5,spearman,-0.008594941334536926,0.014265703014075912,44
ESWYT,2011,new,ibc_0.5,sel_diff,-0.09922557229116348,0.06331772861172522,44
ESWYT,2011,new,ibc_0.75,spearman,-0.012990400374623123,0.015013376509221205,44
ESWYT,2011,new,ibc_0.75,sel_diff,-0.11139064237384676,0.06559464341631255,44
ESWYT,2011,new,ibc_1,spearman,-0.01696594210098692,0.0168891986106953,44
ESWYT,2011,new,ibc_1,sel_diff,-0.16488392647750738,0.07281419845704853,44
ESWYT,2011,new,ibc_1.5,spearman,-0.019361637750789525,0.018220575095735426,44
ESWYT,2011,new,ibc_1.5,sel_diff,-0.15049276154946764,0.07467463126496941,44
ESWYT,2011,new,ibc_2,spearman,-0.02019583247048225,0.018592237778136202,44
ESWYT,2011,new,ibc_2,sel_diff,-0.15040982756997326,0.07390321852676611,44
ESWYT,2011,new,ibc_3,spearman,-0.024262786824220315,0.019821855102797267,44
ESWYT,2011,new,ibc_3,sel_diff,-0.16823812936966884,0.07468175508249389,44
ESWYT,2012,all,ia_g,spearman,0.0,0.0,38
ESWYT,2012,all,ia_g,sel_diff,0.0,0.0,38
ESWYT,2012,all,ia_het,spearman,-0.0026678620531955157,0.01058016277767796,38
ESWYT,2012,all,ia_het,sel_diff,0.030358070893881622,0.06775705122555982,38
ESWYT,2012,all,ia_main,spearman,-0.0020220643171350115,0.0101511518670494,38
ESWYT,2012,all,ia_main,sel_diff,0.030358070893881633,0.07070707034048522,38
ESWYT,2012,all,ia_std,spearman,-0.006010217050371952,0.007868741812874672,38
ESWYT,2012,all,ia_std,sel_diff,0.009031495989857644,0.04097140598175935,38
ESWYT,2012,all,iaw_0,spearman,-0.0026678620531955157,0.010087097924145375,38
ESWYT,2012,all,iaw_0,sel_diff,0.030358070893881622,0.0712888882092233,38
ESWYT,2012,all,iaw_0.01,spearman,-0.0027980857376444,0.010541120918379497,38
ESWYT,2012,all,iaw_0.01,sel_diff,0.030358070893881633,0.07052416360639496,38
ESWYT,2012,all,iaw_0.02,spearman,-0.0025709352140765203,0.010540869697988385,38
ESWYT,2012,all,iaw_0.02,sel_diff,0.030358070893881633,0.07049714345631214,38
ESWYT,2012,all,iaw_0.05,spearman,-0.0020220643171350115,0.01034964321793809,38
ESWYT,2012,all,iaw_0.05,sel_diff,0.030358070893881633,0.0689199678857551,38
ESWYT,2012,all,iaw_0.1,spearman,-0.00259241081464944,0.010263955327028318,38
ESWYT,2012,all,iaw_0.1,sel_diff,0.030358070893881633,0.06944759796013335,38
ESWYT,2012,all,iaw_0.15,spearman,-0.0017575317723865728,0.010149751889663331,38
ESWYT,2012,all,iaw_0.15,sel_diff,-0.01993359452511124,0.061238813463179304,38
ESWYT,2012,all,iaw_0.2,spearman,-0.0010392789474960563,0.009403007512259892,38
ESWYT,2012,all,iaw_0.2,sel_diff,-0.01993359452511124,0.061715238200085835,38
ESWYT,2012,all,iaw_0.3,spearman,0.0006306590420726043,0.009805439368173066,38
ESWYT,2012,all,iaw_0.3,sel_diff,-0.01993359452511124,0.061641258368073576,38
ESWYT,2012,all,iaw_0.4,spearman,0.0048770123167497055,0.010811595448043044,38
ESWYT,2012,all,iaw_0.4,sel_diff,0.06534043220351995,0.07274457558503164,38
ESWYT,2012,all,iaw_0.5,spearman,0.00449948832092789,0.011125866521625168,38
ESWYT,2012,all,iaw_0.5,sel_diff,0.06534043220351995,0.07278859461748212,38
ESWYT,2012,all,iaw_0.6,spearman,0.001409502861751807,0.011529287062269184,38
ESWYT,2012,all,iaw_0.6,sel_diff,0.06534043220351995,0.07228506798226463,38
ESWYT,2012,all,iaw_0.7,spearman,-0.005141664205089626,0.012494529481194257,38
ESWYT,2012,all,iaw_0.7,sel_diff,0.06534043220351995,0.07211731050698746,38
ESWYT,2012,all,iaw_0.8,spearman,-0.007285491155181405,0.013491992405128618,38
ESWYT,2012,all,iaw_0.8,sel_diff,0.06534043220351995,0.07206847778589555,38
ESWYT,2012,all,iaw_0.9,spearman,-0.011710721891084176,0.014656692872704857,38
ESWYT,2012,all,iaw_0.9,sel_diff,-0.03793445412039348,0.08615654052477503,38
ESWYT,2012,all,iaw_0.95,spearman,-0.018158732616817566,0.015363150554137794,38
ESWYT,2012,all,iaw_0.95,sel_diff,-0.03793445412039348,0.08517586347872753,38
ESWYT,2012,all,ib_main,spearman,0.035325735060201854,0.02132858205151878,38
ESWYT,2012,all,ib_main,sel_diff,0.05306858228753753,0.06086416064694926,38
ESWYT,2012,all,ib_region,spearman,0.07187388453597536,0.017316165667699557,38
ESWYT,2012,all,ib_region,sel_diff,0.011814509321042183,0.06911578548141036,38
ESWYT,2012,all,ibc_0.05,spearman,0.003961878491279558,0.002003515690179621,38
ESWYT,2012,all,ibc_0.05,sel_diff,0.023330077536798267,0.01632236103583132,38
ESWYT,2012,all,ibc_0.1,spearman,0.0057204100428585565,0.0036639428650462303,38
ESWYT,2012,all,ibc_0.1,sel_diff,0.04365876044211641,0.022086719585005483,38
ESWYT,2012,all,ibc_0.2,spearman,0.01610492751996966,0.006465257864509846,38
ESWYT,2012,all,ibc_0.2,sel_diff,0.07475048376466753,0.03604544967841979,38
ESWYT,2012,all,ibc_0.3,spearman,0.026098128067270375,0.010644447199091555,38
ESWYT,2012,all,ibc_0.3,sel_diff,0.08777946866009617,0.04253435468630431,38
ESWYT,2012,all,ibc_0.5,spearman,0.02871793747087927,0.015229906260361572,38
ESWYT,2012,all,ibc_0.5,sel_diff,0.039272315763424805,0.05816532228855727,38
ESWYT,2012,all,ibc_0.75,spearman,0.031314196828688134,0.01776149676737643,38
ESWYT,2012,all,ibc_0.75,sel_diff,0.0016354896092402183,0.05721420073967372,38
ESWYT,2012,all,ibc_1,spearman,0.031395622230989906,0.019300507835132347,38
ESWYT,2012,all,ibc_1,sel_diff,0.016064133186412293,0.06147466192926227,38
ESWYT,2012,all,ibc_1.5,spearman,0.03367065687898357,0.021077021667401746,38
ESWYT,2012,all,ibc_1.5,sel_diff,0.032219219385307404,0.06240594737933746,38
ESWYT,2012,all,ibc_2,spearman,0.03609704278378114,0.02033630519340229,38
ESWYT,2012,all,ibc_2,sel_diff,0.05238252812382056,0.05745832429603087,38
ESWYT,2012,all,ibc_3,spearman,0.035325735060201854,0.02154837086088806,38
ESWYT,2012,all,ibc_3,sel_diff,0.05306858228753753,0.05998585501043461,38
ESWYT,2012,new,ia_g,spearman,0.0,0.0,38
ESWYT,2012,new,ia_g,sel_diff,0.0,0.0,38
ESWYT,2012,new,ia_het,spearman,0.00029352083033147786,0.011146490231126922,38
ESWYT,2012,new,ia_het,sel_diff,-0.03997870383711847,0.06232795268407606,38
ESWYT,2012,new,ia_main,spearman,-0.0008850555441142157,0.010847664912370603,38
ESWYT,2012,new,ia_main,sel_diff,-0.03997870383711847,0.06161984557237726,38
ESWYT,2012,new,ia_std,spearman,-0.004761403476049884,0.008689724924603731,38
ESWYT,2012,new,ia_std,sel_diff,-0.04922937014708251,0.06308084775152138,38
ESWYT,2012,new,iaw_0,spearman,0.00029352083033147786,0.01128122257791899,38
ESWYT,2012,new,iaw_0,sel_diff,-0.03997870383711847,0.06189243928586782,38
ESWYT,2012,new,iaw_0.01,spearman,-0.0006558012758460486,0.011014128539604083,38
ESWYT,2012,new,iaw_0.01,sel_diff,-0.03997870383711847,0.06260268079223853,38
ESWYT,2012,new,iaw_0.02,spearman,-0.0003646527979579742,0.011261072454487391,38
ESWYT,2012,new,iaw_0.02,sel_diff,-0.03997870383711847,0.06220532982534179,38
ESWYT,2012,new,iaw_0.05,spearman,-0.0008850555441142157,0.011353566790109852,38
ESWYT,2012,new,iaw_0.05,sel_diff,-0.03997870383711847,0.06312452321664316,38
ESWYT,2012,new,iaw_0.1,spearman,-0.002957253382250976,0.01111430858478498,38
ESWYT,2012,new,iaw_0.1,sel_diff,-0.03997870383711847,0.06369138991248496,38
ESWYT,2012,new,iaw_0.15,spearman,-0.0015715797859715403,0.010701703768605015,38
ESWYT,2012,new,iaw_0.15,sel_diff,-0.03997870383711847,0.06418923502272927,38
ESWYT,2012,new,iaw_0.2,spearman,-0.0005735305312940037,0.010221275541451611,38
ESWYT,2012,new,iaw_0.2,sel_diff,-0.03997870383711847,0.06220285223190024,38
ESWYT,2012,new,iaw_0.3,spearman,0.0004282641862776094,0.010878330853708205,38
ESWYT,2012,new,iaw_0.3,sel_diff,-0.03997870383711847,0.06337548161683446,38
ESWYT,2012,new,iaw_0.4,spearman,0.004216625514215022,0.011668253819199434,38
ESWYT,2012,new,iaw_0.4,sel_diff,-0.03997870383711849,0.06263359032914509,38
ESWYT,2012,new,iaw_0.5,spearman,0.003537565469983694,0.012970413264397292,38
ESWYT,2012,new,iaw_0.5,sel_diff,-0.14711848070746428,0.1076222705130745,38
ESWYT,2012,new,iaw_0.6,spearman,-0.0002543001294441013,0.013070864793663034,38
ESWYT,2012,new,iaw_0.6,sel_diff,-0.10322812330916635,0.08362390652301745,38
ESWYT,2012,new,iaw_0.7,spearman,-0.006229290260442551,0.014115163624480283,38
ESWYT,2012,new,iaw_0.7,sel_diff,-0.10086343355713058,0.08153417282538863,38
ESWYT,2012,new,iaw_0.8,spearman,-0.008365528677353466,0.01522801927871013,38
ESWYT,2012,new,iaw_0.8,sel_diff,-0.23138270368016206,0.10482624772229983,38
ESWYT,2012,new,iaw_0.9,spearman,-0.013423002246049783,0.017046547570983426,38
ESWYT,2012,new,iaw_0.9,sel_diff,-0.23138270368016206,0.10520231576907361,38
ESWYT,2012,new,iaw_0.95,spearman,-0.02056938173950757,0.017739530509242735,38
ESWYT,2012,new,iaw_0.95,sel_diff,-0.21437526197609094,0.11950924630255874,38
ESWYT,2012,new,ib_main,spearman,0.05240870938033157,0.02107911886573362,38
ESWYT,2012,new,ib_main,sel_diff,-0.01262768522043498,0.08166000012504998,38
ESWYT,2012,new,ib_region,spearman,0.08196974733330128,0.018133164947556568,38
ESWYT,2012,new,ib_region,sel_diff,0.004881729869897053,0.07947616237284705,38
ESWYT,2012,new,ibc_0.05,spearman,0.003569176510184765,0.0020558188339452055,38
ESWYT,2012,new,ibc_0.05,sel_diff,0.012254266576011925,0.017076831927673477,38
ESWYT,2012,new,ibc_0.1,spearman,0.005065589263852821,0.0035799997322786803,38
ESWYT,2012,new,ibc_0.1,sel_diff,0.01582395515450481,0.018469591802527056,38
ESWYT,2012,new,ibc_0.2,spearman,0.017489424057574837,0.006365586185985006,38
ESWYT,2012,new,ibc_0.2,sel_diff,0.05808316251959105,0.04467714272151166,38
ESWYT,2012,new,ibc_0.3,spearman,0.031263881309949816,0.010569345897900938,38
ESWYT,2012,new,ibc_0.3,sel_diff,0.01734986635629458,0.06343752606017887,38
ESWYT,2012,new,ibc_0.5,spearman,0.03917763181036085,0.01608181959673053,38
ESWYT,2012,new,ibc_0.5,sel_diff,-0.05894572107810469,0.07044469978993113,38
ESWYT,2012,new,ibc_0.75,spearman,0.0436951104600217,0.01788235325506832,38
ESWYT,2012,new,ibc_0.75,sel_diff,-0.026426518112209262,0.0775635994017358,38
ESWYT,2012,new,ibc_1,spearman,0.044387384766776165,0.01937493937895513,38
ESWYT,2012,new,ibc_1,sel_diff,-0.04457656399278467,0.07918435507558605,38
ESWYT,2012,new,ibc_1.5,spearman,0.04712830262294866,0.020616171664386188,38
ESWYT,2012,new,ibc_1.5,sel_diff,-0.03372747811970147,0.07641209682454,38
ESWYT,2012,new,ibc_2,spearman,0.051365947682431926,0.021172281484751605,38
ESWYT,2012,new,ibc_2,sel_diff,-0.02672502242943559,0.07651665680560953,38
ESWYT,2012,new,ibc_3,spearman,0.05240870938033157,0.021407796131868356,38
ESWYT,2012,new,ibc_3,sel_diff,-0.01262768522043498,0.0796828088443153,38
ESWYT,2013,all,ia_g,spearman,0.00018685423701467874,0.0004047890323314497,45
ESWYT,2013,all,ia_g,sel_diff,0.0,0.0,45
ESWYT,2013,all,ia_het,spearman,-0.029836750176717365,0.0062865307468196185,45
ESWYT,2013,all,ia_het,sel_diff,-0.04741641017515744,0.07975250935062424,45
ESWYT,2013,all,ia_main,spearman,-0.031752737772891323,0.00676305522786663,45
ESWYT,2013,all,ia_main,sel_diff,-2.876806037910049e-05,0.08287043876334799,45
ESWYT,2013,all,ia_std,spearman,-0.016347318110958527,0.004790883917230786,45
ESWYT,2013,all,ia_std,sel_diff,0.009215427126553486,0.07194981291471043,45
ESWYT,2013,all,iaw_0,spearman,-0.029836750176717365,0.006159913821165148,45
ESWYT,2013,all,iaw_0,sel_diff,-0.04741641017515744,0.0763150882826123,45
ESWYT,2013,all,iaw_0.01,spearman,-0.029868334947574633,0.006419062652740942,45
ESWYT,2013,all,iaw_0.01,sel_diff,-0.04741641017515744,0.08012184734882254,45
ESWYT,2013,all,iaw_0.02,spearman,-0.03024504676443507,0.0060922576011500475,45
ESWYT,2013,all,iaw_0.02,sel_diff,-0.04741641017515744,0.08070302546724067,45
ESWYT,2013,all,iaw_0.05,spearman,-0.03140511693551514,0.0065290272132711175,45
ESWYT,2013,all,iaw_0.05,sel_diff,-2.8768060379098022e-05,0.08324291198882502,45
ESWYT,2013,all,iaw_0.1,spearman,-0.031752737772891323,0.0067241814241031945,45
ESWYT,2013,all,iaw_0.1,sel_diff,-2.876806037910049e-05,0.08359552472121977,45
ESWYT,2013,all,iaw_0.15,spearman,-0.028045291463208447,0.00696397397710339,45
ESWYT,2013,all,iaw_0.15,sel_diff,-2.876806037910049e-05,0.08507916800465239,45
ESWYT,2013,all,iaw_0.2,spearman,-0.026181100756849096,0.006750422368461904,45
ESWYT,2013,all,iaw_0.2,sel_diff,-2.876806037910049e-05,0.0826335069828419,45
ESWYT,2013,all,iaw_0.3,spearman,-0.02416653349765628,0.007554045851564254,45
ESWYT,2013,all,iaw_0.3,sel_diff,-2.876806037910049e-05,0.08305097035843093,45
ESWYT,2013,all,iaw_0.4,spearman,-0.02209347158835655,0.008554819946356571,45
ESWYT,2013,all,iaw_0.4,sel_diff,-2.8768060379105422e-05,0.08282898000523185,45
ESWYT,2013,all,iaw_0.5,spearman,-0.02540996288774512,0.008752009360074661,45
ESWYT,2013,all,iaw_0.5,sel_diff,-2.8768060379105422e-05,0.08273385119674029,45
ESWYT,2013,all,iaw_0.6,spearman,-0.02889323608168013,0.009577926595653827,45
ESWYT,2013,all,iaw_0.6,sel_diff,-0.05218899318550224,0.09811778972964902,45
ESWYT,2013,all,iaw_0.7,spearman,-0.03346063314840144,0.011791445490454076,45
ESWYT,2013,all,iaw_0.7,sel_diff,-0.05218899318550224,0.09884102350378181,45
ESWYT,2013,all,iaw_0.8,spearman,-0.037163175988579794,0.01338320715863856,45
ESWYT,2013,all,iaw_0.8,sel_diff,-0.05218899318550224,0.09947002408238936,45
ESWYT,2013,all,iaw_0.9,spearman,-0.041504800076689885,0.014061236555546005,45
ESWYT,2013,all,iaw_0.9,sel_diff,-0.05218899318550224,0.09762248642013846,45
ESWYT,2013,all,iaw_0.95,spearman,-0.04765586490277613,0.014516452168206307,45
ESWYT,2013,all,iaw_0.95,sel_diff,-0.05218899318550224,0.09408593249189998,45
ESWYT,2013,all,ib_main,spearman,-0.044961469119497284,0.017351914378269627,45
ESWYT,2013,all,ib_main,sel_diff,-0.05358393447524111,0.06922337244119654,45
ESWYT,2013,all,ib_region,spearman,-0.0295550761861597,0.014573259750473517,45
ESWYT,2013,all,ib_region,sel_diff,-0.046103019130145154,0.059731834285613065,45
ESWYT,2013,all,ibc_0.05,spearman,-0.002337756461703855,0.0015721689171176321,45
ESWYT,2013,all,ibc_0.05,sel_diff,-1.1564823173178713e-18,6.931383342713431e-18,45
ESWYT,2013,all,ibc_0.1,spearman,-0.0026572513164334188,0.0025812655517295654,45
ESWYT,2013,all,ibc_0.1,sel_diff,0.005152388516355121,0.004865857269931312,45
ESWYT,2013,all,ibc_0.2,spearman,-0.005311517329256168,0.0056816956944261855,45
ESWYT,2013,all,ibc_0.2,sel_diff,-0.03314783039536027,0.032526112834685844,45
ESWYT,2013,all,ibc_0.3,spearman,-0.013190485027319355,0.009029927513114343,45
ESWYT,2013,all,ibc_0.3,sel_diff,-0.05713959196870348,0.04535733500574288,45
ESWYT,2013,all,ibc_0.5,spearman,-0.024827430373333115,0.010909905105605064,45
ESWYT,2013,all,ibc_0.5,sel_diff,-0.08574882284841967,0.0577306879613307,45
ESWYT,2013,all,ibc_0.75,spearman,-0.029539214891059876,0.013316061336575497,45
ESWYT,2013,all,ibc_0.75,sel_diff,-0.0399371904849761,0.05761064242684887,45
ESWYT,2013,all,ibc_1,spearman,-0.03173807871678805,0.01441171319295605,45
ESWYT,2013,all,ibc_1,sel_diff,-0.05054561020364814,0.05804529834627979,45
ESWYT,2013,all,ibc_1.5,spearman,-0.037024259295744585,0.015726006902239725,45
ESWYT,2013,all,ibc_1.5,sel_diff,-0.020265672596807394,0.058688262970537704,45
ESWYT,2013,all,ibc_2,spearman,-0.04039564070671468,0.016940359849883867,45
ESWYT,2013,all,ibc_2,sel_diff,-0.05088611541133365,0.06866879450042708,45
ESWYT,2013,all,ibc_3,spearman,-0.044961469119497284,0.017481397982632846,45
ESWYT,2013,all,ibc_3,sel_diff,-0.05358393447524111,0.07019198173304031,45
ESWYT,2013,new,ia_g,spearman,-0.00044872907327062815,0.00037972497929113534,45
ESWYT,2013,new,ia_g,sel_diff,0.0,0.0,45
ESWYT,2013,new,ia_het,spearman,-0.03566553991749637,0.006779547291103288,45
ESWYT,2013,new,ia_het,sel_diff,-0.10850711636111839,0.08874335548106212,45
ESWYT,2013,new,ia_main,spearman,-0.03690976899388696,0.006991261686588995,45
ESWYT,2013,new,ia_main,sel_diff,-0.10850711636111839,0.09224787811198622,45
ESWYT,2013,new,ia_std,spearman,-0.020760428796680493,0.005382303804431312,45
ESWYT,2013,new,ia_std,sel_diff,-0.09087180851590758,0.05156199092477503,45
ESWYT,2013,new,iaw_0,spearman,-0.03566553991749637,0.0068642454489985915,45
ESWYT,2013,new,iaw_0,sel_diff,-0.10850711636111839,0.08913643429129088,45
ESWYT,2013,new,iaw_0.01,spearman,-0.03570091820015302,0.006753733643340264,45
ESWYT,2013,new,iaw_0.01,sel_diff,-0.10850711636111839,0.08737886185743048,45
ESWYT,2013,new,iaw_0.02,spearman,-0.036174797455495074,0.0069523534421423476,45
ESWYT,2013,new,iaw_0.02,sel_diff,-0.10850711636111839,0.09065442951109248,45
ESWYT,2013,new,iaw_0.05,spearman,-0.03671483865751665,0.0070084032831131925,45
ESWYT,2013,new,iaw_0.05,sel_diff,-0.10850711636111839,0.09044633083207158,45
ESWYT,2013,new,iaw_0.1,spearman,-0.03690976899388696,0.007087498574170934,45
ESWYT,2013,new,iaw_0.1,sel_diff,-0.10850711636111839,0.08582149970048565,45
ESWYT,2013,new,iaw_0.15,spearman,-0.03258152092215032,0.007370669240405268,45
ESWYT,2013,new,iaw_0.15,sel_diff,-0.10850711636111839,0.0889329480484843,45
ESWYT,2013,new,iaw_0.2,spearman,-0.030424194776343585,0.007151692034736762,45
ESWYT,2013,new,iaw_0.2,sel_diff,-0.037775440094742055,0.06665467194182939,45
ESWYT,2013,new,iaw_0.3,spearman,-0.027330511757932028,0.007315554799693585,45
ESWYT,2013,new,iaw_0.3,sel_diff,-0.033254277806952316,0.06599116545753037,45
ESWYT,2013,new,iaw_0.4,spearman,-0.022902098357925428,0.007476679082073726,45
ESWYT,2013,new,iaw_0.4,sel_diff,0.030250369421757118,0.06222455921663543,45
ESWYT,2013,new,iaw_0.5,spearman,-0.026002357087766517,0.007527332265583178,45
ESWYT,2013,new,iaw_0.5,sel_diff,0.030250369421757118,0.06312528130282696,45
ESWYT,2013,new,iaw_0.6,spearman,-0.02891955985705322,0.008628868007355748,45
ESWYT,2013,new,iaw_0.6,sel_diff,-0.01991251337946022,0.08309234160128935,45
ESWYT,2013,new,iaw_0.7,spearman,-0.034277643834294734,0.01033676075147743,45
ESWYT,2013,new,iaw_0.7,sel_diff,-0.01991251337946022,0.08374338279678531,45
ESWYT,2013,new,iaw_0.8,spearman,-0.03827256778822335,0.012577182689220447,45
ESWYT,2013,new,iaw_0.8,sel_diff,-0.06674002170058,0.1026050698395809,45
ESWYT,2013,new,iaw_0.9,spearman,-0.044450509877998326,0.01411803891410095,45
ESWYT,2013,new,iaw_0.9,sel_diff,-0.024286379097740163,0.10730167297484414,45
ESWYT,2013,new,iaw_0.95,spearman,-0.05210781766013808,0.01448966804375235,45
ESWYT,2013,new,iaw_0.95,sel_diff,-0.024286379097740163,0.10558847632386163,45
ESWYT,2013,new,ib_main,spearman,-0.046710665920518174,0.0164313596268141,45
ESWYT,2013,new,ib_main,sel_diff,-0.02129526734040298,0.0670994160534209,45
ESWYT,2013,new,ib_region,spearman,-0.031400054725951934,0.014635308181880967,45
ESWYT,2013,new,ib_region,sel_diff,-0.010930376337314375,0.05526352984974561,45
ESWYT,2013,new,ibc_0.05,spearman,-0.0020089891605389975,0.001462093369331214,45
ESWYT,2013,new,ibc_0.05,sel_diff,4.625929269271485e-18,6.4070140056114596e-18,45
ESWYT,2013,new,ibc_0.1,spearman,-0.0034555201101964922,0.0022300512389231844,45
ESWYT,2013,new,ibc_0.1,sel_diff,0.006938577712059611,0.01009983416009478,45
ESWYT,2013,new,ibc_0.2,spearman,-0.008490580187662015,0.004891017219037498,45
ESWYT,2013,new,ibc_0.2,sel_diff,-0.02869711718896328,0.038933831826987654,45
ESWYT,2013,new,ibc_0.3,spearman,-0.0162628307877895,0.007373745600751831,45
ESWYT,2013,new,ibc_0.3,sel_diff,-0.03810945225228979,0.05232476015689125,45
ESWYT,2013,new,ibc_0.5,spearman,-0.027907377060172777,0.010076573119387512,45
ESWYT,2013,new,ibc_0.5,sel_diff,-0.03783267963084163,0.06344440148776964,45
ESWYT,2013,new,ibc_0.75,spearman,-0.03202824826954401,0.012291442266058572,45
ESWYT,2013,new,ibc_0.75,sel_diff,-0.010075209110801476,0.06286968930531422,45
ESWYT,2013,new,ibc_1,spearman,-0.03387947673645406,0.012997514127069726,45
ESWYT,2013,new,ibc_1,sel_diff,-0.022311884427488184,0.07319950780811245,45
ESWYT,2013,new,ibc_1.5,spearman,-0.03986681848436183,0.014628956881731171,45
ESWYT,2013,new,ibc_1.5,sel_diff,-0.027210138222220185,0.06930456447883127,45
ESWYT,2013,new,ibc_2,spearman,-0.043135085649372525,0.01603296625935619,45
ESWYT,2013,new,ibc_2,sel_diff,-0.01788235759074313,0.07213245603159528,45
ESWYT,2013,new,ibc_3,spearman,-0.046710665920518174,0.01665295367018455,45
ESWYT,2013,new,ibc_3,sel_diff,-0.02129526734040298,0.06823388386910952,45
ESWYT,2014,all,ia_g,spearman,0.0014232989003701534,0.0012276264467338228,39
ESWYT,2014,all,ia_g,sel_diff,-8.984978003777309e-18,4.4396102451619876e-18,39
ESWYT,2014,all,ia_het,spearman,-0.00871547380800032,0.00813809872794606,39
ESWYT,2014,all,ia_het,sel_diff,0.01485350411932334,0.056756464075833214,39
ESWYT,2014,all,ia_main,spearman,-0.00763637643317194,0.00828473363474389,39
ESWYT,2014,all,ia_main,sel_diff,0.013464783398243604,0.05613761157076777,39
ESWYT,2014,all,ia_std,spearman,-0.0072863791525604755,0.0053379358498359,39
ESWYT,2014,all,ia_std,sel_diff,0.07610743683631291,0.036529870098568513,39
ESWYT,2014,all,iaw_0,spearman,-0.00871547380800032,0.008000930391653073,39
ESWYT,2014,all,iaw_0,sel_diff,0.01485350411932334,0.05640884947775399,39
ESWYT,2014,all,iaw_0.01,spearman,-0.007804302334565083,0.00760477230029219,39
ESWYT,2014,all,iaw_0.01,sel_diff,0.01485350411932334,0.05693447255002098,39
ESWYT,2014,all,iaw_0.02,spearman,-0.007332124349640734,0.007703989343813435,39
ESWYT,2014,all,iaw_0.02,sel_diff,0.01485350411932334,0.05480731118168851,39
ESWYT,2014,all,iaw_0.05,spearman,-0.007344764552762603,0.008053842027074445,39
ESWYT,2014,all,iaw_0.05,sel_diff,0.014853504119323327,0.05617965846754369,39
ESWYT,2014,all,iaw_0.1,spearman,-0.006953474113053441,0.008324710581089925,39
ESWYT,2014,all,iaw_0.1,sel_diff,0.014853504119323327,0.057002326019419826,39
ESWYT,2014,all,iaw_0.15,spearman,-0.00763637643317194,0.008383066711066513,39
ESWYT,2014,all,iaw_0.15,sel_diff,0.013464783398243604,0.05585609816352656,39
ESWYT,2014,all,iaw_0.2,spearman,-0.008880586071093412,0.008874609880222107,39
ESWYT,2014,all,iaw_0.2,sel_diff,0.013464783398243604,0.056809635133172075,39
ESWYT,2014,all,iaw_0.3,spearman,-0.010730937549096252,0.00914494665002489,39
ESWYT,2014,all,iaw_0.3,sel_diff,-0.06768590237251672,0.04131604267082309,39
ESWYT,2014,all,iaw_0.4,spearman,-0.011802321654766829,0.009311530115361774,39
ESWYT,2014,all,iaw_0.4,sel_diff,-0.06768590237251672,0.040913075244480526,39
ESWYT,2014,all,iaw_0.5,spearman,-0.009458014329815755,0.009589460588850508,39
ESWYT,2014,all,iaw_0.5,sel_diff,-0.04839894554801462,0.06252740231081812,39
ESWYT,2014,all,iaw_0.6,spearman,-0.01120414132162827,0.01030767791369236,39
ESWYT,2014,all,iaw_0.6,sel_diff,-0.04839894554801462,0.06330234251031208,39
ESWYT,2014,all,iaw_0.7,spearman,-0.006767209937880208,0.011174366666052133,39
ESWYT,2014,all,iaw_0.7,sel_diff,-0.04839894554801462,0.06158820196994293,39
ESWYT,2014,all,iaw_0.8,spearman,-0.0038128586051019995,0.012928996332539959,39
ESWYT,2014,all,iaw_0.8,sel_diff,-0.04839894554801462,0.06253496484997423,39
ESWYT,2014,all,iaw_0.9,spearman,-0.005590904039168805,0.0142389486269737,39
ESWYT,2014,all,iaw_0.9,sel_diff,-0.06109088815457726,0.07474049102074706,39
ESWYT,2014,all,iaw_0.95,spearman,-0.006504380558550564,0.015577684840239843,39
ESWYT,2014,all,iaw_0.95,sel_diff,-0.06109088815457726,0.07373258736320273,39
ESWYT,2014,all,ib_main,spearman,0.01575594673994314,0.018183121977612456,39
ESWYT,2014,all,ib_main,sel_diff,0.08835754478238807,0.045700183036390084,39
ESWYT,2014,all,ib_region,spearman,0.040879739908409506,0.013909295077249677,39
ESWYT,2014,all,ib_region,sel_diff,0.04121840627460234,0.052257999202387426,39
ESWYT,2014,all,ibc_0.05,spearman,0.00021428461664225697,0.0015677609084230489,39
ESWYT,2014,all,ibc_0.05,sel_diff,0.012137358175009058,0.013979889914490444,39
ESWYT,2014,all,ibc_0.1,spearman,0.0018157177474708646,0.0030662549325748503,39
ESWYT,2014,all,ibc_0.1,sel_diff,0.02956669942353882,0.022863751070824945,39
ESWYT,2014,all,ibc_0.2,spearman,0.00632679101179171,0.005904954156759416,39
ESWYT,2014,all,ibc_0.2,sel_diff,0.07558727677284252,0.03626518461540889,39
ESWYT,2014,all,ibc_0.3,spearman,0.011421034174895732,0.00867056554295541,39
ESWYT,2014,all,ibc_0.3,sel_diff,0.07050636866413997,0.04160107955434355,39
ESWYT,2014,all,ibc_0.5,spearman,0.016044845818080678,0.011593715737775456,39
ESWYT,2014,all,ibc_0.5,sel_diff,0.08079354831889297,0.04473621913151214,39
ESWYT,2014,all,ibc_0.75,spearman,0.017818947698961633,0.013821619029432658,39
ESWYT,2014,all,ibc_0.75,sel_diff,0.11310627158804511,0.0435217686198896,39
ESWYT,2014,all,ibc_1,spearman,0.016840139500082854,0.014413291996735135,39
ESWYT,2014,all,ibc_1,sel_diff,0.1188547986225463,0.04489994510346387,39
ESWYT,2014,all,ibc_1.5,spearman,0.01660618623873836,0.01610049176255547,39
ESWYT,2014,all,ibc_1.5,sel_diff,0.1236054691520782,0.04878516635609825,39
ESWYT,2014,all,ibc_2,spearman,0.01664849174110499,0.016911601018430658,39
ESWYT,2014,all,ibc_2,sel_diff,0.11726905263154432,0.04865341006087392,39
ESWYT,2014,all,ibc_3,spearman,0.01575594673994314,0.018019063242442433,39
ESWYT,2014,all,ibc_3,sel_diff,0.08835754478238807,0.04484652338436133,39
ESWYT,2014,new,ia_g,spearman,0.002231193980025443,0.0006519555256722625,39
ESWYT,2014,new,ia_g,sel_diff,0.0,0.0,39
ESWYT,2014,new,ia_het,spearman,-0.008524004214388689,0.007294315547001835,39
ESWYT,2014,new,ia_het,sel_diff,-1.3166106381772689e-17,5.767544579494316e-18,39
ESWYT,2014,new,ia_main,spearman,-0.006867657779762968,0.007840474459246283,39
ESWYT,2014,new,ia_main,sel_diff,-1.0675221390626506e-17,5.385973563580625e-18,39
ESWYT,2014,new,ia_std,spearman,-0.007661243364286254,0.004844376613927817,39
ESWYT,2014,new,ia_std,sel_diff,-8.540177112501205e-18,7.123986593020737e-18,39
ESWYT,2014,new,iaw_0,spearman,-0.008524004214388689,0.0074406948432779755,39
ESWYT,2014,new,iaw_0,sel_diff,-1.3166106381772689e-17,5.82303484494306e-18,39
ESWYT,2014,new,iaw_0.01,spearman,-0.00762294943415607,0.0073507486993948335,39
ESWYT,2014,new,iaw_0.01,sel_diff,-1.3166106381772689e-17,6.009785097889239e-18,39
ESWYT,2014,new,iaw_0.02,spearman,-0.007042789897480482,0.007030230510312219,39
ESWYT,2014,new,iaw_0.02,sel_diff,-1.3166106381772689e-17,5.6544669409690294e-18,39
ESWYT,2014,new,iaw_0.05,spearman,-0.0065638734816136825,0.007384816731697785,39
ESWYT,2014,new,iaw_0.05,sel_diff,-1.3166106381772689e-17,6.09096954336075e-18,39
ESWYT,2014,new,iaw_0.1,spearman,-0.006043038728727357,0.007849246845137669,39
ESWYT,2014,new,iaw_0.1,sel_diff,-1.3166106381772689e-17,5.868772455085501e-18,39
ESWYT,2014,new,iaw_0.15,spearman,-0.006867657779762968,0.007888932520015265,39
ESWYT,2014,new,iaw_0.15,sel_diff,-1.0675221390626506e-17,5.4394060006110774e-18,39
ESWYT,2014,new,iaw_0.2,spearman,-0.009125395568118868,0.0080023722527371,39
ESWYT,2014,new,iaw_0.2,sel_diff,-1.0675221390626506e-17,5.337069848771246e-18,39
ESWYT,2014,new,iaw_0.3,spearman,-0.012231857539716867,0.008954675904143087,39
ESWYT,2014,new,iaw_0.3,sel_diff,-0.11788052184367452,0.04850030002719008,39
ESWYT,2014,new,iaw_0.4,spearman,-0.012714666077598698,0.009105068233415125,39
ESWYT,2014,new,iaw_0.4,sel_diff,-0.11788052184367452,0.050516914314080764,39
ESWYT,2014,new,iaw_0.5,spearman,-0.011239222958668266,0.009326942992925621,39
ESWYT,2014,new,iaw_0.5,sel_diff,-0.07819167458225337,0.04536772354721948,39
ESWYT,2014,new,iaw_0.6,spearman,-0.012868489226885594,0.010244338545406835,39
ESWYT,2014,new,iaw_0.6,sel_diff,-0.07819167458225337,0.04493758690945725,39
ESWYT,2014,new,iaw_0.7,spearman,-0.008188377227084095,0.011320964973680866,39
ESWYT,2014,new,iaw_0.7,sel_diff,-0.04520573359091197,0.06981075212537592,39
ESWYT,2014,new,iaw_0.8,spearman,-0.004933069889494595,0.013239674783158024,39
ESWYT,2014,new,iaw_0.8,sel_diff,-0.049913087741491786,0.06759325335906519,39
ESWYT,2014,new,iaw_0.9,spearman,-0.00860750858386757,0.01582360476756462,39
ESWYT,2014,new,iaw_0.9,sel_diff,-0.049913087741491786,0.07041161790624266,39
ESWYT,2014,new,iaw_0.95,spearman,-0.011243477452042497,0.016477985260062666,39
ESWYT,2014,new,iaw_0.95,sel_diff,-0.049913087741491786,0.06998957721544434,39
ESWYT,2014,new,ib_main,spearman,0.016244872211803603,0.018821025009976226,39
ESWYT,2014,new,ib_main,sel_diff,0.07951382239612911,0.060181978769456954,39
ESWYT,2014,new,ib_region,spearman,0.04134931648449087,0.015220215679903153,39
ESWYT,2014,new,ib_region,sel_diff,0.03474716103445868,0.06022854025368486,39
ESWYT,2014,new,ibc_0.05,spearman,-3.829039190642997e-05,0.0016956322497186371,39
ESWYT,2014,new,ibc_0.05,sel_diff,0.0021085228572769207,0.003897686108156091,39
ESWYT,2014,new,ibc_0.1,spearman,0.0020833662354259297,0.0030709395606868493,39
ESWYT,2014,new,ibc_0.1,sel_diff,0.03272508817787779,0.022954128925066226,39
ESWYT,2014,new,ibc_0.2,spearman,0.005028417551083548,0.005821264300549412,39
ESWYT,2014,new,ibc_0.2,sel_diff,0.04006682586396637,0.03586621366330321,39
ESWYT,2014,new,ibc_0.3,spearman,0.009835664828894081,0.008074877493699097,39
ESWYT,2014,new,ibc_0.3,sel_diff,0.09424477683655046,0.05436518900222808,39
ESWYT,2014,new,ibc_0.5,spearman,0.015617655402877637,0.01095436775195745,39
ESWYT,2014,new,ibc_0.5,sel_diff,0.09661596917345805,0.04930525269343006,39
ESWYT,2014,new,ibc_0.75,spearman,0.017122732602061208,0.013479782909009847,39
ESWYT,2014,new,ibc_0.75,sel_diff,0.10104615441790685,0.05124735248104561,39
ESWYT,2014,new,ibc_1,spearman,0.016311117716475247,0.014321478234397474,39
ESWYT,2014,new,ibc_1,sel_diff,0.10636954974780974,0.05304069679812963,39
ESWYT,2014,new,ibc_1.5,spearman,0.01682022982967168,0.015806327442155297,39
ESWYT,2014,new,ibc_1.5,sel_diff,0.10061532144140585,0.05657696525479692,39
ESWYT,2014,new,ibc_2,spearman,0.017020656304423898,0.017285200514070384,39
ESWYT,2014,new,ibc_2,sel_diff,0.12238436075682757,0.057109332298331164,39
ESWYT,2014,new,ibc_3,spearman,0.016244872211803603,0.018910683774035864,39
ESWYT,2014,new,ibc_3,sel_diff,0.07951382239612911,0.060480458317247736,39
ESWYT,2015,all,ia_g,spearman,0.008701505587552491,0.002373118931503781,44
ESWYT,2015,all,ia_g,sel_diff,0.0,0.0,44
ESWYT,2015,all,ia_het,spearman,0.012476443952841882,0.010146655491399445,44
ESWYT,2015,all,ia_het,sel_diff,-0.006015266960337474,0.0383588553821048,44
ESWYT,2015,all,ia_main,spearman,0.012950871515243063,0.010448168550485701,44
ESWYT,2015,all,ia_main,sel_diff,-0.006015266960337474,0.03908238900711351,44
ESWYT,2015,all,ia_std,spearman,-0.0002378256482306766,0.006414587579180669,44
ESWYT,2015,all,ia_std,sel_diff,-0.006015266960337474,0.037401414217858975,44
ESWYT,2015,all,iaw_0,spearman,0.012476443952841882,0.01014206256997666,44
ESWYT,2015,all,iaw_0,sel_diff,-0.006015266960337474,0.03775824505725168,44
ESWYT,2015,all,iaw_0.01,spearman,0.013263117116455602,0.010098239964180696,44
ESWYT,2015,all,iaw_0.01,sel_diff,-0.006015266960337474,0.03786344930971803,44
ESWYT,2015,all,iaw_0.02,spearman,0.014148826385100031,0.010100839664111929,44
ESWYT,2015,all,iaw_0.02,sel_diff,-0.006015266960337474,0.03750360396650717,44
ESWYT,2015,all,iaw_0.05,spearman,0.01626429545559777,0.009771244987363724,44
ESWYT,2015,all,iaw_0.05,sel_diff,-0.006015266960337474,0.03840650124326374,44
ESWYT,2015,all,iaw_0.1,spearman,0.013884433617101066,0.009954623275808303,44
ESWYT,2015,all,iaw_0.1,sel_diff,-0.006015266960337474,0.036812241743172096,44
ESWYT,2015,all,iaw_0.15,spearman,0.012950871515243063,0.010367434003659796,44
ESWYT,2015,all,iaw_0.15,sel_diff,-0.006015266960337474,0.03848942527192473,44
ESWYT,2015,all,iaw_0.2,spearman,0.015052421816019556,0.010814946114580592,44
ESWYT,2015,all,iaw_0.2,sel_diff,-0.006015266960337457,0.03731594008137969,44
ESWYT,2015,all,iaw_0.3,spearman,0.018569649694218652,0.011213701307076458,44
ESWYT,2015,all,iaw_0.3,sel_diff,-0.006015266960337457,0.03815096291773553,44
ESWYT,2015,all,iaw_0.4,spearman,0.01840957543112295,0.01256538528216217,44
ESWYT,2015,all,iaw_0.4,sel_diff,-0.006015266960337457,0.038315903134826294,44
ESWYT,2015,all,iaw_0.5,spearman,0.0194099518963326,0.013308787788952172,44
ESWYT,2015,all,iaw_0.5,sel_diff,-0.0060152669603374806,0.039457989719354554,44
ESWYT,2015,all,iaw_0.6,spearman,0.02306338654799406,0.01446033696108886,44
ESWYT,2015,all,iaw_0.6,sel_diff,-0.016179113171657204,0.037912916913491565,44
ESWYT,2015,all,iaw_0.7,spearman,0.024391483697160644,0.015404067632972447,44
ESWYT,2015,all,iaw_0.7,sel_diff,-0.016179113171657204,0.03861743258062781,44
ESWYT,2015,all,iaw_0.8,spearman,0.024692496106687466,0.016631091122088937,44
ESWYT,2015,all,iaw_0.8,sel_diff,-0.025479967541473837,0.04090538022407015,44
ESWYT,2015,all,iaw_0.9,spearman,0.018858871125707912,0.01702505248154676,44
ESWYT,2015,all,iaw_0.9,sel_diff,-0.08465763585274572,0.0609754501414297,44
ESWYT,2015,all,iaw_0.95,spearman,0.017909746243099375,0.017844886268709836,44
ESWYT,2015,all,iaw_0.95,sel_diff,-0.08465763585274572,0.05785410626188253,44
ESWYT,2015,all,ib_main,spearman,0.042992366287238,0.01827888153221396,44
ESWYT,2015,all,ib_main,sel_diff,-0.050181792559753885,0.0625718490894568,44
ESWYT,2015,all,ib_region,spearman,0.0072501549001574815,0.019271649125204793,44
ESWYT,2015,all,ib_region,sel_diff,-0.04860628430314898,0.06618566032451872,44
ESWYT,2015,all,ibc_0.05,spearman,0.010636075511661318,0.0028450120472802093,44
ESWYT,2015,all,ibc_0.05,sel_diff,-0.007303038246347899,0.007186478770118018,44
ESWYT,2015,all,ibc_0.1,spearman,0.0181599135808178,0.004677367113955053,44
ESWYT,2015,all,ibc_0.1,sel_diff,0.005607063478106703,0.014009298864057612,44
ESWYT,2015,all,ibc_0.2,spearman,0.028233616977271038,0.009337673679395277,44
ESWYT,2015,all,ibc_0.2,sel_diff,0.005867778659059331,0.03485633507275968,44
ESWYT,2015,all,ibc_0.3,spearman,0.03803605062113164,0.0126597576258217,44
ESWYT,2015,all,ibc_0.3,sel_diff,-0.01750688366235961,0.044507001655340835,44
ESWYT,2015,all,ibc_0.5,spearman,0.04152654749672609,0.014547251089160126,44
ESWYT,2015,all,ibc_0.5,sel_diff,0.021614195485272825,0.058712936591866716,44
ESWYT,2015,all,ibc_0.75,spearman,0.04192379615948195,0.015373637684569666,44
ESWYT,2015,all,ibc_0.75,sel_diff,0.002971624087167553,0.05799243156622707,44
ESWYT,2015,all,ibc_1,spearman,0.04231544705856976,0.016132386278358446,44
ESWYT,2015,all,ibc_1,sel_diff,-0.018416185344911372,0.054283630380956155,44
ESWYT,2015,all,ibc_1.5,spearman,0.04296033360723431,0.01657914563509995,44
ESWYT,2015,all,ibc_1.5,sel_diff,-0.008382367357065117,0.05386769760725492,44
ESWYT,2015,all,ibc_2,spearman,0.04272911931094503,0.017033811195104158,44
ESWYT,2015,all,ibc_2,sel_diff,-0.018102040292722645,0.05718143668146688,44
ESWYT,2015,all,ibc_3,spearman,0.042992366287238,0.01803087727989993,44
ESWYT,2015,all,ibc_3,sel_diff,-0.050181792559753885,0.06295983480276474,44
ESWYT,2015,new,ia_g,spearman,0.01039984889388032,0.002846563099881542,44
ESWYT,2015,new,ia_g,sel_diff,0.0,0.0,44
ESWYT,2015,new,ia_het,spearman,0.012720506283663308,0.011636677926900943,44
ESWYT,2015,new,ia_het,sel_diff,-0.04407469765807046,0.04434096972012733,44
ESWYT,2015,new,ia_main,spearman,0.014239904371489503,0.012001536131050799,44
ESWYT,2015,new,ia_main,sel_diff,-0.038274981039239805,0.04592586445701685,44
ESWYT,2015,new,ia_std,spearman,-0.0011401877750774369,0.00721530564712098,44
ESWYT,2015,new,ia_std,sel_diff,-6.071532165918825e-18,8.181026372059283e-18,44
ESWYT,2015,new,iaw_0,spearman,0.012720506283663308,0.011450081389536258,44
ESWYT,2015,new,iaw_0,sel_diff,-0.04407469765807046,0.04568733768066639,44
ESWYT,2015,new,iaw_0.01,spearman,0.013677994680629602,0.011433465807977257,44
ESWYT,2015,new,iaw_0.01,sel_diff,-0.04407469765807046,0.044528069125503826,44
ESWYT,2015,new,iaw_0.02,spearman,0.014753555202866808,0.011576722843875755,44
ESWYT,2015,new,iaw_0.02,sel_diff,-0.04407469765807046,0.04583678515386286,44
ESWYT,2015,new,iaw_0.05,spearman,0.017278146408464392,0.011378018119546545,44
ESWYT,2015,new,iaw_0.05,sel_diff,-0.04407469765807046,0.045031995535307234,44
ESWYT,2015,new,iaw_0.1,spearman,0.015544116452211197,0.011432388718993318,44
ESWYT,2015,new,iaw_0.1,sel_diff,-0.04407469765807046,0.04449153567812872,44
ESWYT,2015,new,iaw_0.15,spearman,0.014239904371489503,0.012286245244129215,44
ESWYT,2015,new,iaw_0.15,sel_diff,-0.038274981039239805,0.04495392092165564,44
ESWYT,2015,new,iaw_0.2,spearman,0.017411162165583007,0.01280525275358645,44
ESWYT,2015,new,iaw_0.2,sel_diff,-0.038274981039239805,0.04403230667486121,44
ESWYT,2015,new,iaw_0.3,spearman,0.021592308455333168,0.01332063915547997,44
ESWYT,2015,new,iaw_0.3,sel_diff,-0.12998259894972622,0.058496918343346894,44
ESWYT,2015,new,iaw_0.4,spearman,0.021900106787418168,0.014454187197309587,44
ESWYT,2015,new,iaw_0.4,sel_diff,-0.12998259894972622,0.06131046026206005,44
ESWYT,2015,new,iaw_0.5,spearman,0.024282702545005128,0.015466533236557653,44
ESWYT,2015,new,iaw_0.5,sel_diff,-0.12998259894972622,0.06026637726564759,44
ESWYT,2015,new,iaw_0.6,spearman,0.027940610539941776,0.017003272097089316,44
ESWYT,2015,new,iaw_0.6,sel_diff,-0.12998259894972622,0.059150689276553085,44
ESWYT,2015,new,iaw_0.7,spearman,0.03066811787088587,0.017002150367621743,44
ESWYT,2015,new,iaw_0.7,sel_diff,-0.12998259894972622,0.06058796168335469,44
ESWYT,2015,new,iaw_0.8,spearman,0.03106951668736486,0.01823526453077524,44
ESWYT,2015,new,iaw_0.8,sel_diff,-0.12998259894972622,0.059443076311661,44
ESWYT,2015,new,iaw_0.9,spearman,0.024817674008267586,0.01933471069247002,44
ESWYT,2015,new,iaw_0.9,sel_diff,-0.21781510306650242,0.05363795119942727,44
ESWYT,2015,new,iaw_0.95,spearman,0.023777480757984717,0.019511831844476996,44
ESWYT,2015,new,iaw_0.95,sel_diff,-0.17243419096181123,0.06858795813379445,44
ESWYT,2015,new,ib_main,spearman,0.04532937666420104,0.02180699319236662,44
ESWYT,2015,new,ib_main,sel_diff,-0.05433855478896905,0.06458732329759936,44
ESWYT,2015,new,ib_region,spearman,0.00981668184392859,0.023240959161456992,44
ESWYT,2015,new,ib_region,sel_diff,-0.09390742866758729,0.06223857370357112,44
ESWYT,2015,new,ibc_0.05,spearman,0.010192666817721616,0.0031071039118129055,44
ESWYT,2015,new,ibc_0.05,sel_diff,0.0015016868962369637,0.028031824611153847,44
ESWYT,2015,new,ibc_0.1,spearman,0.0175331882566075,0.005179704413254078,44
ESWYT,2015,new,ibc_0.1,sel_diff,-0.009280903041163295,0.04523102577187725,44
ESWYT,2015,new,ibc_0.2,spearman,0.028169147068158804,0.011247702039775246,44
ESWYT,2015,new,ibc_0.2,sel_diff,-0.022191678504402342,0.049446709714730336,44
ESWYT,2015,new,ibc_0.3,spearman,0.038107018521594975,0.01453201996104673,44
ESWYT,2015,new,ibc_0.3,sel_diff,-0.06217940880185954,0.053542152307311644,44
ESWYT,2015,new,ibc_0.5,spearman,0.043296496273540125,0.01745115997272445,44
ESWYT,2015,new,ibc_0.5,sel_diff,-0.04578336405647707,0.05665792290486815,44
ESWYT,2015,new,ibc_0.75,spearman,0.04485715034654017,0.018307301985819358,44
ESWYT,2015,new,ibc_0.75,sel_diff,-0.04018451025865945,0.05942853302229807,44
ESWYT,2015,new,ibc_1,spearman,0.04468663318774762,0.019516848499257774,44
ESWYT,2015,new,ibc_1,sel_diff,-0.028251769724213716,0.05890215175864109,44
ESWYT,2015,new,ibc_1.5,spearman,0.0455398370488263,0.02041148589942081,44
ESWYT,2015,new,ibc_1.5,sel_diff,0.004811872352784097,0.05854147713588875,44
ESWYT,2015,new,ibc_2,spearman,0.04539369402067756,0.021277106221885972,44
ESWYT,2015,new,ibc_2,sel_diff,-0.029657344796941543,0.06215829385204747,44
ESWYT,2015,new,ibc_3,spearman,0.04532937666420104,0.02186924399558843,44
ESWYT,2015,new,ibc_3,sel_diff,-0.05433855478896905,0.06614169256728533,44
ESWYT,2016,all,ia_g,spearman,-0.0059275273771964634,0.0018185746932502453,42
ESWYT,2016,all,ia_g,sel_diff,0.0,0.0,42
ESWYT,2016,all,ia_het,spearman,0.008288989637401224,0.007908686525316047,42
ESWYT,2016,all,ia_het,sel_diff,-0.03586219725222994,0.05273977652371149,42
ESWYT,2016,all,ia_main,spearman,0.0010491855770817951,0.008885419969408252,42
ESWYT,2016,all,ia_main,sel_diff,-0.03586219725222995,0.05134365291954293,42
ESWYT,2016,all,ia_std,spearman,0.011051314297607978,0.005473323252953366,42
ESWYT,2016,all,ia_std,sel_diff,-2.1312316990572203e-17,8.467256091937416e-18,42
ESWYT,2016,all,iaw_0,spearman,0.008288989637401224,0.007860390242897008,42
ESWYT,2016,all,iaw_0,sel_diff,-0.03586219725222994,0.05271717178613992,42
ESWYT,2016,all,iaw_0.01,spearman,0.007135300232489972,0.007475622276078931,42
ESWYT,2016,all,iaw_0.01,sel_diff,-0.03586219725222994,0.0529355232318756,42
ESWYT,2016,all,iaw_0.02,spearman,0.006586755348212127,0.007729930909690409,42
ESWYT,2016,all,iaw_0.02,sel_diff,-0.03586219725222994,0.052046205199146205,42
ESWYT,2016,all,iaw_0.05,spearman,0.005407630928982165,0.008161587266694052,42
ESWYT,2016,all,iaw_0.05,sel_diff,-0.03586219725222994,0.05263162249757121,42
ESWYT,2016,all,iaw_0.1,spearman,0.0036854696427358704,0.008061086846219334,42
ESWYT,2016,all,iaw_0.1,sel_diff,-0.03586219725222994,0.053008190327043916,42
ESWYT,2016,all,iaw_0.15,spearman,0.0035615474085422434,0.008354094950503746,42
ESWYT,2016,all,iaw_0.15,sel_diff,-0.03586219725222994,0.052067486949124234,42
ESWYT,2016,all,iaw_0.2,spearman,0.0010491855770817951,0.008841895615545107,42
ESWYT,2016,all,iaw_0.2,sel_diff,-0.03586219725222995,0.05327066620743007,42
ESWYT,2016,all,iaw_0.3,spearman,-0.006331836328262011,0.009433585333928417,42
ESWYT,2016,all,iaw_0.3,sel_diff,-0.03586219725222994,0.051930100133472004,42
ESWYT,2016,all,iaw_0.4,spearman,-0.008421976066829222,0.010043159076394395,42
ESWYT,2016,all,iaw_0.4,sel_diff,-0.0956380425088698,0.06692351655601789,42
ESWYT,2016,all,iaw_0.5,spearman,-0.014809531784084859,0.01046383165472306,42
ESWYT,2016,all,iaw_0.5,sel_diff,-0.0956380425088698,0.06767664045833903,42
ESWYT,2016,all,iaw_0.6,spearman,-0.018121200008429032,0.010597054269499936,42
ESWYT,2016,all,iaw_0.6,sel_diff,-0.0956380425088698,0.06936771105360705,42
ESWYT,2016,all,iaw_0.7,spearman,-0.02154189310593005,0.012015055803780515,42
ESWYT,2016,all,iaw_0.7,sel_diff,-0.04253669003392274,0.06618723351506134,42
ESWYT,2016,all,iaw_0.8,spearman,-0.032201225917257346,0.013789698264470832,42
ESWYT,2016,all,iaw_0.8,sel_diff,-0.0928893243477244,0.07526092169459521,42
ESWYT,2016,all,iaw_0.9,spearman,-0.04458461384310125,0.016484613825622742,42
ESWYT,2016,all,iaw_0.9,sel_diff,-0.22611136279813826,0.09322168168840882,42
ESWYT,2016,all,iaw_0.95,spearman,-0.0445505921459144,0.017561400964260773,42
ESWYT,2016,all,iaw_0.95,sel_diff,-0.22611136279813826,0.09146192864873985,42
ESWYT,2016,all,ib_main,spearman,0.05216379712228193,0.017044909379437385,42
ESWYT,2016,all,ib_main,sel_diff,0.04158299275482592,0.061523802360174705,42
ESWYT,2016,all,ib_region,spearman,0.052272965020481475,0.019515526765220753,42
ESWYT,2016,all,ib_region,sel_diff,-0.0037697452047083337,0.059880505275947724,42
ESWYT,2016,all,ibc_0.05,spearman,0.005350034100587602,0.0018085448961330207,42
ESWYT,2016,all,ibc_0.05,sel_diff,-0.006940310197611808,0.0070436276023252455,42
ESWYT,2016,all,ibc_0.1,spearman,0.0076378312166658305,0.0025633115465640193,42
ESWYT,2016,all,ibc_0.1,sel_diff,-0.044620023690367994,0.026030760315613553,42
ESWYT,2016,all,ibc_0.2,spearman,0.01775800425763585,0.00566872733622635,42
ESWYT,2016,all,ibc_0.2,sel_diff,-0.048150432030878404,0.030286055422040128,42
ESWYT,2016,all,ibc_0.3,spearman,0.029036940654894403,0.00769269759893725,42
ESWYT,2016,all,ibc_0.3,sel_diff,-0.05654369181627185,0.041727562365342696,42
ESWYT,2016,all,ibc_0.5,spearman,0.038594561002196215,0.010567335918381396,42
ESWYT,2016,all,ibc_0.5,sel_diff,-0.05116951320765647,0.04279663385741044,42
ESWYT,2016,all,ibc_0.75,spearman,0.04283148739188153,0.012204283012156827,42
ESWYT,2016,all,ibc_0.75,sel_diff,0.0009046646256408561,0.04624613618327186,42
ESWYT,2016,all,ibc_1,spearman,0.04530860421057296,0.013112790424070266,42
ESWYT,2016,all,ibc_1,sel_diff,0.012528023450634005,0.04434887389494353,42
ESWYT,2016,all,ibc_1.5,spearman,0.049369184137605986,0.014632907380161424,42
ESWYT,2016,all,ibc_1.5,sel_diff,0.07188306576464061,0.057446096635351426,42
ESWYT,2016,all,ibc_2,spearman,0.050355453931855344,0.01629294239562021,42
ESWYT,2016,all,ibc_2,sel_diff,0.058850674331709464,0.05866958335238233,42
ESWYT,2016,all,ibc_3,spearman,0.05216379712228193,0.01738145060648299,42
ESWYT,2016,all,ibc_3,sel_diff,0.04158299275482592,0.06293834981452628,42
ESWYT,2016,new,ia_g,spearman,-0.007111327446074537,0.002032667354268436,42
ESWYT,2016,new,ia_g,sel_diff,0.0,0.0,42
ESWYT,2016,new,ia_het,spearman,0.007005581241234878,0.006943254863535922,42
ESWYT,2016,new,ia_het,sel_diff,4.378111629846227e-18,6.571899956427338e-18,42
ESWYT,2016,new,ia_main,spearman,-0.001207044983535043,0.006935179664746187,42
ESWYT,2016,new,ia_main,sel_diff,-7.847558581799841e-18,6.308826716614612e-18,42
ESWYT,2016,new,ia_std,spearman,0.00737919108797994,0.004272749992239264,42
ESWYT,2016,new,ia_std,sel_diff,-7.847558581799841e-18,6.438408837288429e-18,42
ESWYT,2016,new,iaw_0,spearman,0.007005581241234878,0.0068812251359648404,42
ESWYT,2016,new,iaw_0,sel_diff,4.378111629846227e-18,6.606604918500326e-18,42
ESWYT,2016,new,iaw_0.01,spearman,0.00562866667898654,0.006654359642205335,42
ESWYT,2016,new,iaw_0.01,sel_diff,4.378111629846227e-18,6.6270410030013194e-18,42
ESWYT,2016,new,iaw_0.02,spearman,0.00497441357186452,0.0067893152396044,42
ESWYT,2016,new,iaw_0.02,sel_diff,4.378111629846227e-18,6.5848050597157965e-18,42
ESWYT,2016,new,iaw_0.05,spearman,0.0030953847980621724,0.006998441120520861,42
ESWYT,2016,new,iaw_0.05,sel_diff,4.378111629846227e-18,6.603054086764783e-18,42
ESWYT,2016,new,iaw_0.1,spearman,0.00156260466772054,0.006937847648476665,42
ESWYT,2016,new,iaw_0.1,sel_diff,4.378111629846227e-18,6.578900854454467e-18,42
ESWYT,2016,new,iaw_0.15,spearman,0.0008689978312778574,0.0071791320119878295,42
ESWYT,2016,new,iaw_0.15,sel_diff,4.378111629846227e-18,6.4152205378145286e-18,42
ESWYT,2016,new,iaw_0.2,spearman,-0.001207044983535043,0.0071879528945342904,42
ESWYT,2016,new,iaw_0.2,sel_diff,-7.847558581799841e-18,6.3691303883141115e-18,42
ESWYT,2016,new,iaw_0.3,spearman,-0.007725192431569293,0.007354615102299806,42
ESWYT,2016,new,iaw_0.3,sel_diff,-7.847558581799841e-18,6.4627566423177916e-18,42
ESWYT,2016,new,iaw_0.4,spearman,-0.008114199811680668,0.007588103291202067,42
ESWYT,2016,new,iaw_0.4,sel_diff,-7.847558581799841e-18,6.386673028490227e-18,42
ESWYT,2016,new,iaw_0.5,spearman,-0.014976627593327204,0.007872602767195012,42
ESWYT,2016,new,iaw_0.5,sel_diff,-4.212899870229388e-18,6.335278061032044e-18,42
ESWYT,2016,new,iaw_0.6,spearman,-0.017044899029626102,0.00860652341728658,42
ESWYT,2016,new,iaw_0.6,sel_diff,-4.212899870229388e-18,6.351335013184729e-18,42
ESWYT,2016,new,iaw_0.7,spearman,-0.01899248034336384,0.009742204098462902,42
ESWYT,2016,new,iaw_0.7,sel_diff,6.60847038467355e-19,6.717454808245835e-18,42
ESWYT,2016,new,iaw_0.8,spearman,-0.02498299880778342,0.010260844085474528,42
ESWYT,2016,new,iaw_0.8,sel_diff,-0.003647142878504666,0.017195910524779503,42
ESWYT,2016,new,iaw_0.9,spearman,-0.03201336640159324,0.0114943037869313,42
ESWYT,2016,new,iaw_0.9,sel_diff,-0.004724738020851728,0.014337789386650604,42
ESWYT,2016,new,iaw_0.95,spearman,-0.031035184362061582,0.011734737319254632,42
ESWYT,2016,new,iaw_0.95,sel_diff,-0.004724738020851728,0.01409596971255502,42
ESWYT,2016,new,ib_main,spearman,0.03542091960237474,0.01664904975752445,42
ESWYT,2016,new,ib_main,sel_diff,0.05055561555640498,0.05854670980644706,42
ESWYT,2016,new,ib_region,spearman,0.04029628636506776,0.0200028656165764,42
ESWYT,2016,new,ib_region,sel_diff,0.007972133786024994,0.06220975258101292,42
ESWYT,2016,new,ibc_0.05,spearman,0.0052559674747617875,0.0020488496785558198,42
ESWYT,2016,new,ibc_0.05,sel_diff,-0.00721112376360161,0.007270312203822178,42
ESWYT,2016,new,ibc_0.1,spearman,0.00639226576162896,0.0026661310311491813,42
ESWYT,2016,new,ibc_0.1,sel_diff,-0.03721409140705093,0.023719814684370694,42
ESWYT,2016,new,ibc_0.2,spearman,0.010672080789985383,0.005296467751024936,42
ESWYT,2016,new,ibc_0.2,sel_diff,-0.04119776219550477,0.041159805057096446,42
ESWYT,2016,new,ibc_0.3,spearman,0.018132734098298294,0.007588469996157304,42
ESWYT,2016,new,ibc_0.3,sel_diff,-0.05695624848304397,0.04705814317730707,42
ESWYT,2016,new,ibc_0.5,spearman,0.025522098871593544,0.010029125909601817,42
ESWYT,2016,new,ibc_0.5,sel_diff,-0.05103862476697819,0.04506569913858212,42
ESWYT,2016,new,ibc_0.75,spearman,0.029741615886774434,0.012279546945727146,42
ESWYT,2016,new,ibc_0.75,sel_diff,-0.008191026960099254,0.04771461324045473,42
ESWYT,2016,new,ibc_1,spearman,0.031465170117833355,0.013132805585731886,42
ESWYT,2016,new,ibc_1,sel_diff,0.026890538990910835,0.0454235708528169,42
ESWYT,2016,new,ibc_1.5,spearman,0.033915869291505626,0.015075659391449711,42
ESWYT,2016,new,ibc_1.5,sel_diff,0.0196988978148355,0.04987447044060389,42
ESWYT,2016,new,ibc_2,spearman,0.03440508215398651,0.01563631887166706,42
ESWYT,2016,new,ibc_2,sel_diff,0.04101093698107557,0.049986876608881806,42
ESWYT,2016,new,ibc_3,spearman,0.03542091960237474,0.017168965274659307,42
ESWYT,2016,new,ibc_3,sel_diff,0.05055561555640498,0.057665675952510334,42
ESWYT,2017,all,ia_g,spearman,0.002791906250682201,0.0017897046164603349,43
ESWYT,2017,all,ia_g,sel_diff,-0.004383276745448806,0.0042843647639038696,43
ESWYT,2017,all,ia_het,spearman,0.0030335108104985135,0.005222555910836262,43
ESWYT,2017,all,ia_het,sel_diff,-0.12725190277792833,0.04990837867990034,43
ESWYT,2017,all,ia_main,spearman,0.003132531545412807,0.0051318217934156595,43
ESWYT,2017,all,ia_main,sel_diff,-0.07156703217548288,0.046744774167949546,43
ESWYT,2017,all,ia_std,spearman,0.0029252621914804666,0.0037611962095585342,43
ESWYT,2017,all,ia_std,sel_diff,-0.060351905867182615,0.03711342833283488,43
ESWYT,2017,all,iaw_0,spearman,0.0030335108104985135,0.005109995659103209,43
ESWYT,2017,all,iaw_0,sel_diff,-0.12725190277792833,0.05145788614619333,43
ESWYT,2017,all,iaw_0.01,spearman,0.0033023766950388096,0.00504019629598889,43
ESWYT,2017,all,iaw_0.01,sel_diff,-0.1751016299246803,0.04181815537116538,43
ESWYT,2017,all,iaw_0.02,spearman,0.0037158972451723,0.0051295943214905776,43
ESWYT,2017,all,iaw_0.02,sel_diff,-0.1751016299246803,0.04345378373207055,43
ESWYT,2017,all,iaw_0.05,spearman,0.004517193137798871,0.004862590522443319,43
ESWYT,2017,all,iaw_0.05,sel_diff,-0.07156703217548288,0.04609794931041189,43
ESWYT,2017,all,iaw_0.1,spearman,0.003941921084208139,0.004952762955844651,43
ESWYT,2017,all,iaw_0.1,sel_diff,-0.07156703217548288,0.04706126046810183,43
ESWYT,2017,all,iaw_0.15,spearman,0.005740518489715008,0.0050856111082389945,43
ESWYT,2017,all,iaw_0.15,sel_diff,-0.07156703217548288,0.04546308646646721,43
ESWYT,2017,all,iaw_0.2,spearman,0.003132531545412807,0.005051250797909803,43
ESWYT,2017,all,iaw_0.2,sel_diff,-0.07156703217548288,0.0458201703657644,43
ESWYT,2017,all,iaw_0.3,spearman,0.005229656277699898,0.005354798554965149,43
ESWYT,2017,all,iaw_0.3,sel_diff,-0.07156703217548288,0.04527960895550367,43
ESWYT,2017,all,iaw_0.4,spearman,0.004858861131461184,0.005182194342130326,43
ESWYT,2017,all,iaw_0.4,sel_diff,-0.07156703217548288,0.04611163933075703,43
ESWYT,2017,all,iaw_0.5,spearman,0.0037490864495971356,0.005496671476205674,43
ESWYT,2017,all,iaw_0.5,sel_diff,-0.07156703217548285,0.04680471917310021,43
ESWYT,2017,all,iaw_0.6,spearman,0.0033171582802249116,0.005902552369210665,43
ESWYT,2017,all,iaw_0.6,sel_diff,-0.07156703217548285,0.046438598681220467,43
ESWYT,2017,all,iaw_0.7,spearman,0.004919543823950203,0.006600015282756166,43
ESWYT,2017,all,iaw_0.7,sel_diff,-0.07156703217548285,0.046243273209420184,43
ESWYT,2017,all,iaw_0.8,spearman,0.004710999606427092,0.007045118535368771,43
ESWYT,2017,all,iaw_0.8,sel_diff,-0.07156703217548285,0.04741248939223891,43
ESWYT,2017,all,iaw_0.9,spearman,-0.0036424325790635507,0.007261463862233491,43
ESWYT,2017,all,iaw_0.9,sel_diff,-0.07156703217548285,0.04651701234878367,43
ESWYT,2017,all,iaw_0.95,spearman,-0.005175237093342835,0.008325827293525486,43
ESWYT,2017,all,iaw_0.95,sel_diff,-0.07156703217548285,0.045509188637140985,43
ESWYT,2017,all,ib_main,spearman,0.05920916014626965,0.022400346580758068,43
ESWYT,2017,all,ib_main,sel_diff,0.0013778762033285577,0.06276444464746316,43
ESWYT,2017,all,ib_region,spearman,0.012172503827125574,0.020933066411545433,43
ESWYT,2017,all,ib_region,sel_diff,-0.0939601053960874,0.06632297736988103,43
ESWYT,2017,all,ibc_0.05,spearman,0.0030053693204467897,0.0014564235778887445,43
ESWYT,2017,all,ibc_0.05,sel_diff,0.01709252825204318,0.018822675410713155,43
ESWYT,2017,all,ibc_0.1,spearman,0.005517518748608805,0.002753426057793796,43
ESWYT,2017,all,ibc_0.1,sel_diff,-0.008791237843886019,0.029568879201384977,43
ESWYT,2017,all,ibc_0.2,spearman,0.019406924510050147,0.0057313930507902336,43
ESWYT,2017,all,ibc_0.2,sel_diff,-0.0072297041481305755,0.033102353456617044,43
ESWYT,2017,all,ibc_0.3,spearman,0.03126245739841352,0.009095926168554406,43
ESWYT,2017,all,ibc_0.3,sel_diff,0.01813766210033578,0.036065735388780336,43
ESWYT,2017,all,ibc_0.5,spearman,0.043622171672520825,0.013027387406142517,43
ESWYT,2017,all,ibc_0.5,sel_diff,0.02856963752104198,0.04347074956307974,43
ESWYT,2017,all,ibc_0.75,spearman,0.04929662104812349,0.015530586884535687,43
ESWYT,2017,all,ibc_0.75,sel_diff,-0.010164842518484263,0.048494957100472504,43
ESWYT,2017,all,ibc_1,spearman,0.05195016677362347,0.017226091690749828,43
ESWYT,2017,all,ibc_1,sel_diff,-0.031066421541761115,0.0479938923168231,43
ESWYT,2017,all,ibc_1.5,spearman,0.05493920062718046,0.019683159853045,43
ESWYT,2017,all,ibc_1.5,sel_diff,-0.030109124882800906,0.049908068686074954,43
ESWYT,2017,all,ibc_2,spearman,0.056043767194654016,0.021325245620602645,43
ESWYT,2017,all,ibc_2,sel_diff,-0.006374933616721215,0.05364321323205753,43
ESWYT,2017,all,ibc_3,spearman,0.05920916014626965,0.023016982239262133,43
ESWYT,2017,all,ibc_3,sel_diff,0.0013778762033285577,0.06174473553203623,43
ESWYT,2017,new,ia_g,spearman,0.003317505658916043,0.002317752915778252,43
ESWYT,2017,new,ia_g,sel_diff,-0.0321057386408524,0.05194849304551974,43
ESWYT,2017,new,ia_het,spearman,0.007398948143746074,0.006118137263795615,43
ESWYT,2017,new,ia_het,sel_diff,-0.14290308922029482,0.04996954154195509,43
ESWYT,2017,new,ia_main,spearman,0.005293322183513748,0.005843727540500432,43
ESWYT,2017,new,ia_main,sel_diff,-0.17052408632880858,0.06263529817416924,43
ESWYT,2017,new,ia_std,spearman,0.003943851053781281,0.004564641732868581,43
ESWYT,2017,new,ia_std,sel_diff,-0.13818571997926402,0.040710659570203145,43
ESWYT,2017,new,iaw_0,spearman,0.007398948143746074,0.006156402300929462,43
ESWYT,2017,new,iaw_0,sel_diff,-0.14290308922029482,0.052090825715101145,43
ESWYT,2017,new,iaw_0.01,spearman,0.007091846994144451,0.005875983276295398,43
ESWYT,2017,new,iaw_0.01,sel_diff,-0.14290308922029482,0.04957260224620842,43
ESWYT,2017,new,iaw_0.02,spearman,0.007091846994144451,0.005984672509453614,43
ESWYT,2017,new,iaw_0.02,sel_diff,-0.14290308922029482,0.05061753900217293,43
ESWYT,2017,new,iaw_0.05,spearman,0.0067551470890253274,0.005808465830261754,43
ESWYT,2017,new,iaw_0.05,sel_diff,-0.17051522778095515,0.051665025961688864,43
ESWYT,2017,new,iaw_0.1,spearman,0.006062604672947037,0.006067482009659496,43
ESWYT,2017,new,iaw_0.1,sel_diff,-0.13338106426777455,0.040304940884029195,43
ESWYT,2017,new,iaw_0.15,spearman,0.008406981556079106,0.006149987973183039,43
ESWYT,2017,new,iaw_0.15,sel_diff,-0.1359787033313034,0.041804761997554896,43
ESWYT,2017,new,iaw_0.2,spearman,0.005293322183513748,0.005823667872233679,43
ESWYT,2017,new,iaw_0.2,sel_diff,-0.17052408632880858,0.06303816137177654,43
ESWYT,2017,new,iaw_0.3,spearman,0.00815795427528681,0.006037128685381296,43
ESWYT,2017,new,iaw_0.3,sel_diff,-0.16640301984456354,0.06171277728743006,43
ESWYT,2017,new,iaw_0.4,spearman,0.007702882181759494,0.0059661445917572045,43
ESWYT,2017,new,iaw_0.4,sel_diff,-0.16640301984456354,0.06306064712911613,43
ESWYT,2017,new,iaw_0.5,spearman,0.005921972349699191,0.006151008027919877,43
ESWYT,2017,new,iaw_0.5,sel_diff,-0.16640301984456354,0.059912256204707776,43
ESWYT,2017,new,iaw_0.6,spearman,0.0054308462642021285,0.00674365101570144,43
ESWYT,2017,new,iaw_0.6,sel_diff,-0.16640301984456354,0.06200147080132383,43
ESWYT,2017,new,iaw_0.7,spearman,0.007300595643890153,0.007001090357042714,43
ESWYT,2017,new,iaw_0.7,sel_diff,-0.16640301984456354,0.06124918829520261,43
ESWYT,2017,new,iaw_0.8,spearman,0.007032254600877857,0.0075815796240810505,43
ESWYT,2017,new,iaw_0.8,sel_diff,-0.16640301984456354,0.06259979723527251,43
ESWYT,2017,new,iaw_0.9,spearman,-0.003148574427951786,0.007852279628998496,43
ESWYT,2017,new,iaw_0.9,sel_diff,-0.16640301984456354,0.06274973479799772,43
ESWYT,2017,new,iaw_0.95,spearman,-0.005050864834466844,0.009069521803063545,43
ESWYT,2017,new,iaw_0.95,sel_diff,-0.16640301984456354,0.06289786157261011,43
ESWYT,2017,new,ib_main,spearman,0.05953352098692557,0.026428121404324472,43
ESWYT,2017,new,ib_main,sel_diff,-0.002277213171303074,0.08336494324906901,43
ESWYT,2017,new,ib_region,spearman,0.014737928614847006,0.02261354030233851,43
ESWYT,2017,new,ib_region,sel_diff,-0.15736228624285767,0.07819965836213481,43
ESWYT,2017,new,ibc_0.05,spearman,0.0030094751305838967,0.0016336308719008346,43
ESWYT,2017,new,ibc_0.05,sel_diff,-6.454785026890445e-19,1.0708798099430165e-18,43
ESWYT,2017,new,ibc_0.1,spearman,0.005636348382893076,0.0029767644127538097,43
ESWYT,2017,new,ibc_0.1,sel_diff,-0.024229811600367288,0.02488409616914581,43
ESWYT,2017,new,ibc_0.2,spearman,0.02132239808250463,0.006279079973550488,43
ESWYT,2017,new,ibc_0.2,sel_diff,-0.02429528762429237,0.039161089673809144,43
ESWYT,2017,new,ibc_0.3,spearman,0.03200603260110266,0.00999446898413418,43
ESWYT,2017,new,ibc_0.3,sel_diff,-0.0046599452941415796,0.05250937722409169,43
ESWYT,2017,new,ibc_0.5,spearman,0.043837268334925635,0.014551673513021671,43
ESWYT,2017,new,ibc_0.5,sel_diff,0.015400635807622035,0.05517285893872357,43
ESWYT,2017,new,ibc_0.75,spearman,0.04871181004296768,0.01845511765829508,43
ESWYT,2017,new,ibc_0.75,sel_diff,0.05417589038679376,0.06581948911904577,43
ESWYT,2017,new,ibc_1,spearman,0.05140910870363902,0.019925718341909763,43
ESWYT,2017,new,ibc_1,sel_diff,0.00017025713255108046,0.07006484319986721,43
ESWYT,2017,new,ibc_1.5,spearman,0.05426986199848499,0.022661409013063457,43
ESWYT,2017,new,ibc_1.5,sel_diff,-0.018804727641144315,0.07476553167397838,43
ESWYT,2017,new,ibc_2,spearman,0.0556327907068448,0.024405146741665672,43
ESWYT,2017,new,ibc_2,sel_diff,-0.026608278856928718,0.07874590983233404,43
ESWYT,2017,new,ibc_3,spearman,0.05953352098692557,0.025945065150518937,43
ESWYT,2017,new,ibc_3,sel_diff,-0.002277213171303074,0.08130038927359035,43
G2F,2016,all,ia_g,spearman,0.02954380220899237,0.008559358426706104,27
G2F,2016,all,ia_g,sel_diff,0.0026752988819980722,0.03785685341173323,27
G2F,2016,all,ia_het,spearman,-0.004258114371055129,0.0014368093498943956,27
G2F,2016,all,ia_het,sel_diff,-0.00025639516647984513,0.012996649825821256,27
G2F,2016,all,ia_main,spearman,0.022204801151974998,0.006461435256822934,27
G2F,2016,all,ia_main,sel_diff,-0.017085863520462395,0.02935785704803367,27
G2F,2016,all,ia_std,spearman,-0.004982323600734146,0.001115546571830559,27
G2F,2016,all,ia_std,sel_diff,-0.02039265918808047,0.010214675143674233,27
G2F,2016,all,iaw_0,spearman,-0.004258114371055129,0.0015016893370891112,27
G2F,2016,all,iaw_0,sel_diff,-0.00025639516647984513,0.01287059337297048,27
G2F,2016,all,iaw_0.01,spearman,-0.008064780549236874,0.0020793276921185844,27
G2F,2016,all,iaw_0.01,sel_diff,-0.006652858196170196,0.016744419588410296,27
G2F,2016,all,iaw_0.02,spearman,-0.006755535145243163,0.002095884556728472,27
G2F,2016,all,iaw_0.02,sel_diff,-0.01974261849277041,0.020484817241990798,27
G2F,2016,all,iaw_0.05,spearman,0.002358204676094069,0.002651852924145961,27
G2F,2016,all,iaw_0.05,sel_diff,-0.03130649277492703,0.024374899770753928,27
G2F,2016,all,iaw_0.1,spearman,0.013306607149484633,0.004193185061275447,27
G2F,2016,all,iaw_0.1,sel_diff,-0.03296045493642595,0.02831544627276832,27
G2F,2016,all,iaw_0.15,spearman,0.01883141984939094,0.005382547065715345,27
G2F,2016,all,iaw_0.15,sel_diff,-0.01664385136327456,0.027775186893922627,27
G2F,2016,all,iaw_0.2,spearman,0.022204801151974998,0.00640807872916896,27
G2F,2016,all,iaw_0.2,sel_diff,-0.017085863520462395,0.029981207238303036,27
G2F,2016,all,iaw_0.3,spearman,0.025547583551808136,0.008382749216465923,27
G2F,2016,all,iaw_0.3,sel_diff,-0.011092625195882175,0.03695326536619285,27
G2F,2016,all,iaw_0.4,spearman,0.025145422920295472,0.009476939043886983,27
G2F,2016,all,iaw_0.4,sel_diff,-0.034271082307289695,0.04210216940326088,27
G2F,2016,all,iaw_0.5,spearman,0.023231042255266284,0.010951310214822568,27
G2F,2016,all,iaw_0.5,sel_diff,-0.028289161019811746,0.044686172653456716,27
G2F,2016,all,iaw_0.6,spearman,0.019372784665931057,0.012241011896761026,27
G2F,2016,all,iaw_0.6,sel_diff,-0.02279083920085527,0.04588091993444804,27
G2F,2016,all,iaw_0.7,spearman,0.013200415616339275,0.014166295796363004,27
G2F,2016,all,iaw_0.7,sel_diff,-0.018810316255795486,0.049815397227192366,27
G2F,2016,all,iaw_0.8,spearman,-0.0006529522934565264,0.016856883639626875,27
G2F,2016,all,iaw_0.8,sel_diff,-0.02888040314310525,0.047915732370774046,27
G2F,2016,all,iaw_0.9,spearman,-0.02986168099738895,0.01954620822132962,27
G2F,2016,all,iaw_0.9,sel_diff,-0.040353571506886954,0.05522442301616737,27
G2F,2016,all,iaw_0.95,spearman,-0.055765878406149556,0.020308004266687784,27
G2F,2016,all,iaw_0.95,sel_diff,-0.0369257314501302,0.05585560187483868,27
G2F,2016,all,ib_main,spearman,0.02467767868653133,0.01470262698447491,27
G2F,2016,all,ib_main,sel_diff,0.031512451507068766,0.03576925798313853,27
G2F,2016,all,ib_region,spearman,0.014881841113583575,0.015024658989238653,27
G2F,2016,all,ib_region,sel_diff,-0.03165821580470957,0.03877133465491106,27
G2F,2016,all,ibc_0.05,spearman,0.0037674008027722672,0.011425164314260489,27
G2F,2016,all,ibc_0.05,sel_diff,-0.008935026358715117,0.03376486546980646,27
G2F,2016,all,ibc_0.1,spearman,0.011669293801830702,0.011974593326066351,27
G2F,2016,all,ibc_0.1,sel_diff,0.025756339123062934,0.03506550794593376,27
G2F,2016,all,ibc_0.2,spearman,0.02042646999255682,0.014126300117521372,27
G2F,2016,all,ibc_0.2,sel_diff,0.03723743257109709,0.03406278641134157,27
G2F,2016,all,ibc_0.3,spearman,0.02467767868653133,0.014738258124332328,27
G2F,2016,all,ibc_0.3,sel_diff,0.031512451507068766,0.035957465780994145,27
G2F,2016,all,ibc_0.5,spearman,0.030569475242843782,0.016101582275289,27
G2F,2016,all,ibc_0.5,sel_diff,0.021408773231344908,0.038367910682001155,27
G2F,2016,all,ibc_0.75,spearman,0.034335763548247134,0.01759164239061418,27
G2F,2016,all,ibc_0.75,sel_diff,0.03576779633949333,0.04521673247389893,27
G2F,2016,all,ibc_1,spearman,0.037237500592108085,0.01881444280106082,27
G2F,2016,all,ibc_1,sel_diff,0.03407579230916316,0.04426336343196114,27
G2F,2016,all,ibc_1.5,spearman,0.040241909058314464,0.01960968199938137,27
G2F,2016,all,ibc_1.5,sel_diff,0.033947181672050644,0.046177723239753526,27
G2F,2016,all,ibc_2,spearman,0.041514010265538914,0.020136674705326707,27
G2F,2016,all,ibc_2,sel_diff,0.028905311052427492,0.04229556946834705,27
G2F,2016,all,ibc_3,spearman,0.044267962188066265,0.021795962385180962,27
G2F,2016,all,ibc_3,sel_diff,0.028814559639746426,0.0402224817543729,27
G2F,2016,new,ia_g,spearman,0.04364577335934352,0.009947971873773843,27
G2F,2016,new,ia_g,sel_diff,0.02881102905829698,0.02367912077466977,27
G2F,2016,new,ia_het,spearman,-0.004313732448004659,0.0022386449995057665,27
G2F,2016,new,ia_het,sel_diff,-0.020552712844026384,0.01674529290794818,27
G2F,2016,new,ia_main,spearman,0.032745080561683834,0.007927069026007387,27
G2F,2016,new,ia_main,sel_diff,-0.015050239145373763,0.024919731061361947,27
G2F,2016,new,ia_std,spearman,-0.0068610355343553305,0.0015953419017924375,27
G2F,2016,new,ia_std,sel_diff,-0.02062777647152905,0.014575806790645664,27
G2F,2016,new,iaw_0,spearman,-0.004313732448004659,0.00231278515830064,27
G2F,2016,new,iaw_0,sel_diff,-0.020552712844026384,0.016545554378590743,27
G2F,2016,new,iaw_0.01,spearman,-0.009034064952314876,0.0027923788757327934,27
G2F,2016,new,iaw_0.01,sel_diff,-0.03104696681157664,0.015064267633365727,27
G2F,2016,new,iaw_0.02,spearman,-0.007202856161802056,0.002725781424483641,27
G2F,2016,new,iaw_0.02,sel_diff,-0.0243522176958368,0.017173067809223827,27
G2F,2016,new,iaw_0.05,spearman,0.004501633669508508,0.00321560407102548,27
G2F,2016,new,iaw_0.05,sel_diff,-0.013967148087080416,0.01856802068189395,27
G2F,2016,new,iaw_0.1,spearman,0.01964179312929595,0.0051393525088111605,27
G2F,2016,new,iaw_0.1,sel_diff,-0.019281213188204506,0.019138439212047983,27
G2F,2016,new,iaw_0.15,spearman,0.027695298823355165,0.006541012726725394,27
G2F,2016,new,iaw_0.15,sel_diff,-0.024283447313333914,0.022236207982043413,27
G2F,2016,new,iaw_0.2,spearman,0.032745080561683834,0.00795410311516259,27
G2F,2016,new,iaw_0.2,sel_diff,-0.015050239145373763,0.025387658058583618,27
G2F,2016,new,iaw_0.3,spearman,0.03934835468776051,0.009837790687245516,27
G2F,2016,new,iaw_0.3,sel_diff,0.004434483060296734,0.028051842786303457,27
G2F,2016,new,iaw_0.4,spearman,0.040557397377275275,0.011658996334770825,27
G2F,2016,new,iaw_0.4,sel_diff,0.053655743462416,0.02819191129320509,27
G2F,2016,new,iaw_0.5,spearman,0.03979458064676047,0.013361071979072818,27
G2F,2016,new,iaw_0.5,sel_diff,0.04103583915911916,0.031477480132367536,27
G2F,2016,new,iaw_0.6,spearman,0.03669259747747392,0.015429918982037239,27
G2F,2016,new,iaw_0.6,sel_diff,0.010657924928135517,0.03707723695484169,27
G2F,2016,new,iaw_0.7,spearman,0.03021616124532253,0.01899716174836253,27
G2F,2016,new,iaw_0.7,sel_diff,-0.008574925131763085,0.032317484717090866,27
G2F,2016,new,iaw_0.8,spearman,0.012953928582087477,0.022970903019466467,27
G2F,2016,new,iaw_0.8,sel_diff,-0.04448328938669679,0.03470647296329254,27
G2F,2016,new,iaw_0.9,spearman,-0.025658204293210817,0.027057039559321042,27
G2F,2016,new,iaw_0.9,sel_diff,-0.029011973465402536,0.03498494294640334,27
G2F,2016,new,iaw_0.95,spearman,-0.058597319472091826,0.02857509649148762,27
G2F,2016,new,iaw_0.95,sel_diff,-0.042388328980817847,0.035872261118396996,27
G2F,2016,new,ib_main,spearman,0.02796002672383601,0.015927379102920254,27
G2F,2016,new,ib_main,sel_diff,0.012694552354316267,0.03361705307298962,27
G2F,2016,new,ib_region,spearman,0.016406595227646717,0.016921447202363833,27
G2F,2016,new,ib_region,sel_diff,-0.028003807902651955,0.036858712282898824,27
G2F,2016,new,ibc_0.05,spearman,-0.0012895917174537913,0.01224115708952969,27
G2F,2016,new,ibc_0.05,sel_diff,-0.03846980050386861,0.034662858387662907,27
G2F,2016,new,ibc_0.1,spearman,0.009344149938447064,0.01339636489108616,27
G2F,2016,new,ibc_0.1,sel_diff,-0.011968811762511078,0.032174317184472535,27
G2F,2016,new,ibc_0.2,spearman,0.022201381979226963,0.014606533481807266,27
G2F,2016,new,ibc_0.2,sel_diff,0.0063094130491765585,0.0336056390993779,27
G2F,2016,new,ibc_0.3,spearman,0.02796002672383601,0.015903075298371906,27
G2F,2016,new,ibc_0.3,sel_diff,0.012694552354316267,0.0343379952045165,27
G2F,2016,new,ibc_0.5,spearman,0.03751512802610141,0.01741701191623759,27
G2F,2016,new,ibc_0.5,sel_diff,0.021904890639382044,0.03556843102685954,27
G2F,2016,new,ibc_0.75,spearman,0.04276663525155874,0.01911640353969377,27
G2F,2016,new,ibc_0.75,sel_diff,0.022628415612498058,0.03449345633041166,27
G2F,2016,new,ibc_1,spearman,0.047015199587188646,0.01928874973915929,27
G2F,2016,new,ibc_1,sel_diff,0.023905374932154812,0.0349869559402176,27
G2F,2016,new,ibc_1.5,spearman,0.051297370022948256,0.021608355003176385,27
G2F,2016,new,ibc_1.5,sel_diff,0.03538163035295728,0.04011084437473664,27
G2F,2016,new,ibc_2,spearman,0.053490334616639504,0.0224734008815173,27
G2F,2016,new,ibc_2,sel_diff,0.03858272583528303,0.03958299390970327,27
G2F,2016,new,ibc_3,spearman,0.05684411873144187,0.024287696096343746,27
G2F,2016,new,ibc_3,sel_diff,0.03239829125575913,0.03960223417255512,27
G2F,2018,all,ia_g,spearman,0.007632397143406524,0.005302360023262227,29
G2F,2018,all,ia_g,sel_diff,0.07977756609989453,0.02309946182289691,29
G2F,2018,all,ia_het,spearman,-0.012123111994973833,0.0033329506365454955,29
G2F,2018,all,ia_het,sel_diff,-0.058150641227170785,0.010517239331976161,29
G2F,2018,all,ia_main,spearman,-0.004492061355152064,0.006714795021762511,29
G2F,2018,all,ia_main,sel_diff,0.030290550631196445,0.026926258278361016,29
G2F,2018,all,ia_std,spearman,-0.0040945341091676805,0.0020152870132675448,29
G2F,2018,all,ia_std,sel_diff,-0.029783405227433314,0.009165708233710676,29
G2F,2018,all,iaw_0,spearman,-0.012123111994973833,0.0033778017541184276,29
G2F,2018,all,iaw_0,sel_diff,-0.058150641227170785,0.01043272236545641,29
G2F,2018,all,iaw_0.01,spearman,-0.005684939884907571,0.0028381296905555524,29
G2F,2018,all,iaw_0.01,sel_diff,-0.019334888389440096,0.01240565193783295,29
G2F,2018,all,iaw_0.02,spearman,-0.0023293612168157358,0.003005146981295116,29
G2F,2018,all,iaw_0.02,sel_diff,-0.021993601315962792,0.015424682537421618,29
G2F,2018,all,iaw_0.05,spearman,0.0005189663986677779,0.003535301278138969,29
G2F,2018,all,iaw_0.05,sel_diff,0.00033073500620677324,0.014825332879629961,29
G2F,2018,all,iaw_0.1,spearman,-0.00018854516098481956,0.004362310901652911,29
G2F,2018,all,iaw_0.1,sel_diff,-0.006063966875890756,0.015272527925134496,29
G2F,2018,all,iaw_0.15,spearman,-0.002151514096066896,0.005493486010064971,29
G2F,2018,all,iaw_0.15,sel_diff,0.024611542807821823,0.022085106770015586,29
G2F,2018,all,iaw_0.2,spearman,-0.004492061355152064,0.006589598578701343,29
G2F,2018,all,iaw_0.2,sel_diff,0.030290550631196445,0.026721187293678495,29
G2F,2018,all,iaw_0.3,spearman,-0.01134226469112201,0.008704241485693421,29
G2F,2018,all,iaw_0.3,sel_diff,0.03081462271483664,0.028150040744342977,29
G2F,2018,all,iaw_0.4,spearman,-0.01807249789041857,0.01063979341043498,29
G2F,2018,all,iaw_0.4,sel_diff,0.027228303805972,0.02889724376706784,29
G2F,2018,all,iaw_0.5,spearman,-0.02404022315231606,0.012471231179770188,29
G2F,2018,all,iaw_0.5,sel_diff,0.035809103094182504,0.031132417690360414,29
G2F,2018,all,iaw_0.6,spearman,-0.03089005960248598,0.01464254904967016,29
G2F,2018,all,iaw_0.6,sel_diff,0.018826954254202156,0.032769959768020704,29
G2F,2018,all,iaw_0.7,spearman,-0.03766981694623652,0.016499184549638616,29
G2F,2018,all,iaw_0.7,sel_diff,0.02010352326010673,0.03351707815984725,29
G2F,2018,all,iaw_0.8,spearman,-0.044297784233013594,0.017689099834786844,29
G2F,2018,all,iaw_0.8,sel_diff,-0.006330047032316723,0.03429113444928375,29
G2F,2018,all,iaw_0.9,spearman,-0.04673799948129018,0.018152007034688687,29
G2F,2018,all,iaw_0.9,sel_diff,0.00910995105620173,0.03847011162742918,29
G2F,2018,all,iaw_0.95,spearman,-0.04479128036881891,0.018494048012911463,29
G2F,2018,all,iaw_0.95,sel_diff,0.004760499029082207,0.03381122347548726,29
G2F,2018,all,ib_main,spearman,-0.0012524832365088535,0.008890779285090118,29
G2F,2018,all,ib_main,sel_diff,0.03909604081950364,0.032253251121133475,29
G2F,2018,all,ib_region,spearman,-0.0032293479468017555,0.009800075908090032,29
G2F,2018,all,ib_region,sel_diff,0.01472626603909244,0.030136200172768173,29
G2F,2018,all,ibc_0.05,spearman,-0.007007367554472638,0.006360196523039155,29
G2F,2018,all,ibc_0.05,sel_diff,0.018840428049307828,0.02594220596007441,29
G2F,2018,all,ibc_0.1,spearman,-0.003508757861945603,0.007561030401996202,29
G2F,2018,all,ibc_0.1,sel_diff,0.051832214182422696,0.029276885937785622,29
G2F,2018,all,ibc_0.2,spearman,-0.0012524832365088535,0.008811901753602693,29
G2F,2018,all,ibc_0.2,sel_diff,0.03909604081950364,0.03340589444528947,29
G2F,2018,all,ibc_0.3,spearman,-0.0004561674471178467,0.009982769112385976,29
G2F,2018,all,ibc_0.3,sel_diff,0.030529950610860883,0.03447086051169666,29
G2F,2018,all,ibc_0.5,spearman,0.00010388015277062006,0.01150457503040389,29
G2F,2018,all,ibc_0.5,sel_diff,0.029000103723538763,0.04070295806964617,29
G2F,2018,all,ibc_0.75,spearman,-1.4177820781342113e-05,0.013126267898841287,29
G2F,2018,all,ibc_0.75,sel_diff,0.030960861661621226,0.03975680433217046,29
G2F,2018,all,ibc_1,spearman,-0.0005677510326569829,0.01440263151681738,29
G2F,2018,all,ibc_1,sel_diff,0.04146265323443023,0.039266536518430206,29
G2F,2018,all,ibc_1.5,spearman,-0.0015033961313842055,0.016578310157690398,29
G2F,2018,all,ibc_1.5,sel_diff,0.05398623339675669,0.042084570426221886,29
G2F,2018,all,ibc_2,spearman,-0.002844280663254706,0.017356556948279218,29
G2F,2018,all,ibc_2,sel_diff,0.05526197699773122,0.04413175899275351,29
G2F,2018,all,ibc_3,spearman,-0.004645811167446045,0.01899030070754501,29
G2F,2018,all,ibc_3,sel_diff,0.06245712733920332,0.04782758617764636,29
G2F,2018,new,ia_g,spearman,0.0030900268935176722,0.005935296763528723,29
G2F,2018,new,ia_g,sel_diff,0.04000512431552506,0.02236701190552392,29
G2F,2018,new,ia_het,spearman,-0.011957531022343012,0.003616099805983768,29
G2F,2018,new,ia_het,sel_diff,-0.04263082281889275,0.011214215419528877,29
G2F,2018,new,ia_main,spearman,-0.010683414459433426,0.0069527944717247625,29
G2F,2018,new,ia_main,sel_diff,-0.0024122613791280746,0.026849656596081455,29
G2F,2018,new,ia_std,spearman,-0.004679267678659218,0.002210529781385338,29
G2F,2018,new,ia_std,sel_diff,-0.011376279638909687,0.008473320580051394,29
G2F,2018,new,iaw_0,spearman,-0.011957531022343012,0.0037666506674248115,29
G2F,2018,new,iaw_0,sel_diff,-0.04263082281889275,0.011463874538760941,29
G2F,2018,new,iaw_0.01,spearman,-0.005368407677499271,0.003059787648953621,29
G2F,2018,new,iaw_0.01,sel_diff,0.002239732324806604,0.014572218560116946,29
G2F,2018,new,iaw_0.02,spearman,-0.0028396707184895,0.0031196735843311727,29
G2F,2018,new,iaw_0.02,sel_diff,0.009733173415127054,0.01739353961989164,29
G2F,2018,new,iaw_0.05,spearman,-0.0013617903138064599,0.0034809490904012205,29
G2F,2018,new,iaw_0.05,sel_diff,0.008601779941360192,0.015422363558805907,29
G2F,2018,new,iaw_0.1,spearman,-0.003778273465316202,0.004557502975601981,29
G2F,2018,new,iaw_0.1,sel_diff,-0.02471677278450907,0.01711720714027308,29
G2F,2018,new,iaw_0.15,spearman,-0.007172580654722066,0.005583802401700622,29
G2F,2018,new,iaw_0.15,sel_diff,-0.011488418880507877,0.024502254277968188,29
G2F,2018,new,iaw_0.2,spearman,-0.010683414459433426,0.006824865014382929,29
G2F,2018,new,iaw_0.2,sel_diff,-0.0024122613791280746,0.026972317736489854,29
G2F,2018,new,iaw_0.3,spearman,-0.01955863051065473,0.009255581305969597,29
G2F,2018,new,iaw_0.3,sel_diff,-0.0026293298633749762,0.031160643074461435,29
G2F,2018,new,iaw_0.4,spearman,-0.027741671271136203,0.011716433806540198,29
G2F,2018,new,iaw_0.4,sel_diff,-0.01823935338343891,0.0329005394989815,29
G2F,2018,new,iaw_0.5,spearman,-0.035160743307991724,0.013931106312093086,29
G2F,2018,new,iaw_0.5,sel_diff,-0.05984106913032386,0.036085626011923576,29
G2F,2018,new,iaw_0.6,spearman,-0.04321270442263682,0.016057420859833367,29
G2F,2018,new,iaw_0.6,sel_diff,-0.08236830624485805,0.039293779873532386,29
G2F,2018,new,iaw_0.7,spearman,-0.05115514437585848,0.01789541888067743,29
G2F,2018,new,iaw_0.7,sel_diff,-0.09442149676700719,0.03915635696450409,29
G2F,2018,new,iaw_0.8,spearman,-0.058857730668748345,0.01956424281228704,29
G2F,2018,new,iaw_0.8,sel_diff,-0.07931200503404537,0.039812924325063094,29
G2F,2018,new,iaw_0.9,spearman,-0.06160269718412031,0.02097491726736115,29
G2F,2018,new,iaw_0.9,sel_diff,-0.03761655869787679,0.03768817639812997,29
G2F,2018,new,iaw_0.95,spearman,-0.059644649107623696,0.0209681964679449,29
G2F,2018,new,iaw_0.95,sel_diff,0.007138576127229023,0.03749974331778674,29
G2F,2018,new,ib_main,spearman,-0.0009118777284099924,0.009269815084035996,29
G2F,2018,new,ib_main,sel_diff,0.05800048236708307,0.029371665012647617,29
G2F,2018,new,ib_region,spearman,-0.004233700221841546,0.010394154073249966,29
G2F,2018,new,ib_region,sel_diff,0.029448327551514518,0.03137826614684972,29
G2F,2018,new,ibc_0.05,spearman,-0.006585121603172598,0.006805910984858255,29
G2F,2018,new,ibc_0.05,sel_diff,0.037052127620649807,0.02498286232297588,29
G2F,2018,new,ibc_0.1,spearman,-0.0032374963818684686,0.007954411193840548,29
G2F,2018,new,ibc_0.1,sel_diff,0.07180944464448315,0.028490769548586006,29
G2F,2018,new,ibc_0.2,spearman,-0.0009118777284099924,0.00907804056403085,29
G2F,2018,new,ibc_0.2,sel_diff,0.05800048236708307,0.029315898114481716,29
G2F,2018,new,ibc_0.3,spearman,-1.478221385620723e-05,0.010096313485358966,29
G2F,2018,new,ibc_0.3,sel_diff,0.0535595605897061,0.03350438163274061,29
G2F,2018,new,ibc_0.5,spearman,0.0008177075882713712,0.011837298795707746,29
G2F,2018,new,ibc_0.5,sel_diff,0.0506968631725234,0.035536514777121435,29
G2F,2018,new,ibc_0.75,spearman,0.0007598335979009677,0.01313476655158165,29
G2F,2018,new,ibc_0.75,sel_diff,0.051911919312116375,0.03730140511144142,29
G2F,2018,new,ibc_1,spearman,0.0002959095647765013,0.014667584009312456,29
G2F,2018,new,ibc_1,sel_diff,0.054530318334519004,0.03629693105828104,29
G2F,2018,new,ibc_1.5,spearman,-0.0005116467867157301,0.01622737764234221,29
G2F,2018,new,ibc_1.5,sel_diff,0.05503641313384482,0.03929204843859746,29
G2F,2018,new,ibc_2,spearman,-0.0018210368591589834,0.017932652483088545,29
G2F,2018,new,ibc_2,sel_diff,0.04997739294965063,0.0424942955710331,29
G2F,2018,new,ibc_3,spearman,-0.003344643886359548,0.019708903084526285,29
G2F,2018,new,ibc_3,sel_diff,0.05669133475446622,0.048652195146227574,29
G2F,2020,all,ia_g,spearman,0.008262238867784863,0.006383469972943928,24
G2F,2020,all,ia_g,sel_diff,0.018337809201898717,0.026208682505482448,24
G2F,2020,all,ia_het,spearman,-0.007861244594925503,0.002592860002951676,24
G2F,2020,all,ia_het,sel_diff,-0.022812200085687778,0.023224271852720565,24
G2F,2020,all,ia_main,spearman,0.004197061069194589,0.006583992508242512,24
G2F,2020,all,ia_main,sel_diff,0.0031824266784328398,0.03319866172808825,24
G2F,2020,all,ia_std,spearman,-0.006236768681857681,0.0014674446740913628,24
G2F,2020,all,ia_std,sel_diff,-0.006112206189818339,0.011627272824601924,24
G2F,2020,all,iaw_0,spearman,-0.007861244594925503,0.002603584366607362,24
G2F,2020,all,iaw_0,sel_diff,-0.022812200085687778,0.02200266004375794,24
G2F,2020,all,iaw_0.01,spearman,-0.010784171828794912,0.0027843959035253143,24
G2F,2020,all,iaw_0.01,sel_diff,0.006645536039553475,0.01965052116003516,24
G2F,2020,all,iaw_0.02,spearman,-0.009438768790185355,0.0023649642928453046,24
G2F,2020,all,iaw_0.02,sel_diff,0.014136355843630745,0.017974305164037516,24
G2F,2020,all,iaw_0.05,spearman,-0.005946660671028872,0.003378414028540419,24
G2F,2020,all,iaw_0.05,sel_diff,-0.0003930249687091221,0.019370938124783143,24
G2F,2020,all,iaw_0.1,spearman,-0.0009685281212416524,0.005194909240597163,24
G2F,2020,all,iaw_0.1,sel_diff,0.007171979348108454,0.026986418582366178,24
G2F,2020,all,iaw_0.15,spearman,0.0020390797673008857,0.006165623068045385,24
G2F,2020,all,iaw_0.15,sel_diff,0.0007960947518658954,0.0344841475958685,24
G2F,2020,all,iaw_0.2,spearman,0.004197061069194589,0.006625594856960964,24
G2F,2020,all,iaw_0.2,sel_diff,0.0031824266784328398,0.03350237462076449,24
G2F,2020,all,iaw_0.3,spearman,0.0073625500572062595,0.00745088977968088,24
G2F,2020,all,iaw_0.3,sel_diff,0.009175269398767094,0.028193994183188638,24
G2F,2020,all,iaw_0.4,spearman,0.008830283373444185,0.008033189010164917,24
G2F,2020,all,iaw_0.4,sel_diff,0.009946007805893378,0.028951172161485367,24
G2F,2020,all,iaw_0.5,spearman,0.009453832298749906,0.008367431809024113,24
G2F,2020,all,iaw_0.5,sel_diff,0.026670601430949722,0.029018152097726575,24
G2F,2020,all,iaw_0.6,spearman,0.01049231709274308,0.008371724268828899,24
G2F,2020,all,iaw_0.6,sel_diff,0.021974205607668756,0.036067540977181976,24
G2F,2020,all,iaw_0.7,spearman,0.01134472392326625,0.008855517766229044,24
G2F,2020,all,iaw_0.7,sel_diff,0.02598851931266936,0.03801021636203809,24
G2F,2020,all,iaw_0.8,spearman,0.012832485946349698,0.009416093632967582,24
G2F,2020,all,iaw_0.8,sel_diff,0.02518644995891121,0.042030333813628154,24
G2F,2020,all,iaw_0.9,spearman,0.019183186300403637,0.010540946758312261,24
G2F,2020,all,iaw_0.9,sel_diff,0.019897833442273073,0.040412403868254954,24
G2F,2020,all,iaw_0.95,spearman,0.026312066550609834,0.011158082201836917,24
G2F,2020,all,iaw_0.95,sel_diff,0.004543022072426017,0.04202716985996016,24
G2F,2020,all,ib_main,spearman,0.01675012783174272,0.009894646570893485,24
G2F,2020,all,ib_main,sel_diff,0.06137267156784714,0.03494310976444844,24
G2F,2020,all,ib_region,spearman,0.02090774681517313,0.010667662944317407,24
G2F,2020,all,ib_region,sel_diff,0.07383925176490137,0.032221731773582875,24
G2F,2020,all,ibc_0.05,spearman,0.011781135076982904,0.008415731119765454,24
G2F,2020,all,ibc_0.05,sel_diff,0.010543274347001119,0.03687508482918286,24
G2F,2020,all,ibc_0.1,spearman,0.014232211539589671,0.008906806205896572,24
G2F,2020,all,ibc_0.1,sel_diff,0.048064798902994615,0.033545511140018726,24
G2F,2020,all,ibc_0.2,spearman,0.015917243067847347,0.009263578275586675,24
G2F,2020,all,ibc_0.2,sel_diff,0.0645765294162698,0.03383230432518178,24
G2F,2020,all,ibc_0.3,spearman,0.01675012783174272,0.009542270194014053,24
G2F,2020,all,ibc_0.3,sel_diff,0.06137267156784714,0.03467903727120663,24
G2F,2020,all,ibc_0.5,spearman,0.0170801825092377,0.010254142889557344,24
G2F,2020,all,ibc_0.5,sel_diff,0.05725414740086215,0.033454802198303,24
G2F,2020,all,ibc_0.75,spearman,0.01688779006420315,0.010585136168553912,24
G2F,2020,all,ibc_0.75,sel_diff,0.06049871754468845,0.03651329575187268,24
G2F,2020,all,ibc_1,spearman,0.016603550515855152,0.010870062641787536,24
G2F,2020,all,ibc_1,sel_diff,0.018524286800185488,0.03765728762867261,24
G2F,2020,all,ibc_1.5,spearman,0.015557205414592249,0.011630287298738844,24
G2F,2020,all,ibc_1.5,sel_diff,0.022009890362998885,0.03774314103455275,24
G2F,2020,all,ibc_2,spearman,0.014462271018510503,0.012055115174765058,24
G2F,2020,all,ibc_2,sel_diff,0.035785333768661505,0.03633186361081237,24
G2F,2020,all,ibc_3,spearman,0.012425225117599062,0.012520884777441335,24
G2F,2020,all,ibc_3,sel_diff,0.027398890517600805,0.03366609910364827,24
G2F,2020,new,ia_g,spearman,0.0046876670244603335,0.00665036394364828,24
G2F,2020,new,ia_g,sel_diff,0.003941052003566976,0.029708298073310793,24
G2F,2020,new,ia_het,spearman,-0.008882442496193639,0.0030926644873725934,24
G2F,2020,new,ia_het,sel_diff,-0.01046353489926676,0.015796439383115486,24
G2F,2020,new,ia_main,spearman,-0.001839805804048548,0.006650324043893275,24
G2F,2020,new,ia_main,sel_diff,-0.027907327954824968,0.02836731391425185,24
G2F,2020,new,ia_std,spearman,-0.007865724224981212,0.0017091672942022385,24
G2F,2020,new,ia_std,sel_diff,0.01728776228412131,0.015756741574436527,24
G2F,2020,new,iaw_0,spearman,-0.008882442496193639,0.003071464673751945,24
G2F,2020,new,iaw_0,sel_diff,-0.01046353489926676,0.015492694936133826,24
G2F,2020,new,iaw_0.01,spearman,-0.012733923249410764,0.0031236278765404335,24
G2F,2020,new,iaw_0.01,sel_diff,-0.03570453179257161,0.019494465908860545,24
G2F,2020,new,iaw_0.02,spearman,-0.012736305291322548,0.0022915453821580763,24
G2F,2020,new,iaw_0.02,sel_diff,-0.0073101451819657355,0.02181455351650363,24
G2F,2020,new,iaw_0.05,spearman,-0.010323121255154168,0.0030092001490144827,24
G2F,2020,new,iaw_0.05,sel_diff,-0.03460773972694537,0.022129652707012826,24
G2F,2020,new,iaw_0.1,spearman,-0.006285564460139219,0.0050266882795970405,24
G2F,2020,new,iaw_0.1,sel_diff,-0.027063348333744002,0.024041943508846888,24
G2F,2020,new,iaw_0.15,spearman,-0.003950054945778984,0.006036868933592361,24
G2F,2020,new,iaw_0.15,sel_diff,-0.018158414445450317,0.02594036283277195,24
G2F,2020,new,iaw_0.2,spearman,-0.001839805804048548,0.006734605786506091,24
G2F,2020,new,iaw_0.2,sel_diff,-0.027907327954824968,0.026870615336758667,24
G2F,2020,new,iaw_0.3,spearman,0.0013591380108756007,0.0073990351217342746,24
G2F,2020,new,iaw_0.3,sel_diff,-0.02398513004640368,0.03138380087358985,24
G2F,2020,new,iaw_0.4,spearman,0.0028821774917102486,0.007964196818181911,24
G2F,2020,new,iaw_0.4,sel_diff,-0.014577727975907591,0.03359502281912764,24
G2F,2020,new,iaw_0.5,spearman,0.0034653879868702282,0.008296704731178134,24
G2F,2020,new,iaw_0.5,sel_diff,-0.007102184930939957,0.026019380680957205,24
G2F,2020,new,iaw_0.6,spearman,0.004697100916937348,0.00871558194740397,24
G2F,2020,new,iaw_0.6,sel_diff,-0.010797975617444005,0.024687791954015926,24
G2F,2020,new,iaw_0.7,spearman,0.0055419686892495025,0.009190104197516844,24
G2F,2020,new,iaw_0.7,sel_diff,0.014901982795557748,0.030776805281797028,24
G2F,2020,new,iaw_0.8,spearman,0.007268267915066914,0.010304425386696903,24
G2F,2020,new,iaw_0.8,sel_diff,0.007186062398634656,0.034336335354716564,24
G2F,2020,new,iaw_0.9,spearman,0.014030457271903005,0.011791433461504049,24
G2F,2020,new,iaw_0.9,sel_diff,-0.017176916859329202,0.04009215404866997,24
G2F,2020,new,iaw_0.95,spearman,0.021949914330102824,0.012901643867660061,24
G2F,2020,new,iaw_0.95,sel_diff,-0.020710090014156888,0.036035226536425734,24
G2F,2020,new,ib_main,spearman,0.0018976805854684312,0.00844333576562732,24
G2F,2020,new,ib_main,sel_diff,0.0326617630771037,0.031072277726783483,24
G2F,2020,new,ib_region,spearman,0.004482529727380935,0.008787570321361302,24
G2F,2020,new,ib_region,sel_diff,0.06557619498155036,0.034876504518789375,24
G2F,2020,new,ibc_0.05,spearman,0.001585929677455137,0.00860950553307625,24
G2F,2020,new,ibc_0.05,sel_diff,0.006521150696145663,0.033904946377953105,24
G2F,2020,new,ibc_0.1,spearman,0.0021228839484852013,0.008264185167570971,24
G2F,2020,new,ibc_0.1,sel_diff,0.02834819082773075,0.033848825365664685,24
G2F,2020,new,ibc_0.2,spearman,0.0018762965719104976,0.008069986767245513,24
G2F,2020,new,ibc_0.2,sel_diff,0.046436841947780326,0.03432996058234188,24
G2F,2020,new,ibc_0.3,spearman,0.0018976805854684312,0.008537799440069644,24
G2F,2020,new,ibc_0.3,sel_diff,0.0326617630771037,0.03213894871354742,24
G2F,2020,new,ibc_0.5,spearman,0.0013287734875872803,0.00875581945588248,24
G2F,2020,new,ibc_0.5,sel_diff,0.04013121214043117,0.03856500710245229,24
G2F,2020,new,ibc_0.75,spearman,0.00017460463384109254,0.009239135366484299,24
G2F,2020,new,ibc_0.75,sel_diff,0.017201183997846148,0.03250118717767694,24
G2F,2020,new,ibc_1,spearman,-0.0005045725614168731,0.009727738521742071,24
G2F,2020,new,ibc_1,sel_diff,0.000127686169356415,0.03224316379291476,24
G2F,2020,new,ibc_1.5,spearman,-0.00210871054880698,0.010337152834628806,24
G2F,2020,new,ibc_1.5,sel_diff,-0.025337857217702067,0.033600989628089495,24
G2F,2020,new,ibc_2,spearman,-0.0035556580731860633,0.01032466575340759,24
G2F,2020,new,ibc_2,sel_diff,-0.030387395072155432,0.03054054808864091,24
G2F,2020,new,ibc_3,spearman,-0.005761443062727537,0.011128203997409023,24
G2F,2020,new,ibc_3,sel_diff,-0.01443437691565582,0.026142118820283063,24
G2F,2022,all,ia_g,spearman,0.010601728408399305,0.0043200754008855865,27
G2F,2022,all,ia_g,sel_diff,-0.00440325716412621,0.017376842764660855,27
G2F,2022,all,ia_het,spearman,-0.013106105256952728,0.0014909268070501826,27
G2F,2022,all,ia_het,sel_diff,-0.009972707348512175,0.00850650046505885,27
G2F,2022,all,ia_main,spearman,0.010456812915104079,0.003922503429462152,27
G2F,2022,all,ia_main,sel_diff,0.0014576911865887112,0.015709591125349295,27
G2F,2022,all,ia_std,spearman,-0.010323610523357856,0.001359064327206994,27
G2F,2022,all,ia_std,sel_diff,0.0018335919527317573,0.006527651803438109,27
G2F,2022,all,iaw_0,spearman,-0.013106105256952728,0.001519171744421702,27
G2F,2022,all,iaw_0,sel_diff,-0.009972707348512175,0.008383750993421186,27
G2F,2022,all,iaw_0.01,spearman,-0.02186952006161383,0.0022752804474026615,27
G2F,2022,all,iaw_0.01,sel_diff,-0.038136414027294924,0.010098042615944748,27
G2F,2022,all,iaw_0.02,spearman,-0.013061026774359427,0.002106120873159948,27
G2F,2022,all,iaw_0.02,sel_diff,-0.018974641430516984,0.010338296996644895,27
G2F,2022,all,iaw_0.05,spearman,-0.000597334988018232,0.0021091030833191157,27
G2F,2022,all,iaw_0.05,sel_diff,0.009537113659020012,0.009488363346467611,27
G2F,2022,all,iaw_0.1,spearman,0.006491658141678243,0.0025498102791222045,27
G2F,2022,all,iaw_0.1,sel_diff,0.0040635798085385975,0.014843576734734519,27
G2F,2022,all,iaw_0.15,spearman,0.00938136447353137,0.003263562357175664,27
G2F,2022,all,iaw_0.15,sel_diff,0.0014109115245204192,0.014798870329481371,27
G2F,2022,all,iaw_0.2,spearman,0.010456812915104079,0.0038624108123769068,27
G2F,2022,all,iaw_0.2,sel_diff,0.0014576911865887112,0.015590350867291687,27
G2F,2022,all,iaw_0.3,spearman,0.010281000959194132,0.004633199464879328,27
G2F,2022,all,iaw_0.3,sel_diff,0.006205310450703233,0.015109790089317105,27
G2F,2022,all,iaw_0.4,spearman,0.00875899681541249,0.005472698472894708,27
G2F,2022,all,iaw_0.4,sel_diff,0.001903164698957051,0.0214365945675216,27
G2F,2022,all,iaw_0.5,spearman,0.006737119474121745,0.006065899725394151,27
G2F,2022,all,iaw_0.5,sel_diff,0.008053965936943531,0.022803990890027704,27
G2F,2022,all,iaw_0.6,spearman,0.0035845868547762145,0.006756735592672433,27
G2F,2022,all,iaw_0.6,sel_diff,-0.01743095024528421,0.027382956658709493,27
G2F,2022,all,iaw_0.7,spearman,-0.0006215415242843496,0.00750342485996794,27
G2F,2022,all,iaw_0.7,sel_diff,-0.05244911055247536,0.036261924192781056,27
G2F,2022,all,iaw_0.8,spearman,-0.009473341515749826,0.008597226965947911,27
G2F,2022,all,iaw_0.8,sel_diff,-0.0598319079884069,0.034662560913319124,27
G2F,2022,all,iaw_0.9,spearman,-0.03164577918918215,0.00997009457283699,27
G2F,2022,all,iaw_0.9,sel_diff,-0.12676887619477706,0.04511925990694009,27
G2F,2022,all,iaw_0.95,spearman,-0.05084993092867001,0.011032448985898164,27
G2F,2022,all,iaw_0.95,sel_diff,-0.2242763654506747,0.04556093742693508,27
G2F,2022,all,ib_main,spearman,0.018337551281471895,0.006675041635252356,27
G2F,2022,all,ib_main,sel_diff,-0.0006449305198258792,0.0172770238718757,27
G2F,2022,all,ib_region,spearman,0.013480736190643064,0.005392803934008725,27
G2F,2022,all,ib_region,sel_diff,-0.005903382283401565,0.015195188390321784,27
G2F,2022,all,ibc_0.05,spearman,0.0007564668306338535,0.004897077864973675,27
G2F,2022,all,ibc_0.05,sel_diff,-0.034059210694254154,0.01463036886699316,27
G2F,2022,all,ibc_0.1,spearman,0.009423974072490234,0.005227595131998653,27
G2F,2022,all,ibc_0.1,sel_diff,-0.011244903243062286,0.01390081547703261,27
G2F,2022,all,ibc_0.2,spearman,0.01592411960401542,0.0061475464828069995,27
G2F,2022,all,ibc_0.2,sel_diff,-0.003066171447822123,0.015861723593696614,27
G2F,2022,all,ibc_0.3,spearman,0.018337551281471895,0.006432313400323046,27
G2F,2022,all,ibc_0.3,sel_diff,-0.0006449305198258792,0.017852266546087226,27
G2F,2022,all,ibc_0.5,spearman,0.019960525918855093,0.007160877763181626,27
G2F,2022,all,ibc_0.5,sel_diff,-0.019994699939874624,0.02019103535128247,27
G2F,2022,all,ibc_0.75,spearman,0.02009608979958118,0.007985895508534612,27
G2F,2022,all,ibc_0.75,sel_diff,-0.008305087221079217,0.01972208201788442,27
G2F,2022,all,ibc_1,spearman,0.019613230307419034,0.008137938969761465,27
G2F,2022,all,ibc_1,sel_diff,-0.005401760891282515,0.020264872521606372,27
G2F,2022,all,ibc_1.5,spearman,0.018492269120354957,0.008601488690386705,27
G2F,2022,all,ibc_1.5,sel_diff,-0.018819601357401645,0.02282997162566987,27
G2F,2022,all,ibc_2,spearman,0.01711176667331768,0.009231912817999944,27
G2F,2022,all,ibc_2,sel_diff,-0.007673250376490097,0.02122308499438029,27
G2F,2022,all,ibc_3,spearman,0.014846694324527088,0.009800619319893341,27
G2F,2022,all,ibc_3,sel_diff,-0.007424898110657604,0.024711342938101684,27
G2F,2022,new,ia_g,spearman,0.011294884777598569,0.0044429942599128495,27
G2F,2022,new,ia_g,sel_diff,-0.011679103247917466,0.015842028383034005,27
G2F,2022,new,ia_het,spearman,-0.014732571758997478,0.001671233195063322,27
G2F,2022,new,ia_het,sel_diff,-0.007083110532425551,0.009456311739089873,27
G2F,2022,new,ia_main,spearman,0.010330687863144804,0.0037832626398064235,27
G2F,2022,new,ia_main,sel_diff,0.003984492282979099,0.014686113375942535,27
G2F,2022,new,ia_std,spearman,-0.01030701392616941,0.0014136583776561986,27
G2F,2022,new,ia_std,sel_diff,-0.011452114994588416,0.006687746044023331,27
G2F,2022,new,iaw_0,spearman,-0.014732571758997478,0.0016579932928611504,27
G2F,2022,new,iaw_0,sel_diff,-0.007083110532425551,0.009596053749611694,27
G2F,2022,new,iaw_0.01,spearman,-0.02417292297487397,0.002449976135578479,27
G2F,2022,new,iaw_0.01,sel_diff,-0.03300559485208782,0.011149295353800872,27
G2F,2022,new,iaw_0.02,spearman,-0.015390417782132014,0.0022085313099153197,27
G2F,2022,new,iaw_0.02,sel_diff,-0.023407963083191236,0.00713124785388484,27
G2F,2022,new,iaw_0.05,spearman,-0.002936575019567648,0.0020365765923143217,27
G2F,2022,new,iaw_0.05,sel_diff,0.010672241291606916,0.010094094225184931,27
G2F,2022,new,iaw_0.1,spearman,0.004797530491477535,0.0024046464685808003,27
G2F,2022,new,iaw_0.1,sel_diff,0.01292903217860741,0.013861678063701208,27
G2F,2022,new,iaw_0.15,spearman,0.008539971759287392,0.0030428034404944375,27
G2F,2022,new,iaw_0.15,sel_diff,-0.002575819057122782,0.015096992456532652,27
G2F,2022,new,iaw_0.2,spearman,0.010330687863144804,0.0037399595248580435,27
G2F,2022,new,iaw_0.2,sel_diff,0.003984492282979099,0.014716285986981803,27
G2F,2022,new,iaw_0.3,spearman,0.012212925535069797,0.004668556375996844,27
G2F,2022,new,iaw_0.3,sel_diff,0.004191617532153921,0.013458418917542108,27
G2F,2022,new,iaw_0.4,spearman,0.012713444491583358,0.005198188740106852,27
G2F,2022,new,iaw_0.4,sel_diff,0.015486514524782882,0.016679239110097364,27
G2F,2022,new,iaw_0.5,spearman,0.01336455961888835,0.005845284920265209,27
G2F,2022,new,iaw_0.5,sel_diff,0.028690322020388317,0.02002538966312618,27
G2F,2022,new,iaw_0.6,spearman,0.013277106353160336,0.006639695579543042,27
G2F,2022,new,iaw_0.6,sel_diff,0.01270146317518277,0.02417129503442253,27
G2F,2022,new,iaw_0.7,spearman,0.012220795001732624,0.007416510509643461,27
G2F,2022,new,iaw_0.7,sel_diff,0.02216089265830738,0.02739823950952386,27
G2F,2022,new,iaw_0.8,spearman,0.008543787142290813,0.008778794868671402,27
G2F,2022,new,iaw_0.8,sel_diff,-0.0017200949826977599,0.03179386117928234,27
G2F,2022,new,iaw_0.9,spearman,-0.0037186057043760187,0.009894149508281783,27
G2F,2022,new,iaw_0.9,sel_diff,-0.023967855374294526,0.03931604936141211,27
G2F,2022,new,iaw_0.95,spearman,-0.017007222993425858,0.010594955489550664,27
G2F,2022,new,iaw_0.95,sel_diff,-0.09014086371542687,0.04032389615964591,27
G2F,2022,new,ib_main,spearman,0.019167126640787208,0.006143935557256696,27
G2F,2022,new,ib_main,sel_diff,0.0032408403502148025,0.01812980664887575,27
G2F,2022,new,ib_region,spearman,0.013264541576669286,0.005917363150998524,27
G2F,2022,new,ib_region,sel_diff,-0.0027211033429614673,0.017582688892668716,27
G2F,2022,new,ibc_0.05,spearman,0.0004439179083616523,0.0047093267785354685,27
G2F,2022,new,ibc_0.05,sel_diff,-0.02882770657094635,0.018882182628780036,27
G2F,2022,new,ibc_0.1,spearman,0.009370836457619032,0.005188442107403327,27
G2F,2022,new,ibc_0.1,sel_diff,-0.001440916587396642,0.016407562840476134,27
G2F,2022,new,ibc_0.2,spearman,0.016490137777166448,0.005794713494008565,27
G2F,2022,new,ibc_0.2,sel_diff,-0.0043685049443150555,0.018764663634077194,27
G2F,2022,new,ibc_0.3,spearman,0.019167126640787208,0.00617942216982432,27
G2F,2022,new,ibc_0.3,sel_diff,0.0032408403502148025,0.017965442758718832,27
G2F,2022,new,ibc_0.5,spearman,0.021195105394789984,0.006795299375108851,27
G2F,2022,new,ibc_0.5,sel_diff,-0.014897809741245174,0.01884066030913113,27
G2F,2022,new,ibc_0.75,spearman,0.021618775953587646,0.007417095206433295,27
G2F,2022,new,ibc_0.75,sel_diff,0.0005049681439836086,0.018796458396372135,27
G2F,2022,new,ibc_1,spearman,0.02144151899333326,0.008132790568083591,27
G2F,2022,new,ibc_1,sel_diff,0.0011723928845907212,0.01981708624504533,27
G2F,2022,new,ibc_1.5,spearman,0.02078139212698187,0.0082909548276376,27
G2F,2022,new,ibc_1.5,sel_diff,0.0008357834781334736,0.02028484289693612,27
G2F,2022,new,ibc_2,spearman,0.019650953821796564,0.008786196780006894,27
G2F,2022,new,ibc_2,sel_diff,0.001428287297750701,0.022181316362155777,27
G2F,2022,new,ibc_3,spearman,0.017715828737950304,0.00915695770281195,27
G2F,2022,new,ibc_3,sel_diff,0.008797077727605305,0.02329763720352734,27
G2F,2024,all,ia_g,spearman,-0.056122966804673886,0.017495833058828163,22
G2F,2024,all,ia_g,sel_diff,-0.14006742125838054,0.03836350838346686,22
G2F,2024,all,ia_het,spearman,0.0028578419896486506,0.003470872749023005,22
G2F,2024,all,ia_het,sel_diff,-0.04446821086969513,0.013460149253124583,22
G2F,2024,all,ia_main,spearman,-0.05939744868652284,0.016227295175856107,22
G2F,2024,all,ia_main,sel_diff,-0.14066092566733843,0.032836100679515215,22
G2F,2024,all,ia_std,spearman,0.002230295384237867,0.001696766943112726,22
G2F,2024,all,ia_std,sel_diff,0.0005181393960280517,0.011115710021319893,22
G2F,2024,all,iaw_0,spearman,0.0028578419896486506,0.0035997770965809734,22
G2F,2024,all,iaw_0,sel_diff,-0.04446821086969513,0.012671977618357103,22
G2F,2024,all,iaw_0.01,spearman,-0.01829947948932416,0.0049346222100880854,22
G2F,2024,all,iaw_0.01,sel_diff,-0.02916386235819512,0.020181390521818072,22
G2F,2024,all,iaw_0.02,spearman,-0.021879035155375436,0.0056908752890259175,22
G2F,2024,all,iaw_0.02,sel_diff,-0.04890611567230381,0.02029345517322831,22
G2F,2024,all,iaw_0.05,spearman,-0.03194780061625195,0.00932419240787653,22
G2F,2024,all,iaw_0.05,sel_diff,-0.11294553818102943,0.02936739331774856,22
G2F,2024,all,iaw_0.1,spearman,-0.04548166173155079,0.012635515945966722,22
G2F,2024,all,iaw_0.1,sel_diff,-0.12178593376105756,0.025816673851371923,22
G2F,2024,all,iaw_0.15,spearman,-0.053755590664225174,0.014569102453027227,22
G2F,2024,all,iaw_0.15,sel_diff,-0.1356862331037433,0.02971822771649077,22
G2F,2024,all,iaw_0.2,spearman,-0.05939744868652284,0.016076942147075824,22
G2F,2024,all,iaw_0.2,sel_diff,-0.14066092566733843,0.03308041220259141,22
G2F,2024,all,iaw_0.3,spearman,-0.06675149596236418,0.01817487331789045,22
G2F,2024,all,iaw_0.3,sel_diff,-0.15052995456086607,0.03479306682645284,22
G2F,2024,all,iaw_0.4,spearman,-0.07152725223126744,0.018867456670365945,22
G2F,2024,all,iaw_0.4,sel_diff,-0.1647057622833163,0.03528256959163318,22
G2F,2024,all,iaw_0.5,spearman,-0.07372566918037787,0.02015958443174114,22
G2F,2024,all,iaw_0.5,sel_diff,-0.19633955826168553,0.041352467543046806,22
G2F,2024,all,iaw_0.6,spearman,-0.07505574731791267,0.02078762504088951,22
G2F,2024,all,iaw_0.6,sel_diff,-0.20036652655473308,0.04460912774351546,22
G2F,2024,all,iaw_0.7,spearman,-0.07543325167909802,0.02055625662249349,22
G2F,2024,all,iaw_0.7,sel_diff,-0.194376223025952,0.044900290544734454,22
G2F,2024,all,iaw_0.8,spearman,-0.07399180669922678,0.0205193498793836,22
G2F,2024,all,iaw_0.8,sel_diff,-0.20412697647241093,0.03997268129733063,22
G2F,2024,all,iaw_0.9,spearman,-0.07243166039565398,0.018961783193631256,22
G2F,2024,all,iaw_0.9,sel_diff,-0.264641911346374,0.04151142925771302,22
G2F,2024,all,iaw_0.95,spearman,-0.07419825711571093,0.016773881925284187,22
G2F,2024,all,iaw_0.95,sel_diff,-0.3320106920006951,0.04285685208134036,22
G2F,2024,all,ib_main,spearman,0.027177452901030942,0.011159262621257746,22
G2F,2024,all,ib_main,sel_diff,0.04830205515187587,0.03594480083642108,22
G2F,2024,all,ib_region,spearman,0.02858400667346027,0.010382600742862798,22
G2F,2024,all,ib_region,sel_diff,0.042064686060698436,0.032670757863052464,22
G2F,2024,all,ibc_0.05,spearman,0.007725968649897377,0.010325202853767474,22
G2F,2024,all,ibc_0.05,sel_diff,0.02641848560017577,0.028273546117565117,22
G2F,2024,all,ibc_0.1,spearman,0.017076986201508448,0.010084666447416383,22
G2F,2024,all,ibc_0.1,sel_diff,0.029514863263188997,0.02952144361734715,22
G2F,2024,all,ibc_0.2,spearman,0.024421758317194165,0.011073364604748271,22
G2F,2024,all,ibc_0.2,sel_diff,0.06026732006272362,0.030915240743734182,22
G2F,2024,all,ibc_0.3,spearman,0.027177452901030942,0.011159677332707113,22
G2F,2024,all,ibc_0.3,sel_diff,0.04830205515187587,0.035982225489135086,22
G2F,2024,all,ibc_0.5,spearman,0.02827454628617104,0.012297248759874584,22
G2F,2024,all,ibc_0.5,sel_diff,0.05264689174873983,0.03661860818116494,22
G2F,2024,all,ibc_0.75,spearman,0.028134119627795127,0.012472268440241347,22
G2F,2024,all,ibc_0.75,sel_diff,0.03147302135915146,0.03900425472127566,22
G2F,2024,all,ibc_1,spearman,0.02702541883359968,0.013486856192590777,22
G2F,2024,all,ibc_1,sel_diff,0.036933743892538166,0.037318252684436705,22
G2F,2024,all,ibc_1.5,spearman,0.02489557228268395,0.013511962049415236,22
G2F,2024,all,ibc_1.5,sel_diff,0.020868242273086812,0.03567664178405458,22
G2F,2024,all,ibc_2,spearman,0.02311150523599269,0.01514726595286418,22
G2F,2024,all,ibc_2,sel_diff,0.00552026897956453,0.03679539175499345,22
G2F,2024,all,ibc_3,spearman,0.01999569028203946,0.01594633873337186,22
G2F,2024,all,ibc_3,sel_diff,-0.0035527043177048497,0.03753618999233782,22
G2F,2024,new,ia_g,spearman,-0.06587746320626352,0.01960563286259418,22
G2F,2024,new,ia_g,sel_diff,-0.18884697116352606,0.03401671614931723,22
G2F,2024,new,ia_het,spearman,0.002603975541197501,0.004126512433820105,22
G2F,2024,new,ia_het,sel_diff,-0.025224188732096146,0.01520473209917461,22
G2F,2024,new,ia_main,spearman,-0.07140700477504673,0.017579741947792413,22
G2F,2024,new,ia_main,sel_diff,-0.19877907480312865,0.03342165008168394,22
G2F,2024,new,ia_std,spearman,0.002595054268555837,0.0020652383064135404,22
G2F,2024,new,ia_std,sel_diff,-0.01671740944913368,0.010662324278801018,22
G2F,2024,new,iaw_0,spearman,0.002603975541197501,0.004095294432736687,22
G2F,2024,new,iaw_0,sel_diff,-0.025224188732096146,0.015262061455900533,22
G2F,2024,new,iaw_0.01,spearman,-0.023809056908081824,0.005137740909867044,22
G2F,2024,new,iaw_0.01,sel_diff,-0.042166636325977384,0.027508490023972976,22
G2F,2024,new,iaw_0.02,spearman,-0.028667788978555566,0.006376610335154157,22
G2F,2024,new,iaw_0.02,sel_diff,-0.06560059989341412,0.028745683679455434,22
G2F,2024,new,iaw_0.05,spearman,-0.040719604811370935,0.010166884332653224,22
G2F,2024,new,iaw_0.05,sel_diff,-0.11837912824018844,0.03585347521651254,22
G2F,2024,new,iaw_0.1,spearman,-0.05596686779519655,0.013764270588209292,22
G2F,2024,new,iaw_0.1,sel_diff,-0.14559852013958918,0.029176536634604924,22
G2F,2024,new,iaw_0.15,spearman,-0.0652235594221707,0.015399902319983188,22
G2F,2024,new,iaw_0.15,sel_diff,-0.1966459683028554,0.02740557533080995,22
G2F,2024,new,iaw_0.2,spearman,-0.07140700477504673,0.01766693039806067,22
G2F,2024,new,iaw_0.2,sel_diff,-0.19877907480312865,0.032763081164648954,22
G2F,2024,new,iaw_0.3,spearman,-0.0792333426260222,0.019700452476345293,22
G2F,2024,new,iaw_0.3,sel_diff,-0.23415802439904274,0.03975930048622414,22
G2F,2024,new,iaw_0.4,spearman,-0.08375419535308405,0.02064852018653377,22
G2F,2024,new,iaw_0.4,sel_diff,-0.27728244803519825,0.037713007462853325,22
G2F,2024,new,iaw_0.5,spearman,-0.08533683133733388,0.02112385365550387,22
G2F,2024,new,iaw_0.5,sel_diff,-0.2606997122758456,0.042583930352217074,22
G2F,2024,new,iaw_0.6,spearman,-0.0859357171967804,0.022465968825138405,22
G2F,2024,new,iaw_0.6,sel_diff,-0.2517856573332356,0.042062431870459244,22
G2F,2024,new,iaw_0.7,spearman,-0.08502141107051107,0.02219780201188255,22
G2F,2024,new,iaw_0.7,sel_diff,-0.25605795967206146,0.045170602971793906,22
G2F,2024,new,iaw_0.8,spearman,-0.08163607320796339,0.022700263260422168,22
G2F,2024,new,iaw_0.8,sel_diff,-0.3042580118187174,0.045856556699493324,22
G2F,2024,new,iaw_0.9,spearman,-0.07537213720300491,0.021277197972459635,22
G2F,2024,new,iaw_0.9,sel_diff,-0.34796235063394865,0.04634486225851862,22
G2F,2024,new,iaw_0.95,spearman,-0.07146294383770344,0.01923273793406887,22
G2F,2024,new,iaw_0.95,sel_diff,-0.34519725034772636,0.04578516999794106,22
G2F,2024,new,ib_main,spearman,0.03066707540668804,0.011538639651503925,22
G2F,2024,new,ib_main,sel_diff,0.027417705950282034,0.03816378152543226,22
G2F,2024,new,ib_region,spearman,0.03153621607933661,0.010461266189687636,22
G2F,2024,new,ib_region,sel_diff,0.02061070572823093,0.038832001229331524,22
G2F,2024,new,ibc_0.05,spearman,0.006008122141111637,0.010878037076560028,22
G2F,2024,new,ibc_0.05,sel_diff,0.05552383331028448,0.03424100593633942,22
G2F,2024,new,ibc_0.1,spearman,0.01700829907781838,0.010800258967374845,22
G2F,2024,new,ibc_0.1,sel_diff,0.03243037541212554,0.03720426629138773,22
G2F,2024,new,ibc_0.2,spearman,0.026562960236285384,0.011415124024417057,22
G2F,2024,new,ibc_0.2,sel_diff,0.047789710326430763,0.03442500145052925,22
G2F,2024,new,ibc_0.3,spearman,0.03066707540668804,0.011085743177140058,22
G2F,2024,new,ibc_0.3,sel_diff,0.027417705950282034,0.0376246734637064,22
G2F,2024,new,ibc_0.5,spearman,0.03294885311970792,0.011872098276765363,22
G2F,2024,new,ibc_0.5,sel_diff,0.026560876334925498,0.038350730097711054,22
G2F,2024,new,ibc_0.75,spearman,0.03389866307952704,0.012880047468828662,22
G2F,2024,new,ibc_0.75,sel_diff,0.02480098864832954,0.04561144461546644,22
G2F,2024,new,ibc_1,spearman,0.03356720987656434,0.014158045724174713,22
G2F,2024,new,ibc_1,sel_diff,0.006969341222426499,0.0436350372737678,22
G2F,2024,new,ibc_1.5,spearman,0.032266052499823825,0.014944008535354453,22
G2F,2024,new,ibc_1.5,sel_diff,-0.0097278828729061,0.043467069976080144,22
G2F,2024,new,ibc_2,spearman,0.031071646840116686,0.01560968388968576,22
G2F,2024,new,ibc_2,sel_diff,-0.0082349700193685,0.041931082625109944,22
G2F,2024,new,ibc_3,spearman,0.028777922502791577,0.01589216094487168,22
G2F,2024,new,ibc_3,sel_diff,-0.019654850901332985,0.03806104631293996,22
GEM_IA,2016,all,ia_g,spearman,-0.025915375870543985,0.007377172760182764,7
GEM_IA,2016,all,ia_g,sel_diff,0.04259912049723236,0.038774794712146995,7
GEM_IA,2016,all,ia_het,spearman,0.05426394587330928,0.017390255261226187,7
GEM_IA,2016,all,ia_het,sel_diff,0.04797096857849281,0.05211202572268963,7
GEM_IA,2016,all,ia_main,spearman,0.044223210772482514,0.01651934351268251,7
GEM_IA,2016,all,ia_main,sel_diff,0.01361660728978246,0.034061906576021504,7
GEM_IA,2016,all,ia_std,spearman,0.053719174902213944,0.020734938601957586,7
GEM_IA,2016,all,ia_std,sel_diff,0.06628849643091081,0.03532220158048032,7
GEM_IA,2016,all,iaw_0,spearman,0.05426394587330928,0.01813725527107658,7
GEM_IA,2016,all,iaw_0,sel_diff,0.04797096857849281,0.053398158118772576,7
GEM_IA,2016,all,iaw_0.01,spearman,0.05370650153672816,0.018313273006253763,7
GEM_IA,2016,all,iaw_0.01,sel_diff,0.047970968578492805,0.05569814660178529,7
GEM_IA,2016,all,iaw_0.02,spearman,0.05295319460300255,0.017617860648428577,7
GEM_IA,2016,all,iaw_0.02,sel_diff,0.04797096857849281,0.055572350531056094,7
GEM_IA,2016,all,iaw_0.05,spearman,0.0501588591907642,0.01731426203269731,7
GEM_IA,2016,all,iaw_0.05,sel_diff,0.01968251691638861,0.03421812346221657,7
GEM_IA,2016,all,iaw_0.1,spearman,0.044223210772482514,0.016066272030337267,7
GEM_IA,2016,all,iaw_0.1,sel_diff,0.01361660728978246,0.03528281981783781,7
GEM_IA,2016,all,iaw_0.15,spearman,0.03982861921986657,0.015060853217147764,7
GEM_IA,2016,all,iaw_0.15,sel_diff,0.012032570818227315,0.03536026746074232,7
GEM_IA,2016,all,iaw_0.2,spearman,0.034211605000321436,0.01607601106622046,7
GEM_IA,2016,all,iaw_0.2,sel_diff,0.05723795238223344,0.05460182942282778,7
GEM_IA,2016,all,iaw_0.3,spearman,0.019385987224934398,0.017253600272237744,7
GEM_IA,2016,all,iaw_0.3,sel_diff,0.10988312305691852,0.07360230450558357,7
GEM_IA,2016,all,iaw_0.4,spearman,0.0048280973921621465,0.017660669405999106,7
GEM_IA,2016,all,iaw_0.4,sel_diff,0.10667901495573964,0.07404420820334963,7
GEM_IA,2016,all,iaw_0.5,spearman,-0.017540439822298477,0.017952625838890388,7
GEM_IA,2016,all,iaw_0.5,sel_diff,0.13515569833061009,0.09788547707703692,7
GEM_IA,2016,all,iaw_0.6,spearman,-0.05878189775059179,0.020816774352753805,7
GEM_IA,2016,all,iaw_0.6,sel_diff,0.12253819319594915,0.10034011837562645,7
GEM_IA,2016,all,iaw_0.7,spearman,-0.09866667333602212,0.027937105547130924,7
GEM_IA,2016,all,iaw_0.7,sel_diff,0.08251177643378768,0.0940231422657244,7
GEM_IA,2016,all,iaw_0.8,spearman,-0.12720390145302257,0.03632529352020646,7
GEM_IA,2016,all,iaw_0.8,sel_diff,0.02942088941971088,0.08542025550954882,7
GEM_IA,2016,all,iaw_0.9,spearman,-0.14361905384570586,0.040966097060693735,7
GEM_IA,2016,all,iaw_0.9,sel_diff,0.11432743203152564,0.11783482950033998,7
GEM_IA,2016,all,iaw_0.95,spearman,-0.1505272160338372,0.04062838763373068,7
GEM_IA,2016,all,iaw_0.95,sel_diff,0.051337692328629045,0.10729026349171891,7
GEM_IA,2016,new,ia_g,spearman,-0.025915375870543985,0.007450783469538627,7
GEM_IA,2016,new,ia_g,sel_diff,0.04259912049723236,0.03827572075501377,7
GEM_IA,2016,new,ia_het,spearman,0.05426394587330928,0.018342698516859896,7
GEM_IA,2016,new,ia_het,sel_diff,0.04797096857849281,0.054693517111533495,7
GEM_IA,2016,new,ia_main,spearman,0.044223210772482514,0.01615468100851304,7
GEM_IA,2016,new,ia_main,sel_diff,0.01361660728978246,0.034001018143668654,7
GEM_IA,2016,new,ia_std,spearman,0.053719174902213944,0.02066916061396638,7
GEM_IA,2016,new,ia_std,sel_diff,0.06628849643091081,0.035159416431795404,7
GEM_IA,2016,new,iaw_0,spearman,0.05426394587330928,0.017693748557513767,7
GEM_IA,2016,new,iaw_0,sel_diff,0.04797096857849281,0.05302368803497304,7
GEM_IA,2016,new,iaw_0.01,spearman,0.05370650153672816,0.01775127635155758,7
GEM_IA,2016,new,iaw_0.01,sel_diff,0.047970968578492805,0.053490839183198434,7
GEM_IA,2016,new,iaw_0.02,spearman,0.05295319460300255,0.018137454504371948,7
GEM_IA,2016,new,iaw_0.02,sel_diff,0.04797096857849281,0.05331946923601398,7
GEM_IA,2016,new,iaw_0.05,spearman,0.0501588591907642,0.01739448964870078,7
GEM_IA,2016,new,iaw_0.05,sel_diff,0.01968251691638861,0.034155644080987826,7
GEM_IA,2016,new,iaw_0.1,spearman,0.044223210772482514,0.01642991516204903,7
GEM_IA,2016,new,iaw_0.1,sel_diff,0.01361660728978246,0.03485734283911933,7
GEM_IA,2016,new,iaw_0.15,spearman,0.03982861921986657,0.01517335867419892,7
GEM_IA,2016,new,iaw_0.15,sel_diff,0.012032570818227315,0.034154778297162805,7
GEM_IA,2016,new,iaw_0.2,spearman,0.034211605000321436,0.015567790124982545,7
GEM_IA,2016,new,iaw_0.2,sel_diff,0.05723795238223344,0.05215661510390455,7
GEM_IA,2016,new,iaw_0.3,spearman,0.019385987224934398,0.017860118303006815,7
GEM_IA,2016,new,iaw_0.3,sel_diff,0.10988312305691852,0.07192008934967926,7
GEM_IA,2016,new,iaw_0.4,spearman,0.0048280973921621465,0.018431371638381495,7
GEM_IA,2016,new,iaw_0.4,sel_diff,0.10667901495573964,0.07298501749844057,7
GEM_IA,2016,new,iaw_0.5,spearman,-0.017540439822298477,0.01774075553605603,7
GEM_IA,2016,new,iaw_0.5,sel_diff,0.13515569833061009,0.09198829644023927,7
GEM_IA,2016,new,iaw_0.6,spearman,-0.05878189775059179,0.020064062482372285,7
GEM_IA,2016,new,iaw_0.6,sel_diff,0.12253819319594915,0.10293517825139743,7
GEM_IA,2016,new,iaw_0.7,spearman,-0.09866667333602212,0.028221889211004304,7
GEM_IA,2016,new,iaw_0.7,sel_diff,0.08251177643378768,0.09491983080371734,7
GEM_IA,2016,new,iaw_0.8,spearman,-0.12720390145302257,0.03644457510992819,7
GEM_IA,2016,new,iaw_0.8,sel_diff,0.02942088941971088,0.08548919610683034,7
GEM_IA,2016,new,iaw_0.9,spearman,-0.14361905384570586,0.04198968271901217,7
GEM_IA,2016,new,iaw_0.9,sel_diff,0.11432743203152564,0.11347819366235817,7
GEM_IA,2016,new,iaw_0.95,spearman,-0.1505272160338372,0.04213492474569465,7
GEM_IA,2016,new,iaw_0.95,sel_diff,0.051337692328629045,0.11081810055011183,7
GEM_IA,2017,all,ia_g,spearman,-4.04694609811613e-05,0.0026501609183239654,7
GEM_IA,2017,all,ia_g,sel_diff,0.00992750901664398,0.011226795575834517,7
GEM_IA,2017,all,ia_het,spearman,0.006354147470986167,0.004461067311164399,7
GEM_IA,2017,all,ia_het,sel_diff,0.031936070002197905,0.021740384898458715,7
GEM_IA,2017,all,ia_main,spearman,0.006627152540286265,0.004435571020912438,7
GEM_IA,2017,all,ia_main,sel_diff,0.0532072691392249,0.02814762739567796,7
GEM_IA,2017,all,ia_std,spearman,0.007936109099721683,0.003585379849744297,7
GEM_IA,2017,all,ia_std,sel_diff,0.06377215873364901,0.022794195062516922,7
GEM_IA,2017,all,iaw_0,spearman,0.006354147470986167,0.004339335559758019,7
GEM_IA,2017,all,iaw_0,sel_diff,0.031936070002197905,0.022169032097077296,7
GEM_IA,2017,all,iaw_0.01,spearman,0.006587449368074029,0.0046086029062218856,7
GEM_IA,2017,all,iaw_0.01,sel_diff,0.0532072691392249,0.028499062488833715,7
GEM_IA,2017,all,iaw_0.02,spearman,0.006627152540286265,0.0044506750283873275,7
GEM_IA,2017,all,iaw_0.02,sel_diff,0.0532072691392249,0.02899442152857285,7
GEM_IA,2017,all,iaw_0.05,spearman,0.005494439878404282,0.0060478848922915,7
GEM_IA,2017,all,iaw_0.05,sel_diff,0.0532072691392249,0.028260774948710647,7
GEM_IA,2017,all,iaw_0.1,spearman,0.0034711224262632145,0.008033276489099973,7
GEM_IA,2017,all,iaw_0.1,sel_diff,0.06111854301970123,0.025280663808970746,7
GEM_IA,2017,all,iaw_0.15,spearman,0.001939585956934327,0.009666022563214116,7
GEM_IA,2017,all,iaw_0.15,sel_diff,-0.0034690829781243715,0.046596911297202274,7
GEM_IA,2017,all,iaw_0.2,spearman,-0.000891898787962138,0.011512007768522476,7
GEM_IA,2017,all,iaw_0.2,sel_diff,-0.003144016682484723,0.04678846275765377,7
GEM_IA,2017,all,iaw_0.3,spearman,-0.0014945510548244553,0.012153766380917386,7
GEM_IA,2017,all,iaw_0.3,sel_diff,-0.015259893519990821,0.06542062246357148,7
GEM_IA,2017,all,iaw_0.4,spearman,-0.0013813430527864232,0.013492536791553508,7
GEM_IA,2017,all,iaw_0.4,sel_diff,-0.041249093954464376,0.09954016877123958,7
GEM_IA,2017,all,iaw_0.5,spearman,0.0007290366365097144,0.012184151807394891,7
GEM_IA,2017,all,iaw_0.5,sel_diff,-0.05287767114828757,0.09884525434925544,7
GEM_IA,2017,all,iaw_0.6,spearman,-0.0015425017258138215,0.014887154883389667,7
GEM_IA,2017,all,iaw_0.6,sel_diff,-0.020278447918323925,0.061774675292057525,7
GEM_IA,2017,all,iaw_0.7,spearman,-0.007392700823976648,0.014840719988544896,7
GEM_IA,2017,all,iaw_0.7,sel_diff,-0.07246612958788426,0.1172328659640224,7
GEM_IA,2017,all,iaw_0.8,spearman,-0.006775494362707251,0.014115117861462693,7
GEM_IA,2017,all,iaw_0.8,sel_diff,-0.030559509074030173,0.08264419377802067,7
GEM_IA,2017,all,iaw_0.9,spearman,-0.0025150148361084224,0.010829589735245377,7
GEM_IA,2017,all,iaw_0.9,sel_diff,-0.02251033926750929,0.08669573403652951,7
GEM_IA,2017,all,iaw_0.95,spearman,-0.0016477784824052383,0.010335045508666714,7
GEM_IA,2017,all,iaw_0.95,sel_diff,-0.06959164765141836,0.09260273429073633,7
GEM_IA,2017,new,ia_g,spearman,-4.04694609811613e-05,0.0026623001572932303,7
GEM_IA,2017,new,ia_g,sel_diff,0.00992750901664398,0.01099581395970055,7
GEM_IA,2017,new,ia_het,spearman,0.006354147470986167,0.004392537573915124,7
GEM_IA,2017,new,ia_het,sel_diff,0.031936070002197905,0.022061976394388456,7
GEM_IA,2017,new,ia_main,spearman,0.006627152540286265,0.004454859179527394,7
GEM_IA,2017,new,ia_main,sel_diff,0.0532072691392249,0.02853962651976687,7
GEM_IA,2017,new,ia_std,spearman,0.007936109099721683,0.003618890263207208,7
GEM_IA,2017,new,ia_std,sel_diff,0.06377215873364901,0.022108120095884067,7
GEM_IA,2017,new,iaw_0,spearman,0.006354147470986167,0.004315214627463739,7
GEM_IA,2017,new,iaw_0,sel_diff,0.031936070002197905,0.02231699235257823,7
GEM_IA,2017,new,iaw_0.01,spearman,0.006587449368074029,0.004604628103625938,7
GEM_IA,2017,new,iaw_0.01,sel_diff,0.0532072691392249,0.028269469075143175,7
GEM_IA,2017,new,iaw_0.02,spearman,0.006627152540286265,0.004423340295388601,7
GEM_IA,2017,new,iaw_0.02,sel_diff,0.0532072691392249,0.02867097847600006,7
GEM_IA,2017,new,iaw_0.05,spearman,0.005494439878404282,0.005774402666152632,7
GEM_IA,2017,new,iaw_0.05,sel_diff,0.0532072691392249,0.02822455074328108,7
GEM_IA,2017,new,iaw_0.1,spearman,0.0034711224262632145,0.007831127697754828,7
GEM_IA,2017,new,iaw_0.1,sel_diff,0.06111854301970123,0.02480879144599934,7
GEM_IA,2017,new,iaw_0.15,spearman,0.001939585956934327,0.009724183518475015,7
GEM_IA,2017,new,iaw_0.15,sel_diff,-0.0034690829781243715,0.04581977458569351,7
GEM_IA,2017,new,iaw_0.2,spearman,-0.000891898787962138,0.011431833102303824,7
GEM_IA,2017,new,iaw_0.2,sel_diff,-0.003144016682484723,0.0455616872304462,7
GEM_IA,2017,new,iaw_0.3,spearman,-0.0014945510548244553,0.011781200866368998,7
GEM_IA,2017,new,iaw_0.3,sel_diff,-0.015259893519990821,0.06519663188847949,7
GEM_IA,2017,new,iaw_0.4,spearman,-0.0013813430527864232,0.0135908961984814,7
GEM_IA,2017,new,iaw_0.4,sel_diff,-0.041249093954464376,0.09958074120745651,7
GEM_IA,2017,new,iaw_0.5,spearman,0.0007290366365097144,0.012112689565531158,7
GEM_IA,2017,new,iaw_0.5,sel_diff,-0.05287767114828757,0.09397982235451022,7
GEM_IA,2017,new,iaw_0.6,spearman,-0.0015425017258138215,0.014894426078929471,7
GEM_IA,2017,new,iaw_0.6,sel_diff,-0.020278447918323925,0.062452015734471664,7
GEM_IA,2017,new,iaw_0.7,spearman,-0.007392700823976648,0.014703385141118862,7
GEM_IA,2017,new,iaw_0.7,sel_diff,-0.07246612958788426,0.11818545769358312,7
GEM_IA,2017,new,iaw_0.8,spearman,-0.006775494362707251,0.014479573123407093,7
GEM_IA,2017,new,iaw_0.8,sel_diff,-0.030559509074030173,0.0832487032935885,7
GEM_IA,2017,new,iaw_0.9,spearman,-0.0025150148361084224,0.011077613787948727,7
GEM_IA,2017,new,iaw_0.9,sel_diff,-0.02251033926750929,0.08383625189644574,7
GEM_IA,2017,new,iaw_0.95,spearman,-0.0016477784824052383,0.0102325553718106,7
GEM_IA,2017,new,iaw_0.95,sel_diff,-0.06959164765141836,0.08774308743425757,7
GEM_IA,2018,all,ia_g,spearman,0.0,0.0,9
GEM_IA,2018,all,ia_g,sel_diff,0.0,0.0,9
GEM_IA,2018,all,ia_het,spearman,-0.004434751747889612,0.005824987045022975,9
GEM_IA,2018,all,ia_het,sel_diff,-0.1033381210000614,0.04521694965862594,9
GEM_IA,2018,all,ia_main,spearman,-0.004434751747889612,0.005802386908474448,9
GEM_IA,2018,all,ia_main,sel_diff,-0.1033381210000614,0.045962389972163314,9
GEM_IA,2018,all,ia_std,spearman,0.0008770919498638931,0.005500975472622761,9
GEM_IA,2018,all,ia_std,sel_diff,-0.07022944103318775,0.038732042872592964,9
GEM_IA,2018,all,iaw_0,spearman,-0.004434751747889612,0.0058479016162883675,9
GEM_IA,2018,all,iaw_0,sel_diff,-0.1033381210000614,0.045288697854292015,9
GEM_IA,2018,all,iaw_0.01,spearman,-0.004790865453577362,0.006094041196923165,9
GEM_IA,2018,all,iaw_0.01,sel_diff,-0.0871334795653299,0.04430840940667446,9
GEM_IA,2018,all,iaw_0.02,spearman,-0.004934806034582278,0.005883570437701707,9
GEM_IA,2018,all,iaw_0.02,sel_diff,-0.10644316057721061,0.05096056368065755,9
GEM_IA,2018,all,iaw_0.05,spearman,-0.005723175033017617,0.005051003227766355,9
GEM_IA,2018,all,iaw_0.05,sel_diff,-0.07783443990368302,0.04551815305909926,9
GEM_IA,2018,all,iaw_0.1,spearman,-0.011475724979014619,0.0034168901094727548,9
GEM_IA,2018,all,iaw_0.1,sel_diff,-0.10623018433278979,0.04089284011336563,9
GEM_IA,2018,all,iaw_0.15,spearman,-0.017266444326170468,0.005915213260438259,9
GEM_IA,2018,all,iaw_0.15,sel_diff,-0.054219771535837014,0.04083484414340746,9
GEM_IA,2018,all,iaw_0.2,spearman,-0.022295665592512462,0.008734661541818727,9
GEM_IA,2018,all,iaw_0.2,sel_diff,-0.04070045362281326,0.040046966981071616,9
GEM_IA,2018,all,iaw_0.3,spearman,-0.025471238085963896,0.01160512778349978,9
GEM_IA,2018,all,iaw_0.3,sel_diff,-0.022336428030941425,0.042856397976434334,9
GEM_IA,2018,all,iaw_0.4,spearman,-0.03804529400821627,0.01796591799147029,9
GEM_IA,2018,all,iaw_0.4,sel_diff,0.03912783712102335,0.056148920366496186,9
GEM_IA,2018,all,iaw_0.5,spearman,-0.04183384828970135,0.020449160932877422,9
GEM_IA,2018,all,iaw_0.5,sel_diff,-0.0515203724375244,0.08434549350518969,9
GEM_IA,2018,all,iaw_0.6,spearman,-0.04460436719002045,0.024740861096516895,9
GEM_IA,2018,all,iaw_0.6,sel_diff,-0.00725719524624693,0.10410567571997657,9
GEM_IA,2018,all,iaw_0.7,spearman,-0.04694349544479311,0.027325057333628704,9
GEM_IA,2018,all,iaw_0.7,sel_diff,-0.023365360674251507,0.09663401109480359,9
GEM_IA,2018,all,iaw_0.8,spearman,-0.052678843378241996,0.03225318270645123,9
GEM_IA,2018,all,iaw_0.8,sel_diff,-0.012515637335529295,0.09276068279972055,9
GEM_IA,2018,all,iaw_0.9,spearman,-0.056857812821725945,0.032548778894115137,9
GEM_IA,2018,all,iaw_0.9,sel_diff,-0.01756786828320209,0.10752176679835272,9
GEM_IA,2018,all,iaw_0.95,spearman,-0.05758764885085918,0.035189311676116,9
GEM_IA,2018,all,iaw_0.95,sel_diff,-0.04652631980965313,0.0905046190143837,9
GEM_IA,2018,new,ia_g,spearman,0.0,0.0,9
GEM_IA,2018,new,ia_g,sel_diff,0.0,0.0,9
GEM_IA,2018,new,ia_het,spearman,-0.004434751747889612,0.005767714465225429,9
GEM_IA,2018,new,ia_het,sel_diff,-0.1033381210000614,0.04482163246060146,9
GEM_IA,2018,new,ia_main,spearman,-0.004434751747889612,0.005609499912704412,9
GEM_IA,2018,new,ia_main,sel_diff,-0.1033381210000614,0.04598724006456699,9
GEM_IA,2018,new,ia_std,spearman,0.0008770919498638931,0.005136744503585065,9
GEM_IA,2018,new,ia_std,sel_diff,-0.07022944103318775,0.037667714405238265,9
GEM_IA,2018,new,iaw_0,spearman,-0.004434751747889612,0.005632868016155607,9
GEM_IA,2018,new,iaw_0,sel_diff,-0.1033381210000614,0.04608027040519099,9
GEM_IA,2018,new,iaw_0.01,spearman,-0.004790865453577362,0.006023985416215459,9
GEM_IA,2018,new,iaw_0.01,sel_diff,-0.0871334795653299,0.04474421644894876,9
GEM_IA,2018,new,iaw_0.02,spearman,-0.004934806034582278,0.0061506973597772775,9
GEM_IA,2018,new,iaw_0.02,sel_diff,-0.10644316057721061,0.050629379422483634,9
GEM_IA,2018,new,iaw_0.05,spearman,-0.005723175033017617,0.005146025920988239,9
GEM_IA,2018,new,iaw_0.05,sel_diff,-0.07783443990368302,0.046084930687611055,9
GEM_IA,2018,new,iaw_0.1,spearman,-0.011475724979014619,0.0034798797873550878,9
GEM_IA,2018,new,iaw_0.1,sel_diff,-0.10623018433278979,0.04043649062797667,9
GEM_IA,2018,new,iaw_0.15,spearman,-0.017266444326170468,0.005891545344099525,9
GEM_IA,2018,new,iaw_0.15,sel_diff,-0.054219771535837014,0.04275495667384022,9
GEM_IA,2018,new,iaw_0.2,spearman,-0.022295665592512462,0.008883184028282512,9
GEM_IA,2018,new,iaw_0.2,sel_diff,-0.04070045362281326,0.04055789678688033,9
GEM_IA,2018,new,iaw_0.3,spearman,-0.025471238085963896,0.012048883576231174,9
GEM_IA,2018,new,iaw_0.3,sel_diff,-0.022336428030941425,0.04435189161407874,9
GEM_IA,2018,new,iaw_0.4,spearman,-0.03804529400821627,0.017975994279100956,9
GEM_IA,2018,new,iaw_0.4,sel_diff,0.03912783712102335,0.05417065421163836,9
GEM_IA,2018,new,iaw_0.5,spearman,-0.04183384828970135,0.02103455365807031,9
GEM_IA,2018,new,iaw_0.5,sel_diff,-0.0515203724375244,0.08187262959457402,9
GEM_IA,2018,new,iaw_0.6,spearman,-0.04460436719002045,0.0245562910305079,9
GEM_IA,2018,new,iaw_0.6,sel_diff,-0.00725719524624693,0.10333695747930785,9
GEM_IA,2018,new,iaw_0.7,spearman,-0.04694349544479311,0.027077121737677873,9
GEM_IA,2018,new,iaw_0.7,sel_diff,-0.023365360674251507,0.09191127290579865,9
GEM_IA,2018,new,iaw_0.8,spearman,-0.052678843378241996,0.03265543792040606,9
GEM_IA,2018,new,iaw_0.8,sel_diff,-0.012515637335529295,0.09495842630087503,9
GEM_IA,2018,new,iaw_0.9,spearman,-0.056857812821725945,0.03513359630313048,9
GEM_IA,2018,new,iaw_0.9,sel_diff,-0.01756786828320209,0.10768490699731258,9
GEM_IA,2018,new,iaw_0.95,spearman,-0.05758764885085918,0.034825657271344214,9
GEM_IA,2018,new,iaw_0.95,sel_diff,-0.04652631980965313,0.0926328834769858,9
GEM_IA,2019,all,ia_g,spearman,0.0008966227777362539,0.000835968790130806,10
GEM_IA,2019,all,ia_g,sel_diff,-1.908195823574488e-18,8.078369597664487e-18,10
GEM_IA,2019,all,ia_het,spearman,0.010270962735029147,0.012055277323763262,10
GEM_IA,2019,all,ia_het,sel_diff,0.05836340838741201,0.03185648654058562,10
GEM_IA,2019,all,ia_main,spearman,0.010270962735029147,0.011946619002186066,10
GEM_IA,2019,all,ia_main,sel_diff,0.05836340838741201,0.03194511397235028,10
GEM_IA,2019,all,ia_std,spearman,0.012189734160639686,0.01219474937597663,10
GEM_IA,2019,all,ia_std,sel_diff,-0.02335914325816647,0.061453999403188346,10
GEM_IA,2019,all,iaw_0,spearman,0.010270962735029147,0.012262879014218473,10
GEM_IA,2019,all,iaw_0,sel_diff,0.05836340838741201,0.03397761466569234,10
GEM_IA,2019,all,iaw_0.01,spearman,0.011409855349842245,0.012568594735403178,10
GEM_IA,2019,all,iaw_0.01,sel_diff,0.06870402295753036,0.03140710386715679,10
GEM_IA,2019,all,iaw_0.02,spearman,0.01285947052862364,0.012754331386963023,10
GEM_IA,2019,all,iaw_0.02,sel_diff,0.06379324854053592,0.03210275609647476,10
GEM_IA,2019,all,iaw_0.05,spearman,0.014253452336744155,0.013479675268762757,10
GEM_IA,2019,all,iaw_0.05,sel_diff,0.06696114375664416,0.033167275890408535,10
GEM_IA,2019,all,iaw_0.1,spearman,0.017871917621871097,0.015590287416598552,10
GEM_IA,2019,all,iaw_0.1,sel_diff,0.09287916129681716,0.03715014695512721,10
GEM_IA,2019,all,iaw_0.15,spearman,0.02508501704285957,0.016077331537742344,10
GEM_IA,2019,all,iaw_0.15,sel_diff,0.07872008859360571,0.05627112183399067,10
GEM_IA,2019,all,iaw_0.2,spearman,0.02696311754334082,0.014908091362402932,10
GEM_IA,2019,all,iaw_0.2,sel_diff,0.07412195034816221,0.05602521931298186,10
GEM_IA,2019,all,iaw_0.3,spearman,0.031488151666105677,0.01515788068352248,10
GEM_IA,2019,all,iaw_0.3,sel_diff,0.09862432201667569,0.08120264467213735,10
GEM_IA,2019,all,iaw_0.4,spearman,0.032737598808455434,0.017924234420557284,10
GEM_IA,2019,all,iaw_0.4,sel_diff,0.03575773145482616,0.0914002227516965,10
GEM_IA,2019,all,iaw_0.5,spearman,0.03436016708022639,0.02016760646224846,10
GEM_IA,2019,all,iaw_0.5,sel_diff,0.07625303487088748,0.07442937216674445,10
GEM_IA,2019,all,iaw_0.6,spearman,0.036364705215752344,0.021005158505366807,10
GEM_IA,2019,all,iaw_0.6,sel_diff,-0.0038344160370642035,0.11655608617232051,10
GEM_IA,2019,all,iaw_0.7,spearman,0.03950412411416659,0.021421575416861082,10
GEM_IA,2019,all,iaw_0.7,sel_diff,0.08775149003741235,0.15871255641508428,10
GEM_IA,2019,all,iaw_0.8,spearman,0.03932480617612401,0.022514112930025542,10
GEM_IA,2019,all,iaw_0.8,sel_diff,0.09950361850980832,0.16132822405009206,10
GEM_IA,2019,all,iaw_0.9,spearman,0.037865120974669805,0.02370824597438626,10
GEM_IA,2019,all,iaw_0.9,sel_diff,0.04087675584266087,0.160196689068398,10
GEM_IA,2019,all,iaw_0.95,spearman,0.03940739178674572,0.024555997936512298,10
GEM_IA,2019,all,iaw_0.95,sel_diff,0.006519103591699582,0.18499326330709598,10
GEM_IA,2019,new,ia_g,spearman,0.0008966227777362539,0.0008642104420203462,10
GEM_IA,2019,new,ia_g,sel_diff,-1.908195823574488e-18,8.270668446306804e-18,10
GEM_IA,2019,new,ia_het,spearman,0.010270962735029147,0.012257962083213765,10
GEM_IA,2019,new,ia_het,sel_diff,0.05836340838741201,0.03298276420153156,10
GEM_IA,2019,new,ia_main,spearman,0.010270962735029147,0.012270621791219455,10
GEM_IA,2019,new,ia_main,sel_diff,0.05836340838741201,0.033137314543773486,10
GEM_IA,2019,new,ia_std,spearman,0.012189734160639686,0.012615549104134732,10
GEM_IA,2019,new,ia_std,sel_diff,-0.02335914325816647,0.06395594818760465,10
GEM_IA,2019,new,iaw_0,spearman,0.010270962735029147,0.012261452386960253,10
GEM_IA,2019,new,iaw_0,sel_diff,0.05836340838741201,0.032817194849335374,10
GEM_IA,2019,new,iaw_0.01,spearman,0.011409855349842245,0.012398396300382206,10
GEM_IA,2019,new,iaw_0.01,sel_diff,0.06870402295753036,0.030656082038341744,10
GEM_IA,2019,new,iaw_0.02,spearman,0.01285947052862364,0.012721945132785746,10
GEM_IA,2019,new,iaw_0.02,sel_diff,0.06379324854053592,0.030989391688065124,10
GEM_IA,2019,new,iaw_0.05,spearman,0.014253452336744155,0.013268515428742326,10
GEM_IA,2019,new,iaw_0.05,sel_diff,0.06696114375664416,0.03332149141503537,10
GEM_IA,2019,new,iaw_0.1,spearman,0.017871917621871097,0.015389767551123652,10
GEM_IA,2019,new,iaw_0.1,sel_diff,0.09287916129681716,0.03598438243334575,10
GEM_IA,2019,new,iaw_0.15,spearman,0.02508501704285957,0.015227509974012841,10
GEM_IA,2019,new,iaw_0.15,sel_diff,0.07872008859360571,0.056814819514111464,10
GEM_IA,2019,new,iaw_0.2,spearman,0.02696311754334082,0.015212419538953916,10
GEM_IA,2019,new,iaw_0.2,sel_diff,0.07412195034816221,0.054074963988177835,10
GEM_IA,2019,new,iaw_0.3,spearman,0.031488151666105677,0.01582731802646781,10
GEM_IA,2019,new,iaw_0.3,sel_diff,0.09862432201667569,0.08005177878471723,10
GEM_IA,2019,new,iaw_0.4,spearman,0.032737598808455434,0.017314216610494995,10
GEM_IA,2019,new,iaw_0.4,sel_diff,0.03575773145482616,0.09526642866598185,10
GEM_IA,2019,new,iaw_0.5,spearman,0.03436016708022639,0.02143438864100644,10
GEM_IA,2019,new,iaw_0.5,sel_diff,0.07625303487088748,0.073333408641512,10
GEM_IA,2019,new,iaw_0.6,spearman,0.036364705215752344,0.021312595427534973,10
GEM_IA,2019,new,iaw_0.6,sel_diff,-0.0038344160370642035,0.11463386340260745,10
GEM_IA,2019,new,iaw_0.7,spearman,0.03950412411416659,0.02095071182323666,10
GEM_IA,2019,new,iaw_0.7,sel_diff,0.08775149003741235,0.15927207894851877,10
GEM_IA,2019,new,iaw_0.8,spearman,0.03932480617612401,0.02255277909189527,10
GEM_IA,2019,new,iaw_0.8,sel_diff,0.09950361850980832,0.15241860957100942,10
GEM_IA,2019,new,iaw_0.9,spearman,0.037865120974669805,0.023371279286256295,10
GEM_IA,2019,new,iaw_0.9,sel_diff,0.04087675584266087,0.16522509206408503,10
GEM_IA,2019,new,iaw_0.95,spearman,0.03940739178674572,0.025150007835931586,10
GEM_IA,2019,new,iaw_0.95,sel_diff,0.006519103591699582,0.18499962308243967,10
MU_SOY,2020,all,ia_g,spearman,-0.0001720981887681491,0.0005961199196164104,11
MU_SOY,2020,all,ia_g,sel_diff,0.017205904254396845,0.040287982031404934,11
MU_SOY,2020,all,ia_het,spearman,0.034028741412353715,0.015303184046710359,11
MU_SOY,2020,all,ia_het,sel_diff,-0.005422817774660673,0.04394947375872597,11
MU_SOY,2020,all,ia_main,spearman,0.03364826608063473,0.013076707544931168,11
MU_SOY,2020,all,ia_main,sel_diff,-0.04829733906170761,0.06351176368141385,11
MU_SOY,2020,all,ia_std,spearman,0.024847382902210006,0.011518636864243438,11
MU_SOY,2020,all,ia_std,sel_diff,0.0034823966540997228,0.04775987989465057,11
MU_SOY,2020,all,iaw_0,spearman,0.034028741412353715,0.015068720351970124,11
MU_SOY,2020,all,iaw_0,sel_diff,-0.005422817774660673,0.04370494864067417,11
MU_SOY,2020,all,iaw_0.01,spearman,0.03452608369017453,0.015230077461428923,11
MU_SOY,2020,all,iaw_0.01,sel_diff,-0.04639737233247247,0.06212961821529158,11
MU_SOY,2020,all,iaw_0.02,spearman,0.03435044122906292,0.015423085681714004,11
MU_SOY,2020,all,iaw_0.02,sel_diff,-0.044412845292457676,0.06096572906876819,11
MU_SOY,2020,all,iaw_0.05,spearman,0.0336135855847369,0.013698985675413354,11
MU_SOY,2020,all,iaw_0.05,sel_diff,-0.03885454162933306,0.061855679979376334,11
MU_SOY,2020,all,iaw_0.1,spearman,0.03364826608063473,0.01325696480697608,11
MU_SOY,2020,all,iaw_0.1,sel_diff,-0.04829733906170761,0.06387563080684512,11
MU_SOY,2020,all,iaw_0.15,spearman,0.033033559580310186,0.013728632023157454,11
MU_SOY,2020,all,iaw_0.15,sel_diff,-0.04856373134540426,0.06453396461956251,11
MU_SOY,2020,all,iaw_0.2,spearman,0.030936512658123406,0.01325870584117165,11
MU_SOY,2020,all,iaw_0.2,sel_diff,-0.04820781548230645,0.06270379295437456,11
MU_SOY,2020,all,iaw_0.3,spearman,0.030858322067103382,0.013673200895027719,11
MU_SOY,2020,all,iaw_0.3,sel_diff,0.003096057899784793,0.06258225432135774,11
MU_SOY,2020,all,iaw_0.4,spearman,0.03164410143683343,0.014532307921372424,11
MU_SOY,2020,all,iaw_0.4,sel_diff,0.03052094950853154,0.07169078736999764,11
MU_SOY,2020,all,iaw_0.5,spearman,0.029450594868476152,0.016452788019782543,11
MU_SOY,2020,all,iaw_0.5,sel_diff,-0.03957878336267983,0.07132674441595213,11
MU_SOY,2020,all,iaw_0.6,spearman,0.0298881391151931,0.01918907101969642,11
MU_SOY,2020,all,iaw_0.6,sel_diff,-0.03459149112859341,0.06704128189871346,11
MU_SOY,2020,all,iaw_0.7,spearman,0.02459724027974235,0.02373744336746613,11
MU_SOY,2020,all,iaw_0.7,sel_diff,-0.000755385499220768,0.06787614476302924,11
MU_SOY,2020,all,iaw_0.8,spearman,0.018493961914914054,0.027800620336099046,11
MU_SOY,2020,all,iaw_0.8,sel_diff,-0.00514125328126569,0.08139452803817505,11
MU_SOY,2020,all,iaw_0.9,spearman,0.006415549473679988,0.034678604132950965,11
MU_SOY,2020,all,iaw_0.9,sel_diff,-0.008663877240835697,0.07940845559726861,11
MU_SOY,2020,all,iaw_0.95,spearman,-0.005405205231930366,0.03951874530074165,11
MU_SOY,2020,all,iaw_0.95,sel_diff,-0.01745523893288369,0.08098589774916927,11
MU_SOY,2020,new,ia_g,spearman,0.0005541609356232678,0.0011038038828471537,11
MU_SOY,2020,new,ia_g,sel_diff,-0.0035400221097110223,0.04089464512181416,11
MU_SOY,2020,new,ia_het,spearman,0.028690621185485297,0.016170816968336436,11
MU_SOY,2020,new,ia_het,sel_diff,0.004161283926245596,0.0492221061128057,11
MU_SOY,2020,new,ia_main,spearman,0.03413850444251166,0.01227740551169708,11
MU_SOY,2020,new,ia_main,sel_diff,-0.03546062713729071,0.06344859946791542,11
MU_SOY,2020,new,ia_std,spearman,0.036881832056126246,0.008064679325835947,11
MU_SOY,2020,new,ia_std,sel_diff,-0.0018668271720848845,0.05696466035049723,11
MU_SOY,2020,new,iaw_0,spearman,0.028690621185485297,0.016594942687263855,11
MU_SOY,2020,new,iaw_0,sel_diff,0.004161283926245596,0.050138052433191804,11
MU_SOY,2020,new,iaw_0.01,spearman,0.030361807300788482,0.016166222827695344,11
MU_SOY,2020,new,iaw_0.01,sel_diff,-0.03492166117919377,0.06695278431851488,11
MU_SOY,2020,new,iaw_0.02,spearman,0.030463250390690057,0.015835275333222147,11
MU_SOY,2020,new,iaw_0.02,sel_diff,-0.03492166117919377,0.06625625293423716,11
MU_SOY,2020,new,iaw_0.05,spearman,0.02892084631623354,0.015454910432070965,11
MU_SOY,2020,new,iaw_0.05,sel_diff,-0.03492166117919379,0.06736484986553203,11
MU_SOY,2020,new,iaw_0.1,spearman,0.03413850444251166,0.012488410967677744,11
MU_SOY,2020,new,iaw_0.1,sel_diff,-0.03546062713729071,0.06343068860347878,11
MU_SOY,2020,new,iaw_0.15,spearman,0.03453513952863884,0.012259663559368052,11
MU_SOY,2020,new,iaw_0.15,sel_diff,-0.0277524145223379,0.06537442173472828,11
MU_SOY,2020,new,iaw_0.2,spearman,0.034844108990300444,0.011559235439843739,11
MU_SOY,2020,new,iaw_0.2,sel_diff,-0.015056937987034861,0.06382889944950797,11
MU_SOY,2020,new,iaw_0.3,spearman,0.03588248122144251,0.012225978834844423,11
MU_SOY,2020,new,iaw_0.3,sel_diff,-0.06344283626730607,0.11655834555911178,11
MU_SOY,2020,new,iaw_0.4,spearman,0.03525214752497153,0.014426906317551112,11
MU_SOY,2020,new,iaw_0.4,sel_diff,-0.05128054627821375,0.12732796269696864,11
MU_SOY,2020,new,iaw_0.5,spearman,0.033073700924626644,0.017473591372556704,11
MU_SOY,2020,new,iaw_0.5,sel_diff,-0.06294198664202251,0.1208814732103373,11
MU_SOY,2020,new,iaw_0.6,spearman,0.031745232718468026,0.020401624258808083,11
MU_SOY,2020,new,iaw_0.6,sel_diff,-0.04325257469178374,0.12028557125482937,11
MU_SOY,2020,new,iaw_0.7,spearman,0.019974306070712003,0.025862479648026952,11
MU_SOY,2020,new,iaw_0.7,sel_diff,-0.009298320855934355,0.12825373576232363,11
MU_SOY,2020,new,iaw_0.8,spearman,0.007195449989716629,0.03128991427908178,11
MU_SOY,2020,new,iaw_0.8,sel_diff,-0.03705793907669321,0.12053522296418326,11
MU_SOY,2020,new,iaw_0.9,spearman,-0.021674513177710044,0.03958678043971397,11
MU_SOY,2020,new,iaw_0.9,sel_diff,-0.053699727813718165,0.12857075659506778,11
MU_SOY,2020,new,iaw_0.95,spearman,-0.03958266366448827,0.043666542347703015,11
MU_SOY,2020,new,iaw_0.95,sel_diff,-0.0658402266114383,0.12271769258007255,11
NUST,2005,all,ia_g,spearman,-0.0006836677569805621,0.0012227150767919522,25
NUST,2005,all,ia_g,sel_diff,0.0075262527227004695,0.006758044591409936,25
NUST,2005,all,ia_het,spearman,0.010153257450450395,0.008730992882515057,25
NUST,2005,all,ia_het,sel_diff,-0.12398540026835024,0.07071209775338422,25
NUST,2005,all,ia_main,spearman,0.010203691662567484,0.008731323430641388,25
NUST,2005,all,ia_main,sel_diff,-0.13187556385091564,0.07077011300682304,25
NUST,2005,all,ia_std,spearman,0.009304636972378181,0.011342984435818547,25
NUST,2005,all,ia_std,sel_diff,0.13027284860078706,0.05285540312204242,25
NUST,2005,all,iaw_0,spearman,0.010153257450450395,0.008881176238195775,25
NUST,2005,all,iaw_0,sel_diff,-0.12398540026835024,0.06980377392052053,25
NUST,2005,all,iaw_0.01,spearman,0.011018064152484321,0.009025808554899145,25
NUST,2005,all,iaw_0.01,sel_diff,-0.12398540026835024,0.0687429134908626,25
NUST,2005,all,iaw_0.02,spearman,0.010203691662567484,0.008969904946432673,25
NUST,2005,all,iaw_0.02,sel_diff,-0.13187556385091564,0.06965635188337489,25
NUST,2005,all,iaw_0.05,spearman,0.011370159171493721,0.008853972579336929,25
NUST,2005,all,iaw_0.05,sel_diff,-0.1163265681068766,0.07167268518662358,25
NUST,2005,all,iaw_0.1,spearman,0.008914501533767955,0.00892326593000432,25
NUST,2005,all,iaw_0.1,sel_diff,-0.10821847788657193,0.07650554865971015,25
NUST,2005,all,iaw_0.15,spearman,0.008652580978967853,0.009914706995737679,25
NUST,2005,all,iaw_0.15,sel_diff,-0.10821847788657193,0.07769133149204298,25
NUST,2005,all,iaw_0.2,spearman,0.0067889164115528,0.010649440940081205,25
NUST,2005,all,iaw_0.2,sel_diff,-0.08314090832523062,0.07979740824763763,25
NUST,2005,all,iaw_0.3,spearman,0.0008598903151621651,0.010527641628748956,25
NUST,2005,all,iaw_0.3,sel_diff,-0.06398654824709876,0.08230377353250355,25
NUST,2005,all,iaw_0.4,spearman,-0.0031157019030048816,0.010953808299781414,25
NUST,2005,all,iaw_0.4,sel_diff,-0.06398654824709876,0.0822198723761003,25
NUST,2005,all,iaw_0.5,spearman,-0.010161414451119146,0.011074994225321485,25
NUST,2005,all,iaw_0.5,sel_diff,-0.04959555412118029,0.07793169266352953,25
NUST,2005,all,iaw_0.6,spearman,-0.017169959742045306,0.012202062247544217,25
NUST,2005,all,iaw_0.6,sel_diff,-0.05551384039263183,0.08099765567627161,25
NUST,2005,all,iaw_0.7,spearman,-0.023396182683175358,0.012819675780705066,25
NUST,2005,all,iaw_0.7,sel_diff,-0.022886357404321832,0.0848723357812761,25
NUST,2005,all,iaw_0.8,spearman,-0.03622699728597491,0.014736701392868813,25
NUST,2005,all,iaw_0.8,sel_diff,-0.022020978660421714,0.10274559236044721,25
NUST,2005,all,iaw_0.9,spearman,-0.07702803458415505,0.023386067319589823,25
NUST,2005,all,iaw_0.9,sel_diff,-0.026947044311102567,0.10514204709845142,25
NUST,2005,all,iaw_0.95,spearman,-0.10163366295402572,0.030833377087513155,25
NUST,2005,all,iaw_0.95,sel_diff,-0.03904730176776372,0.11280989508635617,25
NUST,2005,all,ib_main,spearman,0.027243838796418212,0.013347078695487574,25
NUST,2005,all,ib_main,sel_diff,0.09606378595835784,0.06332771605820302,25
NUST,2005,all,ib_region,spearman,0.0017542242219356285,0.016797649658833996,25
NUST,2005,all,ib_region,sel_diff,0.04902753904468685,0.05220490997679221,25
NUST,2005,all,ibc_0.05,spearman,0.01568132139503038,0.0063011227123540865,25
NUST,2005,all,ibc_0.05,sel_diff,-0.013398512517410154,0.049498066750963486,25
NUST,2005,all,ibc_0.1,spearman,0.020366189202582933,0.009189204994737,25
NUST,2005,all,ibc_0.1,sel_diff,0.046110590187684763,0.04746348457377102,25
NUST,2005,all,ibc_0.2,spearman,0.023566831532762778,0.01155145591768196,25
NUST,2005,all,ibc_0.2,sel_diff,0.09819222252789786,0.05884474616748153,25
NUST,2005,all,ibc_0.3,spearman,0.025750565448575517,0.013095828195820343,25
NUST,2005,all,ibc_0.3,sel_diff,0.10431464861393663,0.058785145925355345,25
NUST,2005,all,ibc_0.5,spearman,0.026592887425526644,0.014007178416842389,25
NUST,2005,all,ibc_0.5,sel_diff,0.10480842631558485,0.05438859821079241,25
NUST,2005,all,ibc_0.75,spearman,0.027243838796418212,0.013811762098679037,25
NUST,2005,all,ibc_0.75,sel_diff,0.09606378595835784,0.06398391553597726,25
NUST,2005,all,ibc_1,spearman,0.031036440331616802,0.01508049815367407,25
NUST,2005,all,ibc_1,sel_diff,0.08465120976843388,0.06605997285294374,25
NUST,2005,all,ibc_1.5,spearman,0.03306904904089479,0.01659417807816834,25
NUST,2005,all,ibc_1.5,sel_diff,0.07257484254783303,0.06833579011124909,25
NUST,2005,all,ibc_2,spearman,0.03653412471904186,0.01759276678589348,25
NUST,2005,all,ibc_2,sel_diff,0.07017329983043172,0.0707096494190474,25
NUST,2005,all,ibc_3,spearman,0.03719534042444971,0.01840003136790608,25
NUST,2005,all,ibc_3,sel_diff,0.07494048732271474,0.07102302283110845,25
NUST,2005,new,ia_g,spearman,0.0006671375614151216,0.0029822267683835674,22
NUST,2005,new,ia_g,sel_diff,0.0,0.0,22
NUST,2005,new,ia_het,spearman,0.0028499734454915508,0.010595461541038555,22
NUST,2005,new,ia_het,sel_diff,-0.009206378710987666,0.03909291370962366,22
NUST,2005,new,ia_main,spearman,-0.0003875584359596907,0.009067505405279263,22
NUST,2005,new,ia_main,sel_diff,0.0209215928503581,0.04255722391914092,22
NUST,2005,new,ia_std,spearman,-0.008371453212105417,0.016317999900871835,22
NUST,2005,new,ia_std,sel_diff,0.031204562332135775,0.057429626263381946,22
NUST,2005,new,iaw_0,spearman,0.0028499734454915508,0.010528339618381484,22
NUST,2005,new,iaw_0,sel_diff,-0.009206378710987666,0.038898195496095384,22
NUST,2005,new,iaw_0.01,spearman,0.0032887852072977968,0.010032470258433422,22
NUST,2005,new,iaw_0.01,sel_diff,-0.009206378710987666,0.040934247132630684,22
NUST,2005,new,iaw_0.02,spearman,-0.0003875584359596907,0.008881696029057563,22
NUST,2005,new,iaw_0.02,sel_diff,0.0209215928503581,0.042261144777217735,22
NUST,2005,new,iaw_0.05,spearman,0.0013831806437863382,0.00858294634617189,22
NUST,2005,new,iaw_0.05,sel_diff,0.021884358755493643,0.043661589079817605,22
NUST,2005,new,iaw_0.1,spearman,-0.0026696416647336656,0.007524323888645475,22
NUST,2005,new,iaw_0.1,sel_diff,-0.026324189782640676,0.06104195058537742,22
NUST,2005,new,iaw_0.15,spearman,-0.006284554391312553,0.008809296113544808,22
NUST,2005,new,iaw_0.15,sel_diff,-0.035340722547491384,0.06411001668454644,22
NUST,2005,new,iaw_0.2,spearman,-0.011149441742596486,0.00945113763836546,22
NUST,2005,new,iaw_0.2,sel_diff,-0.035340722547491384,0.06524331750324609,22
NUST,2005,new,iaw_0.3,spearman,-0.012874000443810369,0.012398757720066059,22
NUST,2005,new,iaw_0.3,sel_diff,-0.035340722547491384,0.06473870105402628,22
NUST,2005,new,iaw_0.4,spearman,-0.018236338750809575,0.014410027571951234,22
NUST,2005,new,iaw_0.4,sel_diff,-0.035340722547491384,0.06184157362038946,22
NUST,2005,new,iaw_0.5,spearman,-0.02282224516541048,0.01554254497921883,22
NUST,2005,new,iaw_0.5,sel_diff,-0.11633648091990462,0.09861759268706304,22
NUST,2005,new,iaw_0.6,spearman,-0.03135047530780754,0.01811109578673519,22
NUST,2005,new,iaw_0.6,sel_diff,-0.11146167662909243,0.10006315074257248,22
NUST,2005,new,iaw_0.7,spearman,-0.03800100712186195,0.019642563127672836,22
NUST,2005,new,iaw_0.7,sel_diff,-0.11146167662909243,0.09797178716612788,22
NUST,2005,new,iaw_0.8,spearman,-0.03832188711345126,0.021573771609878247,22
NUST,2005,new,iaw_0.8,sel_diff,-0.16001252687334155,0.1403399522993497,22
NUST,2005,new,iaw_0.9,spearman,-0.045487778068063416,0.023982962372056865,22
NUST,2005,new,iaw_0.9,sel_diff,-0.22139310243715957,0.14722316788323994,22
NUST,2005,new,iaw_0.95,spearman,-0.04757409299740875,0.02329402696223657,22
NUST,2005,new,iaw_0.95,sel_diff,-0.20407353853486018,0.14723336428027894,22
NUST,2005,new,ib_main,spearman,0.014471249579712391,0.01203920891397729,22
NUST,2005,new,ib_main,sel_diff,0.01925394575533893,0.09823614191113766,22
NUST,2005,new,ib_region,spearman,-0.021854071922768517,0.020246454910651943,22
NUST,2005,new,ib_region,sel_diff,-0.09541797838758136,0.1038712319843284,22
NUST,2005,new,ibc_0.05,spearman,0.007318140161981835,0.005830987548465981,22
NUST,2005,new,ibc_0.05,sel_diff,0.04629170896374126,0.03131054128981168,22
NUST,2005,new,ibc_0.1,spearman,0.005919327772213313,0.007814587704104498,22
NUST,2005,new,ibc_0.1,sel_diff,0.08921846212683752,0.05230165972608775,22
NUST,2005,new,ibc_0.2,spearman,0.008529783377425148,0.009885897858024866,22
NUST,2005,new,ibc_0.2,sel_diff,0.11022908335175727,0.08158073265289395,22
NUST,2005,new,ibc_0.3,spearman,0.011626022404158658,0.010289558921263065,22
NUST,2005,new,ibc_0.3,sel_diff,0.119527914974616,0.0792293809166,22
NUST,2005,new,ibc_0.5,spearman,0.012609930554270414,0.01053095111860334,22
NUST,2005,new,ibc_0.5,sel_diff,0.06721319708811387,0.10006492936388799,22
NUST,2005,new,ibc_0.75,spearman,0.014471249579712391,0.01219708349571618,22
NUST,2005,new,ibc_0.75,sel_diff,0.01925394575533893,0.10052282767293882,22
NUST,2005,new,ibc_1,spearman,0.014401608263381709,0.01312482976832514,22
NUST,2005,new,ibc_1,sel_diff,-0.04770181465243197,0.07550367126451854,22
NUST,2005,new,ibc_1.5,spearman,0.016117191068725424,0.01447438671342358,22
NUST,2005,new,ibc_1.5,sel_diff,-0.04770181465243196,0.07508910286993312,22
NUST,2005,new,ibc_2,spearman,0.02298118902874766,0.016325025425703823,22
NUST,2005,new,ibc_2,sel_diff,-0.05605321168402124,0.07541204027384169,22
NUST,2005,new,ibc_3,spearman,0.023397099654089846,0.018859589234451756,22
NUST,2005,new,ibc_3,sel_diff,-0.0525794138746313,0.07607197206207038,22
NUST,2006,all,ia_g,spearman,0.006173912543329224,0.0026993509292825213,26
NUST,2006,all,ia_g,sel_diff,-0.03099236441026091,0.016967725492403413,26
NUST,2006,all,ia_het,spearman,0.009031696898948572,0.012465253908958843,26
NUST,2006,all,ia_het,sel_diff,-0.046456383045105326,0.07513879467920836,26
NUST,2006,all,ia_main,spearman,0.006892071798669417,0.013371726888574763,26
NUST,2006,all,ia_main,sel_diff,-0.05554310134903905,0.07738408987036166,26
NUST,2006,all,ia_std,spearman,0.006719509073743718,0.012971629812106675,26
NUST,2006,all,ia_std,sel_diff,-0.06205795559002321,0.0895387692899273,26
NUST,2006,all,iaw_0,spearman,0.009031696898948572,0.012735929734331658,26
NUST,2006,all,iaw_0,sel_diff,-0.046456383045105326,0.07214844576009216,26
NUST,2006,all,iaw_0.01,spearman,0.006045452316690338,0.013430087501895062,26
NUST,2006,all,iaw_0.01,sel_diff,-0.05554310134903905,0.07422404538116711,26
NUST,2006,all,iaw_0.02,spearman,0.006892071798669417,0.013456587328441695,26
NUST,2006,all,iaw_0.02,sel_diff,-0.05554310134903905,0.07549600965516501,26
NUST,2006,all,iaw_0.05,spearman,0.006584384065872574,0.014201426042673335,26
NUST,2006,all,iaw_0.05,sel_diff,-0.05868171961429838,0.07247296855197166,26
NUST,2006,all,iaw_0.1,spearman,0.00657263659065565,0.015019311243287363,26
NUST,2006,all,iaw_0.1,sel_diff,-0.059026444564932785,0.07295997182730081,26
NUST,2006,all,iaw_0.15,spearman,0.0016839116356052858,0.0155090242058622,26
NUST,2006,all,iaw_0.15,sel_diff,-0.04987799397998866,0.07554333015513144,26
NUST,2006,all,iaw_0.2,spearman,-0.0016884734516838368,0.015721319795624817,26
NUST,2006,all,iaw_0.2,sel_diff,-0.05985632036065492,0.07633256217137355,26
NUST,2006,all,iaw_0.3,spearman,-0.007928970385944045,0.02104530524864847,26
NUST,2006,all,iaw_0.3,sel_diff,-0.00898181733934236,0.08606113323405935,26
NUST,2006,all,iaw_0.4,spearman,-0.01446697718261372,0.025464687501568287,26
NUST,2006,all,iaw_0.4,sel_diff,0.11507283650542782,0.10638404377061068,26
NUST,2006,all,iaw_0.5,spearman,-0.01832369147125789,0.02776283856623307,26
NUST,2006,all,iaw_0.5,sel_diff,0.1255322247301411,0.10870065811705559,26
NUST,2006,all,iaw_0.6,spearman,-0.023239425022351545,0.029545288178107237,26
NUST,2006,all,iaw_0.6,sel_diff,0.11945839197860357,0.10787306602273755,26
NUST,2006,all,iaw_0.7,spearman,-0.025580385988646297,0.033418919566407954,26
NUST,2006,all,iaw_0.7,sel_diff,0.11895979251203616,0.11621516371254412,26
NUST,2006,all,iaw_0.8,spearman,-0.03825081943669724,0.037376187633121366,26
NUST,2006,all,iaw_0.8,sel_diff,0.1373080807075161,0.11938478154608874,26
NUST,2006,all,iaw_0.9,spearman,-0.050089658211316404,0.039773864795699,26
NUST,2006,all,iaw_0.9,sel_diff,0.1098693937970998,0.11735148511098445,26
NUST,2006,all,iaw_0.95,spearman,-0.0768648588361254,0.042493462632437785,26
NUST,2006,all,iaw_0.95,sel_diff,0.09046074741794784,0.12262703573399207,26
NUST,2006,all,ib_main,spearman,-0.012466067265906045,0.021960371678798572,26
NUST,2006,all,ib_main,sel_diff,0.011530498931977653,0.0911436065923074,26
NUST,2006,all,ib_region,spearman,0.014090854846171452,0.01906826120195565,26
NUST,2006,all,ib_region,sel_diff,0.023038672589013504,0.05067800150659092,26
NUST,2006,all,ibc_0.05,spearman,-0.013135483607640374,0.016651157435219957,26
NUST,2006,all,ibc_0.05,sel_diff,-0.08769842528960489,0.09169973619402447,26
NUST,2006,all,ibc_0.1,spearman,-0.0105701932678283,0.017810211043674775,26
NUST,2006,all,ibc_0.1,sel_diff,-0.09117423043864033,0.0969172293023768,26
NUST,2006,all,ibc_0.2,spearman,-0.006968668771120303,0.018168030065486562,26
NUST,2006,all,ibc_0.2,sel_diff,-0.008583911235206017,0.08720785035353619,26
NUST,2006,all,ibc_0.3,spearman,-0.009673299386179807,0.01882404398456467,26
NUST,2006,all,ibc_0.3,sel_diff,0.03212924236539558,0.09099413663233864,26
NUST,2006,all,ibc_0.5,spearman,-0.008116391167411462,0.020248811886542314,26
NUST,2006,all,ibc_0.5,sel_diff,0.004372547547844646,0.10733010691035776,26
NUST,2006,all,ibc_0.75,spearman,-0.009123258749290429,0.021366773887831227,26
NUST,2006,all,ibc_0.75,sel_diff,-1.5579559868869823e-05,0.10721045299815965,26
NUST,2006,all,ibc_1,spearman,-0.012466067265906045,0.02198378089946434,26
NUST,2006,all,ibc_1,sel_diff,0.011530498931977653,0.09268653957996176,26
NUST,2006,all,ibc_1.5,spearman,-0.01656802344315163,0.023309902008460403,26
NUST,2006,all,ibc_1.5,sel_diff,0.004738111349694212,0.09079580243881498,26
NUST,2006,all,ibc_2,spearman,-0.015339592928776086,0.024196901556528726,26
NUST,2006,all,ibc_2,sel_diff,0.07486472268896868,0.10757393442679085,26
NUST,2006,all,ibc_3,spearman,-0.018491885377388016,0.02577047576516348,26
NUST,2006,all,ibc_3,sel_diff,0.06846163711461434,0.10657539852580512,26
NUST,2006,new,ia_g,spearman,0.012359792431298455,0.004639583945005865,25
NUST,2006,new,ia_g,sel_diff,0.053254571724028976,0.05298732861635916,25
NUST,2006,new,ia_het,spearman,0.008708433041227598,0.010555076614615109,25
NUST,2006,new,ia_het,sel_diff,-0.01954768237032419,0.05949322132580357,25
NUST,2006,new,ia_main,spearman,0.007805218843537374,0.01015297502671885,25
NUST,2006,new,ia_main,sel_diff,-0.01954768237032419,0.05886117624808961,25
NUST,2006,new,ia_std,spearman,-0.0033138896544783643,0.012571050982890228,25
NUST,2006,new,ia_std,sel_diff,0.0006322494773066634,0.07151788650554901,25
NUST,2006,new,iaw_0,spearman,0.008708433041227598,0.01030262753249874,25
NUST,2006,new,iaw_0,sel_diff,-0.01954768237032419,0.06148359876018829,25
NUST,2006,new,iaw_0.01,spearman,0.007504387441481222,0.010284715509644413,25
NUST,2006,new,iaw_0.01,sel_diff,-0.01954768237032419,0.061655579612945925,25
NUST,2006,new,iaw_0.02,spearman,0.007805218843537374,0.010165017548744142,25
NUST,2006,new,iaw_0.02,sel_diff,-0.01954768237032419,0.06067796052596526,25
NUST,2006,new,iaw_0.05,spearman,0.01015114930182051,0.010038334928848364,25
NUST,2006,new,iaw_0.05,sel_diff,0.03370688935370478,0.07954830926586924,25
NUST,2006,new,iaw_0.1,spearman,0.009224071992853664,0.010973853745040223,25
NUST,2006,new,iaw_0.1,sel_diff,0.04259690172456057,0.08591457073479507,25
NUST,2006,new,iaw_0.15,spearman,0.00829753979476594,0.012732226317653653,25
NUST,2006,new,iaw_0.15,sel_diff,0.04259690172456057,0.08399627597679969,25
NUST,2006,new,iaw_0.2,spearman,0.005194552607699052,0.014539561178713908,25
NUST,2006,new,iaw_0.2,sel_diff,0.04259690172456057,0.08394295453381635,25
NUST,2006,new,iaw_0.3,spearman,-0.010121829793664952,0.016238532439298736,25
NUST,2006,new,iaw_0.3,sel_diff,0.02043984451441691,0.08299561657648477,25
NUST,2006,new,iaw_0.4,spearman,-0.01701496801006769,0.01757381539958883,25
NUST,2006,new,iaw_0.4,sel_diff,0.06888036502571578,0.09222293021891474,25
NUST,2006,new,iaw_0.5,spearman,-0.013439038282326558,0.018868832660987794,25
NUST,2006,new,iaw_0.5,sel_diff,0.0165558449517184,0.09238237437857705,25
NUST,2006,new,iaw_0.6,spearman,-0.01474543404362157,0.02262008517802068,25
NUST,2006,new,iaw_0.6,sel_diff,0.051439566718533156,0.11620945022273162,25
NUST,2006,new,iaw_0.7,spearman,-0.0141591710602804,0.024517035901996567,25
NUST,2006,new,iaw_0.7,sel_diff,0.06470365538855113,0.1132958819681582,25
NUST,2006,new,iaw_0.8,spearman,-0.015235902684186913,0.028169822990568773,25
NUST,2006,new,iaw_0.8,sel_diff,0.12306692251474406,0.11901257994653236,25
NUST,2006,new,iaw_0.9,spearman,-0.015517168806697734,0.03321150447098987,25
NUST,2006,new,iaw_0.9,sel_diff,0.08717268663725034,0.1202062735754451,25
NUST,2006,new,iaw_0.95,spearman,-0.02487719618984236,0.03584554251494593,25
NUST,2006,new,iaw_0.95,sel_diff,0.06856894985335774,0.13000766565532684,25
NUST,2006,new,ib_main,spearman,-0.007627883727652745,0.029397627733317663,25
NUST,2006,new,ib_main,sel_diff,0.11346825991168802,0.11563769165185657,25
NUST,2006,new,ib_region,spearman,-0.0008171403052955611,0.01693912224855591,25
NUST,2006,new,ib_region,sel_diff,0.17027595578431956,0.10141167273173311,25
NUST,2006,new,ibc_0.05,spearman,-0.022818714462934122,0.019892548289529383,25
NUST,2006,new,ibc_0.05,sel_diff,-0.021864399600782215,0.10832035628423842,25
NUST,2006,new,ibc_0.1,spearman,-0.02408141972537812,0.02316569512247417,25
NUST,2006,new,ibc_0.1,sel_diff,-0.015386413116158657,0.10716168610652664,25
NUST,2006,new,ibc_0.2,spearman,-0.014758670712115398,0.023090605091166404,25
NUST,2006,new,ibc_0.2,sel_diff,0.08606261968555536,0.11136958183839762,25
NUST,2006,new,ibc_0.3,spearman,-0.012236576605657058,0.02522677441491194,25
NUST,2006,new,ibc_0.3,sel_diff,0.092120881508019,0.10713620495489538,25
NUST,2006,new,ibc_0.5,spearman,-0.003475568795101176,0.026427815498009738,25
NUST,2006,new,ibc_0.5,sel_diff,0.092120881508019,0.10948997424595776,25
NUST,2006,new,ibc_0.75,spearman,-0.0026489731595397427,0.027915489988958975,25
NUST,2006,new,ibc_0.75,sel_diff,0.15782871090131603,0.10713535197834118,25
NUST,2006,new,ibc_1,spearman,-0.007627883727652745,0.029181768432162122,25
NUST,2006,new,ibc_1,sel_diff,0.11346825991168802,0.11721863628832814,25
NUST,2006,new,ibc_1.5,spearman,-0.014357243623798876,0.03139574414294291,25
NUST,2006,new,ibc_1.5,sel_diff,0.15973385107076335,0.12103023969308419,25
NUST,2006,new,ibc_2,spearman,-0.013414089328557834,0.031820055576000934,25
NUST,2006,new,ibc_2,sel_diff,0.23613041487851644,0.13570578772788097,25
NUST,2006,new,ibc_3,spearman,-0.02049543913880051,0.033787434856084035,25
NUST,2006,new,ibc_3,sel_diff,0.21186150028250872,0.1298711276789162,25
NUST,2007,all,ia_g,spearman,-0.0010014790902997614,0.0028131995164991435,31
NUST,2007,all,ia_g,sel_diff,-0.02884699936376644,0.016697050268339928,31
NUST,2007,all,ia_het,spearman,-0.0011571538297258036,0.006159824618542369,31
NUST,2007,all,ia_het,sel_diff,0.036892877599545106,0.047898490890326745,31
NUST,2007,all,ia_main,spearman,-0.000127573826859579,0.006140773006367887,31
NUST,2007,all,ia_main,sel_diff,0.06565245052924856,0.052977919509293606,31
NUST,2007,all,ia_std,spearman,0.004864281312277319,0.007882268794722569,31
NUST,2007,all,ia_std,sel_diff,0.019428605092947644,0.05202678355092554,31
NUST,2007,all,iaw_0,spearman,-0.0011571538297258036,0.005973549390512742,31
NUST,2007,all,iaw_0,sel_diff,0.036892877599545106,0.0472936971546002,31
NUST,2007,all,iaw_0.01,spearman,4.0845578317800386e-05,0.005859122908202222,31
NUST,2007,all,iaw_0.01,sel_diff,0.036892877599545106,0.04940350549206555,31
NUST,2007,all,iaw_0.02,spearman,-0.000127573826859579,0.006102698963275469,31
NUST,2007,all,iaw_0.02,sel_diff,0.06565245052924856,0.05225273319700029,31
NUST,2007,all,iaw_0.05,spearman,-0.0006657448621831693,0.0059265885108635424,31
NUST,2007,all,iaw_0.05,sel_diff,0.07800869668279674,0.05269068369095978,31
NUST,2007,all,iaw_0.1,spearman,-0.0009098022630090056,0.005964462539102879,31
NUST,2007,all,iaw_0.1,sel_diff,0.06922982679912097,0.05101413956932387,31
NUST,2007,all,iaw_0.15,spearman,0.00023759406596512048,0.005789128303822933,31
NUST,2007,all,iaw_0.15,sel_diff,0.06610437296375991,0.052960150085619516,31
NUST,2007,all,iaw_0.2,spearman,-0.0013136390562460943,0.005872986034558324,31
NUST,2007,all,iaw_0.2,sel_diff,0.06610437296375991,0.05274942038350196,31
NUST,2007,all,iaw_0.3,spearman,0.0020645673590762984,0.0064938008227990035,31
NUST,2007,all,iaw_0.3,sel_diff,0.046623785656565976,0.05901674394734888,31
NUST,2007,all,iaw_0.4,spearman,0.0016365141836010727,0.008611291493785016,31
NUST,2007,all,iaw_0.4,sel_diff,0.05184152549744509,0.06154888865009358,31
NUST,2007,all,iaw_0.5,spearman,0.001678279479767313,0.009349461249009164,31
NUST,2007,all,iaw_0.5,sel_diff,0.028169807192474135,0.06531981189651245,31
NUST,2007,all,iaw_0.6,spearman,-0.0029894795155875104,0.011341947097004498,31
NUST,2007,all,iaw_0.6,sel_diff,0.10417769071439212,0.06320252454048239,31
NUST,2007,all,iaw_0.7,spearman,-0.007244909420742007,0.012741620868034091,31
NUST,2007,all,iaw_0.7,sel_diff,0.11501128682201872,0.0635748502158065,31
NUST,2007,all,iaw_0.8,spearman,-0.01173935822194203,0.013851131644050971,31
NUST,2007,all,iaw_0.8,sel_diff,0.11623513997945302,0.06076878425806989,31
NUST,2007,all,iaw_0.9,spearman,-0.031143120272140022,0.018497067609019046,31
NUST,2007,all,iaw_0.9,sel_diff,0.1309085217497574,0.06256156690050815,31
NUST,2007,all,iaw_0.95,spearman,-0.05555251673528398,0.02325120923751219,31
NUST,2007,all,iaw_0.95,sel_diff,0.08474738213358102,0.05846251987895478,31
NUST,2007,all,ib_main,spearman,-0.028604524404333673,0.021281434599369573,31
NUST,2007,all,ib_main,sel_diff,0.0631698302931562,0.06226090067841784,31
NUST,2007,all,ib_region,spearman,-0.0357854011337668,0.024286044688662575,31
NUST,2007,all,ib_region,sel_diff,0.07973116136706486,0.09015276973479408,31
NUST,2007,all,ibc_0.05,spearman,-0.02729882666652165,0.015261498695606888,31
NUST,2007,all,ibc_0.05,sel_diff,0.03849334345994922,0.038152031372032824,31
NUST,2007,all,ibc_0.1,spearman,-0.029881671891558718,0.015378806551281847,31
NUST,2007,all,ibc_0.1,sel_diff,0.024264454440668257,0.04342123329055175,31
NUST,2007,all,ibc_0.2,spearman,-0.026899441685492968,0.017168677812642117,31
NUST,2007,all,ibc_0.2,sel_diff,-0.00034014964238112067,0.044873530332384386,31
NUST,2007,all,ibc_0.3,spearman,-0.025651241137248953,0.018174160308313834,31
NUST,2007,all,ibc_0.3,sel_diff,0.038644990547265966,0.05492833644115623,31
NUST,2007,all,ibc_0.5,spearman,-0.02541222695785493,0.018526393924177268,31
NUST,2007,all,ibc_0.5,sel_diff,0.03461344461044957,0.0538043923554484,31
NUST,2007,all,ibc_0.75,spearman,-0.028008849362891542,0.020605580585475198,31
NUST,2007,all,ibc_0.75,sel_diff,0.047695050676196685,0.0575672739323605,31
NUST,2007,all,ibc_1,spearman,-0.0291876388743158,0.020774180707443583,31
NUST,2007,all,ibc_1,sel_diff,0.05302292174395016,0.05848577487858613,31
NUST,2007,all,ibc_1.5,spearman,-0.028604524404333673,0.02056707901182937,31
NUST,2007,all,ibc_1.5,sel_diff,0.0631698302931562,0.06452695417374031,31
NUST,2007,all,ibc_2,spearman,-0.03201921160102887,0.021636766026468423,31
NUST,2007,all,ibc_2,sel_diff,0.07391125865585604,0.0746714253860295,31
NUST,2007,all,ibc_3,spearman,-0.033293522387748596,0.023150560797160255,31
NUST,2007,all,ibc_3,sel_diff,0.07696362648804066,0.07457457796923704,31
NUST,2007,new,ia_g,spearman,0.00196241034201884,0.004810696950285951,30
NUST,2007,new,ia_g,sel_diff,-0.010114902311285253,0.010070154054664906,30
NUST,2007,new,ia_het,spearman,-0.011329514192402678,0.011809535387136163,30
NUST,2007,new,ia_het,sel_diff,0.0134585548121225,0.027491872321305087,30
NUST,2007,new,ia_main,spearman,-0.010244417483193824,0.012411027019851513,30
NUST,2007,new,ia_main,sel_diff,0.016038194327752293,0.026527008281294392,30
NUST,2007,new,ia_std,spearman,0.012729477466894089,0.020444030376636488,30
NUST,2007,new,ia_std,sel_diff,-0.09062255256406754,0.0619555678064454,30
NUST,2007,new,iaw_0,spearman,-0.011329514192402678,0.012137351705607091,30
NUST,2007,new,iaw_0,sel_diff,0.0134585548121225,0.027227569314437584,30
NUST,2007,new,iaw_0.01,spearman,-0.011495495610948548,0.012077021643646392,30
NUST,2007,new,iaw_0.01,sel_diff,0.016038194327752293,0.027304770995252983,30
NUST,2007,new,iaw_0.02,spearman,-0.010244417483193824,0.012744052573471948,30
NUST,2007,new,iaw_0.02,sel_diff,0.016038194327752293,0.027287442918622774,30
NUST,2007,new,iaw_0.05,spearman,-0.012503178100468127,0.01155400984867175,30
NUST,2007,new,iaw_0.05,sel_diff,0.009928521790734359,0.029010741051217707,30
NUST,2007,new,iaw_0.1,spearman,-0.005010540693299352,0.013042913200598846,30
NUST,2007,new,iaw_0.1,sel_diff,-0.14834187351253014,0.09265476459043552,30
NUST,2007,new,iaw_0.15,spearman,0.005165500131631662,0.012556136206382835,30
NUST,2007,new,iaw_0.15,sel_diff,-0.14834187351253014,0.0904475475291559,30
NUST,2007,new,iaw_0.2,spearman,0.004091907467993507,0.011815598792420164,30
NUST,2007,new,iaw_0.2,sel_diff,-0.14925304740674672,0.09150437476627667,30
NUST,2007,new,iaw_0.3,spearman,0.002826914560164031,0.01209457529953619,30
NUST,2007,new,iaw_0.3,sel_diff,-0.14718160103645742,0.09177958488263253,30
NUST,2007,new,iaw_0.4,spearman,0.003955454497068843,0.01744833846650187,30
NUST,2007,new,iaw_0.4,sel_diff,-0.22960412207937012,0.09933812816858685,30
NUST,2007,new,iaw_0.5,spearman,-0.0018714339112771419,0.019550861600511466,30
NUST,2007,new,iaw_0.5,sel_diff,-0.2221939935505654,0.09822159438659374,30
NUST,2007,new,iaw_0.6,spearman,-0.017042050107082485,0.02027789534282622,30
NUST,2007,new,iaw_0.6,sel_diff,-0.21567029245176997,0.09895236809017648,30
NUST,2007,new,iaw_0.7,spearman,-0.022411820335986744,0.020162524570734676,30
NUST,2007,new,iaw_0.7,sel_diff,-0.17319150310707823,0.10002507700919602,30
NUST,2007,new,iaw_0.8,spearman,-0.032853004691401275,0.022044210479810086,30
NUST,2007,new,iaw_0.8,sel_diff,-0.23963965352055722,0.09949971359665863,30
NUST,2007,new,iaw_0.9,spearman,-0.05712015403430752,0.023875242725385715,30
NUST,2007,new,iaw_0.9,sel_diff,-0.5073372618244252,0.13769116682508636,30
NUST,2007,new,iaw_0.95,spearman,-0.07167399895195863,0.025147760758557756,30
NUST,2007,new,iaw_0.95,sel_diff,-0.5011350970070094,0.14410071442088537,30
NUST,2007,new,ib_main,spearman,-0.030007834822680098,0.01866364834703159,30
NUST,2007,new,ib_main,sel_diff,-0.15352720893212599,0.08351281744613093,30
NUST,2007,new,ib_region,spearman,-0.02856455252725494,0.02942356737381677,30
NUST,2007,new,ib_region,sel_diff,-0.27549401976378873,0.12142193836387652,30
NUST,2007,new,ibc_0.05,spearman,-0.03752125312720507,0.016764681771733594,30
NUST,2007,new,ibc_0.05,sel_diff,-0.061406478568703765,0.08013481840835102,30
NUST,2007,new,ibc_0.1,spearman,-0.03733296425112801,0.01575086694657443,30
NUST,2007,new,ibc_0.1,sel_diff,-0.0316777269519608,0.08525366413544343,30
NUST,2007,new,ibc_0.2,spearman,-0.030741360988750948,0.0159072005363238,30
NUST,2007,new,ibc_0.2,sel_diff,-0.05506383260221164,0.0805197009838259,30
NUST,2007,new,ibc_0.3,spearman,-0.02742190966222139,0.015499125546166002,30
NUST,2007,new,ibc_0.3,sel_diff,-0.05506383260221164,0.07902726876813773,30
NUST,2007,new,ibc_0.5,spearman,-0.03280322946756274,0.015177526129342523,30
NUST,2007,new,ibc_0.5,sel_diff,-0.07149036522981778,0.08291503400585076,30
NUST,2007,new,ibc_0.75,spearman,-0.03435164101941983,0.016503201393044516,30
NUST,2007,new,ibc_0.75,sel_diff,-0.08559581427091394,0.0793902388310369,30
NUST,2007,new,ibc_1,spearman,-0.03046081095647153,0.017205262046446373,30
NUST,2007,new,ibc_1,sel_diff,-0.08626683677918418,0.082539293092558,30
NUST,2007,new,ibc_1.5,spearman,-0.030007834822680098,0.01834212987732719,30
NUST,2007,new,ibc_1.5,sel_diff,-0.15352720893212599,0.08340087151590883,30
NUST,2007,new,ibc_2,spearman,-0.031119621188674514,0.01919340044752732,30
NUST,2007,new,ibc_2,sel_diff,-0.15352720893212599,0.08573238218201497,30
NUST,2007,new,ibc_3,spearman,-0.030850143300663727,0.020662138370857678,30
NUST,2007,new,ibc_3,sel_diff,-0.16768788895218886,0.08696620357915018,30
NUST,2008,all,ia_g,spearman,0.003120803322728936,0.0018190963441119417,27
NUST,2008,all,ia_g,sel_diff,0.005703233421523009,0.011189530461213511,27
NUST,2008,all,ia_het,spearman,-0.0008091309691006648,0.006432600540472863,27
NUST,2008,all,ia_het,sel_diff,-0.014761855312706114,0.013752470855167528,27
NUST,2008,all,ia_main,spearman,0.009729146995963056,0.006943650167471743,27
NUST,2008,all,ia_main,sel_diff,-0.02180751717759577,0.013478544798401436,27
NUST,2008,all,ia_std,spearman,0.007658841427650493,0.006404198749183571,27
NUST,2008,all,ia_std,sel_diff,0.019017006934803057,0.05406312710948111,27
NUST,2008,all,iaw_0,spearman,-0.0008091309691006648,0.006081750947508543,27
NUST,2008,all,iaw_0,sel_diff,-0.014761855312706114,0.013657710981976635,27
NUST,2008,all,iaw_0.01,spearman,0.0019818690682731166,0.006525622170439159,27
NUST,2008,all,iaw_0.01,sel_diff,-0.0164890014302496,0.014487931694283227,27
NUST,2008,all,iaw_0.02,spearman,0.0055334537583616875,0.006728202708761178,27
NUST,2008,all,iaw_0.02,sel_diff,-0.022303678913047093,0.013766353371475429,27
NUST,2008,all,iaw_0.05,spearman,0.009729146995963056,0.006973078615853407,27
NUST,2008,all,iaw_0.05,sel_diff,-0.02180751717759577,0.01392583725691983,27
NUST,2008,all,iaw_0.1,spearman,0.011035731904621128,0.006651409447101116,27
NUST,2008,all,iaw_0.1,sel_diff,-0.010219267950070977,0.018826667586927165,27
NUST,2008,all,iaw_0.15,spearman,0.011757270257082881,0.0066105031032477795,27
NUST,2008,all,iaw_0.15,sel_diff,-0.02686621367834176,0.022903189696015215,27
NUST,2008,all,iaw_0.2,spearman,0.011290868469510107,0.0067550545893435825,27
NUST,2008,all,iaw_0.2,sel_diff,-0.02686621367834176,0.022891195507819637,27
NUST,2008,all,iaw_0.3,spearman,0.010385991317150962,0.007133137029314423,27
NUST,2008,all,iaw_0.3,sel_diff,-0.04037919870822255,0.038362963597826046,27
NUST,2008,all,iaw_0.4,spearman,0.007871739817504024,0.007438581762108863,27
NUST,2008,all,iaw_0.4,sel_diff,-0.05211115331470859,0.04434280636826965,27
NUST,2008,all,iaw_0.5,spearman,0.004486560777023203,0.007456595384900931,27
NUST,2008,all,iaw_0.5,sel_diff,-0.05211115331470859,0.04395521440729607,27
NUST,2008,all,iaw_0.6,spearman,-0.0042876477159541505,0.008205087209028128,27
NUST,2008,all,iaw_0.6,sel_diff,-0.056554382395589686,0.042318408298602714,27
NUST,2008,all,iaw_0.7,spearman,-0.009707895334330236,0.008961685337398547,27
NUST,2008,all,iaw_0.7,sel_diff,-0.0714943315530068,0.05795830945173562,27
NUST,2008,all,iaw_0.8,spearman,-0.011781795178277089,0.010122085217687354,27
NUST,2008,all,iaw_0.8,sel_diff,-0.046118396473635984,0.060553171749035434,27
NUST,2008,all,iaw_0.9,spearman,-0.024962399364636755,0.013933315153577487,27
NUST,2008,all,iaw_0.9,sel_diff,-0.051976508557926134,0.06280670270463513,27
NUST,2008,all,iaw_0.95,spearman,-0.05383819737819491,0.01782972750243222,27
NUST,2008,all,iaw_0.95,sel_diff,-0.0474324235305279,0.06293169878316361,27
NUST,2008,all,ib_main,spearman,0.03548920151960368,0.020157469948551426,27
NUST,2008,all,ib_main,sel_diff,0.1488643177113698,0.09991229730247204,27
NUST,2008,all,ib_region,spearman,0.030156075752719117,0.01948741443943649,27
NUST,2008,all,ib_region,sel_diff,0.1647478849782838,0.08452420329556944,27
NUST,2008,all,ibc_0.05,spearman,0.011083627795050609,0.013839110852575004,27
NUST,2008,all,ibc_0.05,sel_diff,0.09449654439183248,0.048909762356641066,27
NUST,2008,all,ibc_0.1,spearman,0.01731008730208638,0.015619829080931735,27
NUST,2008,all,ibc_0.1,sel_diff,0.09729190616122514,0.0558506020079489,27
NUST,2008,all,ibc_0.2,spearman,0.02645619489018863,0.017102696756993448,27
NUST,2008,all,ibc_0.2,sel_diff,0.11915337471074157,0.07719179823493721,27
NUST,2008,all,ibc_0.3,spearman,0.03163911500746227,0.01753937680357459,27
NUST,2008,all,ibc_0.3,sel_diff,0.12974134345483296,0.07669372434889796,27
NUST,2008,all,ibc_0.5,spearman,0.03597873038440121,0.018108843311869096,27
NUST,2008,all,ibc_0.5,sel_diff,0.1774337709878249,0.09150235842344485,27
NUST,2008,all,ibc_0.75,spearman,0.03640207999990924,0.019265268852686,27
NUST,2008,all,ibc_0.75,sel_diff,0.1695148471493349,0.09766115784653553,27
NUST,2008,all,ibc_1,spearman,0.03548920151960368,0.020890096646273167,27
NUST,2008,all,ibc_1,sel_diff,0.1488643177113698,0.09907701671866037,27
NUST,2008,all,ibc_1.5,spearman,0.03693835486375051,0.020732259456681376,27
NUST,2008,all,ibc_1.5,sel_diff,0.1199003145223127,0.10148595441771517,27
NUST,2008,all,ibc_2,spearman,0.03654739740621365,0.020693174728840698,27
NUST,2008,all,ibc_2,sel_diff,0.13105176323444037,0.10091126447572724,27
NUST,2008,all,ibc_3,spearman,0.03257935732218823,0.021953198038261294,27
NUST,2008,all,ibc_3,sel_diff,0.11597554422234158,0.10246655843345388,27
NUST,2008,new,ia_g,spearman,0.008509359618213964,0.004938496436388674,22
NUST,2008,new,ia_g,sel_diff,-5.046468293750712e-18,4.895973221441243e-18,22
NUST,2008,new,ia_het,spearman,-0.011058805456909529,0.0098431613027354,22
NUST,2008,new,ia_het,sel_diff,-0.10035111735670578,0.0911240210273621,22
NUST,2008,new,ia_main,spearman,0.012308749387696178,0.009186129996858245,22
NUST,2008,new,ia_main,sel_diff,-0.05716817482149816,0.08837371367784806,22
NUST,2008,new,ia_std,spearman,0.011633557697504498,0.012557915603219741,22
NUST,2008,new,ia_std,sel_diff,0.11392195505453367,0.14389209584857668,22
NUST,2008,new,iaw_0,spearman,-0.011058805456909529,0.009945015335003393,22
NUST,2008,new,iaw_0,sel_diff,-0.10035111735670578,0.08987456687011679,22
NUST,2008,new,iaw_0.01,spearman,0.001785740628020719,0.0075574036338533004,22
NUST,2008,new,iaw_0.01,sel_diff,-0.05716817482149816,0.08816722454443728,22
NUST,2008,new,iaw_0.02,spearman,0.002593124609150621,0.00793844898243874,22
NUST,2008,new,iaw_0.02,sel_diff,-0.05716817482149816,0.0887732866493809,22
NUST,2008,new,iaw_0.05,spearman,0.012308749387696178,0.00944930800150441,22
NUST,2008,new,iaw_0.05,sel_diff,-0.05716817482149816,0.087503429138216,22
NUST,2008,new,iaw_0.1,spearman,0.012614447286011847,0.010176288110990892,22
NUST,2008,new,iaw_0.1,sel_diff,0.10761958871733929,0.10325163300947884,22
NUST,2008,new,iaw_0.15,spearman,0.011722486572321777,0.01197782114730888,22
NUST,2008,new,iaw_0.15,sel_diff,0.10761958871733929,0.10140919348086813,22
NUST,2008,new,iaw_0.2,spearman,0.013105138079053402,0.013180701135335175,22
NUST,2008,new,iaw_0.2,sel_diff,0.10761958871733929,0.10178917803065335,22
NUST,2008,new,iaw_0.3,spearman,0.0064557301978683205,0.014321629359386648,22
NUST,2008,new,iaw_0.3,sel_diff,0.20572727307938435,0.11073979006866531,22
NUST,2008,new,iaw_0.4,spearman,0.005633360332194635,0.014812138701744821,22
NUST,2008,new,iaw_0.4,sel_diff,0.21130813568836715,0.09865689618380953,22
NUST,2008,new,iaw_0.5,spearman,0.0034249849325782154,0.016734310504331676,22
NUST,2008,new,iaw_0.5,sel_diff,0.1790500842574822,0.09805803112856475,22
NUST,2008,new,iaw_0.6,spearman,-0.00392248273553783,0.021113008904619885,22
NUST,2008,new,iaw_0.6,sel_diff,0.19831180116418604,0.09721901058781574,22
NUST,2008,new,iaw_0.7,spearman,-0.008443014110023996,0.02041331088385863,22
NUST,2008,new,iaw_0.7,sel_diff,0.13938719365793306,0.10307764882492253,22
NUST,2008,new,iaw_0.8,spearman,-0.006540121240968591,0.02173571459269773,22
NUST,2008,new,iaw_0.8,sel_diff,0.20665101907878985,0.14388355641932593,22
NUST,2008,new,iaw_0.9,spearman,-0.008912695852874209,0.026316274486949533,22
NUST,2008,new,iaw_0.9,sel_diff,0.1538422459573371,0.14939211071657973,22
NUST,2008,new,iaw_0.95,spearman,-0.02544884075865529,0.023964461743318823,22
NUST,2008,new,iaw_0.95,sel_diff,0.04491010681150546,0.14006183429715216,22
NUST,2008,new,ib_main,spearman,-0.008967173767998087,0.03445864661549986,22
NUST,2008,new,ib_main,sel_diff,0.08907055993393936,0.1692250245462242,22
NUST,2008,new,ib_region,spearman,-0.025136473381449198,0.029663377398155114,22
NUST,2008,new,ib_region,sel_diff,0.12378128205942494,0.1766825541190113,22
NUST,2008,new,ibc_0.05,spearman,-0.01164742207035841,0.019831632250214577,22
NUST,2008,new,ibc_0.05,sel_diff,0.11385042400432707,0.13601801359136065,22
NUST,2008,new,ibc_0.1,spearman,-0.005182883272565371,0.02350858284280916,22
NUST,2008,new,ibc_0.1,sel_diff,0.14729527012342955,0.15215922838498022,22
NUST,2008,new,ibc_0.2,spearman,-0.010554139815326918,0.025814467077970495,22
NUST,2008,new,ibc_0.2,sel_diff,0.1418803782514034,0.15313821983722167,22
NUST,2008,new,ibc_0.3,spearman,-0.007881326290607933,0.027803031487257452,22
NUST,2008,new,ibc_0.3,sel_diff,0.11803928031652733,0.156902190289736,22
NUST,2008,new,ibc_0.5,spearman,-0.007927847755500745,0.02925113175782183,22
NUST,2008,new,ibc_0.5,sel_diff,0.08668524685120914,0.16908227247519556,22
NUST,2008,new,ibc_0.75,spearman,-0.0025912798902968837,0.031308956872951765,22
NUST,2008,new,ibc_0.75,sel_diff,0.08668524685120914,0.16995227280676498,22
NUST,2008,new,ibc_1,spearman,-0.008967173767998087,0.033636072811960835,22
NUST,2008,new,ibc_1,sel_diff,0.08907055993393936,0.173499409120369,22
NUST,2008,new,ibc_1.5,spearman,-0.004745060431501239,0.03499076767762221,22
NUST,2008,new,ibc_1.5,sel_diff,0.0939104481756563,0.16766966538223232,22
NUST,2008,new,ibc_2,spearman,-0.009169220377782937,0.034028982822334713,22
NUST,2008,new,ibc_2,sel_diff,0.11914759384022267,0.16826377236578352,22
NUST,2008,new,ibc_3,spearman,-0.016252797092266586,0.038994857786637825,22
NUST,2008,new,ibc_3,sel_diff,0.07717864211525152,0.16582007255600523,22
NUST,2009,all,ia_g,spearman,-0.003769112812946374,0.006845031135529964,23
NUST,2009,all,ia_g,sel_diff,-0.020978133924401118,0.011834875225860214,23
NUST,2009,all,ia_het,spearman,-0.008456751108384971,0.006605564858048051,23
NUST,2009,all,ia_het,sel_diff,-0.019959060005795545,0.06261135496233432,23
NUST,2009,all,ia_main,spearman,-0.007007716089242766,0.007695889974725467,23
NUST,2009,all,ia_main,sel_diff,-0.051498955482302954,0.05272090822631027,23
NUST,2009,all,ia_std,spearman,-0.008814331743382486,0.00798363915298886,23
NUST,2009,all,ia_std,sel_diff,0.06742846258083081,0.047663952546440534,23
NUST,2009,all,iaw_0,spearman,-0.008456751108384971,0.006416855569183124,23
NUST,2009,all,iaw_0,sel_diff,-0.019959060005795545,0.06255851567035194,23
NUST,2009,all,iaw_0.01,spearman,-0.006183584137509527,0.006613005621363551,23
NUST,2009,all,iaw_0.01,sel_diff,-0.019959060005795545,0.06136286160657257,23
NUST,2009,all,iaw_0.02,spearman,-0.007213509684089622,0.006899251817798717,23
NUST,2009,all,iaw_0.02,sel_diff,-0.02756377920973919,0.06222577647941429,23
NUST,2009,all,iaw_0.05,spearman,-0.007007716089242766,0.007525830521522481,23
NUST,2009,all,iaw_0.05,sel_diff,-0.051498955482302954,0.05264936051725902,23
NUST,2009,all,iaw_0.1,spearman,-0.008081706611718418,0.007688838310480875,23
NUST,2009,all,iaw_0.1,sel_diff,-0.062255677770951784,0.05562736260506442,23
NUST,2009,all,iaw_0.15,spearman,-0.007644755924703878,0.008998668128798494,23
NUST,2009,all,iaw_0.15,sel_diff,-0.015460200676480651,0.05896931413922285,23
NUST,2009,all,iaw_0.2,spearman,-0.007169172424115463,0.008810073441220097,23
NUST,2009,all,iaw_0.2,sel_diff,0.005876117318917591,0.05132237467217694,23
NUST,2009,all,iaw_0.3,spearman,-0.0040583959230397,0.010173104299424954,23
NUST,2009,all,iaw_0.3,sel_diff,0.0050309313518243455,0.05190255390490093,23
NUST,2009,all,iaw_0.4,spearman,-0.005477001882219557,0.01122782846116877,23
NUST,2009,all,iaw_0.4,sel_diff,-0.028454477228666834,0.05425546944602092,23
NUST,2009,all,iaw_0.5,spearman,-0.008167127379666806,0.011912450531159755,23
NUST,2009,all,iaw_0.5,sel_diff,0.0016800408485011086,0.05132290626690796,23
NUST,2009,all,iaw_0.6,spearman,-0.005956236157571349,0.012525012946960094,23
NUST,2009,all,iaw_0.6,sel_diff,-0.01504351010618589,0.05051279611696929,23
NUST,2009,all,iaw_0.7,spearman,-0.007559186824744213,0.013994977505681376,23
NUST,2009,all,iaw_0.7,sel_diff,-0.02770949895161622,0.047168517345334074,23
NUST,2009,all,iaw_0.8,spearman,-0.012856334752867819,0.014157711768895903,23
NUST,2009,all,iaw_0.8,sel_diff,0.003618902878759682,0.036005642447318464,23
NUST,2009,all,iaw_0.9,spearman,-0.021313162843941882,0.013607981676279132,23
NUST,2009,all,iaw_0.9,sel_diff,-0.015038727863024341,0.035954090302037674,23
NUST,2009,all,iaw_0.95,spearman,-0.02335229135207326,0.011813674205996912,23
NUST,2009,all,iaw_0.95,sel_diff,0.0065170327987659855,0.04095730049233469,23
NUST,2009,all,ib_main,spearman,0.03305895842281702,0.019304852004474012,23
NUST,2009,all,ib_main,sel_diff,-0.07427170611014806,0.05493896526310017,23
NUST,2009,all,ib_region,spearman,0.01681989086809036,0.02322334731510514,23
NUST,2009,all,ib_region,sel_diff,0.0063477632010243475,0.06317126232543996,23
NUST,2009,all,ibc_0.05,spearman,0.01705224575242017,0.009948941112923014,23
NUST,2009,all,ibc_0.05,sel_diff,-0.07269771140880134,0.05904362371356973,23
NUST,2009,all,ibc_0.1,spearman,0.020237347973345483,0.012381353493981817,23
NUST,2009,all,ibc_0.1,sel_diff,-0.10114497697066505,0.06295722073074017,23
NUST,2009,all,ibc_0.2,spearman,0.024302153236822648,0.014887617237470889,23
NUST,2009,all,ibc_0.2,sel_diff,-0.09562118436078829,0.06240578899117821,23
NUST,2009,all,ibc_0.3,spearman,0.028599570407958127,0.01633474006109852,23
NUST,2009,all,ibc_0.3,sel_diff,-0.08400376590859135,0.06460956470181378,23
NUST,2009,all,ibc_0.5,spearman,0.03114431302575655,0.01768807321382668,23
NUST,2009,all,ibc_0.5,sel_diff,-0.09103610954470319,0.05815233274636896,23
NUST,2009,all,ibc_0.75,spearman,0.031112685111163944,0.018671423955073936,23
NUST,2009,all,ibc_0.75,sel_diff,-0.07321780403597603,0.05162243111592586,23
NUST,2009,all,ibc_1,spearman,0.03305895842281702,0.019106682393176123,23
NUST,2009,all,ibc_1,sel_diff,-0.07427170611014806,0.051630002282983554,23
NUST,2009,all,ibc_1.5,spearman,0.031572770844484815,0.02072964689249746,23
NUST,2009,all,ibc_1.5,sel_diff,-0.07715132869777384,0.04801945687435445,23
NUST,2009,all,ibc_2,spearman,0.03290871158639432,0.021795337923277997,23
NUST,2009,all,ibc_2,sel_diff,-0.07435927762117157,0.05381213447487642,23
NUST,2009,all,ibc_3,spearman,0.031903568272282586,0.022375249738452296,23
NUST,2009,all,ibc_3,sel_diff,-0.07067160153379139,0.06574431081386257,23
NUST,2009,new,ia_g,spearman,0.00026318064044144435,0.006315650622802542,23
NUST,2009,new,ia_g,sel_diff,0.054321349701516086,0.03642371323764667,23
NUST,2009,new,ia_het,spearman,-0.011197960933732156,0.006094432983904131,23
NUST,2009,new,ia_het,sel_diff,-0.0007057069483168807,0.06306741098272767,23
NUST,2009,new,ia_main,spearman,-0.004892159650397535,0.00635741391797839,23
NUST,2009,new,ia_main,sel_diff,-0.11895932927022275,0.06930893084473126,23
NUST,2009,new,ia_std,spearman,-0.0069397562497221545,0.006476731079355992,23
NUST,2009,new,ia_std,sel_diff,-0.10518464095094605,0.06071383755760274,23
NUST,2009,new,iaw_0,spearman,-0.011197960933732156,0.005972535090620608,23
NUST,2009,new,iaw_0,sel_diff,-0.0007057069483168807,0.0630978321611044,23
NUST,2009,new,iaw_0.01,spearman,-0.006013027614687875,0.00565713527426063,23
NUST,2009,new,iaw_0.01,sel_diff,-0.0007057069483168807,0.06260857435110019,23
NUST,2009,new,iaw_0.02,spearman,-0.005631522124427133,0.005702235450243851,23
NUST,2009,new,iaw_0.02,sel_diff,0.003852964442756865,0.06269904501919242,23
NUST,2009,new,iaw_0.05,spearman,-0.004892159650397535,0.006354649660136866,23
NUST,2009,new,iaw_0.05,sel_diff,-0.11895932927022275,0.06948816935070556,23
NUST,2009,new,iaw_0.1,spearman,-0.009052734344095488,0.007923579768292274,23
NUST,2009,new,iaw_0.1,sel_diff,-0.12480905810938392,0.0764044991383055,23
NUST,2009,new,iaw_0.15,spearman,-0.0036075182292041844,0.00882417825954852,23
NUST,2009,new,iaw_0.15,sel_diff,-0.13260319750602614,0.07507536146181963,23
NUST,2009,new,iaw_0.2,spearman,-0.0033435426671804265,0.00948256530497262,23
NUST,2009,new,iaw_0.2,sel_diff,-0.09965527055210764,0.06864267755780147,23
NUST,2009,new,iaw_0.3,spearman,-0.0012199844869788487,0.010893067764522271,23
NUST,2009,new,iaw_0.3,sel_diff,-0.0841072000600005,0.06485400734495826,23
NUST,2009,new,iaw_0.4,spearman,-0.0027887151780409064,0.012538440094449776,23
NUST,2009,new,iaw_0.4,sel_diff,-0.06012558165876243,0.07131347438532601,23
NUST,2009,new,iaw_0.5,spearman,-0.006138873530840192,0.013156731447748236,23
NUST,2009,new,iaw_0.5,sel_diff,-0.03610360057526152,0.06602175573334688,23
NUST,2009,new,iaw_0.6,spearman,-0.0018004777266740172,0.01606526923182607,23
NUST,2009,new,iaw_0.6,sel_diff,-0.015443039702871048,0.06545517227626604,23
NUST,2009,new,iaw_0.7,spearman,0.004917660579610069,0.016741946450814907,23
NUST,2009,new,iaw_0.7,sel_diff,-0.015443039702871048,0.06784804657687847,23
NUST,2009,new,iaw_0.8,spearman,-0.0029707129314982756,0.017552803630394284,23
NUST,2009,new,iaw_0.8,sel_diff,-0.02339371274970364,0.07109271944253351,23
NUST,2009,new,iaw_0.9,spearman,-0.01631424987799274,0.020186876774382755,23
NUST,2009,new,iaw_0.9,sel_diff,0.10920285370800326,0.05520080778279744,23
NUST,2009,new,iaw_0.95,spearman,-0.02412463048317044,0.01970742998957673,23
NUST,2009,new,iaw_0.95,sel_diff,0.10920285370800321,0.05634276763555565,23
NUST,2009,new,ib_main,spearman,0.01436089025711257,0.015858615170671303,23
NUST,2009,new,ib_main,sel_diff,-0.011438698578992311,0.07197438952277974,23
NUST,2009,new,ib_region,spearman,0.011119297910098445,0.017066228150312134,23
NUST,2009,new,ib_region,sel_diff,0.11062446311085007,0.08168458717359117,23
NUST,2009,new,ibc_0.05,spearman,0.005746534365231833,0.01498701978627059,23
NUST,2009,new,ibc_0.05,sel_diff,-0.06371211317969125,0.09785335135222274,23
NUST,2009,new,ibc_0.1,spearman,0.00907758113714692,0.016631323563991867,23
NUST,2009,new,ibc_0.1,sel_diff,-0.0614224982351403,0.11381387834193778,23
NUST,2009,new,ibc_0.2,spearman,0.01025581178581238,0.015570809279520318,23
NUST,2009,new,ibc_0.2,sel_diff,-0.05219593652476934,0.1127992830312469,23
NUST,2009,new,ibc_0.3,spearman,0.012443496417806076,0.015614090218961714,23
NUST,2009,new,ibc_0.3,sel_diff,-0.0925516941109192,0.10804203206863837,23
NUST,2009,new,ibc_0.5,spearman,0.013773079249939577,0.014551868928816764,23
NUST,2009,new,ibc_0.5,sel_diff,-0.033046648623900526,0.06966121342386536,23
NUST,2009,new,ibc_0.75,spearman,0.014131226406283422,0.015324597388418166,23
NUST,2009,new,ibc_0.75,sel_diff,-0.019493678501221526,0.0709715536411455,23
NUST,2009,new,ibc_1,spearman,0.01436089025711257,0.015658220496306417,23
NUST,2009,new,ibc_1,sel_diff,-0.011438698578992311,0.0736592716175888,23
NUST,2009,new,ibc_1.5,spearman,0.008531996956612555,0.01661230675647955,23
NUST,2009,new,ibc_1.5,sel_diff,-0.006532316778158991,0.07191097004005563,23
NUST,2009,new,ibc_2,spearman,0.009543345115102747,0.017962784613085914,23
NUST,2009,new,ibc_2,sel_diff,-0.03480938840201146,0.07616568196265126,23
NUST,2009,new,ibc_3,spearman,0.008274579489623499,0.01919619224692763,23
NUST,2009,new,ibc_3,sel_diff,-0.047931048714136455,0.07787234210897397,23
NUST,2010,all,ia_g,spearman,0.008473235464890618,0.002968059393357991,33
NUST,2010,all,ia_g,sel_diff,-0.033970098036391685,0.03362845453846331,33
NUST,2010,all,ia_het,spearman,-0.014570972341581124,0.009844431335348972,33
NUST,2010,all,ia_het,sel_diff,-0.04504793317933819,0.04689747176450974,33
NUST,2010,all,ia_main,spearman,-0.0042883383216557654,0.008581142648567248,33
NUST,2010,all,ia_main,sel_diff,-0.04662908586387253,0.04722854653968016,33
NUST,2010,all,ia_std,spearman,-0.005568429624186369,0.006852972449190104,33
NUST,2010,all,ia_std,sel_diff,0.017348592190702675,0.02439907461190328,33
NUST,2010,all,iaw_0,spearman,-0.014570972341581124,0.009804411374842371,33
NUST,2010,all,iaw_0,sel_diff,-0.04504793317933819,0.047559248493583554,33
NUST,2010,all,iaw_0.01,spearman,-0.011681285304352368,0.009316288563404053,33
NUST,2010,all,iaw_0.01,sel_diff,-0.05443061528989662,0.04740784477624117,33
NUST,2010,all,iaw_0.02,spearman,-0.009998774455584319,0.009229364671624758,33
NUST,2010,all,iaw_0.02,sel_diff,-0.051894852565510144,0.046344338844574555,33
NUST,2010,all,iaw_0.05,spearman,-0.006633720122885642,0.008932649940144134,33
NUST,2010,all,iaw_0.05,sel_diff,-0.05189485256551015,0.047420649509593044,33
NUST,2010,all,iaw_0.1,spearman,-0.0042883383216557654,0.008625562888652454,33
NUST,2010,all,iaw_0.1,sel_diff,-0.04662908586387253,0.04766783823958098,33
NUST,2010,all,iaw_0.15,spearman,-0.004150330441217945,0.00893974176792579,33
NUST,2010,all,iaw_0.15,sel_diff,-0.03894316225181129,0.04960692147102999,33
NUST,2010,all,iaw_0.2,spearman,-0.001751830306078058,0.008680871622646219,33
NUST,2010,all,iaw_0.2,sel_diff,-0.029406300464239397,0.05253261347780002,33
NUST,2010,all,iaw_0.3,spearman,0.0016113789639661082,0.009042179037360517,33
NUST,2010,all,iaw_0.3,sel_diff,-0.04903913255800955,0.05178059284016773,33
NUST,2010,all,iaw_0.4,spearman,-0.00015850291325500085,0.009625860451965765,33
NUST,2010,all,iaw_0.4,sel_diff,-0.044222474864393076,0.054986863068407804,33
NUST,2010,all,iaw_0.5,spearman,-0.0060371202770196815,0.01065989061084845,33
NUST,2010,all,iaw_0.5,sel_diff,-0.032325680617407294,0.06293971977016616,33
NUST,2010,all,iaw_0.6,spearman,-0.013611607805599764,0.011625012569484547,33
NUST,2010,all,iaw_0.6,sel_diff,-0.053945231610784385,0.06633201374533285,33
NUST,2010,all,iaw_0.7,spearman,-0.017016600941035992,0.013405397467790873,33
NUST,2010,all,iaw_0.7,sel_diff,-0.06850043572812876,0.07461803347185625,33
NUST,2010,all,iaw_0.8,spearman,-0.019192709681284132,0.01396470274277462,33
NUST,2010,all,iaw_0.8,sel_diff,-0.06595789107312211,0.07626732146999086,33
NUST,2010,all,iaw_0.9,spearman,-0.0350764448759956,0.015152865888914532,33
NUST,2010,all,iaw_0.9,sel_diff,-0.07991875526948032,0.0757008492877672,33
NUST,2010,all,iaw_0.95,spearman,-0.051986771438553056,0.016494279166208235,33
NUST,2010,all,iaw_0.95,sel_diff,-0.07849489906755429,0.08152838965962664,33
NUST,2010,all,ib_main,spearman,0.008131085250822795,0.010310409000346783,33
NUST,2010,all,ib_main,sel_diff,0.10550882487939693,0.07624169814826856,33
NUST,2010,all,ib_region,spearman,-0.0030487631888355994,0.009833220484153464,33
NUST,2010,all,ib_region,sel_diff,0.014597993435936901,0.055812403533594034,33
NUST,2010,all,ibc_0.05,spearman,-0.01497541858426355,0.008321015609548768,33
NUST,2010,all,ibc_0.05,sel_diff,-0.029669525618242067,0.07457074697277791,33
NUST,2010,all,ibc_0.1,spearman,-0.00966468735785495,0.008805619839794953,33
NUST,2010,all,ibc_0.1,sel_diff,-0.019182894751992238,0.07774266707816996,33
NUST,2010,all,ibc_0.2,spearman,-0.005699781592926272,0.008902810516172425,33
NUST,2010,all,ibc_0.2,sel_diff,-0.012624249631916032,0.07189576321806697,33
NUST,2010,all,ibc_0.3,spearman,-0.0031307387532665035,0.00930217511515579,33
NUST,2010,all,ibc_0.3,sel_diff,0.024302245925631537,0.07776698923401282,33
NUST,2010,all,ibc_0.5,spearman,0.0007741311728294842,0.009418132111849564,33
NUST,2010,all,ibc_0.5,sel_diff,0.08506578163199255,0.07767650493037084,33
NUST,2010,all,ibc_0.75,spearman,0.0051292275063763255,0.009962203863723262,33
NUST,2010,all,ibc_0.75,sel_diff,0.08859238250870041,0.07763230386127708,33
NUST,2010,all,ibc_1,spearman,0.008131085250822795,0.01046187330937623,33
NUST,2010,all,ibc_1,sel_diff,0.10550882487939693,0.07649073659012792,33
NUST,2010,all,ibc_1.5,spearman,0.008694827094905794,0.011903967262238352,33
NUST,2010,all,ibc_1.5,sel_diff,0.11405241753938476,0.0667796525341018,33
NUST,2010,all,ibc_2,spearman,0.006406894409863191,0.011846755809963305,33
NUST,2010,all,ibc_2,sel_diff,0.11008540892986805,0.0673526993123338,33
NUST,2010,all,ibc_3,spearman,0.009585967118072282,0.012702038585402762,33
NUST,2010,all,ibc_3,sel_diff,0.10858002548854379,0.06415502583097325,33
NUST,2010,new,ia_g,spearman,0.010274148958491911,0.00566083855025052,33
NUST,2010,new,ia_g,sel_diff,0.021223110341800265,0.04251085987575581,33
NUST,2010,new,ia_het,spearman,-0.007472934785315698,0.008051882475537774,33
NUST,2010,new,ia_het,sel_diff,-0.09262774251655452,0.053757391061087276,33
NUST,2010,new,ia_main,spearman,-0.0021485363858766765,0.008853752267357044,33
NUST,2010,new,ia_main,sel_diff,0.021735554292353316,0.03194961271083884,33
NUST,2010,new,ia_std,spearman,-0.011461312307041586,0.007247027930888867,33
NUST,2010,new,ia_std,sel_diff,0.006870511949985824,0.01696865362376773,33
NUST,2010,new,iaw_0,spearman,-0.007472934785315698,0.008052297051454228,33
NUST,2010,new,iaw_0,sel_diff,-0.09262774251655452,0.05286193501717949,33
NUST,2010,new,iaw_0.01,spearman,-0.00714820653141566,0.0079147601728102,33
NUST,2010,new,iaw_0.01,sel_diff,-0.09262774251655452,0.05212285757714961,33
NUST,2010,new,iaw_0.02,spearman,-0.005119392709680951,0.0073002723117074385,33
NUST,2010,new,iaw_0.02,sel_diff,-0.09262774251655452,0.0520934807666471,33
NUST,2010,new,iaw_0.05,spearman,0.0021911775473123364,0.00649283932063154,33
NUST,2010,new,iaw_0.05,sel_diff,-0.030259551591155988,0.021567411780202515,33
NUST,2010,new,iaw_0.1,spearman,-0.0021485363858766765,0.008742239689391817,33
NUST,2010,new,iaw_0.1,sel_diff,0.021735554292353316,0.03068361738859301,33
NUST,2010,new,iaw_0.15,spearman,-0.00011502945161888,0.009537780765543425,33
NUST,2010,new,iaw_0.15,sel_diff,-0.08699568343717497,0.0750052980787476,33
NUST,2010,new,iaw_0.2,spearman,0.0019147630865124095,0.009927627241832365,33
NUST,2010,new,iaw_0.2,sel_diff,-0.056649447029891456,0.07667089094287953,33
NUST,2010,new,iaw_0.3,spearman,0.008145656285615395,0.01142813276761131,33
NUST,2010,new,iaw_0.3,sel_diff,-0.07012472341199173,0.07504338135997646,33
NUST,2010,new,iaw_0.4,spearman,0.012483654168995056,0.012035387909343005,33
NUST,2010,new,iaw_0.4,sel_diff,-0.089939974585003,0.07982035603132483,33
NUST,2010,new,iaw_0.5,spearman,0.01257922383603034,0.01428549577272107,33
NUST,2010,new,iaw_0.5,sel_diff,-0.10071336715126063,0.08244702167979039,33
NUST,2010,new,iaw_0.6,spearman,0.00687266629434071,0.015465633942870663,33
NUST,2010,new,iaw_0.6,sel_diff,-0.11783418202992385,0.08790345961564183,33
NUST,2010,new,iaw_0.7,spearman,0.0097319933970405,0.01679172211542273,33
NUST,2010,new,iaw_0.7,sel_diff,-0.11613907002749962,0.08760950046675083,33
NUST,2010,new,iaw_0.8,spearman,0.009477414106471037,0.01792688641674603,33
NUST,2010,new,iaw_0.8,sel_diff,-0.1589417432249157,0.08458536208280802,33
NUST,2010,new,iaw_0.9,spearman,0.008306092078028467,0.018311579147338775,33
NUST,2010,new,iaw_0.9,sel_diff,-0.20221294958800112,0.07778781618219133,33
NUST,2010,new,iaw_0.95,spearman,0.006089435296029104,0.02030794155704389,33
NUST,2010,new,iaw_0.95,sel_diff,-0.23417727805280214,0.08799224064723916,33
NUST,2010,new,ib_main,spearman,-0.004922284554553485,0.012774365311376379,33
NUST,2010,new,ib_main,sel_diff,-0.17864767087390984,0.08622439955142007,33
NUST,2010,new,ib_region,spearman,-0.019030142765867616,0.017581701772931956,33
NUST,2010,new,ib_region,sel_diff,-0.09009442555292381,0.09854804578815947,33
NUST,2010,new,ibc_0.05,spearman,-0.02408150166210407,0.01076446197925169,33
NUST,2010,new,ibc_0.05,sel_diff,-0.17877251661554905,0.07356617073327687,33
NUST,2010,new,ibc_0.1,spearman,-0.02043819025676164,0.011158502502842352,33
NUST,2010,new,ibc_0.1,sel_diff,-0.14768007239166092,0.07819061479793361,33
NUST,2010,new,ibc_0.2,spearman,-0.01466188353656633,0.012213776058599824,33
NUST,2010,new,ibc_0.2,sel_diff,-0.15050552205967166,0.07822504405810797,33
NUST,2010,new,ibc_0.3,spearman,-0.014387752132172768,0.011539483834374625,33
NUST,2010,new,ibc_0.3,sel_diff,-0.1925632708860454,0.08136964587783097,33
NUST,2010,new,ibc_0.5,spearman,-0.012354982198924615,0.011593707128034508,33
NUST,2010,new,ibc_0.5,sel_diff,-0.18098923550197413,0.0823949957623554,33
NUST,2010,new,ibc_0.75,spearman,-0.0054142310370972665,0.011904612155909605,33
NUST,2010,new,ibc_0.75,sel_diff,-0.19001814812019963,0.08618233732084901,33
NUST,2010,new,ibc_1,spearman,-0.004922284554553485,0.012881618265936482,33
NUST,2010,new,ibc_1,sel_diff,-0.17864767087390984,0.08849311393854342,33
NUST,2010,new,ibc_1.5,spearman,-0.003635784610707216,0.01425865558443901,33
NUST,2010,new,ibc_1.5,sel_diff,-0.13641346438999638,0.08361126337660234,33
NUST,2010,new,ibc_2,spearman,-0.008828213806211306,0.014392149506263236,33
NUST,2010,new,ibc_2,sel_diff,-0.0992407011077775,0.08438863214583966,33
NUST,2010,new,ibc_3,spearman,-0.010982383802354497,0.015656918774810638,33
NUST,2010,new,ibc_3,sel_diff,-0.09183607163104393,0.07749043277293424,33
NUST,2011,all,ia_g,spearman,0.009685423879610938,0.004906322417766423,34
NUST,2011,all,ia_g,sel_diff,-0.010898479912767,0.036912007656115874,34
NUST,2011,all,ia_het,spearman,0.004315465405423726,0.0049034531367137596,34
NUST,2011,all,ia_het,sel_diff,0.05331914387901884,0.04407352234902923,34
NUST,2011,all,ia_main,spearman,0.012181532893145185,0.007179764010865708,34
NUST,2011,all,ia_main,sel_diff,0.021549863219354128,0.044761990203904894,34
NUST,2011,all,ia_std,spearman,0.014069154377806951,0.007200412742233125,34
NUST,2011,all,ia_std,sel_diff,0.025859960122012898,0.03970923402554256,34
NUST,2011,all,iaw_0,spearman,0.004315465405423726,0.004960440369658115,34
NUST,2011,all,iaw_0,sel_diff,0.05331914387901884,0.04422489419784825,34
NUST,2011,all,iaw_0.01,spearman,0.0041891549543424875,0.005170425367093356,34
NUST,2011,all,iaw_0.01,sel_diff,0.047080507480409206,0.039873710416059735,34
NUST,2011,all,iaw_0.02,spearman,0.006243933810103643,0.005300297306844481,34
NUST,2011,all,iaw_0.02,sel_diff,0.045512977104976676,0.03896978352878714,34
NUST,2011,all,iaw_0.05,spearman,0.012716091188513799,0.006347463891737006,34
NUST,2011,all,iaw_0.05,sel_diff,0.04883426381698825,0.038006755560274046,34
NUST,2011,all,iaw_0.1,spearman,0.012181532893145185,0.007562351415273718,34
NUST,2011,all,iaw_0.1,sel_diff,0.021549863219354128,0.04581964431741567,34
NUST,2011,all,iaw_0.15,spearman,0.015588193672160956,0.009158770893107265,34
NUST,2011,all,iaw_0.15,sel_diff,0.026391512393699936,0.0460849515931888,34
NUST,2011,all,iaw_0.2,spearman,0.012553066156955795,0.011910329361904925,34
NUST,2011,all,iaw_0.2,sel_diff,-0.09222064405096757,0.07371475370354982,34
NUST,2011,all,iaw_0.3,spearman,0.011785634525289936,0.012968628844578993,34
NUST,2011,all,iaw_0.3,sel_diff,-0.14162223278873065,0.08598645814910762,34
NUST,2011,all,iaw_0.4,spearman,0.007682090617951728,0.014673987028916284,34
NUST,2011,all,iaw_0.4,sel_diff,-0.12030362527412292,0.08119037957893241,34
NUST,2011,all,iaw_0.5,spearman,0.007277908668928722,0.015574483758705427,34
NUST,2011,all,iaw_0.5,sel_diff,-0.09913721532928428,0.07675142690454625,34
NUST,2011,all,iaw_0.6,spearman,0.0002630900916895809,0.016592412508935474,34
NUST,2011,all,iaw_0.6,sel_diff,-0.10800373655718794,0.08342219596973928,34
NUST,2011,all,iaw_0.7,spearman,-0.009077968921143953,0.0182239903336099,34
NUST,2011,all,iaw_0.7,sel_diff,-0.15038693540067738,0.08694993677135468,34
NUST,2011,all,iaw_0.8,spearman,-0.020779244131460563,0.019757222112832335,34
NUST,2011,all,iaw_0.8,sel_diff,-0.12887528770905782,0.08846277124551422,34
NUST,2011,all,iaw_0.9,spearman,-0.03327803807388932,0.02175698937783155,34
NUST,2011,all,iaw_0.9,sel_diff,-0.1177088411729788,0.08993031424511053,34
NUST,2011,all,iaw_0.95,spearman,-0.04585641133716568,0.025220708292857014,34
NUST,2011,all,iaw_0.95,sel_diff,-0.12192909820764812,0.09018173397055418,34
NUST,2011,all,ib_main,spearman,-0.0004424669762428884,0.013913981241310254,34
NUST,2011,all,ib_main,sel_diff,-0.019869169306725176,0.06259902003285718,34
NUST,2011,all,ib_region,spearman,0.02933948800755218,0.018391679438305927,34
NUST,2011,all,ib_region,sel_diff,-0.04567872259756434,0.07629508599956955,34
NUST,2011,all,ibc_0.05,spearman,-0.012891320236850266,0.00983726129863649,34
NUST,2011,all,ibc_0.05,sel_diff,-0.024353545032227843,0.045180120150068594,34
NUST,2011,all,ibc_0.1,spearman,-0.010317186366550983,0.011549141989149112,34
NUST,2011,all,ibc_0.1,sel_diff,-0.022759677115061307,0.04935444433070742,34
NUST,2011,all,ibc_0.2,spearman,-0.00828646551221706,0.012445005697021923,34
NUST,2011,all,ibc_0.2,sel_diff,0.016970377449145653,0.04546969704956083,34
NUST,2011,all,ibc_0.3,spearman,-0.009679350507114664,0.011873621792045702,34
NUST,2011,all,ibc_0.3,sel_diff,0.039936015800524714,0.04610507707008891,34
NUST,2011,all,ibc_0.5,spearman,-0.004978330639545218,0.013321045650528825,34
NUST,2011,all,ibc_0.5,sel_diff,0.0067638576470677855,0.06323933363618674,34
NUST,2011,all,ibc_0.75,spearman,-0.002477556957318557,0.013315436892539398,34
NUST,2011,all,ibc_0.75,sel_diff,-0.0007013339101879741,0.06168384755237381,34
NUST,2011,all,ibc_1,spearman,-0.0004424669762428884,0.013657441704633818,34
NUST,2011,all,ibc_1,sel_diff,-0.019869169306725176,0.05966246454583146,34
NUST,2011,all,ibc_1.5,spearman,0.0013012040636518707,0.014039689674458792,34
NUST,2011,all,ibc_1.5,sel_diff,-0.040970304282196085,0.06508923163942133,34
NUST,2011,all,ibc_2,spearman,0.006113411042655703,0.014169130307002974,34
NUST,2011,all,ibc_2,sel_diff,-0.0006081970194645017,0.07306009879323577,34
NUST,2011,all,ibc_3,spearman,0.008822782711327993,0.015381422451992637,34
NUST,2011,all,ibc_3,sel_diff,-0.008251071970801598,0.08202292418473685,34
NUST,2011,new,ia_g,spearman,0.020315126912337427,0.0064793218745678735,31
NUST,2011,new,ia_g,sel_diff,0.02324474386475996,0.10480975836863417,31
NUST,2011,new,ia_het,spearman,-0.00449303001411738,0.00405164562530835,31
NUST,2011,new,ia_het,sel_diff,-0.020382637908722856,0.04931050652233618,31
NUST,2011,new,ia_main,spearman,0.017010886604883407,0.00568481432130451,31
NUST,2011,new,ia_main,sel_diff,-0.012808121538339427,0.10396832286806544,31
NUST,2011,new,ia_std,spearman,0.0276682431917048,0.0064839051016140434,31
NUST,2011,new,ia_std,sel_diff,0.02995701392265756,0.04177274651796903,31
NUST,2011,new,iaw_0,spearman,-0.00449303001411738,0.0038721669501777457,31
NUST,2011,new,iaw_0,sel_diff,-0.020382637908722856,0.048771671862907075,31
NUST,2011,new,iaw_0.01,spearman,-0.0034012734559411705,0.003979769461797986,31
NUST,2011,new,iaw_0.01,sel_diff,-0.008277067448343481,0.047634446651445145,31
NUST,2011,new,iaw_0.02,spearman,0.002406788340240714,0.004005217013024038,31
NUST,2011,new,iaw_0.02,sel_diff,-0.007079392194557361,0.04741084624297253,31
NUST,2011,new,iaw_0.05,spearman,0.009520008093223637,0.004579257351261944,31
NUST,2011,new,iaw_0.05,sel_diff,-0.008793066697201948,0.105907785188756,31
NUST,2011,new,iaw_0.1,spearman,0.017010886604883407,0.005502590777167912,31
NUST,2011,new,iaw_0.1,sel_diff,-0.012808121538339427,0.10289298037962956,31
NUST,2011,new,iaw_0.15,spearman,0.024009093648648352,0.006710157321818142,31
NUST,2011,new,iaw_0.15,sel_diff,-0.008782059500605689,0.10464909550007818,31
NUST,2011,new,iaw_0.2,spearman,0.03159098186880514,0.00862350327487002,31
NUST,2011,new,iaw_0.2,sel_diff,0.035180982948111464,0.10655262790690623,31
NUST,2011,new,iaw_0.3,spearman,0.03219238698323916,0.009874661961366216,31
NUST,2011,new,iaw_0.3,sel_diff,0.014711202221576517,0.11330687588062176,31
NUST,2011,new,iaw_0.4,spearman,0.029338092580230977,0.012384047706830381,31
NUST,2011,new,iaw_0.4,sel_diff,-0.03800775296426058,0.11440015969727345,31
NUST,2011,new,iaw_0.5,spearman,0.028218496660188847,0.014647999251302527,31
NUST,2011,new,iaw_0.5,sel_diff,-0.05228771404109437,0.1242848067870182,31
NUST,2011,new,iaw_0.6,spearman,0.02527191917778945,0.01754924296801108,31
NUST,2011,new,iaw_0.6,sel_diff,-0.0459682010404405,0.12660422368249044,31
NUST,2011,new,iaw_0.7,spearman,0.013646858009863996,0.02045985328980999,31
NUST,2011,new,iaw_0.7,sel_diff,-0.13913414914100428,0.13099308933485806,31
NUST,2011,new,iaw_0.8,spearman,-0.013447954178111137,0.02586710588586984,31
NUST,2011,new,iaw_0.8,sel_diff,-0.18460844225775586,0.1434937199954982,31
NUST,2011,new,iaw_0.9,spearman,-0.034114910132311535,0.02853507094988628,31
NUST,2011,new,iaw_0.9,sel_diff,-0.3324921535478498,0.13948458459997506,31
NUST,2011,new,iaw_0.95,spearman,-0.052454256209130946,0.03351713499418462,31
NUST,2011,new,iaw_0.95,sel_diff,-0.3823561000336349,0.14279421645816523,31
NUST,2011,new,ib_main,spearman,-0.021667872184335274,0.018811406573526524,31
NUST,2011,new,ib_main,sel_diff,0.06439182755133935,0.06548879757833248,31
NUST,2011,new,ib_region,spearman,-0.0071929233737116245,0.019053197380423284,31
NUST,2011,new,ib_region,sel_diff,-0.06357813021583152,0.09769568719623935,31
NUST,2011,new,ibc_0.05,spearman,-0.042823476205843765,0.012258771385215347,31
NUST,2011,new,ibc_0.05,sel_diff,-0.036281377099737,0.12028226591933582,31
NUST,2011,new,ibc_0.1,spearman,-0.04102750264248266,0.01439393638088027,31
NUST,2011,new,ibc_0.1,sel_diff,0.001765119772859045,0.11341825812999293,31
NUST,2011,new,ibc_0.2,spearman,-0.034128612385355375,0.015879241320932394,31
NUST,2011,new,ibc_0.2,sel_diff,0.06967241479150867,0.10878459771271307,31
NUST,2011,new,ibc_0.3,spearman,-0.034422511882346664,0.01586237222152471,31
NUST,2011,new,ibc_0.3,sel_diff,0.05457970377992606,0.11386452016216723,31
NUST,2011,new,ibc_0.5,spearman,-0.02850519527332515,0.0159573290601094,31
NUST,2011,new,ibc_0.5,sel_diff,0.08470075558851736,0.06303949372895284,31
NUST,2011,new,ibc_0.75,spearman,-0.02542565276186038,0.018162130625326366,31
NUST,2011,new,ibc_0.75,sel_diff,0.07643203985325736,0.06538474379403697,31
NUST,2011,new,ibc_1,spearman,-0.021667872184335274,0.018453632508158083,31
NUST,2011,new,ibc_1,sel_diff,0.06439182755133935,0.06730739120144476,31
NUST,2011,new,ibc_1.5,spearman,-0.014981117755443148,0.01909980298445182,31
NUST,2011,new,ibc_1.5,sel_diff,0.0860425894047604,0.0659102772535183,31
NUST,2011,new,ibc_2,spearman,-0.008368850023805448,0.01906677100072436,31
NUST,2011,new,ibc_2,sel_diff,0.060437465789226964,0.07253350489183978,31
NUST,2011,new,ibc_3,spearman,-0.005561078438582606,0.02141417389318005,31
NUST,2011,new,ibc_3,sel_diff,0.05859033626572333,0.07819701805502996,31
NUST,2012,all,ia_g,spearman,0.013341952798364367,0.006526425331316081,36
NUST,2012,all,ia_g,sel_diff,0.013942166340664827,0.04675867949574966,36
NUST,2012,all,ia_het,spearman,0.0019528179419104773,0.006620259353144987,36
NUST,2012,all,ia_het,sel_diff,0.07319359625318275,0.04242249070188073,36
NUST,2012,all,ia_main,spearman,0.014615685821002481,0.00767295168415221,36
NUST,2012,all,ia_main,sel_diff,0.07692642401711372,0.057214742747814094,36
NUST,2012,all,ia_std,spearman,-0.0008044028499936307,0.006118658785105758,36
NUST,2012,all,ia_std,sel_diff,0.02416880884825784,0.03583545581386482,36
NUST,2012,all,iaw_0,spearman,0.0019528179419104773,0.006764482376554838,36
NUST,2012,all,iaw_0,sel_diff,0.07319359625318275,0.043592315667791884,36
NUST,2012,all,iaw_0.01,spearman,0.004330430056239592,0.006917057709790658,36
NUST,2012,all,iaw_0.01,sel_diff,0.056149496836747956,0.045574304626191796,36
NUST,2012,all,iaw_0.02,spearman,0.006032677268316226,0.006916399086555913,36
NUST,2012,all,iaw_0.02,sel_diff,0.058851925837066,0.04588527434386162,36
NUST,2012,all,iaw_0.05,spearman,0.010530443690302224,0.006278798159337872,36
NUST,2012,all,iaw_0.05,sel_diff,0.056723731402413394,0.0464124965530345,36
NUST,2012,all,iaw_0.1,spearman,0.014097742511325315,0.0069033258626826684,36
NUST,2012,all,iaw_0.1,sel_diff,0.08511186226077731,0.054957897868362124,36
NUST,2012,all,iaw_0.15,spearman,0.014615685821002481,0.007798804223498209,36
NUST,2012,all,iaw_0.15,sel_diff,0.07692642401711372,0.05670423138377307,36
NUST,2012,all,iaw_0.2,spearman,0.017515738703818166,0.008680003611344167,36
NUST,2012,all,iaw_0.2,sel_diff,0.06482481798820577,0.05715474406190533,36
NUST,2012,all,iaw_0.3,spearman,0.019756181330209885,0.010109259120690326,36
NUST,2012,all,iaw_0.3,sel_diff,0.05827729980152844,0.07206085578602534,36
NUST,2012,all,iaw_0.4,spearman,0.018969567286534227,0.011126472276658868,36
NUST,2012,all,iaw_0.4,sel_diff,0.05172393426400571,0.0740388325985241,36
NUST,2012,all,iaw_0.5,spearman,0.018537433814564776,0.012211849908791896,36
NUST,2012,all,iaw_0.5,sel_diff,0.032155200582528826,0.06586606782123935,36
NUST,2012,all,iaw_0.6,spearman,0.017642037021058172,0.013132733955943613,36
NUST,2012,all,iaw_0.6,sel_diff,0.010280814180634985,0.07222709028832562,36
NUST,2012,all,iaw_0.7,spearman,0.012346619967167684,0.013252873187025617,36
NUST,2012,all,iaw_0.7,sel_diff,-0.0005449413574790674,0.07292564031403685,36
NUST,2012,all,iaw_0.8,spearman,0.006014245430274058,0.014120603725285964,36
NUST,2012,all,iaw_0.8,sel_diff,-0.0075248943213461145,0.0743194311059244,36
NUST,2012,all,iaw_0.9,spearman,-0.009796453417741373,0.016721269210030174,36
NUST,2012,all,iaw_0.9,sel_diff,-0.022403449363507272,0.07557187924591142,36
NUST,2012,all,iaw_0.95,spearman,-0.02861013469686835,0.01775481293985591,36
NUST,2012,all,iaw_0.95,sel_diff,-0.027589572499397388,0.07378591760824778,36
NUST,2012,all,ib_main,spearman,0.02273191934226683,0.013457679530352255,36
NUST,2012,all,ib_main,sel_diff,0.11452276402291701,0.05376928786182363,36
NUST,2012,all,ib_region,spearman,0.04532525899543661,0.011986880572595355,36
NUST,2012,all,ib_region,sel_diff,0.12059760397676461,0.0463262238386108,36
NUST,2012,all,ibc_0.05,spearman,0.006648616807583437,0.010327820662985748,36
NUST,2012,all,ibc_0.05,sel_diff,0.030953888523063095,0.05469945419254841,36
NUST,2012,all,ibc_0.1,spearman,0.014050511890818684,0.010627498927752395,36
NUST,2012,all,ibc_0.1,sel_diff,0.10049897386558265,0.059042970092231466,36
NUST,2012,all,ibc_0.2,spearman,0.016065153172249533,0.011628142639114457,36
NUST,2012,all,ibc_0.2,sel_diff,0.11742385782329791,0.05585229585602813,36
NUST,2012,all,ibc_0.3,spearman,0.01617287033919003,0.011902379545119208,36
NUST,2012,all,ibc_0.3,sel_diff,0.13176716084541235,0.054364649489769885,36
NUST,2012,all,ibc_0.5,spearman,0.01873359804423254,0.012630119639454747,36
NUST,2012,all,ibc_0.5,sel_diff,0.10557574722976364,0.050799235189168034,36
NUST,2012,all,ibc_0.75,spearman,0.020894431425248647,0.012887247510364918,36
NUST,2012,all,ibc_0.75,sel_diff,0.10832952105690645,0.04904880648060648,36
NUST,2012,all,ibc_1,spearman,0.02132660903368884,0.01315102072373081,36
NUST,2012,all,ibc_1,sel_diff,0.12045054367539697,0.04958866333198953,36
NUST,2012,all,ibc_1.5,spearman,0.02273191934226683,0.013124447991495279,36
NUST,2012,all,ibc_1.5,sel_diff,0.11452276402291701,0.05370040356273051,36
NUST,2012,all,ibc_2,spearman,0.026646492370247656,0.013524947696822045,36
NUST,2012,all,ibc_2,sel_diff,0.12250213168516536,0.05937864076406902,36
NUST,2012,all,ibc_3,spearman,0.030598613716743724,0.014335274600250861,36
NUST,2012,all,ibc_3,sel_diff,0.08158416652189832,0.06188482979248097,36
NUST,2012,new,ia_g,spearman,0.02762585937874075,0.009918600341787228,35
NUST,2012,new,ia_g,sel_diff,-0.011317395251120774,0.0260203166509696,35
NUST,2012,new,ia_het,spearman,-0.001923261893063063,0.007384173630280266,35
NUST,2012,new,ia_het,sel_diff,-0.027608779559446243,0.038676815177278855,35
NUST,2012,new,ia_main,spearman,0.01990245024638032,0.008382052619915157,35
NUST,2012,new,ia_main,sel_diff,-0.01439699501892958,0.03876864565931562,35
NUST,2012,new,ia_std,spearman,0.00039496785655150315,0.009307331963591741,35
NUST,2012,new,ia_std,sel_diff,-0.01900179735023653,0.02481988034589209,35
NUST,2012,new,iaw_0,spearman,-0.001923261893063063,0.0072344502408974555,35
NUST,2012,new,iaw_0,sel_diff,-0.027608779559446243,0.040196681236233725,35
NUST,2012,new,iaw_0.01,spearman,-0.00040783179990543176,0.007101323483922508,35
NUST,2012,new,iaw_0.01,sel_diff,0.002795037471645918,0.03199886827759314,35
NUST,2012,new,iaw_0.02,spearman,0.0026659496952603284,0.0069172514088206485,35
NUST,2012,new,iaw_0.02,sel_diff,0.00716488850292883,0.030173889764673795,35
NUST,2012,new,iaw_0.05,spearman,0.011057110047202503,0.005475744970166798,35
NUST,2012,new,iaw_0.05,sel_diff,0.024657533401865956,0.03202173588899858,35
NUST,2012,new,iaw_0.1,spearman,0.015469596615481862,0.006128889560888915,35
NUST,2012,new,iaw_0.1,sel_diff,0.0040065568377469106,0.030126087577817946,35
NUST,2012,new,iaw_0.15,spearman,0.01990245024638032,0.008574855476466305,35
NUST,2012,new,iaw_0.15,sel_diff,-0.01439699501892958,0.037609156077260744,35
NUST,2012,new,iaw_0.2,spearman,0.02525530674927412,0.009534579895365106,35
NUST,2012,new,iaw_0.2,sel_diff,-0.029512377466260224,0.035946078826845196,35
NUST,2012,new,iaw_0.3,spearman,0.033607507743992945,0.01231214806225824,35
NUST,2012,new,iaw_0.3,sel_diff,-0.003222560304171873,0.039276428167183054,35
NUST,2012,new,iaw_0.4,spearman,0.03342614623994157,0.014595737191458845,35
NUST,2012,new,iaw_0.4,sel_diff,-0.10607470680317392,0.0658239218459765,35
NUST,2012,new,iaw_0.5,spearman,0.03738614927988343,0.0165708651247503,35
NUST,2012,new,iaw_0.5,sel_diff,-0.13606924295211062,0.06829591811410503,35
NUST,2012,new,iaw_0.6,spearman,0.04243743122847388,0.01974930523107254,35
NUST,2012,new,iaw_0.6,sel_diff,-0.16663739624471874,0.06555879829184393,35
NUST,2012,new,iaw_0.7,spearman,0.03561690302212804,0.022145455933998484,35
NUST,2012,new,iaw_0.7,sel_diff,-0.19887959760860496,0.06460449182532628,35
NUST,2012,new,iaw_0.8,spearman,0.035068518158228534,0.024039997483419766,35
NUST,2012,new,iaw_0.8,sel_diff,-0.22956860722822645,0.07013297781011191,35
NUST,2012,new,iaw_0.9,spearman,0.02122171794167929,0.02640682269747014,35
NUST,2012,new,iaw_0.9,sel_diff,-0.22982739224112173,0.07368592170669962,35
NUST,2012,new,iaw_0.95,spearman,0.010219181735019988,0.028818070030960617,35
NUST,2012,new,iaw_0.95,sel_diff,-0.24564022907608252,0.0738296010747039,35
NUST,2012,new,ib_main,spearman,0.0179593688263044,0.017195007524412272,35
NUST,2012,new,ib_main,sel_diff,-0.10046220519173667,0.0695538778041513,35
NUST,2012,new,ib_region,spearman,0.04351415729646894,0.014668992536276959,35
NUST,2012,new,ib_region,sel_diff,-0.08909609579907209,0.07696875586870418,35
NUST,2012,new,ibc_0.05,spearman,0.0040863742307536725,0.009475522517804388,35
NUST,2012,new,ibc_0.05,sel_diff,-0.11300824410032988,0.039629736621862074,35
NUST,2012,new,ibc_0.1,spearman,0.01197035987009533,0.010380871916859893,35
NUST,2012,new,ibc_0.1,sel_diff,-0.14851725618378628,0.05309263050676063,35
NUST,2012,new,ibc_0.2,spearman,0.014201780029077526,0.012302732775045306,35
NUST,2012,new,ibc_0.2,sel_diff,-0.13584284349114095,0.05852595430149977,35
NUST,2012,new,ibc_0.3,spearman,0.011882145811791523,0.01412881610202596,35
NUST,2012,new,ibc_0.3,sel_diff,-0.10756490318632157,0.06387448214030615,35
NUST,2012,new,ibc_0.5,spearman,0.014954845269004305,0.015474152553031677,35
NUST,2012,new,ibc_0.5,sel_diff,-0.1066776608573064,0.06916106637105172,35
NUST,2012,new,ibc_0.75,spearman,0.018352237802276145,0.015962432603818275,35
NUST,2012,new,ibc_0.75,sel_diff,-0.08705179921222693,0.06948874903184202,35
NUST,2012,new,ibc_1,spearman,0.01645543099316803,0.016674544500332192,35
NUST,2012,new,ibc_1,sel_diff,-0.1042904415009411,0.07015095297009555,35
NUST,2012,new,ibc_1.5,spearman,0.0179593688263044,0.01739353383640912,35
NUST,2012,new,ibc_1.5,sel_diff,-0.10046220519173667,0.0676711057562274,35
NUST,2012,new,ibc_2,spearman,0.0229252828597336,0.01814761010987244,35
NUST,2012,new,ibc_2,sel_diff,-0.10947849930486202,0.0679267246394018,35
NUST,2012,new,ibc_3,spearman,0.02610768443783278,0.020207684879157552,35
NUST,2012,new,ibc_3,sel_diff,-0.09895223618201425,0.06784796396212944,35
NUST,2013,all,ia_g,spearman,-0.011832565124744064,0.006073709757761273,40
NUST,2013,all,ia_g,sel_diff,-0.050016185693273596,0.04732202209789758,40
NUST,2013,all,ia_het,spearman,0.023049026676641528,0.00962386744656545,40
NUST,2013,all,ia_het,sel_diff,0.058400277690691824,0.061801599536309655,40
NUST,2013,all,ia_main,spearman,0.00807320053952799,0.009950178752657605,40
NUST,2013,all,ia_main,sel_diff,0.023836821907959608,0.05871259738470619,40
NUST,2013,all,ia_std,spearman,0.015181297780884447,0.007870282791590858,40
NUST,2013,all,ia_std,sel_diff,0.0846192128323697,0.050595257763498186,40
NUST,2013,all,iaw_0,spearman,0.023049026676641528,0.009736829856965439,40
NUST,2013,all,iaw_0,sel_diff,0.058400277690691824,0.06076099368183037,40
NUST,2013,all,iaw_0.01,spearman,0.020687267361001387,0.009681997253195443,40
NUST,2013,all,iaw_0.01,sel_diff,0.06310942438413165,0.0627737632118413,40
NUST,2013,all,iaw_0.02,spearman,0.020774731691161404,0.009669913836538703,40
NUST,2013,all,iaw_0.02,sel_diff,0.10487645428824066,0.06395513814155852,40
NUST,2013,all,iaw_0.05,spearman,0.015311116625568586,0.00910847429717522,40
NUST,2013,all,iaw_0.05,sel_diff,0.08136036087993162,0.060622409988778096,40
NUST,2013,all,iaw_0.1,spearman,0.011036356871955125,0.009930690163204511,40
NUST,2013,all,iaw_0.1,sel_diff,0.07114962311665055,0.05824836753199408,40
NUST,2013,all,iaw_0.15,spearman,0.00807320053952799,0.010099066694478317,40
NUST,2013,all,iaw_0.15,sel_diff,0.023836821907959608,0.060327075805036386,40
NUST,2013,all,iaw_0.2,spearman,0.004673186050932386,0.010833598985351092,40
NUST,2013,all,iaw_0.2,sel_diff,-0.005308255596490641,0.0584899103535731,40
NUST,2013,all,iaw_0.3,spearman,-0.002660455984352129,0.012117613290340556,40
NUST,2013,all,iaw_0.3,sel_diff,0.022298699436290047,0.06255476558015546,40
NUST,2013,all,iaw_0.4,spearman,-0.007166910322426334,0.012802773194915244,40
NUST,2013,all,iaw_0.4,sel_diff,-0.009432212943736484,0.0716706712796095,40
NUST,2013,all,iaw_0.5,spearman,-0.013729387339325574,0.013668486817267497,40
NUST,2013,all,iaw_0.5,sel_diff,-0.008275406388535144,0.06944492007586149,40
NUST,2013,all,iaw_0.6,spearman,-0.021120343012166413,0.01544294672183947,40
NUST,2013,all,iaw_0.6,sel_diff,-0.04248104227205905,0.07620966704603846,40
NUST,2013,all,iaw_0.7,spearman,-0.031232921035705945,0.01753078538198699,40
NUST,2013,all,iaw_0.7,sel_diff,-0.060476975775848,0.08495742515342194,40
NUST,2013,all,iaw_0.8,spearman,-0.03722247628669999,0.01944200679835219,40
NUST,2013,all,iaw_0.8,sel_diff,-0.03271130141025673,0.08801026314203096,40
NUST,2013,all,iaw_0.9,spearman,-0.05434495811279925,0.022898178311214254,40
NUST,2013,all,iaw_0.9,sel_diff,-0.060681756781513385,0.08520215100517244,40
NUST,2013,all,iaw_0.95,spearman,-0.06983587106184845,0.025235279333113685,40
NUST,2013,all,iaw_0.95,sel_diff,-0.06848379228511828,0.08675372647414657,40
NUST,2013,all,ib_main,spearman,0.011555952361184167,0.012544937146073725,40
NUST,2013,all,ib_main,sel_diff,0.008236108934075493,0.055501773894719095,40
NUST,2013,all,ib_region,spearman,0.006509709399933091,0.01730067168486966,40
NUST,2013,all,ib_region,sel_diff,0.01933506934831599,0.07057555183862745,40
NUST,2013,all,ibc_0.05,spearman,0.001662949320654024,0.011462628384777265,40
NUST,2013,all,ibc_0.05,sel_diff,-0.047510731664930514,0.050069774603255165,40
NUST,2013,all,ibc_0.1,spearman,0.0039476155865410464,0.012492811795227718,40
NUST,2013,all,ibc_0.1,sel_diff,-0.017784713993956622,0.05197722008772332,40
NUST,2013,all,ibc_0.2,spearman,0.006767269392415754,0.013032513534421374,40
NUST,2013,all,ibc_0.2,sel_diff,-0.03456775751172052,0.054634838692839596,40
NUST,2013,all,ibc_0.3,spearman,0.006778382891119626,0.013078840134460382,40
NUST,2013,all,ibc_0.3,sel_diff,-0.02030006940453216,0.05313612392731578,40
NUST,2013,all,ibc_0.5,spearman,0.00924383057349315,0.012237311090974439,40
NUST,2013,all,ibc_0.5,sel_diff,-0.004056659943520213,0.05692426987515765,40
NUST,2013,all,ibc_0.75,spearman,0.009768288257283177,0.012877507369284613,40
NUST,2013,all,ibc_0.75,sel_diff,-0.017032727550974503,0.05588656894955343,40
NUST,2013,all,ibc_1,spearman,0.011555952361184167,0.012260605341128899,40
NUST,2013,all,ibc_1,sel_diff,0.008236108934075493,0.054892579980271826,40
NUST,2013,all,ibc_1.5,spearman,0.014192517058175185,0.01347818340468186,40
NUST,2013,all,ibc_1.5,sel_diff,0.019738562108243367,0.06554790666031142,40
NUST,2013,all,ibc_2,spearman,0.011358975762110656,0.014212477865723981,40
NUST,2013,all,ibc_2,sel_diff,0.062220113718717364,0.07035724102701668,40
NUST,2013,all,ibc_3,spearman,0.014004592408300844,0.014272006270761112,40
NUST,2013,all,ibc_3,sel_diff,0.10037545177399151,0.07493810002908857,40
NUST,2013,new,ia_g,spearman,0.0008616855400557976,0.009511573345949315,37
NUST,2013,new,ia_g,sel_diff,0.04922214445187779,0.05220630439855095,37
NUST,2013,new,ia_het,spearman,0.012278036872092604,0.010332048625699298,37
NUST,2013,new,ia_het,sel_diff,-0.05002179861800873,0.038657322382133645,37
NUST,2013,new,ia_main,spearman,0.01097140121613303,0.012394873096446851,37
NUST,2013,new,ia_main,sel_diff,-0.0033584962746931518,0.061521107306540125,37
NUST,2013,new,ia_std,spearman,0.012564918638012807,0.010499932151075203,37
NUST,2013,new,ia_std,sel_diff,-0.025919610093075432,0.04930058568334744,37
NUST,2013,new,iaw_0,spearman,0.012278036872092604,0.010603454333752012,37
NUST,2013,new,iaw_0,sel_diff,-0.05002179861800873,0.03924642619439937,37
NUST,2013,new,iaw_0.01,spearman,0.011733380492047122,0.010774096956704768,37
NUST,2013,new,iaw_0.01,sel_diff,-0.05203321775612594,0.040066850600865525,37
NUST,2013,new,iaw_0.02,spearman,0.011174390090457476,0.010667167655794002,37
NUST,2013,new,iaw_0.02,sel_diff,-0.010289758025183527,0.05086679592940367,37
NUST,2013,new,iaw_0.05,spearman,0.013861735670178371,0.010666467090024948,37
NUST,2013,new,iaw_0.05,sel_diff,-0.009496723285208866,0.05297923109680521,37
NUST,2013,new,iaw_0.1,spearman,0.012164257879416392,0.012715228940282694,37
NUST,2013,new,iaw_0.1,sel_diff,-0.0004070556086385015,0.052328026125899166,37
NUST,2013,new,iaw_0.15,spearman,0.01097140121613303,0.012267921916010383,37
NUST,2013,new,iaw_0.15,sel_diff,-0.0033584962746931518,0.06052235415993513,37
NUST,2013,new,iaw_0.2,spearman,0.010931729161895722,0.014218792856671542,37
NUST,2013,new,iaw_0.2,sel_diff,0.018998293253825398,0.07440008694633214,37
NUST,2013,new,iaw_0.3,spearman,0.0019039725019514857,0.014958660292464947,37
NUST,2013,new,iaw_0.3,sel_diff,0.015397802787909037,0.07515553470580179,37
NUST,2013,new,iaw_0.4,spearman,-0.0075705581300146004,0.018311637612713382,37
NUST,2013,new,iaw_0.4,sel_diff,-0.07401549298990275,0.08005652977063568,37
NUST,2013,new,iaw_0.5,spearman,-0.014225925313110357,0.019522656878769435,37
NUST,2013,new,iaw_0.5,sel_diff,-0.06934681421405113,0.07770158250163571,37
NUST,2013,new,iaw_0.6,spearman,-0.023207371964080976,0.02177071795429362,37
NUST,2013,new,iaw_0.6,sel_diff,-0.06528198843414644,0.08023980614233273,37
NUST,2013,new,iaw_0.7,spearman,-0.03144583521189745,0.025180451820224884,37
NUST,2013,new,iaw_0.7,sel_diff,-0.06885707111953016,0.09325151253904489,37
NUST,2013,new,iaw_0.8,spearman,-0.03385569209423829,0.02731317196546426,37
NUST,2013,new,iaw_0.8,sel_diff,-0.1050726573649878,0.09480575141567552,37
NUST,2013,new,iaw_0.9,spearman,-0.05563292217877337,0.0305624822994562,37
NUST,2013,new,iaw_0.9,sel_diff,-0.13704537298202965,0.1008518515226403,37
NUST,2013,new,iaw_0.95,spearman,-0.07370709161432798,0.034016135194334336,37
NUST,2013,new,iaw_0.95,sel_diff,-0.18498037821086902,0.10373199334307927,37
NUST,2013,new,ib_main,spearman,0.016359389113884456,0.015571705022448623,37
NUST,2013,new,ib_main,sel_diff,-0.04126757327483734,0.07073376978489213,37
NUST,2013,new,ib_region,spearman,0.0030355271319282098,0.019521472773983504,37
NUST,2013,new,ib_region,sel_diff,-0.13022740489021686,0.07006274660857342,37
NUST,2013,new,ibc_0.05,spearman,0.0068929645167591785,0.012173030997077682,37
NUST,2013,new,ibc_0.05,sel_diff,-0.022866375038279728,0.06518880716227855,37
NUST,2013,new,ibc_0.1,spearman,0.010958539354837931,0.012850076384799777,37
NUST,2013,new,ibc_0.1,sel_diff,-0.028562286356335856,0.0653901174679187,37
NUST,2013,new,ibc_0.2,spearman,0.01366563487737532,0.014510263048221141,37
NUST,2013,new,ibc_0.2,sel_diff,-0.012724400559931601,0.0683981814764506,37
NUST,2013,new,ibc_0.3,spearman,0.012902181446368252,0.014397558471649788,37
NUST,2013,new,ibc_0.3,sel_diff,-0.0014695024162017407,0.06883607006105866,37
NUST,2013,new,ibc_0.5,spearman,0.01274418466702568,0.014310479352576696,37
NUST,2013,new,ibc_0.5,sel_diff,-0.02948944526996444,0.07663254316661058,37
NUST,2013,new,ibc_0.75,spearman,0.013900781691931631,0.015446705391173036,37
NUST,2013,new,ibc_0.75,sel_diff,-0.035942177983016604,0.06885748171470572,37
NUST,2013,new,ibc_1,spearman,0.016359389113884456,0.015760941169040085,37
NUST,2013,new,ibc_1,sel_diff,-0.04126757327483734,0.06890960448609196,37
NUST,2013,new,ibc_1.5,spearman,0.01620123532440932,0.015971332110889153,37
NUST,2013,new,ibc_1.5,sel_diff,-0.009489622864098983,0.0724077262220758,37
NUST,2013,new,ibc_2,spearman,0.010373019029810384,0.016788879198096105,37
NUST,2013,new,ibc_2,sel_diff,0.04519189737392182,0.07231616060500679,37
NUST,2013,new,ibc_3,spearman,0.006954864296690764,0.01692616999683178,37
NUST,2013,new,ibc_3,sel_diff,0.05546776572099679,0.07008175767965039,37
NUST,2014,all,ia_g,spearman,0.00433075467055419,0.007901575598259263,37
NUST,2014,all,ia_g,sel_diff,0.011388883513022766,0.03635115536119931,37
NUST,2014,all,ia_het,spearman,-0.0018207082369550674,0.0061992656928280205,37
NUST,2014,all,ia_het,sel_diff,0.04762138286663085,0.03133947194638478,37
NUST,2014,all,ia_main,spearman,0.0029978369588485364,0.009159094511187292,37
NUST,2014,all,ia_main,sel_diff,0.05819506481928551,0.048205780423456704,37
NUST,2014,all,ia_std,spearman,0.0012643166866130923,0.005654318659424766,37
NUST,2014,all,ia_std,sel_diff,0.029573571371420075,0.027132484127072757,37
NUST,2014,all,iaw_0,spearman,-0.0018207082369550674,0.006361596676133708,37
NUST,2014,all,iaw_0,sel_diff,0.04762138286663085,0.03216933782042231,37
NUST,2014,all,iaw_0.01,spearman,-0.001761340528600756,0.006375456772806766,37
NUST,2014,all,iaw_0.01,sel_diff,0.04385776072140201,0.032910961418318604,37
NUST,2014,all,iaw_0.02,spearman,-0.0001982317313586031,0.006584939128427247,37
NUST,2014,all,iaw_0.02,sel_diff,0.04969863492743613,0.034428249408874824,37
NUST,2014,all,iaw_0.05,spearman,-0.002201172763642277,0.0076237240852827,37
NUST,2014,all,iaw_0.05,sel_diff,0.031306797944793685,0.03489933914660267,37
NUST,2014,all,iaw_0.1,spearman,0.00030130430679821705,0.008134649712073018,37
NUST,2014,all,iaw_0.1,sel_diff,0.03341149001007502,0.037593582132168755,37
NUST,2014,all,iaw_0.15,spearman,0.0029978369588485364,0.009333644098058922,37
NUST,2014,all,iaw_0.15,sel_diff,0.05819506481928551,0.050205218625155104,37
NUST,2014,all,iaw_0.2,spearman,0.0016234989386655497,0.011159641815528802,37
NUST,2014,all,iaw_0.2,sel_diff,0.014715516403976872,0.05765925746393261,37
NUST,2014,all,iaw_0.3,spearman,0.0012727909033357354,0.011801141289998757,37
NUST,2014,all,iaw_0.3,sel_diff,0.016475242004760027,0.06708330827324639,37
NUST,2014,all,iaw_0.4,spearman,-0.00032922085393637037,0.012728103823511082,37
NUST,2014,all,iaw_0.4,sel_diff,-0.027595523489988383,0.06394832502388528,37
NUST,2014,all,iaw_0.5,spearman,-0.0042148499299571205,0.013771892001980297,37
NUST,2014,all,iaw_0.5,sel_diff,-0.062046420603314084,0.07616871641318743,37
NUST,2014,all,iaw_0.6,spearman,-0.00834585247691429,0.015068656955097293,37
NUST,2014,all,iaw_0.6,sel_diff,-0.0777907352635042,0.07786302304925309,37
NUST,2014,all,iaw_0.7,spearman,-0.011807009732999469,0.016017373978945332,37
NUST,2014,all,iaw_0.7,sel_diff,-0.09895388993891997,0.08399085604669358,37
NUST,2014,all,iaw_0.8,spearman,-0.018044795782879864,0.017866484510557706,37
NUST,2014,all,iaw_0.8,sel_diff,-0.10453160692119272,0.08982617145964883,37
NUST,2014,all,iaw_0.9,spearman,-0.02927823415320993,0.020194140343717446,37
NUST,2014,all,iaw_0.9,sel_diff,-0.06806025649149988,0.08599654195593848,37
NUST,2014,all,iaw_0.95,spearman,-0.04257206796421415,0.021803337678033042,37
NUST,2014,all,iaw_0.95,sel_diff,-0.050022150350415254,0.08146798411742856,37
NUST,2014,all,ib_main,spearman,0.02491089029032628,0.012125510192066207,37
NUST,2014,all,ib_main,sel_diff,0.007139254504320401,0.06731871859388061,37
NUST,2014,all,ib_region,spearman,0.03215134954189453,0.01354363539527481,37
NUST,2014,all,ib_region,sel_diff,0.06850959269579895,0.05066025876176174,37
NUST,2014,all,ibc_0.05,spearman,0.015920804447237907,0.00831360694114807,37
NUST,2014,all,ibc_0.05,sel_diff,0.019285556633091783,0.047678801412535776,37
NUST,2014,all,ibc_0.1,spearman,0.020352721691602772,0.008955114884127978,37
NUST,2014,all,ibc_0.1,sel_diff,0.02734948511817314,0.049230423413181665,37
NUST,2014,all,ibc_0.2,spearman,0.02457133109094748,0.00947522854072701,37
NUST,2014,all,ibc_0.2,sel_diff,0.00970430796728761,0.06235911028794781,37
NUST,2014,all,ibc_0.3,spearman,0.027683973667139358,0.01004119527712144,37
NUST,2014,all,ibc_0.3,sel_diff,0.034527806886531294,0.061566765444301695,37
NUST,2014,all,ibc_0.5,spearman,0.02520797515332165,0.01024700213685813,37
NUST,2014,all,ibc_0.5,sel_diff,0.06382553829064318,0.06323752696897467,37
NUST,2014,all,ibc_0.75,spearman,0.026462442110761368,0.011258779329729242,37
NUST,2014,all,ibc_0.75,sel_diff,0.027092461827083383,0.06624264054523889,37
NUST,2014,all,ibc_1,spearman,0.02491089029032628,0.01141785377131824,37
NUST,2014,all,ibc_1,sel_diff,0.007139254504320401,0.06586365213090195,37
NUST,2014,all,ibc_1.5,spearman,0.025469219959273988,0.012614130995042138,37
NUST,2014,all,ibc_1.5,sel_diff,0.01578335175838254,0.07028606238487482,37
NUST,2014,all,ibc_2,spearman,0.024145955691716812,0.014221699560281943,37
NUST,2014,all,ibc_2,sel_diff,-0.01835531447520041,0.07050271463086552,37
NUST,2014,all,ibc_3,spearman,0.022732532659254318,0.01565626759516602,37
NUST,2014,all,ibc_3,sel_diff,-0.025125864883563647,0.0705352183155628,37
NUST,2014,new,ia_g,spearman,0.014464791047370522,0.011944787441451499,32
NUST,2014,new,ia_g,sel_diff,-0.038618643637249914,0.03533465452854719,32
NUST,2014,new,ia_het,spearman,0.006452385929886026,0.00770311144329861,32
NUST,2014,new,ia_het,sel_diff,-0.053321187276443506,0.029820879726242908,32
NUST,2014,new,ia_main,spearman,0.011710736371401445,0.013582447429408563,32
NUST,2014,new,ia_main,sel_diff,-0.06729151133183622,0.05149774637948038,32
NUST,2014,new,ia_std,spearman,0.015679744409082867,0.009193122526201579,32
NUST,2014,new,ia_std,sel_diff,0.02110009876868001,0.029982531031922385,32
NUST,2014,new,iaw_0,spearman,0.006452385929886026,0.007711796685413794,32
NUST,2014,new,iaw_0,sel_diff,-0.053321187276443506,0.030399982008096973,32
NUST,2014,new,iaw_0.01,spearman,0.007938552543557388,0.007606571513420931,32
NUST,2014,new,iaw_0.01,sel_diff,-0.050109916808229946,0.036237761449892804,32
NUST,2014,new,iaw_0.02,spearman,0.007992525105659318,0.007686204558345463,32
NUST,2014,new,iaw_0.02,sel_diff,-0.04217121996108965,0.040009093824167244,32
NUST,2014,new,iaw_0.05,spearman,0.007795779091860277,0.009041061858812439,32
NUST,2014,new,iaw_0.05,sel_diff,-0.053720953813882574,0.04029743818790956,32
NUST,2014,new,iaw_0.1,spearman,0.008807123161109418,0.012544657973484453,32
NUST,2014,new,iaw_0.1,sel_diff,-0.053929400476416936,0.05083725841356073,32
NUST,2014,new,iaw_0.15,spearman,0.011710736371401445,0.01320555318782703,32
NUST,2014,new,iaw_0.15,sel_diff,-0.06729151133183622,0.05192033934671909,32
NUST,2014,new,iaw_0.2,spearman,0.011871414355250288,0.015803440408436117,32
NUST,2014,new,iaw_0.2,sel_diff,0.05354793044232285,0.0771213090563226,32
NUST,2014,new,iaw_0.3,spearman,0.021050919001904395,0.018496208728212418,32
NUST,2014,new,iaw_0.3,sel_diff,-0.005357569595193838,0.07541444104678069,32
NUST,2014,new,iaw_0.4,spearman,0.01720890615686963,0.01842858449452043,32
NUST,2014,new,iaw_0.4,sel_diff,-0.003303101943569531,0.0933287514095213,32
NUST,2014,new,iaw_0.5,spearman,0.014877451601008358,0.020205675272160217,32
NUST,2014,new,iaw_0.5,sel_diff,-0.016283408060855264,0.09781158861390907,32
NUST,2014,new,iaw_0.6,spearman,0.004087487427688205,0.02230111330589188,32
NUST,2014,new,iaw_0.6,sel_diff,-0.06205122723510817,0.11062990631233571,32
NUST,2014,new,iaw_0.7,spearman,0.0011473620748263585,0.022022772761417436,32
NUST,2014,new,iaw_0.7,sel_diff,-0.05915110875261591,0.10986772524578661,32
NUST,2014,new,iaw_0.8,spearman,-0.007372612927930566,0.02469596460076816,32
NUST,2014,new,iaw_0.8,sel_diff,-0.06429593843726027,0.12972892091301444,32
NUST,2014,new,iaw_0.9,spearman,-0.024754692084624056,0.028096120169339028,32
NUST,2014,new,iaw_0.9,sel_diff,-0.010661080009241986,0.12945084694588985,32
NUST,2014,new,iaw_0.95,spearman,-0.034961961532204794,0.029755585177512242,32
NUST,2014,new,iaw_0.95,sel_diff,-0.008123093117036906,0.14386068315007502,32
NUST,2014,new,ib_main,spearman,0.052856836912673455,0.011939795710790005,32
NUST,2014,new,ib_main,sel_diff,0.06711799348248426,0.04377418216556967,32
NUST,2014,new,ib_region,spearman,0.049211477685571874,0.01711836033026251,32
NUST,2014,new,ib_region,sel_diff,0.13260853574594858,0.06072482321206326,32
NUST,2014,new,ibc_0.05,spearman,0.02256431358244422,0.01065641835679242,32
NUST,2014,new,ibc_0.05,sel_diff,0.1321120911234713,0.10039643705773442,32
NUST,2014,new,ibc_0.1,spearman,0.029348392654476092,0.01036953857482551,32
NUST,2014,new,ibc_0.1,sel_diff,0.13190698259613548,0.10103373863203995,32
NUST,2014,new,ibc_0.2,spearman,0.03503441411623421,0.010176468775312888,32
NUST,2014,new,ibc_0.2,sel_diff,0.03345643710926524,0.05195355315920097,32
NUST,2014,new,ibc_0.3,spearman,0.0403255447670307,0.010469981192261476,32
NUST,2014,new,ibc_0.3,sel_diff,0.00041212657355060855,0.04719946200579577,32
NUST,2014,new,ibc_0.5,spearman,0.04546715064710437,0.01012302017335167,32
NUST,2014,new,ibc_0.5,sel_diff,0.0394777636921871,0.04429979326109473,32
NUST,2014,new,ibc_0.75,spearman,0.04960975790381191,0.010540019040465224,32
NUST,2014,new,ibc_0.75,sel_diff,0.04479194579988814,0.044624909039477446,32
NUST,2014,new,ibc_1,spearman,0.052856836912673455,0.011990669571028933,32
NUST,2014,new,ibc_1,sel_diff,0.06711799348248426,0.04446009647150487,32
NUST,2014,new,ibc_1.5,spearman,0.058847510640584855,0.01375727400845889,32
NUST,2014,new,ibc_1.5,sel_diff,0.13802666471533737,0.07778791103543961,32
NUST,2014,new,ibc_2,spearman,0.0568502892109642,0.015137871988335019,32
NUST,2014,new,ibc_2,sel_diff,0.19281623447024576,0.07587254770918679,32
NUST,2014,new,ibc_3,spearman,0.05880326088337226,0.016297312303219312,32
NUST,2014,new,ibc_3,sel_diff,0.17970560370158012,0.07747161829221814,32
NUST,2015,all,ia_g,spearman,0.0070617263484990585,0.004334820627172106,41
NUST,2015,all,ia_g,sel_diff,-0.05068826729894712,0.051125788673540035,41
NUST,2015,all,ia_het,spearman,0.008237795885423834,0.005744892245889857,41
NUST,2015,all,ia_het,sel_diff,-0.008812260116920283,0.03652792448965536,41
NUST,2015,all,ia_main,spearman,0.015757292800148436,0.007189324659090795,41
NUST,2015,all,ia_main,sel_diff,-0.020155960824985258,0.04096841173044627,41
NUST,2015,all,ia_std,spearman,0.005369913469673962,0.004212053690363413,41
NUST,2015,all,ia_std,sel_diff,-0.05282951181646281,0.03739624102351175,41
NUST,2015,all,iaw_0,spearman,0.008237795885423834,0.005967605924411784,41
NUST,2015,all,iaw_0,sel_diff,-0.008812260116920283,0.036433597369974084,41
NUST,2015,all,iaw_0.01,spearman,0.01016434977842636,0.0060353374469259,41
NUST,2015,all,iaw_0.01,sel_diff,-0.006750206484958661,0.035135894128932824,41
NUST,2015,all,iaw_0.02,spearman,0.011557460045119356,0.0060012490950478,41
NUST,2015,all,iaw_0.02,sel_diff,-0.0026065873958515417,0.03472841871822055,41
NUST,2015,all,iaw_0.05,spearman,0.013637858637139153,0.005530919411098004,41
NUST,2015,all,iaw_0.05,sel_diff,-0.019536324155945493,0.03719102125142541,41
NUST,2015,all,iaw_0.1,spearman,0.016160894928860196,0.0063617163250715356,41
NUST,2015,all,iaw_0.1,sel_diff,-0.0028104000274424266,0.040122437532296815,41
NUST,2015,all,iaw_0.15,spearman,0.015757292800148436,0.007378496586644756,41
NUST,2015,all,iaw_0.15,sel_diff,-0.020155960824985258,0.041094187138205916,41
NUST,2015,all,iaw_0.2,spearman,0.01447739629550504,0.007877528060828927,41
NUST,2015,all,iaw_0.2,sel_diff,-0.03502359064476681,0.04166119753435723,41
NUST,2015,all,iaw_0.3,spearman,0.013130641248083112,0.00922259012399251,41
NUST,2015,all,iaw_0.3,sel_diff,-0.03518935435332329,0.05856923457692787,41
NUST,2015,all,iaw_0.4,spearman,0.011040753825422661,0.009533540778004822,41
NUST,2015,all,iaw_0.4,sel_diff,-0.024493165019015807,0.07142376125479434,41
NUST,2015,all,iaw_0.5,spearman,0.004275491430435523,0.01066400202200632,41
NUST,2015,all,iaw_0.5,sel_diff,-0.040606110922370806,0.07214925975300723,41
NUST,2015,all,iaw_0.6,spearman,0.0011273569147222519,0.011278420405038691,41
NUST,2015,all,iaw_0.6,sel_diff,-0.06581671930806464,0.0689579679128681,41
NUST,2015,all,iaw_0.7,spearman,-0.002381224098430581,0.012234041494619178,41
NUST,2015,all,iaw_0.7,sel_diff,-0.07710671392359264,0.07030973555779194,41
NUST,2015,all,iaw_0.8,spearman,-0.012722541212447772,0.01429713332984956,41
NUST,2015,all,iaw_0.8,sel_diff,-0.09837238870203381,0.07485045079888497,41
NUST,2015,all,iaw_0.9,spearman,-0.035943727478107576,0.018558004949065857,41
NUST,2015,all,iaw_0.9,sel_diff,-0.06852144326854412,0.06980046843565435,41
NUST,2015,all,iaw_0.95,spearman,-0.050027770896568985,0.020726093264388956,41
NUST,2015,all,iaw_0.95,sel_diff,-0.08429536755679201,0.07369864530141261,41
NUST,2015,all,ib_main,spearman,0.003575186987326766,0.01351799338524542,41
NUST,2015,all,ib_main,sel_diff,-0.053745921002839446,0.05148564657322095,41
NUST,2015,all,ib_region,spearman,0.0029545747751525938,0.014000096892065378,41
NUST,2015,all,ib_region,sel_diff,-0.04958348923419241,0.0462043100562989,41
NUST,2015,all,ibc_0.05,spearman,-0.016995953151264467,0.01168102776166805,41
NUST,2015,all,ibc_0.05,sel_diff,-0.040187668883507145,0.03649418759347149,41
NUST,2015,all,ibc_0.1,spearman,-0.014502631896005952,0.012307233227105844,41
NUST,2015,all,ibc_0.1,sel_diff,-0.07406335287844992,0.04114108414223115,41
NUST,2015,all,ibc_0.2,spearman,-0.007133113810055856,0.012925925114305372,41
NUST,2015,all,ibc_0.2,sel_diff,-0.06808563234826,0.04619785212565718,41
NUST,2015,all,ibc_0.3,spearman,-0.0047400601409849155,0.012652577430188532,41
NUST,2015,all,ibc_0.3,sel_diff,-0.04485108868066516,0.046623342434954404,41
NUST,2015,all,ibc_0.5,spearman,-0.001639697840625403,0.013013054188998984,41
NUST,2015,all,ibc_0.5,sel_diff,-0.049640098681980396,0.04827735254775757,41
NUST,2015,all,ibc_0.75,spearman,0.003575186987326766,0.013874188265004783,41
NUST,2015,all,ibc_0.75,sel_diff,-0.053745921002839446,0.050624302531856076,41
NUST,2015,all,ibc_1,spearman,0.005786070262113223,0.013897544935875505,41
NUST,2015,all,ibc_1,sel_diff,-0.04086407695409005,0.04981882714884604,41
NUST,2015,all,ibc_1.5,spearman,0.008657277873299837,0.014770454884043646,41
NUST,2015,all,ibc_1.5,sel_diff,-0.061816171540638586,0.052862669224813925,41
NUST,2015,all,ibc_2,spearman,0.010570683770620946,0.015346583057653658,41
NUST,2015,all,ibc_2,sel_diff,-0.08344550403628036,0.06257892724633157,41
NUST,2015,all,ibc_3,spearman,0.009230184279181266,0.016310027149329,41
NUST,2015,all,ibc_3,sel_diff,-0.04760637948246579,0.07160594610765497,41
NUST,2015,new,ia_g,spearman,0.009972170843821659,0.007357326083543744,40
NUST,2015,new,ia_g,sel_diff,-0.08531521690480515,0.05585997225937042,40
NUST,2015,new,ia_het,spearman,0.017619800764965925,0.007373974850408847,40
NUST,2015,new,ia_het,sel_diff,0.02479613430983248,0.03296292402941228,40
NUST,2015,new,ia_main,spearman,0.025868751791640648,0.008392530724218488,40
NUST,2015,new,ia_main,sel_diff,-0.05939701769000636,0.06064764797386357,40
NUST,2015,new,ia_std,spearman,0.00969370035040142,0.007846318775567724,40
NUST,2015,new,ia_std,sel_diff,0.04481739922774562,0.025697373291739038,40
NUST,2015,new,iaw_0,spearman,0.017619800764965925,0.007567242945301456,40
NUST,2015,new,iaw_0,sel_diff,0.02479613430983248,0.03399168539441565,40
NUST,2015,new,iaw_0.01,spearman,0.019668847203435102,0.007998496500860758,40
NUST,2015,new,iaw_0.01,sel_diff,0.05989659433136213,0.03287855018498653,40
NUST,2015,new,iaw_0.02,spearman,0.01832047890372938,0.007783870997935398,40
NUST,2015,new,iaw_0.02,sel_diff,0.05429621037707501,0.03210281201203029,40
NUST,2015,new,iaw_0.05,spearman,0.02027173237087867,0.007584408830520803,40
NUST,2015,new,iaw_0.05,sel_diff,0.058898206328854674,0.03245708352564896,40
NUST,2015,new,iaw_0.1,spearman,0.024956835374319725,0.007756424578192531,40
NUST,2015,new,iaw_0.1,sel_diff,0.042327297916316196,0.03659591710236542,40
NUST,2015,new,iaw_0.15,spearman,0.025868751791640648,0.00867554354227524,40
NUST,2015,new,iaw_0.15,sel_diff,-0.05939701769000636,0.06105041011424122,40
NUST,2015,new,iaw_0.2,spearman,0.024132492280107803,0.00945667918245259,40
NUST,2015,new,iaw_0.2,sel_diff,-0.04033098935677517,0.06346487317223687,40
NUST,2015,new,iaw_0.3,spearman,0.029475737428914694,0.00934690739630722,40
NUST,2015,new,iaw_0.3,sel_diff,0.04857426229175386,0.08338813175069298,40
NUST,2015,new,iaw_0.4,spearman,0.030549475184870244,0.010751539936483813,40
NUST,2015,new,iaw_0.4,sel_diff,0.06113573464950458,0.09269210342084856,40
NUST,2015,new,iaw_0.5,spearman,0.024039383750648752,0.01155424525845035,40
NUST,2015,new,iaw_0.5,sel_diff,0.056880759462837716,0.09614968054250163,40
NUST,2015,new,iaw_0.6,spearman,0.02177082782133814,0.012182872607059542,40
NUST,2015,new,iaw_0.6,sel_diff,0.08628826523022791,0.08313700638776823,40
NUST,2015,new,iaw_0.7,spearman,0.02120136770101962,0.012835594872608776,40
NUST,2015,new,iaw_0.7,sel_diff,0.05521382033712395,0.08679981003659494,40
NUST,2015,new,iaw_0.8,spearman,0.01928482005951343,0.012635473402999375,40
NUST,2015,new,iaw_0.8,sel_diff,0.11355243657293676,0.09866186096776167,40
NUST,2015,new,iaw_0.9,spearman,0.0007807399537135065,0.014162771998550714,40
NUST,2015,new,iaw_0.9,sel_diff,0.028550698252346386,0.1061563648996209,40
NUST,2015,new,iaw_0.95,spearman,-0.004849304287184211,0.014059761807567087,40
NUST,2015,new,iaw_0.95,sel_diff,0.007403050584461368,0.09656477744671861,40
NUST,2015,new,ib_main,spearman,0.00579736610875566,0.017352816634316887,40
NUST,2015,new,ib_main,sel_diff,0.05199969886972462,0.056212773652559146,40
NUST,2015,new,ib_region,spearman,0.019283956186116433,0.017552203468531754,40
NUST,2015,new,ib_region,sel_diff,0.012914056885393455,0.05996138756248233,40
NUST,2015,new,ibc_0.05,spearman,-0.028381176848846012,0.01601592759268822,40
NUST,2015,new,ibc_0.05,sel_diff,-0.03858789733334474,0.05993739590335619,40
NUST,2015,new,ibc_0.1,spearman,-0.018784258210432198,0.016132736443986165,40
NUST,2015,new,ibc_0.1,sel_diff,-0.037799810020161556,0.05816570246015753,40
NUST,2015,new,ibc_0.2,spearman,-0.008438537983679528,0.016444773684418018,40
NUST,2015,new,ibc_0.2,sel_diff,-0.01855873628876132,0.055419559055125654,40
NUST,2015,new,ibc_0.3,spearman,-0.006011088562538762,0.015790583516472813,40
NUST,2015,new,ibc_0.3,sel_diff,-0.010361808941501066,0.0551954694134413,40
NUST,2015,new,ibc_0.5,spearman,0.00014513803278473348,0.016770578263363024,40
NUST,2015,new,ibc_0.5,sel_diff,0.01992324939821515,0.05517274622265817,40
NUST,2015,new,ibc_0.75,spearman,0.00579736610875566,0.01720050274010931,40
NUST,2015,new,ibc_0.75,sel_diff,0.05199969886972462,0.05603271767203859,40
NUST,2015,new,ibc_1,spearman,0.008871302691788678,0.017829712614573542,40
NUST,2015,new,ibc_1,sel_diff,0.07068467842586663,0.05691361038997322,40
NUST,2015,new,ibc_1.5,spearman,0.015320663983375327,0.018006573238230187,40
NUST,2015,new,ibc_1.5,sel_diff,0.051166753383004235,0.05932222995157889,40
NUST,2015,new,ibc_2,spearman,0.019186646563416693,0.019115901748964617,40
NUST,2015,new,ibc_2,sel_diff,0.038710153110489406,0.07273410479707638,40
NUST,2015,new,ibc_3,spearman,0.021432968663010664,0.019906493189392735,40
NUST,2015,new,ibc_3,sel_diff,0.060108868197769796,0.0726896646468071,40
NUST,2016,all,ia_g,spearman,0.02466486340712107,0.0054663904933449515,41
NUST,2016,all,ia_g,sel_diff,0.022781827037575413,0.0263850540009978,41
NUST,2016,all,ia_het,spearman,0.007094310944812749,0.004756864599639529,41
NUST,2016,all,ia_het,sel_diff,-0.06858255349627104,0.035588996528504044,41
NUST,2016,all,ia_main,spearman,0.024770277969095932,0.006719711047374178,41
NUST,2016,all,ia_main,sel_diff,-0.02406564489537997,0.03382696065468423,41
NUST,2016,all,ia_std,spearman,0.011658692112372429,0.004926473093269702,41
NUST,2016,all,ia_std,sel_diff,-0.03920543119535852,0.024318246333203047,41
NUST,2016,all,iaw_0,spearman,0.007094310944812749,0.0048387238520497255,41
NUST,2016,all,iaw_0,sel_diff,-0.06858255349627104,0.03577157303504482,41
NUST,2016,all,iaw_0.01,spearman,0.007306194447458285,0.004853176312187744,41
NUST,2016,all,iaw_0.01,sel_diff,-0.06844257340142702,0.035907281627213676,41
NUST,2016,all,iaw_0.02,spearman,0.009484125317451946,0.004633609611856598,41
NUST,2016,all,iaw_0.02,sel_diff,-0.06914097005037655,0.0361642193433801,41
NUST,2016,all,iaw_0.05,spearman,0.014743599967730456,0.005329781672791949,41
NUST,2016,all,iaw_0.05,sel_diff,-0.0572187571766266,0.03436068503352166,41
NUST,2016,all,iaw_0.1,spearman,0.018466460146877216,0.005971202977474524,41
NUST,2016,all,iaw_0.1,sel_diff,-0.032808677197473345,0.03364427506237337,41
NUST,2016,all,iaw_0.15,spearman,0.024770277969095932,0.006920845694576473,41
NUST,2016,all,iaw_0.15,sel_diff,-0.02406564489537997,0.035596647812822284,41
NUST,2016,all,iaw_0.2,spearman,0.026485202318553846,0.0074161255409737736,41
NUST,2016,all,iaw_0.2,sel_diff,-0.012509929667083598,0.030224080031564966,41
NUST,2016,all,iaw_0.3,spearman,0.030709906855600412,0.00846727068566618,41
NUST,2016,all,iaw_0.3,sel_diff,0.007091186199113584,0.03369988566320942,41
NUST,2016,all,iaw_0.4,spearman,0.03422822255228762,0.009647807996787485,41
NUST,2016,all,iaw_0.4,sel_diff,0.006463538629348529,0.03564404899418249,41
NUST,2016,all,iaw_0.5,spearman,0.03611009495110018,0.010343503949199293,41
NUST,2016,all,iaw_0.5,sel_diff,0.0245947888840135,0.03804832812488769,41
NUST,2016,all,iaw_0.6,spearman,0.037221849728046846,0.011643321765266602,41
NUST,2016,all,iaw_0.6,sel_diff,0.032870528200236754,0.04103257338409629,41
NUST,2016,all,iaw_0.7,spearman,0.037003500554562765,0.01258044120676662,41
NUST,2016,all,iaw_0.7,sel_diff,0.06239545410058208,0.04979806499802173,41
NUST,2016,all,iaw_0.8,spearman,0.032111266253137975,0.014278871000080651,41
NUST,2016,all,iaw_0.8,sel_diff,0.06674381859232183,0.055835472878980344,41
NUST,2016,all,iaw_0.9,spearman,0.021112838145971122,0.017714730064140573,41
NUST,2016,all,iaw_0.9,sel_diff,0.10805100809320753,0.07135724973670635,41
NUST,2016,all,iaw_0.95,spearman,0.005133172954791819,0.019750911778160535,41
NUST,2016,all,iaw_0.95,sel_diff,0.10207731406955604,0.08348518979595129,41
NUST,2016,all,ib_main,spearman,0.0016940356217958995,0.01451181940766014,41
NUST,2016,all,ib_main,sel_diff,-0.07440770230704306,0.0493022286078774,41
NUST,2016,all,ib_region,spearman,0.023870961841229832,0.011933415147278548,41
NUST,2016,all,ib_region,sel_diff,-0.03238369547345739,0.05307658312202906,41
NUST,2016,all,ibc_0.05,spearman,-0.013728261507992232,0.010535473380344917,41
NUST,2016,all,ibc_0.05,sel_diff,-0.04151982548974872,0.042653350608112116,41
NUST,2016,all,ibc_0.1,spearman,-0.008465094401567388,0.011197223578561235,41
NUST,2016,all,ibc_0.1,sel_diff,-0.0610980751098034,0.047363720009364875,41
NUST,2016,all,ibc_0.2,spearman,-0.0038572474942058285,0.012076276224504889,41
NUST,2016,all,ibc_0.2,sel_diff,-0.06817717929448307,0.046871870404629895,41
NUST,2016,all,ibc_0.3,spearman,-0.002742417535956314,0.012436318104931302,41
NUST,2016,all,ibc_0.3,sel_diff,-0.08052055793619024,0.04714895620881133,41
NUST,2016,all,ibc_0.5,spearman,0.0004708888419601878,0.013497965700710662,41
NUST,2016,all,ibc_0.5,sel_diff,-0.06638508907777131,0.04480732273042672,41
NUST,2016,all,ibc_0.75,spearman,0.0016940356217958995,0.014312463108899526,41
NUST,2016,all,ibc_0.75,sel_diff,-0.07440770230704306,0.04989445149073311,41
NUST,2016,all,ibc_1,spearman,0.0033040752333799196,0.014958733940370523,41
NUST,2016,all,ibc_1,sel_diff,-0.0580886542418584,0.05287074803165669,41
NUST,2016,all,ibc_1.5,spearman,0.003724655293180742,0.016728197645254714,41
NUST,2016,all,ibc_1.5,sel_diff,-0.011900507790808567,0.054255805718416414,41
NUST,2016,all,ibc_2,spearman,0.006668079578128884,0.016529526140756146,41
NUST,2016,all,ibc_2,sel_diff,0.008843033748849257,0.053885474811609844,41
NUST,2016,all,ibc_3,spearman,0.009466332728771886,0.017550015012210998,41
NUST,2016,all,ibc_3,sel_diff,0.0015312682200940867,0.05488186098567908,41
NUST,2016,new,ia_g,spearman,0.04189263791832685,0.009949169821972787,36
NUST,2016,new,ia_g,sel_diff,0.03341653493683592,0.03949214588953075,36
NUST,2016,new,ia_het,spearman,0.008911048365494797,0.006071874120264787,36
NUST,2016,new,ia_het,sel_diff,0.00833414066173034,0.02108016318963827,36
NUST,2016,new,ia_main,spearman,0.03785183912402266,0.009308822145824906,36
NUST,2016,new,ia_main,sel_diff,0.010971939338704146,0.029573491699197693,36
NUST,2016,new,ia_std,spearman,0.010385178180813744,0.0049540751567564625,36
NUST,2016,new,ia_std,sel_diff,0.02021796733575419,0.05018420211708697,36
NUST,2016,new,iaw_0,spearman,0.008911048365494797,0.006140909765893367,36
NUST,2016,new,iaw_0,sel_diff,0.00833414066173034,0.020727219169651173,36
NUST,2016,new,iaw_0.01,spearman,0.009968551754281456,0.005779559811603183,36
NUST,2016,new,iaw_0.01,sel_diff,-0.0012128478573366506,0.02477485533539593,36
NUST,2016,new,iaw_0.02,spearman,0.013473326622670695,0.006220425942523581,36
NUST,2016,new,iaw_0.02,sel_diff,0.015853010494049146,0.018535194100125107,36
NUST,2016,new,iaw_0.05,spearman,0.019125296971916197,0.005876652664543651,36
NUST,2016,new,iaw_0.05,sel_diff,-0.011091680164958618,0.015215782431542892,36
NUST,2016,new,iaw_0.1,spearman,0.028928972405988906,0.007519364366859341,36
NUST,2016,new,iaw_0.1,sel_diff,0.0036436333152038178,0.026633134218015924,36
NUST,2016,new,iaw_0.15,spearman,0.03785183912402266,0.00976226413387128,36
NUST,2016,new,iaw_0.15,sel_diff,0.010971939338704146,0.030745271388577782,36
NUST,2016,new,iaw_0.2,spearman,0.042051850096485946,0.010228797421356444,36
NUST,2016,new,iaw_0.2,sel_diff,0.012978648366243736,0.031797427294178796,36
NUST,2016,new,iaw_0.3,spearman,0.052075475104707974,0.012407807863826944,36
NUST,2016,new,iaw_0.3,sel_diff,-0.05235251818721113,0.044804355075728816,36
NUST,2016,new,iaw_0.4,spearman,0.06810707415003359,0.016221258537490204,36
NUST,2016,new,iaw_0.4,sel_diff,0.04864054179113429,0.07783177368925413,36
NUST,2016,new,iaw_0.5,spearman,0.07171512652455869,0.017027141919145422,36
NUST,2016,new,iaw_0.5,sel_diff,0.10833765303138318,0.0850128036923699,36
NUST,2016,new,iaw_0.6,spearman,0.07662529164222794,0.019836114771839847,36
NUST,2016,new,iaw_0.6,sel_diff,0.07570814723348997,0.08899847536825041,36
NUST,2016,new,iaw_0.7,spearman,0.07513544451476932,0.02106909284904083,36
NUST,2016,new,iaw_0.7,sel_diff,0.12757730120401414,0.1036528811935894,36
NUST,2016,new,iaw_0.8,spearman,0.07229433165738279,0.022973864814309814,36
NUST,2016,new,iaw_0.8,sel_diff,0.16509141235499902,0.1001148146909327,36
NUST,2016,new,iaw_0.9,spearman,0.06596044545517148,0.02441295595324633,36
NUST,2016,new,iaw_0.9,sel_diff,0.0932410162899407,0.09391617503433919,36
NUST,2016,new,iaw_0.95,spearman,0.05781261939977353,0.026195060513262227,36
NUST,2016,new,iaw_0.95,sel_diff,0.14198570557388104,0.09819581136655389,36
NUST,2016,new,ib_main,spearman,-0.011914155745656506,0.018805070743732073,36
NUST,2016,new,ib_main,sel_diff,-0.07837079782636677,0.06502956830952604,36
NUST,2016,new,ib_region,spearman,0.002878377954231303,0.018119515048471334,36
NUST,2016,new,ib_region,sel_diff,-0.010797933837267733,0.07106403129451302,36
NUST,2016,new,ibc_0.05,spearman,-0.03139069435921893,0.011227763533691188,36
NUST,2016,new,ibc_0.05,sel_diff,-0.14500060516314606,0.06754019252341689,36
NUST,2016,new,ibc_0.1,spearman,-0.03073451828958452,0.012237024852215082,36
NUST,2016,new,ibc_0.1,sel_diff,-0.12741150149374703,0.07233035559666463,36
NUST,2016,new,ibc_0.2,spearman,-0.027105228529284136,0.014304742237775867,36
NUST,2016,new,ibc_0.2,sel_diff,-0.14266962814648265,0.07824032330573788,36
NUST,2016,new,ibc_0.3,spearman,-0.022599698196898003,0.015189835633748275,36
NUST,2016,new,ibc_0.3,sel_diff,-0.11978942460023566,0.07603565267887638,36
NUST,2016,new,ibc_0.5,spearman,-0.018171557251595825,0.017332221568532587,36
NUST,2016,new,ibc_0.5,sel_diff,-0.0998274812470579,0.07437833439067403,36
NUST,2016,new,ibc_0.75,spearman,-0.011914155745656506,0.01894181341264177,36
NUST,2016,new,ibc_0.75,sel_diff,-0.07837079782636677,0.06389734074965887,36
NUST,2016,new,ibc_1,spearman,-0.007212506974384636,0.02115756444523091,36
NUST,2016,new,ibc_1,sel_diff,-0.07251342061145222,0.06820239411369043,36
NUST,2016,new,ibc_1.5,spearman,-0.0026581764535756666,0.02189231182008597,36
NUST,2016,new,ibc_1.5,sel_diff,-0.07124405640584783,0.0695124977058478,36
NUST,2016,new,ibc_2,spearman,0.0037492722676017182,0.02360235557070672,36
NUST,2016,new,ibc_2,sel_diff,-0.0426075335939558,0.07579975900303162,36
NUST,2016,new,ibc_3,spearman,0.012362430558253439,0.025946683537365053,36
NUST,2016,new,ibc_3,sel_diff,-0.03551863381166024,0.07640219584904069,36
NUST,2017,all,ia_g,spearman,0.010489236988283893,0.0050058528831493565,40
NUST,2017,all,ia_g,sel_diff,0.004164322297592451,0.03287953040321118,40
NUST,2017,all,ia_het,spearman,0.0111206649867971,0.006375069659851364,40
NUST,2017,all,ia_het,sel_diff,0.0422491650476914,0.025383881395808675,40
NUST,2017,all,ia_main,spearman,0.01712931168193966,0.008654125566956323,40
NUST,2017,all,ia_main,sel_diff,0.018879873920618614,0.044013679099819084,40
NUST,2017,all,ia_std,spearman,0.004091097587706383,0.0043336446799189755,40
NUST,2017,all,ia_std,sel_diff,0.01911822346556142,0.018675347555389143,40
NUST,2017,all,iaw_0,spearman,0.0111206649867971,0.006289757237333865,40
NUST,2017,all,iaw_0,sel_diff,0.0422491650476914,0.02554743900274339,40
NUST,2017,all,iaw_0.01,spearman,0.010885953458502769,0.006668101370596201,40
NUST,2017,all,iaw_0.01,sel_diff,0.037350346853657374,0.025622772286399947,40
NUST,2017,all,iaw_0.02,spearman,0.01009203174237772,0.006886863352996105,40
NUST,2017,all,iaw_0.02,sel_diff,0.05937552539055339,0.02711072476828231,40
NUST,2017,all,iaw_0.05,spearman,0.011998481057616991,0.007175271559295164,40
NUST,2017,all,iaw_0.05,sel_diff,0.026293291602241437,0.02824450649731164,40
NUST,2017,all,iaw_0.1,spearman,0.016453969380597545,0.007764261034640691,40
NUST,2017,all,iaw_0.1,sel_diff,0.021454782032781942,0.037909674929376955,40
NUST,2017,all,iaw_0.15,spearman,0.01788373190871211,0.008297411425299332,40
NUST,2017,all,iaw_0.15,sel_diff,0.015727111509119752,0.03794226821959386,40
NUST,2017,all,iaw_0.2,spearman,0.01712931168193966,0.008667790322253295,40
NUST,2017,all,iaw_0.2,sel_diff,0.018879873920618614,0.04386002021341432,40
NUST,2017,all,iaw_0.3,spearman,0.016723445503975157,0.009801754715947696,40
NUST,2017,all,iaw_0.3,sel_diff,0.014487647217930593,0.043805752385472164,40
NUST,2017,all,iaw_0.4,spearman,0.018676004684735202,0.010818451255743784,40
NUST,2017,all,iaw_0.4,sel_diff,0.007350767710768605,0.045017270415439604,40
NUST,2017,all,iaw_0.5,spearman,0.018959779781776213,0.011183498204896437,40
NUST,2017,all,iaw_0.5,sel_diff,0.012595588928951218,0.045435752376436905,40
NUST,2017,all,iaw_0.6,spearman,0.01893147325297736,0.011930478336722807,40
NUST,2017,all,iaw_0.6,sel_diff,0.01873464678664042,0.04869194185063746,40
NUST,2017,all,iaw_0.7,spearman,0.01604639543414451,0.012721543768401037,40
NUST,2017,all,iaw_0.7,sel_diff,-0.003968112320565184,0.04919743096781339,40
NUST,2017,all,iaw_0.8,spearman,0.01390437208196832,0.014120263174652176,40
NUST,2017,all,iaw_0.8,sel_diff,0.008051211610352382,0.057465679381434764,40
NUST,2017,all,iaw_0.9,spearman,0.005766173018310239,0.017094318876285406,40
NUST,2017,all,iaw_0.9,sel_diff,0.02266782318840225,0.05903309296708036,40
NUST,2017,all,iaw_0.95,spearman,-0.017791260873791123,0.01782099829697387,40
NUST,2017,all,iaw_0.95,sel_diff,0.02471079951865035,0.05863253935649834,40
NUST,2017,all,ib_main,spearman,0.024112817176529786,0.014477012151442304,40
NUST,2017,all,ib_main,sel_diff,-0.06450386452878851,0.0416666599126729,40
NUST,2017,all,ib_region,spearman,0.02528490571462471,0.014454300326490114,40
NUST,2017,all,ib_region,sel_diff,-0.045929716846789995,0.05033601483346201,40
NUST,2017,all,ibc_0.05,spearman,0.0051404782205443905,0.010046446529835721,40
NUST,2017,all,ibc_0.05,sel_diff,-0.04641694941384087,0.03658474796741427,40
NUST,2017,all,ibc_0.1,spearman,0.009471811955942029,0.010884272358180413,40
NUST,2017,all,ibc_0.1,sel_diff,-0.012125504125793671,0.038992930178860505,40
NUST,2017,all,ibc_0.2,spearman,0.01616487292048112,0.011968660281017564,40
NUST,2017,all,ibc_0.2,sel_diff,-0.03397955772839005,0.04046866000236548,40
NUST,2017,all,ibc_0.3,spearman,0.019992879359376596,0.012697066629842357,40
NUST,2017,all,ibc_0.3,sel_diff,-0.03462208443045646,0.0379901701128288,40
NUST,2017,all,ibc_0.5,spearman,0.023567715239480487,0.014238660342777675,40
NUST,2017,all,ibc_0.5,sel_diff,-0.05637560017375234,0.043151841579202044,40
NUST,2017,all,ibc_0.75,spearman,0.024112817176529786,0.014193031974670799,40
NUST,2017,all,ibc_0.75,sel_diff,-0.06450386452878851,0.04184210829479851,40
NUST,2017,all,ibc_1,spearman,0.024253631326282426,0.014706983439154815,40
NUST,2017,all,ibc_1,sel_diff,-0.049796299759432616,0.04137400860013926,40
NUST,2017,all,ibc_1.5,spearman,0.02698337457145058,0.01525695106961923,40
NUST,2017,all,ibc_1.5,sel_diff,-0.022444112736022967,0.04120224415489616,40
NUST,2017,all,ibc_2,spearman,0.027112665160409527,0.016460288847592708,40
NUST,2017,all,ibc_2,sel_diff,-0.03440582438989124,0.04477175161322279,40
NUST,2017,all,ibc_3,spearman,0.025932876698111618,0.01628195704544906,40
NUST,2017,all,ibc_3,sel_diff,-0.01826933575863223,0.049872208123908496,40
NUST,2017,new,ia_g,spearman,0.0022412947784854658,0.008149148814737927,40
NUST,2017,new,ia_g,sel_diff,0.03327439989259991,0.06174222652438692,40
NUST,2017,new,ia_het,spearman,0.005579701139673874,0.011665989213122856,40
NUST,2017,new,ia_het,sel_diff,0.06678444347141822,0.060534286260985046,40
NUST,2017,new,ia_main,spearman,0.011536918936009086,0.01102789364585792,40
NUST,2017,new,ia_main,sel_diff,0.04816158173511502,0.05958313484095175,40
NUST,2017,new,ia_std,spearman,0.0049421717033595785,0.007123469594408556,40
NUST,2017,new,ia_std,sel_diff,0.046873021275390184,0.05289934069472534,40
NUST,2017,new,iaw_0,spearman,0.005579701139673874,0.011604305388940684,40
NUST,2017,new,iaw_0,sel_diff,0.06678444347141822,0.06130382292547281,40
NUST,2017,new,iaw_0.01,spearman,0.00338750827280836,0.011660819795779058,40
NUST,2017,new,iaw_0.01,sel_diff,0.0644778735140696,0.06133788111839251,40
NUST,2017,new,iaw_0.02,spearman,0.00364138106870081,0.011593350090708492,40
NUST,2017,new,iaw_0.02,sel_diff,0.06995081981011521,0.06412511285374257,40
NUST,2017,new,iaw_0.05,spearman,0.0059650284793210315,0.011370940895824971,40
NUST,2017,new,iaw_0.05,sel_diff,0.08801108605236121,0.055488017347141844,40
NUST,2017,new,iaw_0.1,spearman,0.009816675388462414,0.010342190893831515,40
NUST,2017,new,iaw_0.1,sel_diff,0.07115182537427286,0.05468828018549225,40
NUST,2017,new,iaw_0.15,spearman,0.010503461424841255,0.010919989030962113,40
NUST,2017,new,iaw_0.15,sel_diff,0.07586623994220328,0.05233031028678743,40
NUST,2017,new,iaw_0.2,spearman,0.011536918936009086,0.011187309164887504,40
NUST,2017,new,iaw_0.2,sel_diff,0.04816158173511502,0.059829204912454435,40
NUST,2017,new,iaw_0.3,spearman,0.007774768289261778,0.01281891315515112,40
NUST,2017,new,iaw_0.3,sel_diff,0.09033162192182044,0.06438550515639505,40
NUST,2017,new,iaw_0.4,spearman,0.011084148432701038,0.01660893112356683,40
NUST,2017,new,iaw_0.4,sel_diff,0.1288182333702,0.06715082351711309,40
NUST,2017,new,iaw_0.5,spearman,0.01311939557207159,0.01770530124733796,40
NUST,2017,new,iaw_0.5,sel_diff,0.12966679156474212,0.06601366461446082,40
NUST,2017,new,iaw_0.6,spearman,0.014591987556450959,0.02078449484631265,40
NUST,2017,new,iaw_0.6,sel_diff,0.13772861255651664,0.06527847417600445,40
NUST,2017,new,iaw_0.7,spearman,0.01573327106876875,0.02123116588304191,40
NUST,2017,new,iaw_0.7,sel_diff,0.12137654736353229,0.07002331366473996,40
NUST,2017,new,iaw_0.8,spearman,0.016701860594777705,0.022888576968801005,40
NUST,2017,new,iaw_0.8,sel_diff,0.11137921695358388,0.06814551898170426,40
NUST,2017,new,iaw_0.9,spearman,0.012924770493565232,0.02695467065563559,40
NUST,2017,new,iaw_0.9,sel_diff,0.048550018504966375,0.07583387234769841,40
NUST,2017,new,iaw_0.95,spearman,-0.007234794152110133,0.027179801811305356,40
NUST,2017,new,iaw_0.95,sel_diff,-0.03359669434759042,0.08525485380815474,40
NUST,2017,new,ib_main,spearman,0.03597460648457077,0.017368663698836537,40
NUST,2017,new,ib_main,sel_diff,0.06918992108845781,0.05169687792953622,40
NUST,2017,new,ib_region,spearman,0.025128660307920398,0.02068739933362861,40
NUST,2017,new,ib_region,sel_diff,-0.018681191721442423,0.07598489969641867,40
NUST,2017,new,ibc_0.05,spearman,0.00358570598727586,0.012500036856967446,40
NUST,2017,new,ibc_0.05,sel_diff,0.033464834326345776,0.05894856241125232,40
NUST,2017,new,ibc_0.1,spearman,0.008821019159542217,0.013234178627924796,40
NUST,2017,new,ibc_0.1,sel_diff,0.06209733780369062,0.056951509658818684,40
NUST,2017,new,ibc_0.2,spearman,0.021048377873984603,0.014380333210923604,40
NUST,2017,new,ibc_0.2,sel_diff,0.09562693972464345,0.05195024762649523,40
NUST,2017,new,ibc_0.3,spearman,0.02621301769414272,0.014552614344377659,40
NUST,2017,new,ibc_0.3,sel_diff,0.10787372641107211,0.05325784779319467,40
NUST,2017,new,ibc_0.5,spearman,0.03458951816945518,0.015818584731369014,40
NUST,2017,new,ibc_0.5,sel_diff,0.08547808937420599,0.05022970382017695,40
NUST,2017,new,ibc_0.75,spearman,0.03597460648457077,0.016512455654990894,40
NUST,2017,new,ibc_0.75,sel_diff,0.06918992108845781,0.05316623108347768,40
NUST,2017,new,ibc_1,spearman,0.035701890391530045,0.01775732785391389,40
NUST,2017,new,ibc_1,sel_diff,0.06441181948410289,0.058706976897023956,40
NUST,2017,new,ibc_1.5,spearman,0.03686876675988686,0.018905197624607448,40
NUST,2017,new,ibc_1.5,sel_diff,0.06361632067538778,0.05898509105288778,40
NUST,2017,new,ibc_2,spearman,0.041063256311745885,0.019429890847790593,40
NUST,2017,new,ibc_2,sel_diff,0.05656971682611891,0.05832701530182585,40
NUST,2017,new,ibc_3,spearman,0.03909258432166608,0.020541108070121234,40
NUST,2017,new,ibc_3,sel_diff,0.0372681701069202,0.060321234100916006,40
NUST,2019,all,ia_g,spearman,0.01709672561021423,0.0073967339594272485,34
NUST,2019,all,ia_g,sel_diff,0.008882319158525484,0.04719803272465212,34
NUST,2019,all,ia_het,spearman,-0.019485020291444055,0.005497338234134578,34
NUST,2019,all,ia_het,sel_diff,0.014597590895474567,0.0421494918955761,34
NUST,2019,all,ia_main,spearman,0.0016539628625661695,0.006860201469905774,34
NUST,2019,all,ia_main,sel_diff,0.043659402452308066,0.05326727499416987,34
NUST,2019,all,ia_std,spearman,-0.01106615232060235,0.004320091913011264,34
NUST,2019,all,ia_std,sel_diff,0.046850746643134225,0.02461372349643888,34
NUST,2019,all,iaw_0,spearman,-0.019485020291444055,0.005545326200786043,34
NUST,2019,all,iaw_0,sel_diff,0.014597590895474567,0.04267005562672222,34
NUST,2019,all,iaw_0.01,spearman,-0.01581183481443574,0.005118886979514456,34
NUST,2019,all,iaw_0.01,sel_diff,0.025495874626398414,0.03606171044922963,34
NUST,2019,all,iaw_0.02,spearman,-0.012505332780189109,0.004673627508306455,34
NUST,2019,all,iaw_0.02,sel_diff,0.02872182276167009,0.03649741987399292,34
NUST,2019,all,iaw_0.05,spearman,-0.0060480736249391275,0.004542474659959519,34
NUST,2019,all,iaw_0.05,sel_diff,0.04445326227215113,0.04148542805502683,34
NUST,2019,all,iaw_0.1,spearman,0.0008812731306152313,0.00454155267933149,34
NUST,2019,all,iaw_0.1,sel_diff,0.04579461463774989,0.05689716909450704,34
NUST,2019,all,iaw_0.15,spearman,0.0017621637275008586,0.0055858868720938615,34
NUST,2019,all,iaw_0.15,sel_diff,0.04424279355098446,0.05407065472527325,34
NUST,2019,all,iaw_0.2,spearman,0.0016539628625661695,0.00660507399456094,34
NUST,2019,all,iaw_0.2,sel_diff,0.043659402452308066,0.05485293720870622,34
NUST,2019,all,iaw_0.3,spearman,0.001706257417720041,0.008406526220700025,34
NUST,2019,all,iaw_0.3,sel_diff,0.040498142785928885,0.054041811496368386,34
NUST,2019,all,iaw_0.4,spearman,-0.0002414943751157632,0.010162519546004813,34
NUST,2019,all,iaw_0.4,sel_diff,0.03634331463262201,0.055828039456203446,34
NUST,2019,all,iaw_0.5,spearman,-0.002974637864342349,0.011624705431016702,34
NUST,2019,all,iaw_0.5,sel_diff,0.035481874341823795,0.05509254558211538,34
NUST,2019,all,iaw_0.6,spearman,-0.005472468466965837,0.01372239545972654,34
NUST,2019,all,iaw_0.6,sel_diff,0.03969838065720401,0.05416163371464736,34
NUST,2019,all,iaw_0.7,spearman,-0.0059869470334345766,0.01514956602876283,34
NUST,2019,all,iaw_0.7,sel_diff,0.055286356882057686,0.05502636323939864,34
NUST,2019,all,iaw_0.8,spearman,-0.009571698227833053,0.016270323153289662,34
NUST,2019,all,iaw_0.8,sel_diff,0.062402674184590196,0.05329698072856631,34
NUST,2019,all,iaw_0.9,spearman,-0.011027751122239943,0.01976329064639961,34
NUST,2019,all,iaw_0.9,sel_diff,0.04591856460748592,0.05436804998768626,34
NUST,2019,all,iaw_0.95,spearman,-0.013994702217015473,0.021535827060005668,34
NUST,2019,all,iaw_0.95,sel_diff,0.04624166514205479,0.05901291550022557,34
NUST,2019,all,ib_main,spearman,-0.007608999202648355,0.009525772789720725,34
NUST,2019,all,ib_main,sel_diff,0.03749543386415573,0.05575629562886476,34
NUST,2019,all,ib_region,spearman,-0.010935248811850368,0.009806875087731867,34
NUST,2019,all,ib_region,sel_diff,0.031072744757954282,0.04109295883733,34
NUST,2019,all,ibc_0.05,spearman,-0.012340074666243149,0.009946280931410542,34
NUST,2019,all,ibc_0.05,sel_diff,-0.004360202667430527,0.04255549485630684,34
NUST,2019,all,ibc_0.1,spearman,-0.011560508162049375,0.010331178108974978,34
NUST,2019,all,ibc_0.1,sel_diff,-0.012159770258176009,0.03779935399666145,34
NUST,2019,all,ibc_0.2,spearman,-0.01175273988548695,0.01081994751938008,34
NUST,2019,all,ibc_0.2,sel_diff,0.01863798627840329,0.033374644922366074,34
NUST,2019,all,ibc_0.3,spearman,-0.010751102718318492,0.009837801222426515,34
NUST,2019,all,ibc_0.3,sel_diff,0.02492967834641911,0.0345877257162023,34
NUST,2019,all,ibc_0.5,spearman,-0.0087109705476563,0.009911554610333696,34
NUST,2019,all,ibc_0.5,sel_diff,0.05291271793955243,0.036132535500824146,34
NUST,2019,all,ibc_0.75,spearman,-0.007608999202648355,0.009758314876469646,34
NUST,2019,all,ibc_0.75,sel_diff,0.03749543386415573,0.056729528264855396,34
NUST,2019,all,ibc_1,spearman,-0.0067965780102259695,0.009800402768958487,34
NUST,2019,all,ibc_1,sel_diff,0.03520850700790773,0.05547102438783498,34
NUST,2019,all,ibc_1.5,spearman,-0.009869802070977677,0.010044291854121142,34
NUST,2019,all,ibc_1.5,sel_diff,0.04443311969412501,0.05775952091088118,34
NUST,2019,all,ibc_2,spearman,-0.010776267577929995,0.010975122086318501,34
NUST,2019,all,ibc_2,sel_diff,0.06955848519789905,0.058107797268673274,34
NUST,2019,all,ibc_3,spearman,-0.013096955059941537,0.011354941048927786,34
NUST,2019,all,ibc_3,sel_diff,0.06789082104272144,0.06226170148614423,34
NUST,2019,new,ia_g,spearman,0.0210392266449163,0.009704603688673792,34
NUST,2019,new,ia_g,sel_diff,0.03058092547917423,0.042075459624295056,34
NUST,2019,new,ia_het,spearman,-0.026196308723067684,0.008810927823400599,34
NUST,2019,new,ia_het,sel_diff,-0.09864962355765423,0.030499386667649543,34
NUST,2019,new,ia_main,spearman,-0.01131841172323348,0.009545145044933163,34
NUST,2019,new,ia_main,sel_diff,0.0058767284110652,0.07396341313504856,34
NUST,2019,new,ia_std,spearman,-0.023759356637181008,0.007757508389224312,34
NUST,2019,new,ia_std,sel_diff,0.0647290513672473,0.07257196972275949,34
NUST,2019,new,iaw_0,spearman,-0.026196308723067684,0.008618936134379697,34
NUST,2019,new,iaw_0,sel_diff,-0.09864962355765423,0.029751331510598684,34
NUST,2019,new,iaw_0.01,spearman,-0.024430676830000476,0.008040324098200173,34
NUST,2019,new,iaw_0.01,sel_diff,-0.08563941499447046,0.028976374415615597,34
NUST,2019,new,iaw_0.02,spearman,-0.020074897619005935,0.00804686782436493,34
NUST,2019,new,iaw_0.02,sel_diff,-0.030946125174545678,0.025641104305920676,34
NUST,2019,new,iaw_0.05,spearman,-0.014977424734982328,0.008577714027780202,34
NUST,2019,new,iaw_0.05,sel_diff,-0.029674813359009025,0.027084357826835753,34
NUST,2019,new,iaw_0.1,spearman,-0.009598404078684633,0.008062679079172947,34
NUST,2019,new,iaw_0.1,sel_diff,-0.0005990434273546877,0.07335013809748103,34
NUST,2019,new,iaw_0.15,spearman,-0.0080861054835437,0.008761806516004835,34
NUST,2019,new,iaw_0.15,sel_diff,0.0023817092275466153,0.07410277885506901,34
NUST,2019,new,iaw_0.2,spearman,-0.01131841172323348,0.009045513898129865,34
NUST,2019,new,iaw_0.2,sel_diff,0.0058767284110652,0.07401052043257171,34
NUST,2019,new,iaw_0.3,spearman,-0.013034516435668993,0.011850220342008416,34
NUST,2019,new,iaw_0.3,sel_diff,-0.05414740466132958,0.06345345490484482,34
NUST,2019,new,iaw_0.4,spearman,-0.01650659214978356,0.014582969705378942,34
NUST,2019,new,iaw_0.4,sel_diff,-0.08656669676283028,0.06436748699099935,34
NUST,2019,new,iaw_0.5,spearman,-0.023031712554780166,0.017199445647504884,34
NUST,2019,new,iaw_0.5,sel_diff,-0.09076758133397356,0.09747247767785744,34
NUST,2019,new,iaw_0.6,spearman,-0.02443676505149004,0.019342137258939147,34
NUST,2019,new,iaw_0.6,sel_diff,-0.10468219170979619,0.09830296686636925,34
NUST,2019,new,iaw_0.7,spearman,-0.027299323220334067,0.020559702541444055,34
NUST,2019,new,iaw_0.7,sel_diff,-0.14387785486094007,0.09576237406572866,34
NUST,2019,new,iaw_0.8,spearman,-0.036923527005040535,0.023078952565174542,34
NUST,2019,new,iaw_0.8,sel_diff,-0.19063654399227634,0.09752842096414101,34
NUST,2019,new,iaw_0.9,spearman,-0.041057245395395625,0.027753937706923304,34
NUST,2019,new,iaw_0.9,sel_diff,-0.23490730248134747,0.09417434041410137,34
NUST,2019,new,iaw_0.95,spearman,-0.04826370265240826,0.03339946647264928,34
NUST,2019,new,iaw_0.95,sel_diff,-0.21449774608142358,0.10796467464264703,34
NUST,2019,new,ib_main,spearman,-0.014424907650777056,0.011486095998624267,34
NUST,2019,new,ib_main,sel_diff,0.05963445662234808,0.08723228632425856,34
NUST,2019,new,ib_region,spearman,-0.024869252529750533,0.017146220814136148,34
NUST,2019,new,ib_region,sel_diff,-0.019745573557795618,0.09258501209500505,34
NUST,2019,new,ibc_0.05,spearman,-0.029534864492991142,0.012587862875995498,34
NUST,2019,new,ibc_0.05,sel_diff,0.028807046452254254,0.08001077935349084,34
NUST,2019,new,ibc_0.1,spearman,-0.030221320354937364,0.012228719608516776,34
NUST,2019,new,ibc_0.1,sel_diff,0.01716396498801007,0.07901700949442672,34
NUST,2019,new,ibc_0.2,spearman,-0.02595770875428587,0.011358889732220778,34
NUST,2019,new,ibc_0.2,sel_diff,0.05656056846754717,0.07857700397703031,34
NUST,2019,new,ibc_0.3,spearman,-0.02333533209742569,0.011252441452576771,34
NUST,2019,new,ibc_0.3,sel_diff,0.04393829410371879,0.07678663737143439,34
NUST,2019,new,ibc_0.5,spearman,-0.017443605354455216,0.011447614382552936,34
NUST,2019,new,ibc_0.5,sel_diff,0.07195532564678254,0.08083706145423315,34
NUST,2019,new,ibc_0.75,spearman,-0.014424907650777056,0.011343227642396474,34
NUST,2019,new,ibc_0.75,sel_diff,0.05963445662234808,0.08411325835436673,34
NUST,2019,new,ibc_1,spearman,-0.010474814938367535,0.011990356674930078,34
NUST,2019,new,ibc_1,sel_diff,0.10597114914559835,0.0861018250665296,34
NUST,2019,new,ibc_1.5,spearman,-0.010716494140089275,0.012934026829079528,34
NUST,2019,new,ibc_1.5,sel_diff,0.11630279242750297,0.0894979227225875,34
NUST,2019,new,ibc_2,spearman,-0.009851678519117613,0.01372403894213507,34
NUST,2019,new,ibc_2,sel_diff,0.09949317609521172,0.08914737186091594,34
NUST,2019,new,ibc_3,spearman,-0.00889052282752743,0.01537630545064754,34
NUST,2019,new,ibc_3,sel_diff,0.0499161098162438,0.11001893967611856,34
NUST,2020,all,ia_g,spearman,0.00585480637979534,0.004066999327242816,31
NUST,2020,all,ia_g,sel_diff,0.042316056216279284,0.031975257554764665,31
NUST,2020,all,ia_het,spearman,-0.007092114775486964,0.004283453171937104,31
NUST,2020,all,ia_het,sel_diff,0.01295865524347681,0.04659529684447223,31
NUST,2020,all,ia_main,spearman,0.003795878131246918,0.006135127159163663,31
NUST,2020,all,ia_main,sel_diff,0.023475172745038672,0.04631839217533916,31
NUST,2020,all,ia_std,spearman,0.002335143348741416,0.005000034209825255,31
NUST,2020,all,ia_std,sel_diff,-0.026458893990263608,0.040225160013725135,31
NUST,2020,all,iaw_0,spearman,-0.007092114775486964,0.004191549147799971,31
NUST,2020,all,iaw_0,sel_diff,0.01295865524347681,0.046017842031511706,31
NUST,2020,all,iaw_0.01,spearman,-0.004861291370772129,0.004364841456725804,31
NUST,2020,all,iaw_0.01,sel_diff,0.024991142960686493,0.042763134695029785,31
NUST,2020,all,iaw_0.02,spearman,-0.004658118166809824,0.00448500325123526,31
NUST,2020,all,iaw_0.02,sel_diff,0.02097859120239258,0.04478936676518457,31
NUST,2020,all,iaw_0.05,spearman,-0.004370854212320274,0.004919316100664878,31
NUST,2020,all,iaw_0.05,sel_diff,-0.013149815521230472,0.04618133247673713,31
NUST,2020,all,iaw_0.1,spearman,-0.0017999324491766633,0.005862539084582597,31
NUST,2020,all,iaw_0.1,sel_diff,-0.018775679453249247,0.046015003987663804,31
NUST,2020,all,iaw_0.15,spearman,0.0019985464798848306,0.006539963590311097,31
NUST,2020,all,iaw_0.15,sel_diff,-0.025242223236854853,0.048253977284770995,31
NUST,2020,all,iaw_0.2,spearman,0.003795878131246918,0.006399842158157125,31
NUST,2020,all,iaw_0.2,sel_diff,0.023475172745038672,0.046258787138103295,31
NUST,2020,all,iaw_0.3,spearman,0.005485906433512161,0.006683238301124487,31
NUST,2020,all,iaw_0.3,sel_diff,0.014167514882691308,0.042452753754240014,31
NUST,2020,all,iaw_0.4,spearman,0.006815723099513406,0.006483259954268652,31
NUST,2020,all,iaw_0.4,sel_diff,0.012207724327833744,0.044077213449135545,31
NUST,2020,all,iaw_0.5,spearman,0.00696653324893654,0.0074427019765816805,31
NUST,2020,all,iaw_0.5,sel_diff,0.018375680144345388,0.053612926243757714,31
NUST,2020,all,iaw_0.6,spearman,0.006978007968889622,0.00837708613522847,31
NUST,2020,all,iaw_0.6,sel_diff,0.03277845184187284,0.06126022057239813,31
NUST,2020,all,iaw_0.7,spearman,0.003339629280667668,0.009295484834637657,31
NUST,2020,all,iaw_0.7,sel_diff,0.03348173330717515,0.05498681978752341,31
NUST,2020,all,iaw_0.8,spearman,-0.004107578680329881,0.011146335237669251,31
NUST,2020,all,iaw_0.8,sel_diff,0.016639386351326765,0.05965806218983698,31
NUST,2020,all,iaw_0.9,spearman,-0.016536810802134615,0.014100987995887779,31
NUST,2020,all,iaw_0.9,sel_diff,0.019445611102111057,0.058546493207516585,31
NUST,2020,all,iaw_0.95,spearman,-0.025985966401315834,0.016023454531523606,31
NUST,2020,all,iaw_0.95,sel_diff,0.04272144356583986,0.06273452579556066,31
NUST,2020,all,ib_main,spearman,0.03268893286743682,0.02014495134290593,31
NUST,2020,all,ib_main,sel_diff,0.03437677013260223,0.06906072503104702,31
NUST,2020,all,ib_region,spearman,0.038883978883506434,0.014971138294513419,31
NUST,2020,all,ib_region,sel_diff,0.06012478415559724,0.06730829293654478,31
NUST,2020,all,ibc_0.05,spearman,0.008229658618992042,0.013412814998127697,31
NUST,2020,all,ibc_0.05,sel_diff,-0.037818304423283024,0.05053249754045969,31
NUST,2020,all,ibc_0.1,spearman,0.012932056051895058,0.01475970922867491,31
NUST,2020,all,ibc_0.1,sel_diff,-0.06821455450103057,0.05880803189221796,31
NUST,2020,all,ibc_0.2,spearman,0.019091355513085943,0.016322306001506522,31
NUST,2020,all,ibc_0.2,sel_diff,0.0403853063017073,0.0671482868603032,31
NUST,2020,all,ibc_0.3,spearman,0.02224877065602588,0.017201906414360518,31
NUST,2020,all,ibc_0.3,sel_diff,0.025678086281389064,0.06388647793123439,31
NUST,2020,all,ibc_0.5,spearman,0.02593326997542145,0.018729071048759288,31
NUST,2020,all,ibc_0.5,sel_diff,0.04366852518963706,0.06719602702757735,31
NUST,2020,all,ibc_0.75,spearman,0.03268893286743682,0.0196793553072887,31
NUST,2020,all,ibc_0.75,sel_diff,0.03437677013260223,0.06709796516610061,31
NUST,2020,all,ibc_1,spearman,0.035619692412259055,0.020683966351238828,31
NUST,2020,all,ibc_1,sel_diff,0.05673198163904499,0.06758322431080256,31
NUST,2020,all,ibc_1.5,spearman,0.039457812965551814,0.021847299557371015,31
NUST,2020,all,ibc_1.5,sel_diff,0.08422492047642481,0.06825434002245527,31
NUST,2020,all,ibc_2,spearman,0.04262559037547687,0.02213686926102112,31
NUST,2020,all,ibc_2,sel_diff,0.07960234099860322,0.07893143941746401,31
NUST,2020,all,ibc_3,spearman,0.04091532410719786,0.02352883390705006,31
NUST,2020,all,ibc_3,sel_diff,0.06649705764281283,0.08285875743878424,31
NUST,2020,new,ia_g,spearman,0.013041304585861583,0.005786870916043966,24
NUST,2020,new,ia_g,sel_diff,-0.0056966310743404676,0.04307327800433798,24
NUST,2020,new,ia_het,spearman,-0.009698539855812462,0.007066771912611213,24
NUST,2020,new,ia_het,sel_diff,-0.08544578886733328,0.060114534092853764,24
NUST,2020,new,ia_main,spearman,0.008450486683691371,0.007206852795240405,24
NUST,2020,new,ia_main,sel_diff,-0.024342052681440175,0.04674763211245918,24
NUST,2020,new,ia_std,spearman,0.00022884625554566232,0.004976704583937088,24
NUST,2020,new,ia_std,sel_diff,-0.08244983597770959,0.061797906682631874,24
NUST,2020,new,iaw_0,spearman,-0.009698539855812462,0.0070056616435602735,24
NUST,2020,new,iaw_0,sel_diff,-0.08544578886733328,0.05747234667325247,24
NUST,2020,new,iaw_0.01,spearman,-0.00920674785720081,0.007177579240355652,24
NUST,2020,new,iaw_0.01,sel_diff,-0.08671625354112152,0.05472400285951015,24
NUST,2020,new,iaw_0.02,spearman,-0.008885894778296665,0.0073068676714827955,24
NUST,2020,new,iaw_0.02,sel_diff,-0.10098405245421715,0.053744948949415866,24
NUST,2020,new,iaw_0.05,spearman,-0.005473076114634033,0.006966796354178693,24
NUST,2020,new,iaw_0.05,sel_diff,-0.1051468421042188,0.052025428141918593,24
NUST,2020,new,iaw_0.1,spearman,0.001081404538267209,0.00695172628337226,24
NUST,2020,new,iaw_0.1,sel_diff,-0.04931444315534488,0.045483616899588054,24
NUST,2020,new,iaw_0.15,spearman,0.003957983043438197,0.007603524736868454,24
NUST,2020,new,iaw_0.15,sel_diff,-0.055162749529140305,0.04873010841442683,24
NUST,2020,new,iaw_0.2,spearman,0.008450486683691371,0.007343908738697865,24
NUST,2020,new,iaw_0.2,sel_diff,-0.024342052681440175,0.04737812977518691,24
NUST,2020,new,iaw_0.3,spearman,0.014325940453629884,0.008888633244965303,24
NUST,2020,new,iaw_0.3,sel_diff,-0.013632805520739736,0.04469304787005815,24
NUST,2020,new,iaw_0.4,spearman,0.01492449072250894,0.00954966548475287,24
NUST,2020,new,iaw_0.4,sel_diff,0.03990991706936864,0.08130845770956674,24
NUST,2020,new,iaw_0.5,spearman,0.01444022794592832,0.011688888280750886,24
NUST,2020,new,iaw_0.5,sel_diff,0.04631251952850616,0.08901335952759928,24
NUST,2020,new,iaw_0.6,spearman,0.013699555913962075,0.013756497598923282,24
NUST,2020,new,iaw_0.6,sel_diff,0.05270476080595554,0.08683527557551061,24
NUST,2020,new,iaw_0.7,spearman,0.00996483682046054,0.01405547620133176,24
NUST,2020,new,iaw_0.7,sel_diff,-0.0016321427167947215,0.07763270105639258,24
NUST,2020,new,iaw_0.8,spearman,0.002532441090756562,0.016158982907639084,24
NUST,2020,new,iaw_0.8,sel_diff,-0.03198454241069012,0.10125574210331138,24
NUST,2020,new,iaw_0.9,spearman,-0.010726889126435768,0.020433971072253847,24
NUST,2020,new,iaw_0.9,sel_diff,-0.02866952291468799,0.11777429971459853,24
NUST,2020,new,iaw_0.95,spearman,-0.019826322261034052,0.02333516685618496,24
NUST,2020,new,iaw_0.95,sel_diff,-0.0721195008494261,0.12015125661135374,24
NUST,2020,new,ib_main,spearman,0.0388457217621884,0.023397597773110356,24
NUST,2020,new,ib_main,sel_diff,-0.04127173243086533,0.08672550617428462,24
NUST,2020,new,ib_region,spearman,0.05404785738783344,0.018800826483449405,24
NUST,2020,new,ib_region,sel_diff,0.012948615640738773,0.06345585499626612,24
NUST,2020,new,ibc_0.05,spearman,0.001052776265266911,0.015244558896924042,24
NUST,2020,new,ibc_0.05,sel_diff,0.02113267899409028,0.09259831273737427,24
NUST,2020,new,ibc_0.1,spearman,0.009923955820372289,0.017281875843670323,24
NUST,2020,new,ibc_0.1,sel_diff,0.026730666813373105,0.08911162556196146,24
NUST,2020,new,ibc_0.2,spearman,0.01732218653115356,0.01814075092124883,24
NUST,2020,new,ibc_0.2,sel_diff,0.0055056315830636264,0.08367448922091408,24
NUST,2020,new,ibc_0.3,spearman,0.020570457824990618,0.018607621250417653,24
NUST,2020,new,ibc_0.3,sel_diff,-0.014201379810290737,0.0924433521822458,24
NUST,2020,new,ibc_0.5,spearman,0.03138761191919789,0.020785629241083247,24
NUST,2020,new,ibc_0.5,sel_diff,-0.01318879313007934,0.09168931660524612,24
NUST,2020,new,ibc_0.75,spearman,0.0388457217621884,0.02316995669543059,24
NUST,2020,new,ibc_0.75,sel_diff,-0.04127173243086533,0.08509216275779007,24
NUST,2020,new,ibc_1,spearman,0.047289080720720494,0.024261275819305008,24
NUST,2020,new,ibc_1,sel_diff,0.0327090735863538,0.08573986407629942,24
NUST,2020,new,ibc_1.5,spearman,0.04970980838095501,0.0254749816769119,24
NUST,2020,new,ibc_1.5,sel_diff,0.002201922803331239,0.0909925161515,24
NUST,2020,new,ibc_2,spearman,0.05028893732245584,0.026210016996382958,24
NUST,2020,new,ibc_2,sel_diff,0.0329777294206966,0.10681901203071795,24
NUST,2020,new,ibc_3,spearman,0.04667196806692103,0.027075559205174588,24
NUST,2020,new,ibc_3,sel_diff,0.05588150700883452,0.1081011025486149,24
URSN,1999,all,ia_g,spearman,0.0,0.0,5
URSN,1999,all,ia_g,sel_diff,0.0,0.0,5
URSN,1999,all,ia_het,spearman,-0.04358006458141259,0.009275979190590446,5
URSN,1999,all,ia_het,sel_diff,0.0,0.0,5
URSN,1999,all,ia_main,spearman,-0.04358006458141259,0.009195064221663293,5
URSN,1999,all,ia_main,sel_diff,0.0,0.0,5
URSN,1999,all,ia_std,spearman,-0.03435023885288331,0.006650384962904624,5
URSN,1999,all,ia_std,sel_diff,0.0,0.0,5
URSN,1999,all,iaw_0,spearman,-0.04358006458141259,0.009462347184960015,5
URSN,1999,all,iaw_0,sel_diff,0.0,0.0,5
URSN,1999,all,iaw_0.01,spearman,-0.04358006458141259,0.00938661743550309,5
URSN,1999,all,iaw_0.01,sel_diff,0.0,0.0,5
URSN,1999,all,iaw_0.02,spearman,-0.04358006458141259,0.009255534664817145,5
URSN,1999,all,iaw_0.02,sel_diff,0.0,0.0,5
URSN,1999,all,iaw_0.05,spearman,-0.03171105674552469,0.015548361249385585,5
URSN,1999,all,iaw_0.05,sel_diff,0.0,0.0,5
URSN,1999,all,iaw_0.1,spearman,-0.03171105674552469,0.015376341905680184,5
URSN,1999,all,iaw_0.1,sel_diff,0.0,0.0,5
URSN,1999,all,iaw_0.15,spearman,-0.03171105674552469,0.015343108076749342,5
URSN,1999,all,iaw_0.15,sel_diff,0.0,0.0,5
URSN,1999,all,iaw_0.2,spearman,-0.03171105674552469,0.015580636097512564,5
URSN,1999,all,iaw_0.2,sel_diff,0.0,0.0,5
URSN,1999,all,iaw_0.3,spearman,0.01891363179142839,0.016054687482902324,5
URSN,1999,all,iaw_0.3,sel_diff,0.0,0.0,5
URSN,1999,all,iaw_0.4,spearman,0.01891363179142839,0.015424614480431656,5
URSN,1999,all,iaw_0.4,sel_diff,0.0,0.0,5
URSN,1999,all,iaw_0.5,spearman,0.02367765753399482,0.03988331986880211,5
URSN,1999,all,iaw_0.5,sel_diff,0.0,0.0,5
URSN,1999,all,iaw_0.6,spearman,0.02367765753399482,0.039046750972336744,5
URSN,1999,all,iaw_0.6,sel_diff,0.0,0.0,5
URSN,1999,all,iaw_0.7,spearman,-0.013695397278885102,0.030488464651661246,5
URSN,1999,all,iaw_0.7,sel_diff,0.0,0.0,5
URSN,1999,all,iaw_0.8,spearman,-0.013695397278885102,0.031706003118149154,5
URSN,1999,all,iaw_0.8,sel_diff,0.0,0.0,5
URSN,1999,all,iaw_0.9,spearman,-0.04012772943658356,0.038305977231039484,5
URSN,1999,all,iaw_0.9,sel_diff,0.0,0.0,5
URSN,1999,all,iaw_0.95,spearman,-0.04012772943658356,0.03870744729837468,5
URSN,1999,all,iaw_0.95,sel_diff,0.0,0.0,5
URSN,1999,all,ib_main,spearman,0.0,0.0,5
URSN,1999,all,ib_main,sel_diff,0.0,0.0,5
URSN,1999,all,ibc_0.05,spearman,0.0,0.0,5
URSN,1999,all,ibc_0.05,sel_diff,0.0,0.0,5
URSN,1999,all,ibc_0.1,spearman,0.0,0.0,5
URSN,1999,all,ibc_0.1,sel_diff,0.0,0.0,5
URSN,1999,all,ibc_0.2,spearman,0.0,0.0,5
URSN,1999,all,ibc_0.2,sel_diff,0.0,0.0,5
URSN,1999,all,ibc_0.3,spearman,0.0,0.0,5
URSN,1999,all,ibc_0.3,sel_diff,0.0,0.0,5
URSN,1999,all,ibc_0.5,spearman,0.0,0.0,5
URSN,1999,all,ibc_0.5,sel_diff,0.0,0.0,5
URSN,1999,all,ibc_0.75,spearman,0.0,0.0,5
URSN,1999,all,ibc_0.75,sel_diff,0.0,0.0,5
URSN,1999,all,ibc_1,spearman,0.0,0.0,5
URSN,1999,all,ibc_1,sel_diff,0.0,0.0,5
URSN,1999,all,ibc_1.5,spearman,0.0,0.0,5
URSN,1999,all,ibc_1.5,sel_diff,0.0,0.0,5
URSN,1999,all,ibc_2,spearman,0.0,0.0,5
URSN,1999,all,ibc_2,sel_diff,0.0,0.0,5
URSN,1999,all,ibc_3,spearman,0.0,0.0,5
URSN,1999,all,ibc_3,sel_diff,0.0,0.0,5
URSN,2000,all,ia_g,spearman,0.0,0.0,6
URSN,2000,all,ia_g,sel_diff,0.0,0.0,6
URSN,2000,all,ia_het,spearman,-0.01099384930021216,0.016618738603408855,6
URSN,2000,all,ia_het,sel_diff,0.0,0.0,6
URSN,2000,all,ia_main,spearman,-0.01099384930021216,0.0168139054399439,6
URSN,2000,all,ia_main,sel_diff,0.0,0.0,6
URSN,2000,all,ia_std,spearman,-0.01099384930021216,0.017397511831752536,6
URSN,2000,all,ia_std,sel_diff,0.0,0.0,6
URSN,2000,all,iaw_0,spearman,-0.01099384930021216,0.016999860720832545,6
URSN,2000,all,iaw_0,sel_diff,0.0,0.0,6
URSN,2000,all,iaw_0.01,spearman,-0.015764221106718986,0.019330301312765034,6
URSN,2000,all,iaw_0.01,sel_diff,0.0,0.0,6
URSN,2000,all,iaw_0.02,spearman,-0.015764221106718986,0.018889669526731802,6
URSN,2000,all,iaw_0.02,sel_diff,0.0,0.0,6
URSN,2000,all,iaw_0.05,spearman,-0.03335308977073812,0.02615208809383628,6
URSN,2000,all,iaw_0.05,sel_diff,0.0,0.0,6
URSN,2000,all,iaw_0.1,spearman,-0.048742543466554704,0.02401091962424778,6
URSN,2000,all,iaw_0.1,sel_diff,0.0,0.0,6
URSN,2000,all,iaw_0.15,spearman,-0.048742543466554704,0.024597848005964342,6
URSN,2000,all,iaw_0.15,sel_diff,0.0,0.0,6
URSN,2000,all,iaw_0.2,spearman,-0.048742543466554704,0.023629610780988453,6
URSN,2000,all,iaw_0.2,sel_diff,0.0,0.0,6
URSN,2000,all,iaw_0.3,spearman,-0.048742543466554704,0.02397129898347272,6
URSN,2000,all,iaw_0.3,sel_diff,0.0,0.0,6
URSN,2000,all,iaw_0.4,spearman,-0.06743555473327624,0.024248183816772934,6
URSN,2000,all,iaw_0.4,sel_diff,0.0,0.0,6
URSN,2000,all,iaw_0.5,spearman,-0.06449870072127173,0.023583601019863495,6
URSN,2000,all,iaw_0.5,sel_diff,0.0,0.0,6
URSN,2000,all,iaw_0.6,spearman,-0.06449870072127173,0.024037930089679246,6
URSN,2000,all,iaw_0.6,sel_diff,0.0,0.0,6
URSN,2000,all,iaw_0.7,spearman,-0.0831884864471925,0.024377156025831348,6
URSN,2000,all,iaw_0.7,sel_diff,0.0,0.0,6
URSN,2000,all,iaw_0.8,spearman,-0.04545269444405307,0.04426314823423301,6
URSN,2000,all,iaw_0.8,sel_diff,0.0,0.0,6
URSN,2000,all,iaw_0.9,spearman,-0.08943857465250434,0.05199160677674069,6
URSN,2000,all,iaw_0.9,sel_diff,0.0,0.0,6
URSN,2000,all,iaw_0.95,spearman,-0.07331652022408704,0.05445896977641372,6
URSN,2000,all,iaw_0.95,sel_diff,0.0,0.0,6
URSN,2000,all,ib_main,spearman,-0.0011001106767013953,0.0009939986667941653,6
URSN,2000,all,ib_main,sel_diff,0.0,0.0,6
URSN,2000,all,ibc_0.05,spearman,0.0007334071178009179,0.0006638648846129791,6
URSN,2000,all,ibc_0.05,sel_diff,0.0,0.0,6
URSN,2000,all,ibc_0.1,spearman,0.0055005533835069675,0.005128718704241039,6
URSN,2000,all,ibc_0.1,sel_diff,0.0,0.0,6
URSN,2000,all,ibc_0.2,spearman,-0.0011001106767013953,0.0010141020918838755,6
URSN,2000,all,ibc_0.2,sel_diff,0.0,0.0,6
URSN,2000,all,ibc_0.3,spearman,-0.006233960501307904,0.005738494156502863,6
URSN,2000,all,ibc_0.3,sel_diff,0.0,0.0,6
URSN,2000,all,ibc_0.5,spearman,-0.017229422571920467,0.010848343109834745,6
URSN,2000,all,ibc_0.5,sel_diff,0.0,0.0,6
URSN,2000,all,ibc_0.75,spearman,-0.03887138362864943,0.03244434919301621,6
URSN,2000,all,ibc_0.75,sel_diff,0.0,0.0,6
URSN,2000,all,ibc_1,spearman,-0.03887138362864943,0.03304932587355299,6
URSN,2000,all,ibc_1,sel_diff,0.0,0.0,6
URSN,2000,all,ibc_1.5,spearman,-0.0381379765108485,0.03194078021596073,6
URSN,2000,all,ibc_1.5,sel_diff,0.0,0.0,6
URSN,2000,all,ibc_2,spearman,-0.0425335809064529,0.03161402506168384,6
URSN,2000,all,ibc_2,sel_diff,0.0,0.0,6
URSN,2000,all,ibc_3,spearman,-0.042531968136052506,0.03253559102169748,6
URSN,2000,all,ibc_3,sel_diff,0.0,0.0,6
URSN,2000,new,ia_g,spearman,0.0,0.0,6
URSN,2000,new,ia_g,sel_diff,0.0,0.0,6
URSN,2000,new,ia_het,spearman,-0.02621957771817222,0.037329087415463626,6
URSN,2000,new,ia_het,sel_diff,0.0,0.0,6
URSN,2000,new,ia_main,spearman,-0.02621957771817222,0.03706518743235223,6
URSN,2000,new,ia_main,sel_diff,0.0,0.0,6
URSN,2000,new,ia_std,spearman,-0.02621957771817222,0.03718207003778694,6
URSN,2000,new,ia_std,sel_diff,0.0,0.0,6
URSN,2000,new,iaw_0,spearman,-0.02621957771817222,0.0361473421660569,6
URSN,2000,new,iaw_0,sel_diff,0.0,0.0,6
URSN,2000,new,iaw_0.01,spearman,-0.03027228134270597,0.04074282433038608,6
URSN,2000,new,iaw_0.01,sel_diff,-0.5217611681166044,0.8317423600423391,6
URSN,2000,new,iaw_0.02,spearman,-0.03027228134270597,0.04086611128120158,6
URSN,2000,new,iaw_0.02,sel_diff,-0.5217611681166044,0.8295663108393456,6
URSN,2000,new,iaw_0.05,spearman,-0.07066402216261668,0.05484307210587059,6
URSN,2000,new,iaw_0.05,sel_diff,-0.5217611681166044,0.8301909134519748,6
URSN,2000,new,iaw_0.1,spearman,-0.10704610790244758,0.051362539285965875,6
URSN,2000,new,iaw_0.1,sel_diff,-0.5217611681166044,0.8198707288516703,6
URSN,2000,new,iaw_0.15,spearman,-0.10704610790244758,0.05224844104750226,6
URSN,2000,new,iaw_0.15,sel_diff,-0.5217611681166044,0.8521282290443745,6
URSN,2000,new,iaw_0.2,spearman,-0.10704610790244758,0.05275170335613401,6
URSN,2000,new,iaw_0.2,sel_diff,-0.5217611681166044,0.8347010006944363,6
URSN,2000,new,iaw_0.3,spearman,-0.10704610790244758,0.05246402088860758,6
URSN,2000,new,iaw_0.3,sel_diff,-0.5217611681166044,0.8372952879174649,6
URSN,2000,new,iaw_0.4,spearman,-0.14647387115274377,0.051454923812926136,6
URSN,2000,new,iaw_0.4,sel_diff,-0.5217611681166044,0.841096538782364,6
URSN,2000,new,iaw_0.5,spearman,-0.14038866592387825,0.05184797943800646,6
URSN,2000,new,iaw_0.5,sel_diff,-0.5217611681166044,0.8325271309286374,6
URSN,2000,new,iaw_0.6,spearman,-0.14038866592387825,0.052279523644840786,6
URSN,2000,new,iaw_0.6,sel_diff,-0.5217611681166044,0.8419475002724827,6
URSN,2000,new,iaw_0.7,spearman,-0.17779007736190747,0.05376578555672065,6
URSN,2000,new,iaw_0.7,sel_diff,-0.5217611681166044,0.8411377469421145,6
URSN,2000,new,iaw_0.8,spearman,-0.17779007736190747,0.053308756842331474,6
URSN,2000,new,iaw_0.8,sel_diff,-0.5217611681166044,0.8145399027794613,6
URSN,2000,new,iaw_0.9,spearman,-0.26776593966170814,0.07259537847817862,6
URSN,2000,new,iaw_0.9,sel_diff,-0.5217611681166044,0.8475284985625602,6
URSN,2000,new,iaw_0.95,spearman,-0.26776593966170814,0.07042771333522836,6
URSN,2000,new,iaw_0.95,sel_diff,-0.5217611681166044,0.8493274813893016,6
URSN,2000,new,ib_main,spearman,-0.010101010101010097,0.009438622814333199,6
URSN,2000,new,ib_main,sel_diff,0.0,0.0,6
URSN,2000,new,ibc_0.05,spearman,0.0,0.0,6
URSN,2000,new,ibc_0.05,sel_diff,0.0,0.0,6
URSN,2000,new,ibc_0.1,spearman,0.0,0.0,6
URSN,2000,new,ibc_0.1,sel_diff,0.0,0.0,6
URSN,2000,new,ibc_0.2,spearman,-0.010101010101010097,0.009157192016655645,6
URSN,2000,new,ibc_0.2,sel_diff,0.0,0.0,6
URSN,2000,new,ibc_0.3,spearman,-0.010101010101010097,0.009341914554729632,6
URSN,2000,new,ibc_0.3,sel_diff,0.0,0.0,6
URSN,2000,new,ibc_0.5,spearman,-0.034343434343434336,0.020127002975286083,6
URSN,2000,new,ibc_0.5,sel_diff,0.0,0.0,6
URSN,2000,new,ibc_0.75,spearman,-0.06262626262626261,0.062090981795088145,6
URSN,2000,new,ibc_0.75,sel_diff,0.09945019277222578,0.7510314742442701,6
URSN,2000,new,ibc_1,spearman,-0.06262626262626261,0.06195338222160921,6
URSN,2000,new,ibc_1,sel_diff,0.09945019277222578,0.7423307616381407,6
URSN,2000,new,ibc_1.5,spearman,-0.0606060606060606,0.06049299897180497,6
URSN,2000,new,ibc_1.5,sel_diff,0.09945019277222578,0.7687741184136296,6
URSN,2000,new,ibc_2,spearman,-0.07272727272727271,0.05819217471152525,6
URSN,2000,new,ibc_2,sel_diff,0.09945019277222578,0.7596377968906061,6
URSN,2000,new,ibc_3,spearman,-0.072714973143143,0.06141020860935285,6
URSN,2000,new,ibc_3,sel_diff,0.09945019277222578,0.7628301438701964,6
URSN,2001,all,ia_g,spearman,0.0,0.0,6
URSN,2001,all,ia_g,sel_diff,0.0,0.0,6
URSN,2001,all,ia_het,spearman,0.020611961198424913,0.0068536673552048585,6
URSN,2001,all,ia_het,sel_diff,0.0,0.0,6
URSN,2001,all,ia_main,spearman,0.020611961198424913,0.006665099628181017,6
URSN,2001,all,ia_main,sel_diff,0.0,0.0,6
URSN,2001,all,ia_std,spearman,0.04906270988929062,0.025803899496668194,6
URSN,2001,all,ia_std,sel_diff,0.0,0.0,6
URSN,2001,all,iaw_0,spearman,0.020611961198424913,0.006777352728576595,6
URSN,2001,all,iaw_0,sel_diff,0.0,0.0,6
URSN,2001,all,iaw_0.01,spearman,0.037560929172756136,0.009909555947690045,6
URSN,2001,all,iaw_0.01,sel_diff,0.0,0.0,6
URSN,2001,all,iaw_0.02,spearman,0.06918652542454037,0.012915359611089122,6
URSN,2001,all,iaw_0.02,sel_diff,0.0,0.0,6
URSN,2001,all,iaw_0.05,spearman,0.06918652542454037,0.01305187315063047,6
URSN,2001,all,iaw_0.05,sel_diff,0.0,0.0,6
URSN,2001,all,iaw_0.1,spearman,0.05084750024522807,0.0177360152004296,6
URSN,2001,all,iaw_0.1,sel_diff,0.0,0.0,6
URSN,2001,all,iaw_0.15,spearman,0.017821135170429356,0.029374574340645478,6
URSN,2001,all,iaw_0.15,sel_diff,0.0,0.0,6
URSN,2001,all,iaw_0.2,spearman,0.028834770223788664,0.03149714280771595,6
URSN,2001,all,iaw_0.2,sel_diff,0.0,0.0,6
URSN,2001,all,iaw_0.3,spearman,0.025639733826912033,0.034079258615823095,6
URSN,2001,all,iaw_0.3,sel_diff,0.0,0.0,6
URSN,2001,all,iaw_0.4,spearman,0.025639733826912033,0.03253845131636207,6
URSN,2001,all,iaw_0.4,sel_diff,0.0,0.0,6
URSN,2001,all,iaw_0.5,spearman,0.06460965376267874,0.04031135489095844,6
URSN,2001,all,iaw_0.5,sel_diff,0.0,0.0,6
URSN,2001,all,iaw_0.6,spearman,0.05312110043948992,0.04736184492080332,6
URSN,2001,all,iaw_0.6,sel_diff,0.0,0.0,6
URSN,2001,all,iaw_0.7,spearman,0.06412020584647998,0.0506809927889417,6
URSN,2001,all,iaw_0.7,sel_diff,0.0,0.0,6
URSN,2001,all,iaw_0.8,spearman,0.028805721369960124,0.052482551639774666,6
URSN,2001,all,iaw_0.8,sel_diff,0.0,0.0,6
URSN,2001,all,iaw_0.9,spearman,0.00310027987599421,0.06945614981254651,6
URSN,2001,all,iaw_0.9,sel_diff,0.0,0.0,6
URSN,2001,all,iaw_0.95,spearman,-0.0028495826913469877,0.07049675921702354,6
URSN,2001,all,iaw_0.95,sel_diff,0.0,0.0,6
URSN,2001,all,ib_main,spearman,0.017409963358935788,0.014150163423803519,6
URSN,2001,all,ib_main,sel_diff,0.0,0.0,6
URSN,2001,all,ibc_0.05,spearman,0.004585057065672758,0.004281583521890953,6
URSN,2001,all,ibc_0.05,sel_diff,0.0,0.0,6
URSN,2001,all,ibc_0.1,spearman,0.01465892911953214,0.012265151210559027,6
URSN,2001,all,ibc_0.1,sel_diff,0.0,0.0,6
URSN,2001,all,ibc_0.2,spearman,0.017409963358935788,0.01394758458517374,6
URSN,2001,all,ibc_0.2,sel_diff,0.0,0.0,6
URSN,2001,all,ibc_0.3,spearman,0.02198871793769037,0.013522043213788151,6
URSN,2001,all,ibc_0.3,sel_diff,0.0,0.0,6
URSN,2001,all,ibc_0.5,spearman,0.02931472526369769,0.016230610326297887,6
URSN,2001,all,ibc_0.5,sel_diff,0.0,0.0,6
URSN,2001,all,ibc_0.75,spearman,0.031607253796534056,0.017322107499484617,6
URSN,2001,all,ibc_0.75,sel_diff,0.0,0.0,6
URSN,2001,all,ibc_1,spearman,0.03801751020679047,0.020123717829895867,6
URSN,2001,all,ibc_1,sel_diff,0.0,0.0,6
URSN,2001,all,ibc_1.5,spearman,0.03202219666126851,0.035823744538539315,6
URSN,2001,all,ibc_1.5,sel_diff,0.0,0.0,6
URSN,2001,all,ibc_2,spearman,0.01643294522397619,0.04228223281931538,6
URSN,2001,all,ibc_2,sel_diff,0.0,0.0,6
URSN,2001,all,ibc_3,spearman,0.019180197971228937,0.04394391114751592,6
URSN,2001,all,ibc_3,sel_diff,0.0,0.0,6
URSN,2002,all,ia_g,spearman,0.0,0.0,5
URSN,2002,all,ia_g,sel_diff,0.0,0.0,5
URSN,2002,all,ia_het,spearman,0.020465212006623514,0.02175022074055116,5
URSN,2002,all,ia_het,sel_diff,0.0,0.0,5
URSN,2002,all,ia_main,spearman,0.020465212006623514,0.020688035018539025,5
URSN,2002,all,ia_main,sel_diff,0.0,0.0,5
URSN,2002,all,ia_std,spearman,0.044146530687942186,0.030893626902771452,5
URSN,2002,all,ia_std,sel_diff,0.0,0.0,5
URSN,2002,all,iaw_0,spearman,0.020465212006623514,0.021472981437983648,5
URSN,2002,all,iaw_0,sel_diff,0.0,0.0,5
URSN,2002,all,iaw_0.01,spearman,0.020465212006623514,0.021193784696973427,5
URSN,2002,all,iaw_0.01,sel_diff,0.0,0.0,5
URSN,2002,all,iaw_0.02,spearman,0.020465212006623514,0.021484507624517136,5
URSN,2002,all,iaw_0.02,sel_diff,0.0,0.0,5
URSN,2002,all,iaw_0.05,spearman,0.0470598325736364,0.01722913151695128,5
URSN,2002,all,iaw_0.05,sel_diff,0.0,0.0,5
URSN,2002,all,iaw_0.1,spearman,0.0470598325736364,0.01744079541255821,5
URSN,2002,all,iaw_0.1,sel_diff,0.0,0.0,5
URSN,2002,all,iaw_0.15,spearman,0.0470598325736364,0.01734905260638445,5
URSN,2002,all,iaw_0.15,sel_diff,0.0,0.0,5
URSN,2002,all,iaw_0.2,spearman,0.04205983257363638,0.019005869292361664,5
URSN,2002,all,iaw_0.2,sel_diff,0.0,0.0,5
URSN,2002,all,iaw_0.3,spearman,0.04205983257363638,0.01931433502666521,5
URSN,2002,all,iaw_0.3,sel_diff,0.0,0.0,5
URSN,2002,all,iaw_0.4,spearman,0.048488404002207844,0.0188735129361765,5
URSN,2002,all,iaw_0.4,sel_diff,0.0,0.0,5
URSN,2002,all,iaw_0.5,spearman,0.07057510211651359,0.03691086057387256,5
URSN,2002,all,iaw_0.5,sel_diff,0.0,0.0,5
URSN,2002,all,iaw_0.6,spearman,0.07057510211651359,0.03618138928278761,5
URSN,2002,all,iaw_0.6,sel_diff,0.0,0.0,5
URSN,2002,all,iaw_0.7,spearman,0.0878827944242059,0.04120488404887307,5
URSN,2002,all,iaw_0.7,sel_diff,0.0,0.0,5
URSN,2002,all,iaw_0.8,spearman,0.10127413410005515,0.061942439767921194,5
URSN,2002,all,iaw_0.8,sel_diff,0.0,0.0,5
URSN,2002,all,iaw_0.9,spearman,0.15103329424456818,0.07537109905478516,5
URSN,2002,all,iaw_0.9,sel_diff,0.0,0.0,5
URSN,2002,all,iaw_0.95,spearman,0.15103329424456818,0.0758494163416387,5
URSN,2002,all,iaw_0.95,sel_diff,0.0,0.0,5
URSN,2002,all,ib_main,spearman,-0.03287941646645592,0.013772062718527062,5
URSN,2002,all,ib_main,sel_diff,0.0,0.0,5
URSN,2002,all,ibc_0.05,spearman,-0.005714285714285727,0.0059803311466999675,5
URSN,2002,all,ibc_0.05,sel_diff,0.0,0.0,5
URSN,2002,all,ibc_0.1,spearman,-0.029307987895027345,0.013340641950506505,5
URSN,2002,all,ibc_0.1,sel_diff,0.0,0.0,5
URSN,2002,all,ibc_0.2,spearman,-0.034307987895027356,0.010717936099327082,5
URSN,2002,all,ibc_0.2,sel_diff,0.0,0.0,5
URSN,2002,all,ibc_0.3,spearman,-0.03145084503788449,0.011908766583530975,5
URSN,2002,all,ibc_0.3,sel_diff,0.0,0.0,5
URSN,2002,all,ibc_0.5,spearman,-0.03287941646645592,0.013400293901600724,5
URSN,2002,all,ibc_0.5,sel_diff,0.0,0.0,5
URSN,2002,all,ibc_0.75,spearman,-0.05156073514777461,0.015184661074442779,5
URSN,2002,all,ibc_0.75,sel_diff,0.0,0.0,5
URSN,2002,all,ibc_1,spearman,-0.04941787800491747,0.017420265971283096,5
URSN,2002,all,ibc_1,sel_diff,0.0,0.0,5
URSN,2002,all,ibc_1.5,spearman,-0.04870359229063174,0.0218845550278952,5
URSN,2002,all,ibc_1.5,sel_diff,0.0,0.0,5
URSN,2002,all,ibc_2,spearman,-0.07049112753675549,0.030274481835780295,5
URSN,2002,all,ibc_2,sel_diff,0.0,0.0,5
URSN,2002,all,ibc_3,spearman,-0.07549112753675548,0.03320065648920914,5
URSN,2002,all,ibc_3,sel_diff,0.0,0.0,5
URSN,2002,new,ia_g,spearman,0.0,0.0,4
URSN,2002,new,ia_g,sel_diff,0.0,0.0,4
URSN,2002,new,ia_het,spearman,0.0734848484848485,0.009874904829631366,4
URSN,2002,new,ia_het,sel_diff,0.964150726444432,0.5774083627187416,4
URSN,2002,new,ia_main,spearman,0.0734848484848485,0.009690947527231802,4
URSN,2002,new,ia_main,sel_diff,0.964150726444432,0.5682187715485143,4
URSN,2002,new,ia_std,spearman,0.09999999999999998,0.02851045937923091,4
URSN,2002,new,ia_std,sel_diff,0.964150726444432,0.5820649107733824,4
URSN,2002,new,iaw_0,spearman,0.0734848484848485,0.009868683968979467,4
URSN,2002,new,iaw_0,sel_diff,0.964150726444432,0.5587545092398449,4
URSN,2002,new,iaw_0.01,spearman,0.0734848484848485,0.009907377625369172,4
URSN,2002,new,iaw_0.01,sel_diff,0.964150726444432,0.5654049254889035,4
URSN,2002,new,iaw_0.02,spearman,0.0734848484848485,0.009669992535697572,4
URSN,2002,new,iaw_0.02,sel_diff,0.964150726444432,0.557004113651859,4
URSN,2002,new,iaw_0.05,spearman,0.0734848484848485,0.00959344561531929,4
URSN,2002,new,iaw_0.05,sel_diff,0.964150726444432,0.581661055544744,4
URSN,2002,new,iaw_0.1,spearman,0.0734848484848485,0.0096483609970769,4
URSN,2002,new,iaw_0.1,sel_diff,0.964150726444432,0.5681854998050098,4
URSN,2002,new,iaw_0.15,spearman,0.0734848484848485,0.009498412689626319,4
URSN,2002,new,iaw_0.15,sel_diff,0.964150726444432,0.5858351811804435,4
URSN,2002,new,iaw_0.2,spearman,0.059848484848484845,0.017411966417184253,4
URSN,2002,new,iaw_0.2,sel_diff,0.964150726444432,0.5796170020077156,4
URSN,2002,new,iaw_0.3,spearman,0.059848484848484845,0.017192138521908776,4
URSN,2002,new,iaw_0.3,sel_diff,0.964150726444432,0.5624376852358943,4
URSN,2002,new,iaw_0.4,spearman,0.07348484848484849,0.015910336721338018,4
URSN,2002,new,iaw_0.4,sel_diff,0.964150726444432,0.5810959085704177,4
URSN,2002,new,iaw_0.5,spearman,0.11818181818181818,0.028449436992518395,4
URSN,2002,new,iaw_0.5,sel_diff,0.964150726444432,0.5794182876355833,4
URSN,2002,new,iaw_0.6,spearman,0.11818181818181818,0.02906313779329564,4
URSN,2002,new,iaw_0.6,sel_diff,0.964150726444432,0.5645182905637699,4
URSN,2002,new,iaw_0.7,spearman,0.1643939393939394,0.04206466916248832,4
URSN,2002,new,iaw_0.7,sel_diff,0.964150726444432,0.5674344260093723,4
URSN,2002,new,iaw_0.8,spearman,0.23181818181818184,0.07829851487089794,4
URSN,2002,new,iaw_0.8,sel_diff,0.964150726444432,0.5981537416021064,4
URSN,2002,new,iaw_0.9,spearman,0.375,0.07613185713685314,4
URSN,2002,new,iaw_0.9,sel_diff,0.964150726444432,0.5922685877013687,4
URSN,2002,new,iaw_0.95,spearman,0.375,0.0772826026943553,4
URSN,2002,new,iaw_0.95,sel_diff,0.964150726444432,0.5713673787424942,4
URSN,2002,new,ib_main,spearman,0.013636363636363648,0.04875267382401631,4
URSN,2002,new,ib_main,sel_diff,0.1462143502640165,0.1237966936108424,4
URSN,2002,new,ibc_0.05,spearman,-0.004545454545454547,0.003941382704167561,4
URSN,2002,new,ibc_0.05,sel_diff,0.0,0.0,4
URSN,2002,new,ibc_0.1,spearman,0.018181818181818188,0.021085788623948592,4
URSN,2002,new,ibc_0.1,sel_diff,0.0,0.0,4
URSN,2002,new,ibc_0.2,spearman,0.0068181818181818205,0.02776696043721737,4
URSN,2002,new,ibc_0.2,sel_diff,0.0,0.0,4
URSN,2002,new,ibc_0.3,spearman,0.013636363636363627,0.033557081035217186,4
URSN,2002,new,ibc_0.3,sel_diff,0.1462143502640165,0.12833165925947132,4
URSN,2002,new,ibc_0.5,spearman,0.013636363636363648,0.04891102762824217,4
URSN,2002,new,ibc_0.5,sel_diff,0.1462143502640165,0.1267039487719449,4
URSN,2002,new,ibc_0.75,spearman,-0.033333333333333305,0.062129000893416976,4
URSN,2002,new,ibc_0.75,sel_diff,0.1462143502640165,0.1278749771495418,4
URSN,2002,new,ibc_1,spearman,-0.028787878787878772,0.06523132175689197,4
URSN,2002,new,ibc_1,sel_diff,0.1462143502640165,0.12626882350888646,4
URSN,2002,new,ibc_1.5,spearman,-0.02424242424242421,0.0757625866428366,4
URSN,2002,new,ibc_1.5,sel_diff,0.1462143502640165,0.1292065193112815,4
URSN,2002,new,ibc_2,spearman,-0.03712121212121209,0.08937381598000721,4
URSN,2002,new,ibc_2,sel_diff,0.42708802890615116,0.47751535700132475,4
URSN,2002,new,ibc_3,spearman,-0.04848484848484843,0.10320840591682047,4
URSN,2002,new,ibc_3,sel_diff,0.42708802890615116,0.4724626223869409,4
URSN,2003,all,ia_g,spearman,0.0,0.0,5
URSN,2003,all,ia_g,sel_diff,0.0,0.0,5
URSN,2003,all,ia_het,spearman,0.06359548178704284,0.02841352024908155,5
URSN,2003,all,ia_het,sel_diff,0.0,0.0,5
URSN,2003,all,ia_main,spearman,0.06359548178704284,0.028207956433935193,5
URSN,2003,all,ia_main,sel_diff,0.0,0.0,5
URSN,2003,all,ia_std,spearman,0.0009253830376248051,0.020202722113321546,5
URSN,2003,all,ia_std,sel_diff,0.0,0.0,5
URSN,2003,all,iaw_0,spearman,0.06359548178704284,0.028580420634180054,5
URSN,2003,all,iaw_0,sel_diff,0.0,0.0,5
URSN,2003,all,iaw_0.01,spearman,0.07008386779077067,0.027321202750303506,5
URSN,2003,all,iaw_0.01,sel_diff,0.0,0.0,5
URSN,2003,all,iaw_0.02,spearman,0.07008386779077067,0.027570997852782393,5
URSN,2003,all,iaw_0.02,sel_diff,0.0,0.0,5
URSN,2003,all,iaw_0.05,spearman,0.04889178030231743,0.031132463330107,5
URSN,2003,all,iaw_0.05,sel_diff,0.0,0.0,5
URSN,2003,all,iaw_0.1,spearman,0.04889178030231743,0.031231204234538484,5
URSN,2003,all,iaw_0.1,sel_diff,0.0,0.0,5
URSN,2003,all,iaw_0.15,spearman,0.005334548771440873,0.02176209284673388,5
URSN,2003,all,iaw_0.15,sel_diff,0.0,0.0,5
URSN,2003,all,iaw_0.2,spearman,0.005334548771440873,0.02160753855123602,5
URSN,2003,all,iaw_0.2,sel_diff,0.0,0.0,5
URSN,2003,all,iaw_0.3,spearman,0.005334548771440873,0.021868093894139594,5
URSN,2003,all,iaw_0.3,sel_diff,0.0,0.0,5
URSN,2003,all,iaw_0.4,spearman,0.01593235143539601,0.025054915413322807,5
URSN,2003,all,iaw_0.4,sel_diff,0.0,0.0,5
URSN,2003,all,iaw_0.5,spearman,-0.0008353888237389917,0.02920350329565105,5
URSN,2003,all,iaw_0.5,sel_diff,0.0,0.0,5
URSN,2003,all,iaw_0.6,spearman,-0.0002610557234332234,0.027057788276598927,5
URSN,2003,all,iaw_0.6,sel_diff,0.0,0.0,5
URSN,2003,all,iaw_0.7,spearman,-0.017909420761110028,0.028671677073218337,5
URSN,2003,all,iaw_0.7,sel_diff,0.0,0.0,5
URSN,2003,all,iaw_0.8,spearman,-0.03613211889909265,0.03521800128447495,5
URSN,2003,all,iaw_0.8,sel_diff,0.0,0.0,5
URSN,2003,all,iaw_0.9,spearman,-0.03671687864475731,0.03459250148322061,5
URSN,2003,all,iaw_0.9,sel_diff,0.0,0.0,5
URSN,2003,all,iaw_0.95,spearman,-0.04554170273675925,0.03803341446129755,5
URSN,2003,all,iaw_0.95,sel_diff,0.0,0.0,5
URSN,2003,all,ib_main,spearman,0.01055567990098738,0.03718581063924338,5
URSN,2003,all,ib_main,sel_diff,-0.02534931434176748,0.03201068876930303,5
URSN,2003,all,ibc_0.05,spearman,0.015288507366030856,0.016908580504069938,5
URSN,2003,all,ibc_0.05,sel_diff,0.1987128953288787,0.10699713145028916,5
URSN,2003,all,ibc_0.1,spearman,0.01322881494950584,0.02016568536440511,5
URSN,2003,all,ibc_0.1,sel_diff,0.1987128953288787,0.11027488809727136,5
URSN,2003,all,ibc_0.2,spearman,0.01968983581496251,0.028154616370929215,5
URSN,2003,all,ibc_0.2,sel_diff,0.12700995851661767,0.10291235325756287,5
URSN,2003,all,ibc_0.3,spearman,0.01055567990098738,0.03606954317600735,5
URSN,2003,all,ibc_0.3,sel_diff,-0.02534931434176748,0.03243185021403058,5
URSN,2003,all,ibc_0.5,spearman,-0.0006372937754444031,0.03572367450472644,5
URSN,2003,all,ibc_0.5,sel_diff,-0.02534931434176748,0.03365551884116619,5
URSN,2003,all,ibc_0.75,spearman,-0.010957056087413208,0.040463332738965505,5
URSN,2003,all,ibc_0.75,sel_diff,-0.02534931434176748,0.03469074983168865,5
URSN,2003,all,ibc_1,spearman,-0.008889981013903248,0.05111650737328519,5
URSN,2003,all,ibc_1,sel_diff,-0.02534931434176748,0.03261054736766128,5
URSN,2003,all,ibc_1.5,spearman,-0.017130476920319538,0.06665624442503232,5
URSN,2003,all,ibc_1.5,sel_diff,-0.02534931434176748,0.032819133116533596,5
URSN,2003,all,ibc_2,spearman,-0.027760846511315128,0.0732577669041217,5
URSN,2003,all,ibc_2,sel_diff,-0.02534931434176748,0.031510814975889756,5
URSN,2003,all,ibc_3,spearman,-0.04130759757191856,0.08716267259481522,5
URSN,2003,all,ibc_3,sel_diff,-0.02534931434176748,0.03300632063128288,5
URSN,2003,new,ia_g,spearman,0.0,0.0,5
URSN,2003,new,ia_g,sel_diff,0.0,0.0,5
URSN,2003,new,ia_het,spearman,0.10583487077663745,0.05192189559806325,5
URSN,2003,new,ia_het,sel_diff,0.0,0.0,5
URSN,2003,new,ia_main,spearman,0.10583487077663745,0.0522789142836902,5
URSN,2003,new,ia_main,sel_diff,0.0,0.0,5
URSN,2003,new,ia_std,spearman,-0.02575201570459154,0.03708679392161421,5
URSN,2003,new,ia_std,sel_diff,-1.6707856890092352,0.45805277930988064,5
URSN,2003,new,iaw_0,spearman,0.10583487077663745,0.051026206218950154,5
URSN,2003,new,iaw_0,sel_diff,0.0,0.0,5
URSN,2003,new,iaw_0.01,spearman,0.11637728395907632,0.048389263436965334,5
URSN,2003,new,iaw_0.01,sel_diff,0.0,0.0,5
URSN,2003,new,iaw_0.02,spearman,0.11637728395907632,0.04895338578154584,5
URSN,2003,new,iaw_0.02,sel_diff,0.0,0.0,5
URSN,2003,new,iaw_0.05,spearman,0.07297888660542913,0.059779499832755746,5
URSN,2003,new,iaw_0.05,sel_diff,-1.6707856890092352,0.4659325225906466,5
URSN,2003,new,iaw_0.1,spearman,0.07297888660542913,0.05770353794146013,5
URSN,2003,new,iaw_0.1,sel_diff,-1.6707856890092352,0.47411352627677084,5
URSN,2003,new,iaw_0.15,spearman,-0.019461967255567265,0.03818438494428195,5
URSN,2003,new,iaw_0.15,sel_diff,-1.6707856890092352,0.45849456210164063,5
URSN,2003,new,iaw_0.2,spearman,-0.019461967255567265,0.037661774092828115,5
URSN,2003,new,iaw_0.2,sel_diff,-1.6707856890092352,0.444623855195074,5
URSN,2003,new,iaw_0.3,spearman,-0.019461967255567265,0.0386221746893523,5
URSN,2003,new,iaw_0.3,sel_diff,-1.6707856890092352,0.4674350086716717,5
URSN,2003,new,iaw_0.4,spearman,0.0022324256572605282,0.04211067486238024,5
URSN,2003,new,iaw_0.4,sel_diff,-1.6707856890092352,0.46206418498042406,5
URSN,2003,new,iaw_0.5,spearman,-0.030643287593135872,0.04812322210046487,5
URSN,2003,new,iaw_0.5,sel_diff,-1.6707856890092352,0.4668520564175941,5
URSN,2003,new,iaw_0.6,spearman,-0.03349224516395325,0.04326684719339375,5
URSN,2003,new,iaw_0.6,sel_diff,-1.6707856890092352,0.4646366920296183,5
URSN,2003,new,iaw_0.7,spearman,-0.07336594633323101,0.04770624212949895,5
URSN,2003,new,iaw_0.7,sel_diff,-1.6707856890092352,0.4765323225399219,5
URSN,2003,new,iaw_0.8,spearman,-0.11039068993169146,0.059293956193166186,5
URSN,2003,new,iaw_0.8,sel_diff,-1.6707856890092352,0.46143516677749224,5
URSN,2003,new,iaw_0.9,spearman,-0.11247750172096191,0.060906837000165304,5
URSN,2003,new,iaw_0.9,sel_diff,-1.6707856890092352,0.4570140211857836,5
URSN,2003,new,iaw_0.95,spearman,-0.1285601336485475,0.06637145608054144,5
URSN,2003,new,iaw_0.95,sel_diff,-1.6707856890092352,0.4584100246762439,5
URSN,2003,new,ib_main,spearman,-0.008514691318577895,0.06813875882146954,5
URSN,2003,new,ib_main,sel_diff,-0.3240061702625215,0.3026953215369168,5
URSN,2003,new,ibc_0.05,spearman,0.009787952876444064,0.030018134887106585,5
URSN,2003,new,ibc_0.05,sel_diff,0.0,0.0,5
URSN,2003,new,ibc_0.1,spearman,0.0028023394225248745,0.04011123350627373,5
URSN,2003,new,ibc_0.1,sel_diff,0.0,0.0,5
URSN,2003,new,ibc_0.2,spearman,0.013944259989010204,0.04719149044042491,5
URSN,2003,new,ibc_0.2,sel_diff,0.0,0.0,5
URSN,2003,new,ibc_0.3,spearman,-0.008514691318577895,0.06700737355168954,5
URSN,2003,new,ibc_0.3,sel_diff,-0.3240061702625215,0.28695885843422997,5
URSN,2003,new,ibc_0.5,spearman,-0.019708405583539663,0.060655394852323685,5
URSN,2003,new,ibc_0.5,sel_diff,-0.3240061702625215,0.2895841565832217,5
URSN,2003,new,ibc_0.75,spearman,-0.030221400309075015,0.062494642587369434,5
URSN,2003,new,ibc_0.75,sel_diff,-0.3240061702625215,0.2895968508462059,5
URSN,2003,new,ibc_1,spearman,-0.025330011645944967,0.07807855725309121,5
URSN,2003,new,ibc_1,sel_diff,-0.3240061702625215,0.2878680743442262,5
URSN,2003,new,ibc_1.5,spearman,-0.04352408751813963,0.10910522981947682,5
URSN,2003,new,ibc_1.5,sel_diff,-0.28044041130633385,0.30235295829337416,5
URSN,2003,new,ibc_2,spearman,-0.06182169239999431,0.12312943209481964,5
URSN,2003,new,ibc_2,sel_diff,-0.4174999877970739,0.29594178825585454,5
URSN,2003,new,ibc_3,spearman,-0.0729659088051073,0.1354340769015422,5
URSN,2003,new,ibc_3,sel_diff,-0.4174999877970739,0.3005362023686578,5
URSN,2004,all,ia_g,spearman,0.0,0.0,5
URSN,2004,all,ia_g,sel_diff,0.0,0.0,5
URSN,2004,all,ia_het,spearman,0.0296338766786171,0.021986591220462145,5
URSN,2004,all,ia_het,sel_diff,0.0,0.0,5
URSN,2004,all,ia_main,spearman,0.0296338766786171,0.022399310863345318,5
URSN,2004,all,ia_main,sel_diff,0.0,0.0,5
URSN,2004,all,ia_std,spearman,0.037394533730385926,0.007161516316950693,5
URSN,2004,all,ia_std,sel_diff,0.0,0.0,5
URSN,2004,all,iaw_0,spearman,0.0296338766786171,0.02221824902242594,5
URSN,2004,all,iaw_0,sel_diff,0.0,0.0,5
URSN,2004,all,iaw_0.01,spearman,0.0296338766786171,0.02211243193248878,5
URSN,2004,all,iaw_0.01,sel_diff,0.0,0.0,5
URSN,2004,all,iaw_0.02,spearman,0.0296338766786171,0.022277787742850226,5
URSN,2004,all,iaw_0.02,sel_diff,0.0,0.0,5
URSN,2004,all,iaw_0.05,spearman,0.0296338766786171,0.02229723218863131,5
URSN,2004,all,iaw_0.05,sel_diff,0.0,0.0,5
URSN,2004,all,iaw_0.1,spearman,0.0296338766786171,0.021804003311790048,5
URSN,2004,all,iaw_0.1,sel_diff,0.0,0.0,5
URSN,2004,all,iaw_0.15,spearman,0.008207583562027665,0.01953823663484446,5
URSN,2004,all,iaw_0.15,sel_diff,0.0,0.0,5
URSN,2004,all,iaw_0.2,spearman,-0.0016688564561899931,0.01891428981644943,5
URSN,2004,all,iaw_0.2,sel_diff,0.0,0.0,5
URSN,2004,all,iaw_0.3,spearman,0.0076786378204154685,0.019192147934413255,5
URSN,2004,all,iaw_0.3,sel_diff,0.0,0.0,5
URSN,2004,all,iaw_0.4,spearman,0.0076786378204154685,0.018503435269327583,5
URSN,2004,all,iaw_0.4,sel_diff,0.0,0.0,5
URSN,2004,all,iaw_0.5,spearman,0.013236936050418091,0.018042511057632306,5
URSN,2004,all,iaw_0.5,sel_diff,0.0,0.0,5
URSN,2004,all,iaw_0.6,spearman,-0.03678356875742026,0.020313412329717465,5
URSN,2004,all,iaw_0.6,sel_diff,0.0,0.0,5
URSN,2004,all,iaw_0.7,spearman,-0.06865170062555218,0.028105452382889407,5
URSN,2004,all,iaw_0.7,sel_diff,0.0,0.0,5
URSN,2004,all,iaw_0.8,spearman,-0.07745657928865317,0.026438329191837796,5
URSN,2004,all,iaw_0.8,sel_diff,0.0,0.0,5
URSN,2004,all,iaw_0.9,spearman,-0.08898820589116856,0.03171596055459174,5
URSN,2004,all,iaw_0.9,sel_diff,0.0,0.0,5
URSN,2004,all,iaw_0.95,spearman,-0.10330125992066738,0.02887508254424109,5
URSN,2004,all,iaw_0.95,sel_diff,0.0,0.0,5
URSN,2004,all,ib_main,spearman,0.023687888049888705,0.02341201881336002,5
URSN,2004,all,ib_main,sel_diff,0.0,0.0,5
URSN,2004,all,ibc_0.05,spearman,0.0,0.006748810201921591,5
URSN,2004,all,ibc_0.05,sel_diff,0.0,0.0,5
URSN,2004,all,ibc_0.1,spearman,0.010496518239111463,0.01858872530722025,5
URSN,2004,all,ibc_0.1,sel_diff,0.0,0.0,5
URSN,2004,all,ibc_0.2,spearman,0.023687888049888705,0.02248129786734008,5
URSN,2004,all,ibc_0.2,sel_diff,0.0,0.0,5
URSN,2004,all,ibc_0.3,spearman,0.017067141712697652,0.020363801153526533,5
URSN,2004,all,ibc_0.3,sel_diff,0.0,0.0,5
URSN,2004,all,ibc_0.5,spearman,-0.003351382784272183,0.023694135990647413,5
URSN,2004,all,ibc_0.5,sel_diff,0.0,0.0,5
URSN,2004,all,ibc_0.75,spearman,-0.006119140339363316,0.027940307404834486,5
URSN,2004,all,ibc_0.75,sel_diff,0.0,0.0,5
URSN,2004,all,ibc_1,spearman,-0.011084700092256617,0.031935632952496254,5
URSN,2004,all,ibc_1,sel_diff,0.0,0.0,5
URSN,2004,all,ibc_1.5,spearman,-0.00668909569665217,0.03283690538817241,5
URSN,2004,all,ibc_1.5,sel_diff,0.0,0.0,5
URSN,2004,all,ibc_2,spearman,0.0004742662540432985,0.030444900792981924,5
URSN,2004,all,ibc_2,sel_diff,0.0,0.0,5
URSN,2004,all,ibc_3,spearman,-0.011112039836041077,0.03820022740190747,5
URSN,2004,all,ibc_3,sel_diff,0.0,0.0,5
URSN,2008,all,ia_g,spearman,0.0,0.0,5
URSN,2008,all,ia_g,sel_diff,0.0,0.0,5
URSN,2008,all,ia_het,spearman,0.012155393051439155,0.016778356576889832,5
URSN,2008,all,ia_het,sel_diff,0.0,0.0,5
URSN,2008,all,ia_main,spearman,0.012155393051439155,0.016557931745059585,5
URSN,2008,all,ia_main,sel_diff,0.0,0.0,5
URSN,2008,all,ia_std,spearman,0.053782443334420296,0.01869265730382841,5
URSN,2008,all,ia_std,sel_diff,0.0,0.0,5
URSN,2008,all,iaw_0,spearman,0.012155393051439155,0.017179388416388976,5
URSN,2008,all,iaw_0,sel_diff,0.0,0.0,5
URSN,2008,all,iaw_0.01,spearman,0.012155393051439155,0.016946291243635895,5
URSN,2008,all,iaw_0.01,sel_diff,0.0,0.0,5
URSN,2008,all,iaw_0.02,spearman,0.012155393051439155,0.016914887295596058,5
URSN,2008,all,iaw_0.02,sel_diff,0.0,0.0,5
URSN,2008,all,iaw_0.05,spearman,0.012155393051439155,0.01639080353448553,5
URSN,2008,all,iaw_0.05,sel_diff,0.0,0.0,5
URSN,2008,all,iaw_0.1,spearman,0.012155393051439155,0.01694323501134476,5
URSN,2008,all,iaw_0.1,sel_diff,0.0,0.0,5
URSN,2008,all,iaw_0.15,spearman,0.019148400044446158,0.022025253719313385,5
URSN,2008,all,iaw_0.15,sel_diff,0.0,0.0,5
URSN,2008,all,iaw_0.2,spearman,0.010468778628855525,0.028434051732821188,5
URSN,2008,all,iaw_0.2,sel_diff,0.0,0.0,5
URSN,2008,all,iaw_0.3,spearman,0.010468778628855525,0.027638081783273656,5
URSN,2008,all,iaw_0.3,sel_diff,0.0,0.0,5
URSN,2008,all,iaw_0.4,spearman,0.010468778628855525,0.028813548385325346,5
URSN,2008,all,iaw_0.4,sel_diff,0.0,0.0,5
URSN,2008,all,iaw_0.5,spearman,0.010468778628855525,0.028051045364128592,5
URSN,2008,all,iaw_0.5,sel_diff,0.0,0.0,5
URSN,2008,all,iaw_0.6,spearman,0.011867380027456919,0.028177984984300193,5
URSN,2008,all,iaw_0.6,sel_diff,0.0,0.0,5
URSN,2008,all,iaw_0.7,spearman,-0.026602451178343568,0.027896534664893932,5
URSN,2008,all,iaw_0.7,sel_diff,0.0,0.0,5
URSN,2008,all,iaw_0.8,spearman,-0.023445232101162904,0.03188045909163998,5
URSN,2008,all,iaw_0.8,sel_diff,0.0,0.0,5
URSN,2008,all,iaw_0.9,spearman,-0.030438239094169907,0.028910817393262952,5
URSN,2008,all,iaw_0.9,sel_diff,0.0,0.0,5
URSN,2008,all,iaw_0.95,spearman,-0.03603264468857551,0.028438481116829673,5
URSN,2008,all,iaw_0.95,sel_diff,0.0,0.0,5
URSN,2008,all,ib_main,spearman,0.03117637207241818,0.04524461045931653,5
URSN,2008,all,ib_main,sel_diff,0.0,0.0,5
URSN,2008,all,ibc_0.05,spearman,0.0036363636363636598,0.003373577633642857,5
URSN,2008,all,ibc_0.05,sel_diff,0.0,0.0,5
URSN,2008,all,ibc_0.1,spearman,0.016918930550945944,0.00997511450957871,5
URSN,2008,all,ibc_0.1,sel_diff,0.0,0.0,5
URSN,2008,all,ibc_0.2,spearman,0.034681168313183686,0.027256294012686196,5
URSN,2008,all,ibc_0.2,sel_diff,0.0,0.0,5
URSN,2008,all,ibc_0.3,spearman,0.03117637207241818,0.045550146895527915,5
URSN,2008,all,ibc_0.3,sel_diff,0.0,0.0,5
URSN,2008,all,ibc_0.5,spearman,0.0439036447996909,0.053329515630717084,5
URSN,2008,all,ibc_0.5,sel_diff,0.0,0.0,5
URSN,2008,all,ibc_0.75,spearman,0.022959309727486464,0.07522170783602891,5
URSN,2008,all,ibc_0.75,sel_diff,0.0,0.0,5
URSN,2008,all,ibc_1,spearman,0.0133089600771368,0.07513150395936008,5
URSN,2008,all,ibc_1,sel_diff,0.0,0.0,5
URSN,2008,all,ibc_1.5,spearman,0.02640039545651841,0.07964643100964212,5
URSN,2008,all,ibc_1.5,sel_diff,0.0,0.0,5
URSN,2008,all,ibc_2,spearman,0.02640039545651841,0.07939413211388045,5
URSN,2008,all,ibc_2,sel_diff,0.0,0.0,5
URSN,2008,all,ibc_3,spearman,-0.0029702339141109645,0.10081142828877958,5
URSN,2008,all,ibc_3,sel_diff,0.0,0.0,5
URSN,2009,all,ia_g,spearman,0.0,0.0,5
URSN,2009,all,ia_g,sel_diff,0.0,0.0,5
URSN,2009,all,ia_het,spearman,-0.048363749126531234,0.006539796864003304,5
URSN,2009,all,ia_het,sel_diff,0.0,0.0,5
URSN,2009,all,ia_main,spearman,-0.048363749126531234,0.0065856359370547275,5
URSN,2009,all,ia_main,sel_diff,0.0,0.0,5
URSN,2009,all,ia_std,spearman,0.03850086597990782,0.03575778442314907,5
URSN,2009,all,ia_std,sel_diff,0.0,0.0,5
URSN,2009,all,iaw_0,spearman,-0.048363749126531234,0.006642689840993151,5
URSN,2009,all,iaw_0,sel_diff,0.0,0.0,5
URSN,2009,all,iaw_0.01,spearman,-0.048363749126531234,0.00676410106477371,5
URSN,2009,all,iaw_0.01,sel_diff,0.0,0.0,5
URSN,2009,all,iaw_0.02,spearman,-0.048363749126531234,0.006608004243971615,5
URSN,2009,all,iaw_0.02,sel_diff,0.0,0.0,5
URSN,2009,all,iaw_0.05,spearman,-0.048363749126531234,0.006767223285100575,5
URSN,2009,all,iaw_0.05,sel_diff,0.0,0.0,5
URSN,2009,all,iaw_0.1,spearman,-0.03956800254474136,0.008564745175166626,5
URSN,2009,all,iaw_0.1,sel_diff,0.0,0.0,5
URSN,2009,all,iaw_0.15,spearman,-0.03956800254474136,0.00878399179877165,5
URSN,2009,all,iaw_0.15,sel_diff,0.0,0.0,5
URSN,2009,all,iaw_0.2,spearman,-0.03956800254474136,0.008769557521401286,5
URSN,2009,all,iaw_0.2,sel_diff,0.0,0.0,5
URSN,2009,all,iaw_0.3,spearman,-0.04065934065934063,0.01579273690992303,5
URSN,2009,all,iaw_0.3,sel_diff,0.0,0.0,5
URSN,2009,all,iaw_0.4,spearman,-0.05933612155007826,0.02100758700887963,5
URSN,2009,all,iaw_0.4,sel_diff,0.0,0.0,5
URSN,2009,all,iaw_0.5,spearman,-0.05933612155007826,0.02056890872879701,5
URSN,2009,all,iaw_0.5,sel_diff,0.0,0.0,5
URSN,2009,all,iaw_0.6,spearman,-0.03625012289199302,0.022705361984117562,5
URSN,2009,all,iaw_0.6,sel_diff,0.0,0.0,5
URSN,2009,all,iaw_0.7,spearman,-0.03625012289199302,0.023120489301621524,5
URSN,2009,all,iaw_0.7,sel_diff,0.0,0.0,5
URSN,2009,all,iaw_0.8,spearman,-0.05988481580109861,0.026000923260025288,5
URSN,2009,all,iaw_0.8,sel_diff,0.0,0.0,5
URSN,2009,all,iaw_0.9,spearman,-0.05108301883186732,0.031080152593821794,5
URSN,2009,all,iaw_0.9,sel_diff,0.0,0.0,5
URSN,2009,all,iaw_0.95,spearman,-0.05108301883186732,0.029674302212236544,5
URSN,2009,all,iaw_0.95,sel_diff,0.0,0.0,5
URSN,2009,all,ib_main,spearman,-0.012101525459655326,0.030970393693327727,5
URSN,2009,all,ib_main,sel_diff,0.0,0.0,5
URSN,2009,all,ibc_0.05,spearman,0.004385016217581856,0.01529103146558004,5
URSN,2009,all,ibc_0.05,sel_diff,0.0,0.0,5
URSN,2009,all,ibc_0.1,spearman,-1.0588178022491457e-05,0.02350370775499785,5
URSN,2009,all,ibc_0.1,sel_diff,0.0,0.0,5
URSN,2009,all,ibc_0.2,spearman,-0.012101525459655326,0.030991069786533196,5
URSN,2009,all,ibc_0.2,sel_diff,0.0,0.0,5
URSN,2009,all,ibc_0.3,spearman,-1.3613371743254055e-05,0.025295361742986945,5
URSN,2009,all,ibc_0.3,sel_diff,0.0,0.0,5
URSN,2009,all,ibc_0.5,spearman,-0.0011079766800632552,0.02500096046734412,5
URSN,2009,all,ibc_0.5,sel_diff,0.0,0.0,5
URSN,2009,all,ibc_0.75,spearman,-0.007702895870330201,0.026606766510113674,5
URSN,2009,all,ibc_0.75,sel_diff,0.0,0.0,5
URSN,2009,all,ibc_1,spearman,-0.012098500265934582,0.02856896501850471,5
URSN,2009,all,ibc_1,sel_diff,0.0,0.0,5
URSN,2009,all,ibc_1.5,spearman,-0.006607019965149813,0.03193612744201603,5
URSN,2009,all,ibc_1.5,sel_diff,0.15947935090893864,0.14382830979772454,5
URSN,2009,all,ibc_2,spearman,-0.019798370942544087,0.031760006960634066,5
URSN,2009,all,ibc_2,sel_diff,0.15947935090893864,0.13772340593209967,5
URSN,2009,all,ibc_3,spearman,-0.01979837094254408,0.036114008495770594,5
URSN,2009,all,ibc_3,sel_diff,0.15947935090893864,0.14074784077310545,5
URSN,2014,all,ia_g,spearman,0.0,0.0,5
URSN,2014,all,ia_g,sel_diff,0.0,0.0,5
URSN,2014,all,ia_het,spearman,0.04740970072239422,0.010330943874645934,5
URSN,2014,all,ia_het,sel_diff,0.0,0.0,5
URSN,2014,all,ia_main,spearman,0.04740970072239422,0.010248260311645564,5
URSN,2014,all,ia_main,sel_diff,0.0,0.0,5
URSN,2014,all,ia_std,spearman,0.029494324045407604,0.02160496309919036,5
URSN,2014,all,ia_std,sel_diff,0.0,0.0,5
URSN,2014,all,iaw_0,spearman,0.04740970072239422,0.010555233065625088,5
URSN,2014,all,iaw_0,sel_diff,0.0,0.0,5
URSN,2014,all,iaw_0.01,spearman,0.04241486068111454,0.010581962244818534,5
URSN,2014,all,iaw_0.01,sel_diff,0.0,0.0,5
URSN,2014,all,iaw_0.02,spearman,0.04241486068111454,0.010765986499384659,5
URSN,2014,all,iaw_0.02,sel_diff,0.0,0.0,5
URSN,2014,all,iaw_0.05,spearman,0.028895768833849332,0.011739375827943552,5
URSN,2014,all,iaw_0.05,sel_diff,0.0,0.0,5
URSN,2014,all,iaw_0.1,spearman,0.026253869969040243,0.012029292899573916,5
URSN,2014,all,iaw_0.1,sel_diff,0.0,0.0,5
URSN,2014,all,iaw_0.15,spearman,0.014303405572755412,0.016424411422599663,5
URSN,2014,all,iaw_0.15,sel_diff,0.0,0.0,5
URSN,2014,all,iaw_0.2,spearman,0.006253869969040227,0.016462518374788147,5
URSN,2014,all,iaw_0.2,sel_diff,0.0,0.0,5
URSN,2014,all,iaw_0.3,spearman,-0.019587203302373603,0.015097824374071495,5
URSN,2014,all,iaw_0.3,sel_diff,0.0,0.0,5
URSN,2014,all,iaw_0.4,spearman,-0.019195046439628514,0.02240974486254316,5
URSN,2014,all,iaw_0.4,sel_diff,0.0,0.0,5
URSN,2014,all,iaw_0.5,spearman,-0.03292053663570692,0.029065898525912934,5
URSN,2014,all,iaw_0.5,sel_diff,0.0,0.0,5
URSN,2014,all,iaw_0.6,spearman,-0.07909184726522189,0.038923692596616856,5
URSN,2014,all,iaw_0.6,sel_diff,0.0,0.0,5
URSN,2014,all,iaw_0.7,spearman,-0.0814654282765738,0.04207533293673227,5
URSN,2014,all,iaw_0.7,sel_diff,0.0,0.0,5
URSN,2014,all,iaw_0.8,spearman,-0.08953560371517028,0.04325659841363132,5
URSN,2014,all,iaw_0.8,sel_diff,-0.2665949817658698,0.20867976875450867,5
URSN,2014,all,iaw_0.9,spearman,-0.1429514963880289,0.06509960932706785,5
URSN,2014,all,iaw_0.9,sel_diff,-0.2665949817658698,0.21194561959144825,5
URSN,2014,all,iaw_0.95,spearman,-0.15537667698658414,0.0709327412038354,5
URSN,2014,all,iaw_0.95,sel_diff,-0.2665949817658698,0.20616661893209778,5
URSN,2014,all,ib_main,spearman,0.013849329205366323,0.014886854382622354,5
URSN,2014,all,ib_main,sel_diff,0.07049623671508895,0.06306699750136976,5
URSN,2014,all,ibc_0.05,spearman,0.005634674922600591,0.009539138224376404,5
URSN,2014,all,ibc_0.05,sel_diff,0.0,0.0,5
URSN,2014,all,ibc_0.1,spearman,0.005118679050567576,0.0074631798189750105,5
URSN,2014,all,ibc_0.1,sel_diff,0.0,0.0,5
URSN,2014,all,ibc_0.2,spearman,0.009576883384932922,0.012044732263735824,5
URSN,2014,all,ibc_0.2,sel_diff,0.07049623671508895,0.06292918233381296,5
URSN,2014,all,ibc_0.3,spearman,0.013849329205366323,0.014923356213121271,5
URSN,2014,all,ibc_0.3,sel_diff,0.07049623671508895,0.06379849071234274,5
URSN,2014,all,ibc_0.5,spearman,0.0011971104231165875,0.011677542883592145,5
URSN,2014,all,ibc_0.5,sel_diff,0.07049623671508895,0.0632011883362098,5
URSN,2014,all,ibc_0.75,spearman,-0.004107327141382899,0.013119186773784947,5
URSN,2014,all,ibc_0.75,sel_diff,0.07049623671508895,0.06351408169623582,5
URSN,2014,all,ibc_1,spearman,-0.00790505675954597,0.016276994267361598,5
URSN,2014,all,ibc_1,sel_diff,-0.0016906374791298862,0.10364458502564361,5
URSN,2014,all,ibc_1.5,spearman,-0.013106295149638814,0.020602679638093098,5
URSN,2014,all,ibc_1.5,sel_diff,-0.0016906374791298862,0.09963425526623881,5
URSN,2014,all,ibc_2,spearman,-0.023962848297213644,0.016185202855748138,5
URSN,2014,all,ibc_2,sel_diff,-0.04550189786491222,0.07352574191717241,5
URSN,2014,all,ibc_3,spearman,-0.02868937048503618,0.014600586314723614,5
URSN,2014,all,ibc_3,sel_diff,-0.04550189786491222,0.07382985597196813,5
URSN,2014,new,ia_g,spearman,0.0,0.0,5
URSN,2014,new,ia_g,sel_diff,0.0,0.0,5
URSN,2014,new,ia_het,spearman,0.009696969696969726,0.014002273666452972,5
URSN,2014,new,ia_het,sel_diff,0.0,0.0,5
URSN,2014,new,ia_main,spearman,0.009696969696969726,0.013881370655527624,5
URSN,2014,new,ia_main,sel_diff,0.0,0.0,5
URSN,2014,new,ia_std,spearman,-0.016969696969696933,0.02772707081236633,5
URSN,2014,new,ia_std,sel_diff,0.0,0.0,5
URSN,2014,new,iaw_0,spearman,0.009696969696969726,0.01372483815821172,5
URSN,2014,new,iaw_0,sel_diff,0.0,0.0,5
URSN,2014,new,iaw_0.01,spearman,-0.01454545454545455,0.025590300539363228,5
URSN,2014,new,iaw_0.01,sel_diff,0.0,0.0,5
URSN,2014,new,iaw_0.02,spearman,-0.01454545454545455,0.026069638159550074,5
URSN,2014,new,iaw_0.02,sel_diff,0.0,0.0,5
URSN,2014,new,iaw_0.05,spearman,-0.01454545454545455,0.026021774953139596,5
URSN,2014,new,iaw_0.05,sel_diff,0.0,0.0,5
URSN,2014,new,iaw_0.1,spearman,-0.01454545454545455,0.0262197028543027,5
URSN,2014,new,iaw_0.1,sel_diff,0.0,0.0,5
URSN,2014,new,iaw_0.15,spearman,-0.01454545454545455,0.026958584194762183,5
URSN,2014,new,iaw_0.15,sel_diff,0.0,0.0,5
URSN,2014,new,iaw_0.2,spearman,-0.01454545454545455,0.02629560314226792,5
URSN,2014,new,iaw_0.2,sel_diff,0.0,0.0,5
URSN,2014,new,iaw_0.3,spearman,-0.01454545454545455,0.026509263153831484,5
URSN,2014,new,iaw_0.3,sel_diff,0.0,0.0,5
URSN,2014,new,iaw_0.4,spearman,-0.03151515151515152,0.027187002978196234,5
URSN,2014,new,iaw_0.4,sel_diff,0.0,0.0,5
URSN,2014,new,iaw_0.5,spearman,-0.050909090909090904,0.04404502755152736,5
URSN,2014,new,iaw_0.5,sel_diff,0.0,0.0,5
URSN,2014,new,iaw_0.6,spearman,-0.05333333333333332,0.04471713463826867,5
URSN,2014,new,iaw_0.6,sel_diff,0.0,0.0,5
URSN,2014,new,iaw_0.7,spearman,-0.05333333333333332,0.04578890665425805,5
URSN,2014,new,iaw_0.7,sel_diff,0.0,0.0,5
URSN,2014,new,iaw_0.8,spearman,-0.05333333333333332,0.046428689660051065,5
URSN,2014,new,iaw_0.8,sel_diff,0.0,0.0,5
URSN,2014,new,iaw_0.9,spearman,-0.1115151515151515,0.06894426230965955,5
URSN,2014,new,iaw_0.9,sel_diff,0.0,0.0,5
URSN,2014,new,iaw_0.95,spearman,-0.1115151515151515,0.07018535055471044,5
URSN,2014,new,iaw_0.95,sel_diff,0.0,0.0,5
URSN,2014,new,ib_main,spearman,-0.0024242424242424078,0.023521277366943257,5
URSN,2014,new,ib_main,sel_diff,0.5388530009076813,0.48708393182462933,5
URSN,2014,new,ibc_0.05,spearman,0.0,0.0,5
URSN,2014,new,ibc_0.05,sel_diff,0.0,0.0,5
URSN,2014,new,ibc_0.1,spearman,0.007272727272727273,0.006563221146678484,5
URSN,2014,new,ibc_0.1,sel_diff,0.0,0.0,5
URSN,2014,new,ibc_0.2,spearman,0.019393939393939415,0.026097340735177662,5
URSN,2014,new,ibc_0.2,sel_diff,0.5388530009076813,0.4945543906407072,5
URSN,2014,new,ibc_0.3,spearman,-0.0024242424242424078,0.023171917097330654,5
URSN,2014,new,ibc_0.3,sel_diff,0.5388530009076813,0.49562548026827336,5
URSN,2014,new,ibc_0.5,spearman,-0.00727272727272726,0.023695950650472235,5
URSN,2014,new,ibc_0.5,sel_diff,0.5388530009076813,0.48730806056156906,5
URSN,2014,new,ibc_0.75,spearman,0.014545454545454552,0.03343972121110766,5
URSN,2014,new,ibc_0.75,sel_diff,0.5388530009076813,0.48191768324515905,5
URSN,2014,new,ibc_1,spearman,0.014545454545454552,0.03406428299456873,5
URSN,2014,new,ibc_1,sel_diff,0.5388530009076813,0.4848601638943709,5
URSN,2014,new,ibc_1.5,spearman,-0.014545454545454532,0.047249186333690255,5
URSN,2014,new,ibc_1.5,sel_diff,0.5388530009076813,0.47784084834996177,5
URSN,2014,new,ibc_2,spearman,-0.04848484848484847,0.033436164154776744,5
URSN,2014,new,ibc_2,sel_diff,0.2039723004266353,0.17838674239610605,5
URSN,2014,new,ibc_3,spearman,-0.07515151515151515,0.06339635455403002,5
URSN,2014,new,ibc_3,sel_diff,0.2039723004266353,0.18332715106107278,5
URSN,2015,all,ia_g,spearman,0.0,0.0,6
URSN,2015,all,ia_g,sel_diff,0.0,0.0,6
URSN,2015,all,ia_het,spearman,-0.021039291505831826,0.02201448787625189,6
URSN,2015,all,ia_het,sel_diff,0.03478856998626074,0.08495929422025275,6
URSN,2015,all,ia_main,spearman,-0.021039291505831826,0.02167601534986359,6
URSN,2015,all,ia_main,sel_diff,0.03478856998626074,0.0864155999255677,6
URSN,2015,all,ia_std,spearman,-0.018972537512554028,0.0075681213211244895,6
URSN,2015,all,ia_std,sel_diff,0.0,0.0,6
URSN,2015,all,iaw_0,spearman,-0.021039291505831826,0.021002883385970436,6
URSN,2015,all,iaw_0,sel_diff,0.03478856998626074,0.08764715397973158,6
URSN,2015,all,iaw_0.01,spearman,-0.021039291505831826,0.021284667963325142,6
URSN,2015,all,iaw_0.01,sel_diff,0.03478856998626074,0.08331732347785478,6
URSN,2015,all,iaw_0.02,spearman,-0.021039291505831826,0.02129324870536115,6
URSN,2015,all,iaw_0.02,sel_diff,0.03478856998626074,0.08561645491759722,6
URSN,2015,all,iaw_0.05,spearman,-0.01992005595534208,0.021133634662761504,6
URSN,2015,all,iaw_0.05,sel_diff,0.03478856998626074,0.08565528777017134,6
URSN,2015,all,iaw_0.1,spearman,-0.015476548820271776,0.016950492474901494,6
URSN,2015,all,iaw_0.1,sel_diff,0.03478856998626074,0.08874826893643994,6
URSN,2015,all,iaw_0.15,spearman,-0.01443429659767531,0.014876016688090632,6
URSN,2015,all,iaw_0.15,sel_diff,0.03478856998626074,0.08546817743421678,6
URSN,2015,all,iaw_0.2,spearman,-0.01271958620507139,0.01481729004264609,6
URSN,2015,all,iaw_0.2,sel_diff,0.03478856998626074,0.08702567911211102,6
URSN,2015,all,iaw_0.3,spearman,-0.012776600610671698,0.013568569308390769,6
URSN,2015,all,iaw_0.3,sel_diff,0.03478856998626074,0.083979768938441,6
URSN,2015,all,iaw_0.4,spearman,-0.007059991388914245,0.011017079138834677,6
URSN,2015,all,iaw_0.4,sel_diff,0.03478856998626074,0.08763251257337322,6
URSN,2015,all,iaw_0.5,spearman,-0.0016349024252622173,0.010757560554164434,6
URSN,2015,all,iaw_0.5,sel_diff,0.03478856998626074,0.08504692428701625,6
URSN,2015,all,iaw_0.6,spearman,0.0005086479234764074,0.014778770079602776,6
URSN,2015,all,iaw_0.6,sel_diff,0.03478856998626074,0.08575470600262595,6
URSN,2015,all,iaw_0.7,spearman,-0.0017793558328748071,0.018369129477390323,6
URSN,2015,all,iaw_0.7,sel_diff,0.03478856998626074,0.08773657571572155,6
URSN,2015,all,iaw_0.8,spearman,-0.00060246942695312,0.028454700135629455,6
URSN,2015,all,iaw_0.8,sel_diff,0.03478856998626074,0.08676198202918003,6
URSN,2015,all,iaw_0.9,spearman,-0.0009093045507484789,0.03701255921639713,6
URSN,2015,all,iaw_0.9,sel_diff,-0.1757529917219612,0.1618723214378846,6
URSN,2015,all,iaw_0.95,spearman,-0.009852107776014701,0.04272687538982757,6
URSN,2015,all,iaw_0.95,sel_diff,-0.2828491758640515,0.16104881797788623,6
URSN,2015,all,ib_main,spearman,-0.024508214216506365,0.0328230220882721,6
URSN,2015,all,ib_main,sel_diff,0.04269816544518049,0.02464520147710956,6
URSN,2015,all,ibc_0.05,spearman,-0.015533409799718656,0.01334272936222431,6
URSN,2015,all,ibc_0.05,sel_diff,0.0,0.0,6
URSN,2015,all,ibc_0.1,spearman,-0.020068827095580014,0.02052738136588495,6
URSN,2015,all,ibc_0.1,sel_diff,0.017773522628357335,0.016135344576813135,6
URSN,2015,all,ibc_0.2,spearman,-0.030700037704524983,0.027844326537385528,6
URSN,2015,all,ibc_0.2,sel_diff,0.04269816544518049,0.025063369284473693,6
URSN,2015,all,ibc_0.3,spearman,-0.024508214216506365,0.03265241524000277,6
URSN,2015,all,ibc_0.3,sel_diff,0.04269816544518049,0.02497681194551385,6
URSN,2015,all,ibc_0.5,spearman,-0.020528007325012976,0.0335945783149659,6
URSN,2015,all,ibc_0.5,sel_diff,-0.10527256162630398,0.10989829449391532,6
URSN,2015,all,ibc_0.75,spearman,-0.01808986234237531,0.03699355185880361,6
URSN,2015,all,ibc_0.75,sel_diff,-0.10527256162630398,0.10603716916816837,6
URSN,2015,all,ibc_1,spearman,-0.011726499297319276,0.039264291795135436,6
URSN,2015,all,ibc_1,sel_diff,-0.019235212397024266,0.10263220563944675,6
URSN,2015,all,ibc_1.5,spearman,-0.008734409763525797,0.0355832722694317,6
URSN,2015,all,ibc_1.5,sel_diff,-0.019235212397024266,0.10529426751896453,6
URSN,2015,all,ibc_2,spearman,-0.004082234007901554,0.03832581587797927,6
URSN,2015,all,ibc_2,sel_diff,-0.019235212397024266,0.10769283273912997,6
URSN,2015,all,ibc_3,spearman,-0.006265762611079802,0.04405375462033589,6
URSN,2015,all,ibc_3,sel_diff,-0.019235212397024266,0.10783643387347187,6
URSN,2015,new,ia_g,spearman,0.0,0.0,6
URSN,2015,new,ia_g,sel_diff,0.0,0.0,6
URSN,2015,new,ia_het,spearman,-0.016380417159213567,0.03524980356385616,6
URSN,2015,new,ia_het,sel_diff,0.3362017565361776,0.23888645421506655,6
URSN,2015,new,ia_main,spearman,-0.016380417159213567,0.03571163018107231,6
URSN,2015,new,ia_main,sel_diff,0.3362017565361776,0.23120628973117557,6
URSN,2015,new,ia_std,spearman,-0.018322940651900394,0.0069087427121041125,6
URSN,2015,new,ia_std,sel_diff,0.0,0.0,6
URSN,2015,new,iaw_0,spearman,-0.016380417159213567,0.03535322782434198,6
URSN,2015,new,iaw_0,sel_diff,0.3362017565361776,0.22687869590170875,6
URSN,2015,new,iaw_0.01,spearman,-0.016380417159213567,0.03554100408069571,6
URSN,2015,new,iaw_0.01,sel_diff,0.3362017565361776,0.23976241764834433,6
URSN,2015,new,iaw_0.02,spearman,-0.016380417159213567,0.03511530083570223,6
URSN,2015,new,iaw_0.02,sel_diff,0.3362017565361776,0.22938620011620456,6
URSN,2015,new,iaw_0.05,spearman,-0.014569148672788938,0.03485476024514613,6
URSN,2015,new,iaw_0.05,sel_diff,0.3362017565361776,0.224805396818845,6
URSN,2015,new,iaw_0.1,spearman,-0.012629611883409714,0.026350018973211996,6
URSN,2015,new,iaw_0.1,sel_diff,0.3362017565361776,0.22844027493699579,6
URSN,2015,new,iaw_0.15,spearman,-0.004147039342221753,0.02501823998475989,6
URSN,2015,new,iaw_0.15,sel_diff,0.3362017565361776,0.23443008288968528,6
URSN,2015,new,iaw_0.2,spearman,-0.001373019905780368,0.026182787568883877,6
URSN,2015,new,iaw_0.2,sel_diff,0.3362017565361776,0.22492999006525372,6
URSN,2015,new,iaw_0.3,spearman,-0.008432269706260088,0.023078535974533583,6
URSN,2015,new,iaw_0.3,sel_diff,0.3362017565361776,0.22677300906630574,6
URSN,2015,new,iaw_0.4,spearman,0.001126708470032058,0.015238572339206148,6
URSN,2015,new,iaw_0.4,sel_diff,0.3362017565361776,0.22791656702397972,6
URSN,2015,new,iaw_0.5,spearman,0.00910745955823576,0.011129333292437012,6
URSN,2015,new,iaw_0.5,sel_diff,0.3362017565361776,0.22891557494613185,6
URSN,2015,new,iaw_0.6,spearman,0.008649566203762261,0.006574455916508721,6
URSN,2015,new,iaw_0.6,sel_diff,0.3362017565361776,0.23027464404894307,6
URSN,2015,new,iaw_0.7,spearman,0.00696469315056706,0.009461388666864986,6
URSN,2015,new,iaw_0.7,sel_diff,0.3362017565361776,0.23015959728137006,6
URSN,2015,new,iaw_0.8,spearman,0.028325605710391204,0.01688943505125638,6
URSN,2015,new,iaw_0.8,sel_diff,0.3362017565361776,0.22865475912415983,6
URSN,2015,new,iaw_0.9,spearman,0.03220641256581289,0.02356145512211079,6
URSN,2015,new,iaw_0.9,sel_diff,0.3362017565361776,0.22989937853943973,6
URSN,2015,new,iaw_0.95,spearman,0.03220641256581289,0.02371622005295618,6
URSN,2015,new,iaw_0.95,sel_diff,0.3362017565361776,0.22924101985546882,6
URSN,2015,new,ib_main,spearman,-0.01658322509142783,0.03902886240171188,6
URSN,2015,new,ib_main,sel_diff,0.344988206220664,0.1933431609296375,6
URSN,2015,new,ibc_0.05,spearman,-0.00927154794662094,0.017237049978646155,6
URSN,2015,new,ibc_0.05,sel_diff,0.27804881263889625,0.20505396221021358,6
URSN,2015,new,ibc_0.1,spearman,-0.013988687053655073,0.024410197467471948,6
URSN,2015,new,ibc_0.1,sel_diff,0.3071728181720775,0.2012152909406615,6
URSN,2015,new,ibc_0.2,spearman,-0.025944859811136648,0.03437180566838781,6
URSN,2015,new,ibc_0.2,sel_diff,0.344988206220664,0.19340582871845438,6
URSN,2015,new,ibc_0.3,spearman,-0.01658322509142783,0.03923840762044746,6
URSN,2015,new,ibc_0.3,sel_diff,0.344988206220664,0.19298595378697256,6
URSN,2015,new,ibc_0.5,spearman,-0.008855997731749282,0.03819067010812055,6
URSN,2015,new,ibc_0.5,sel_diff,0.1093611504676324,0.30143116274565235,6
URSN,2015,new,ibc_0.75,spearman,-0.004176804591918604,0.04108136420118948,6
URSN,2015,new,ibc_0.75,sel_diff,0.1093611504676324,0.2922351036576751,6
URSN,2015,new,ibc_1,spearman,-0.0020852367394811866,0.04022088302771804,6
URSN,2015,new,ibc_1,sel_diff,0.1093611504676324,0.2982670010106019,6
URSN,2015,new,ibc_1.5,spearman,0.0006280191292080453,0.03210888275486996,6
URSN,2015,new,ibc_1.5,sel_diff,0.06046441422791274,0.18087079096269823,6
URSN,2015,new,ibc_2,spearman,0.008606091781193731,0.03611501454092399,6
URSN,2015,new,ibc_2,sel_diff,0.06046441422791274,0.18234023458004642,6
URSN,2015,new,ibc_3,spearman,0.0009270995386138255,0.04385425162387597,6
URSN,2015,new,ibc_3,sel_diff,0.06046441422791274,0.18695632846877097,6
URSN,2019,all,ia_g,spearman,0.0,0.0,5
URSN,2019,all,ia_g,sel_diff,0.0,0.0,5
URSN,2019,all,ia_het,spearman,0.029767068531577557,0.016368377405733714,5
URSN,2019,all,ia_het,sel_diff,0.0,0.0,5
URSN,2019,all,ia_main,spearman,0.029767068531577557,0.01670407562784124,5
URSN,2019,all,ia_main,sel_diff,0.0,0.0,5
URSN,2019,all,ia_std,spearman,-0.026314131185243016,0.009904506461113068,5
URSN,2019,all,ia_std,sel_diff,0.0,0.0,5
URSN,2019,all,iaw_0,spearman,0.029767068531577557,0.017085774903224354,5
URSN,2019,all,iaw_0,sel_diff,0.0,0.0,5
URSN,2019,all,iaw_0.01,spearman,0.029767068531577557,0.016968136623698858,5
URSN,2019,all,iaw_0.01,sel_diff,0.0,0.0,5
URSN,2019,all,iaw_0.02,spearman,0.029320672502727563,0.017359049947880754,5
URSN,2019,all,iaw_0.02,sel_diff,0.0,0.0,5
URSN,2019,all,iaw_0.05,spearman,0.056201546828162786,0.01598440488791688,5
URSN,2019,all,iaw_0.05,sel_diff,0.0,0.0,5
URSN,2019,all,iaw_0.1,spearman,0.05285669616095432,0.01542600852621606,5
URSN,2019,all,iaw_0.1,sel_diff,0.0,0.0,5
URSN,2019,all,iaw_0.15,spearman,0.05285669616095432,0.015053004645718309,5
URSN,2019,all,iaw_0.15,sel_diff,0.0,0.0,5
URSN,2019,all,iaw_0.2,spearman,0.05125068278370195,0.013481032462838891,5
URSN,2019,all,iaw_0.2,sel_diff,0.0,0.0,5
URSN,2019,all,iaw_0.3,spearman,0.05557017851878798,0.01295715516582601,5
URSN,2019,all,iaw_0.3,sel_diff,0.0,0.0,5
URSN,2019,all,iaw_0.4,spearman,0.05208955085369573,0.009852972776376373,5
URSN,2019,all,iaw_0.4,sel_diff,0.0,0.0,5
URSN,2019,all,iaw_0.5,spearman,0.06356117687916944,0.008490060753988971,5
URSN,2019,all,iaw_0.5,sel_diff,0.0,0.0,5
URSN,2019,all,iaw_0.6,spearman,0.07049793577245012,0.009765446683950678,5
URSN,2019,all,iaw_0.6,sel_diff,0.0,0.0,5
URSN,2019,all,iaw_0.7,spearman,0.07049793577245012,0.009870199026816172,5
URSN,2019,all,iaw_0.7,sel_diff,0.0,0.0,5
URSN,2019,all,iaw_0.8,spearman,0.07233935001458269,0.00873839465540769,5
URSN,2019,all,iaw_0.8,sel_diff,0.2768984370609264,0.10219162687688135,5
URSN,2019,all,iaw_0.9,spearman,0.06431749746475984,0.01193951133213241,5
URSN,2019,all,iaw_0.9,sel_diff,0.20456405241581868,0.11614997435216033,5
URSN,2019,all,iaw_0.95,spearman,0.058649405090463756,0.017299414455314056,5
URSN,2019,all,iaw_0.95,sel_diff,0.01151600608422736,0.024893582363264517,5
URSN,2019,all,ib_main,spearman,-0.02576105278133778,0.03343365420192315,5
URSN,2019,all,ib_main,sel_diff,0.0,0.0,5
URSN,2019,all,ibc_0.05,spearman,-0.020766466188651845,0.017341092162224705,5
URSN,2019,all,ibc_0.05,sel_diff,0.0,0.0,5
URSN,2019,all,ibc_0.1,spearman,-0.0217594837586208,0.025399412131336365,5
URSN,2019,all,ibc_0.1,sel_diff,0.0,0.0,5
URSN,2019,all,ibc_0.2,spearman,-0.01800426037196238,0.03456561938735838,5
URSN,2019,all,ibc_0.2,sel_diff,0.0,0.0,5
URSN,2019,all,ibc_0.3,spearman,-0.018702545963325858,0.03693188703947999,5
URSN,2019,all,ibc_0.3,sel_diff,0.0,0.0,5
URSN,2019,all,ibc_0.5,spearman,-0.02576105278133778,0.03455921990143575,5
URSN,2019,all,ibc_0.5,sel_diff,0.0,0.0,5
URSN,2019,all,ibc_0.75,spearman,-0.03149830988129285,0.03856412440238211,5
URSN,2019,all,ibc_0.75,sel_diff,0.06056193566014578,0.053035148647671046,5
URSN,2019,all,ibc_1,spearman,-0.03548259731955518,0.03785155471388971,5
URSN,2019,all,ibc_1,sel_diff,0.07449631150601528,0.05146868864057404,5
URSN,2019,all,ibc_1.5,spearman,-0.03623019754541631,0.037321627606869544,5
URSN,2019,all,ibc_1.5,sel_diff,0.07449631150601528,0.052568004989708705,5
URSN,2019,all,ibc_2,spearman,-0.03576237751669921,0.035283265210469976,5
URSN,2019,all,ibc_2,sel_diff,0.06331750890006974,0.05469383618865752,5
URSN,2019,all,ibc_3,spearman,-0.04341552857916457,0.03535304775525768,5
URSN,2019,all,ibc_3,sel_diff,0.06331750890006974,0.054358184349564846,5
URSN,2019,new,ia_g,spearman,0.0,0.0,5
URSN,2019,new,ia_g,sel_diff,0.0,0.0,5
URSN,2019,new,ia_het,spearman,0.0422749164495508,0.02008834324547964,5
URSN,2019,new,ia_het,sel_diff,0.0,0.0,5
URSN,2019,new,ia_main,spearman,0.0422749164495508,0.02095679470544112,5
URSN,2019,new,ia_main,sel_diff,0.0,0.0,5
URSN,2019,new,ia_std,spearman,-0.04469546299798153,0.023738456759885895,5
URSN,2019,new,ia_std,sel_diff,0.0,0.0,5
URSN,2019,new,iaw_0,spearman,0.0422749164495508,0.020673873963810856,5
URSN,2019,new,iaw_0,sel_diff,0.0,0.0,5
URSN,2019,new,iaw_0.01,spearman,0.0422749164495508,0.020431423069450307,5
URSN,2019,new,iaw_0.01,sel_diff,0.0,0.0,5
URSN,2019,new,iaw_0.02,spearman,0.04174898564714089,0.02085825906667921,5
URSN,2019,new,iaw_0.02,sel_diff,0.0,0.0,5
URSN,2019,new,iaw_0.05,spearman,0.09422384686819427,0.015088613346265545,5
URSN,2019,new,iaw_0.05,sel_diff,0.0,0.0,5
URSN,2019,new,iaw_0.1,spearman,0.08790651744625515,0.01452338143137424,5
URSN,2019,new,iaw_0.1,sel_diff,0.0,0.0,5
URSN,2019,new,iaw_0.15,spearman,0.08790651744625515,0.014610742645907185,5
URSN,2019,new,iaw_0.15,sel_diff,0.0,0.0,5
URSN,2019,new,iaw_0.2,spearman,0.08404486639071676,0.012107104974596739,5
URSN,2019,new,iaw_0.2,sel_diff,0.0,0.0,5
URSN,2019,new,iaw_0.3,spearman,0.09377358001949579,0.014224971180619717,5
URSN,2019,new,iaw_0.3,sel_diff,0.0,0.0,5
URSN,2019,new,iaw_0.4,spearman,0.0825433539165003,0.015175165161701715,5
URSN,2019,new,iaw_0.4,sel_diff,0.0,0.0,5
URSN,2019,new,iaw_0.5,spearman,0.10219447865624924,0.01195212991203155,5
URSN,2019,new,iaw_0.5,sel_diff,0.0,0.0,5
URSN,2019,new,iaw_0.6,spearman,0.11661234149516471,0.018509847606957633,5
URSN,2019,new,iaw_0.6,sel_diff,0.0,0.0,5
URSN,2019,new,iaw_0.7,spearman,0.11661234149516471,0.018336892238791397,5
URSN,2019,new,iaw_0.7,sel_diff,0.0,0.0,5
URSN,2019,new,iaw_0.8,spearman,0.13364629630260766,0.020937859810291497,5
URSN,2019,new,iaw_0.8,sel_diff,0.033288843438314286,0.029493078840404814,5
URSN,2019,new,iaw_0.9,spearman,0.12849070028821707,0.021275723389179865,5
URSN,2019,new,iaw_0.9,sel_diff,0.033288843438314286,0.029281973027860283,5
URSN,2019,new,iaw_0.95,spearman,0.11263712276108602,0.02111607725362488,5
URSN,2019,new,iaw_0.95,sel_diff,0.0,0.0,5
URSN,2019,new,ib_main,spearman,-0.025872760381783648,0.035166663559815604,5
URSN,2019,new,ib_main,sel_diff,-0.1959642245118593,0.11815923912496883,5
URSN,2019,new,ibc_0.05,spearman,-0.019907848101081878,0.0129253949006112,5
URSN,2019,new,ibc_0.05,sel_diff,0.0,0.0,5
URSN,2019,new,ibc_0.1,spearman,-0.01745494164153997,0.025888038723084233,5
URSN,2019,new,ibc_0.1,sel_diff,-0.06019147175606574,0.05253790399711663,5
URSN,2019,new,ibc_0.2,spearman,-0.012191783746803108,0.03137859562926991,5
URSN,2019,new,ibc_0.2,sel_diff,-0.06019147175606574,0.05339364191681269,5
URSN,2019,new,ibc_0.3,spearman,-0.013593290586001578,0.03785555816719907,5
URSN,2019,new,ibc_0.3,sel_diff,-0.06019147175606574,0.05400750163547734,5
URSN,2019,new,ibc_0.5,spearman,-0.025872760381783648,0.03472053326226205,5
URSN,2019,new,ibc_0.5,sel_diff,-0.1959642245118593,0.12380475678206732,5
URSN,2019,new,ibc_0.75,spearman,-0.03359436854977999,0.039333451200615585,5
URSN,2019,new,ibc_0.75,sel_diff,-0.1959642245118593,0.12433312846346058,5
URSN,2019,new,ibc_1,spearman,-0.0392088656219758,0.04293268912684632,5
URSN,2019,new,ibc_1,sel_diff,-0.1959642245118593,0.12155259960969896,5
URSN,2019,new,ibc_1.5,spearman,-0.04070806817380991,0.0401772575052787,5
URSN,2019,new,ibc_1.5,sel_diff,-0.1959642245118593,0.12006895313634956,5
URSN,2019,new,ibc_2,spearman,-0.0413119728523137,0.038856486213571455,5
URSN,2019,new,ibc_2,sel_diff,-0.13208381910431685,0.14887522693122657,5
URSN,2019,new,ibc_3,spearman,-0.05394509174793699,0.03837765378598187,5
URSN,2019,new,ibc_3,sel_diff,-0.16217955498234912,0.1544133880507731,5
