set,dataset,target,item,kind,metric,d,se,n_env
new17,ESWYT,2006,Oracle,rule,spearman,0.004710656335497299,0.005516231211197332,29
new17,ESWYT,2006,Oracle,rule,sel_diff_f10,0.006160844429840159,0.006026843461287368,29
new17,ESWYT,2006,R_CV,rule,spearman,-0.09105128269205147,0.017686524741113333,29
new17,ESWYT,2006,R_CV,rule,sel_diff_f10,-0.018093837479597134,0.04861952801524255,29
new17,ESWYT,2006,R_EQ,rule,spearman,-0.031221219976526667,0.009141257264532908,29
new17,ESWYT,2006,R_EQ,rule,sel_diff_f10,0.007462978741509848,0.007268627317572119,29
new17,ESWYT,2006,R_FW,rule,spearman,-0.11462787352082048,0.02069369868558205,29
new17,ESWYT,2006,R_FW,rule,sel_diff_f10,-0.011505426559357938,0.04851153099117658,29
new17,ESWYT,2006,R_STK_CV,rule,spearman,-0.06855767160680214,0.017156990958678352,29
new17,ESWYT,2006,R_STK_CV,rule,sel_diff_f10,-0.004892198866247942,0.014802011888880848,29
new17,ESWYT,2006,R_STK_FW,rule,spearman,-0.08504568451242289,0.015423918667084228,29
new17,ESWYT,2006,R_STK_FW,rule,sel_diff_f10,-0.12932853680772027,0.04778585214521756,29
new17,ESWYT,2006,gbm,method,spearman,-0.11462787352082046,0.020631542600144076,29
new17,ESWYT,2006,gbm,method,sel_diff_f10,-0.011505426559357938,0.04799446609727618,29
new17,ESWYT,2006,knn10,method,spearman,-0.18688874743516026,0.029072730163537622,29
new17,ESWYT,2006,knn10,method,sel_diff_f10,-0.23670958431970157,0.0764442108799469,29
new17,ESWYT,2006,knn30,method,spearman,-0.20015826506765244,0.028914229285940413,29
new17,ESWYT,2006,knn30,method,sel_diff_f10,-0.18305494004100123,0.08011804572579356,29
new17,ESWYT,2006,mlp,method,spearman,-0.16511205346530058,0.026289149473456865,29
new17,ESWYT,2006,mlp,method,sel_diff_f10,-0.3111750569536616,0.10839585546825993,29
new17,ESWYT,2006,reml,method,spearman,0.004562518701137889,0.002478622715385316,29
new17,ESWYT,2006,reml,method,sel_diff_f10,0.0,0.0,29
new17,ESWYT,2006,reml_x0.1,method,spearman,0.004710656335497297,0.005326550077534985,29
new17,ESWYT,2006,reml_x0.1,method,sel_diff_f10,0.006160844429840159,0.006246163380757028,29
new17,ESWYT,2006,reml_x10,method,spearman,-0.011380003019537467,0.006663976355797236,29
new17,ESWYT,2006,reml_x10,method,sel_diff_f10,-4.007809410015382e-18,8.84490641574036e-18,29
new17,ESWYT,2006,reml_x100,method,spearman,-0.025469618053263966,0.01039967647214254,29
new17,ESWYT,2006,reml_x100,method,sel_diff_f10,0.005010198812148657,0.036817287084219996,29
new17,ESWYT,2006,rf,method,spearman,-0.09105128269205147,0.017966712650502006,29
new17,ESWYT,2006,rf,method,sel_diff_f10,-0.018093837479597134,0.04733032469719535,29
new17,ESWYT,2006,ridge_pc20,method,spearman,-0.04297981872061813,0.014713913831035524,29
new17,ESWYT,2006,ridge_pc20,method,sel_diff_f10,-0.007186861339245414,0.07478432104594582,29
new17,ESWYT,2007,Oracle,rule,spearman,0.012387467459435095,0.025396495712347374,39
new17,ESWYT,2007,Oracle,rule,sel_diff_f10,0.1423238174122354,0.11030036050323379,39
new17,ESWYT,2007,R_CV,rule,spearman,-0.01033657820422795,0.009119612623275698,39
new17,ESWYT,2007,R_CV,rule,sel_diff_f10,-8.451216934245983e-19,5.120277795897475e-18,39
new17,ESWYT,2007,R_EQ,rule,spearman,0.005135041817996599,0.006034773765349563,39
new17,ESWYT,2007,R_EQ,rule,sel_diff_f10,0.015504555477318868,0.05125131340079914,39
new17,ESWYT,2007,R_FW,rule,spearman,-0.01033657820422795,0.009099252208219095,39
new17,ESWYT,2007,R_FW,rule,sel_diff_f10,-8.451216934245983e-19,5.1598267165323524e-18,39
new17,ESWYT,2007,R_STK_CV,rule,spearman,0.003500068353993043,0.00671229192510281,39
new17,ESWYT,2007,R_STK_CV,rule,sel_diff_f10,0.015504555477318856,0.05023715220456493,39
new17,ESWYT,2007,R_STK_FW,rule,spearman,0.02072991201082055,0.010955142925972218,39
new17,ESWYT,2007,R_STK_FW,rule,sel_diff_f10,0.015504555477318856,0.047967361433739024,39
new17,ESWYT,2007,gbm,method,spearman,0.009238666514273646,0.02533896749901435,39
new17,ESWYT,2007,gbm,method,sel_diff_f10,0.015504555477318856,0.04858461703252422,39
new17,ESWYT,2007,knn10,method,spearman,-0.014433731059414234,0.04386380055444153,39
new17,ESWYT,2007,knn10,method,sel_diff_f10,0.15370283475073968,0.12500406980829828,39
new17,ESWYT,2007,knn30,method,spearman,-0.008342732506164166,0.026942942843750865,39
new17,ESWYT,2007,knn30,method,sel_diff_f10,0.03212494615164477,0.05083282371486286,39
new17,ESWYT,2007,mlp,method,spearman,0.012387467459435106,0.024569151646377334,39
new17,ESWYT,2007,mlp,method,sel_diff_f10,0.1423238174122354,0.10997266058507975,39
new17,ESWYT,2007,reml,method,spearman,0.002295624167826004,0.003733474027131453,39
new17,ESWYT,2007,reml,method,sel_diff_f10,0.015504555477318856,0.04897348023101962,39
new17,ESWYT,2007,reml_x0.1,method,spearman,-0.01033657820422795,0.009086653840510953,39
new17,ESWYT,2007,reml_x0.1,method,sel_diff_f10,-8.451216934245983e-19,5.188564248380628e-18,39
new17,ESWYT,2007,reml_x10,method,spearman,0.0037975220385370744,0.006981616413110421,39
new17,ESWYT,2007,reml_x10,method,sel_diff_f10,0.015504555477318868,0.051098728749818564,39
new17,ESWYT,2007,reml_x100,method,spearman,0.0018023209602954372,0.008390937138799867,39
new17,ESWYT,2007,reml_x100,method,sel_diff_f10,-0.007167662453946035,0.06090067577048053,39
new17,ESWYT,2007,rf,method,spearman,0.009638717397345673,0.017304180864390173,39
new17,ESWYT,2007,rf,method,sel_diff_f10,0.015504555477318856,0.049628004219959304,39
new17,ESWYT,2007,ridge_pc20,method,spearman,0.012156265093359963,0.013693074058951335,39
new17,ESWYT,2007,ridge_pc20,method,sel_diff_f10,0.026131884792802335,0.054839555632844185,39
new17,ESWYT,2008,Oracle,rule,spearman,0.08404572777292672,0.0391591972296311,22
new17,ESWYT,2008,Oracle,rule,sel_diff_f10,0.16587451343227022,0.09068529286547923,22
new17,ESWYT,2008,R_CV,rule,spearman,0.0,0.0,22
new17,ESWYT,2008,R_CV,rule,sel_diff_f10,0.0,0.0,22
new17,ESWYT,2008,R_EQ,rule,spearman,0.014999350875859706,0.015270804264336727,22
new17,ESWYT,2008,R_EQ,rule,sel_diff_f10,-0.10529096679600235,0.12138218668110197,22
new17,ESWYT,2008,R_FW,rule,spearman,0.0019800031674475286,0.011198345174678026,22
new17,ESWYT,2008,R_FW,rule,sel_diff_f10,0.0182581704089976,0.07516202304950852,22
new17,ESWYT,2008,R_STK_CV,rule,spearman,-0.0013304940165137626,0.004227689353104445,22
new17,ESWYT,2008,R_STK_CV,rule,sel_diff_f10,4.336808689942018e-18,5.7825604891844354e-18,22
new17,ESWYT,2008,R_STK_FW,rule,spearman,0.041960107367442226,0.019475887511123117,22
new17,ESWYT,2008,R_STK_FW,rule,sel_diff_f10,-0.041889276184092376,0.09070082216169682,22
new17,ESWYT,2008,gbm,method,spearman,0.003428876086399728,0.025645871488336865,22
new17,ESWYT,2008,gbm,method,sel_diff_f10,-0.041889276184092376,0.09404265314581765,22
new17,ESWYT,2008,knn10,method,spearman,0.031898739852262444,0.04562563629484033,22
new17,ESWYT,2008,knn10,method,sel_diff_f10,-0.0013169388254456308,0.12101407171816303,22
new17,ESWYT,2008,knn30,method,spearman,-0.013810723933514697,0.0421896543263935,22
new17,ESWYT,2008,knn30,method,sel_diff_f10,-0.19671633953809503,0.12138335896721612,22
new17,ESWYT,2008,mlp,method,spearman,0.08404572777292674,0.038631616197026535,22
new17,ESWYT,2008,mlp,method,sel_diff_f10,0.16587451343227022,0.09040459343901196,22
new17,ESWYT,2008,reml,method,spearman,0.0019800031674475295,0.011516176377273734,22
new17,ESWYT,2008,reml,method,sel_diff_f10,0.0182581704089976,0.07537679689118472,22
new17,ESWYT,2008,reml_x0.1,method,spearman,-0.001520471640608132,0.009121044095205772,22
new17,ESWYT,2008,reml_x0.1,method,sel_diff_f10,4.336808689942018e-18,1.0388085055182166e-17,22
new17,ESWYT,2008,reml_x10,method,spearman,-0.004993409363600429,0.02604768185360356,22
new17,ESWYT,2008,reml_x10,method,sel_diff_f10,-0.1187821394862635,0.12185027145772973,22
new17,ESWYT,2008,reml_x100,method,spearman,-0.006450446058492928,0.03182879505507692,22
new17,ESWYT,2008,reml_x100,method,sel_diff_f10,-0.1187821394862635,0.11936812373030296,22
new17,ESWYT,2008,rf,method,spearman,0.030457240659042005,0.023733640346830717,22
new17,ESWYT,2008,rf,method,sel_diff_f10,0.1163422222203661,0.11049865097993289,22
new17,ESWYT,2008,ridge_pc20,method,spearman,-0.029441759884913696,0.03531110435923644,22
new17,ESWYT,2008,ridge_pc20,method,sel_diff_f10,-0.19388923488105708,0.10954511765055125,22
new17,ESWYT,2009,Oracle,rule,spearman,0.05085317982773757,0.01716731709663497,31
new17,ESWYT,2009,Oracle,rule,sel_diff_f10,0.12612936622679813,0.0894152138917461,31
new17,ESWYT,2009,R_CV,rule,spearman,-0.009024530538943764,0.01035257720822583,31
new17,ESWYT,2009,R_CV,rule,sel_diff_f10,-0.028406656160230467,0.04707671036116005,31
new17,ESWYT,2009,R_EQ,rule,spearman,0.024402481500716645,0.01208833612186608,31
new17,ESWYT,2009,R_EQ,rule,sel_diff_f10,0.09424619094830772,0.07576382078209104,31
new17,ESWYT,2009,R_FW,rule,spearman,0.05085317982773757,0.017213933932330647,31
new17,ESWYT,2009,R_FW,rule,sel_diff_f10,0.12612936622679813,0.0885839756386515,31
new17,ESWYT,2009,R_STK_CV,rule,spearman,0.012166213567549992,0.011382798719265095,31
new17,ESWYT,2009,R_STK_CV,rule,sel_diff_f10,0.0,7.709660589097719e-18,31
new17,ESWYT,2009,R_STK_FW,rule,spearman,0.023097849575836975,0.021060283565712903,31
new17,ESWYT,2009,R_STK_FW,rule,sel_diff_f10,-0.00452230985180961,0.0701832653816941,31
new17,ESWYT,2009,gbm,method,spearman,0.018118270875291276,0.018784444085110853,31
new17,ESWYT,2009,gbm,method,sel_diff_f10,0.27309939825822294,0.07619288978294791,31
new17,ESWYT,2009,knn10,method,spearman,-0.04074335909564748,0.026616543788846873,31
new17,ESWYT,2009,knn10,method,sel_diff_f10,0.15084061274184027,0.09142776216571981,31
new17,ESWYT,2009,knn30,method,spearman,-0.056809039753320745,0.025013709074547835,31
new17,ESWYT,2009,knn30,method,sel_diff_f10,0.08436220615964818,0.10278693719026145,31
new17,ESWYT,2009,mlp,method,spearman,-0.07068488505471458,0.03513230904822193,31
new17,ESWYT,2009,mlp,method,sel_diff_f10,-0.01783251978686718,0.08741229162510292,31
new17,ESWYT,2009,reml,method,spearman,-0.0003203505487189665,0.00443167268238877,31
new17,ESWYT,2009,reml,method,sel_diff_f10,-0.03179418336070016,0.04696112113464984,31
new17,ESWYT,2009,reml_x0.1,method,spearman,-0.009024530538943766,0.010409376340981739,31
new17,ESWYT,2009,reml_x0.1,method,sel_diff_f10,-0.028406656160230467,0.04806619140029668,31
new17,ESWYT,2009,reml_x10,method,spearman,0.024268060727502067,0.019084681297821256,31
new17,ESWYT,2009,reml_x10,method,sel_diff_f10,0.07857713488812992,0.08003190158023574,31
new17,ESWYT,2009,reml_x100,method,spearman,0.03823468883658951,0.02546864069326122,31
new17,ESWYT,2009,reml_x100,method,sel_diff_f10,0.1025390903262992,0.08232652585855531,31
new17,ESWYT,2009,rf,method,spearman,0.05085317982773757,0.016596265397196115,31
new17,ESWYT,2009,rf,method,sel_diff_f10,0.12612936622679813,0.08729509622177946,31
new17,ESWYT,2009,ridge_pc20,method,spearman,0.03608082855186663,0.03130038239014844,31
new17,ESWYT,2009,ridge_pc20,method,sel_diff_f10,0.0011837760754428368,0.0820730425172265,31
new17,ESWYT,2010,Oracle,rule,spearman,0.0048603513713726815,0.008949802034139387,35
new17,ESWYT,2010,Oracle,rule,sel_diff_f10,0.040085962329903496,0.05359859152393651,35
new17,ESWYT,2010,R_CV,rule,spearman,-0.005204985883670753,0.00702524175597055,35
new17,ESWYT,2010,R_CV,rule,sel_diff_f10,0.05761360308408438,0.060145657853182426,35
new17,ESWYT,2010,R_EQ,rule,spearman,0.004554911339543631,0.006009268746164528,35
new17,ESWYT,2010,R_EQ,rule,sel_diff_f10,0.00972387194855492,0.039320500541024817,35
new17,ESWYT,2010,R_FW,rule,spearman,-0.023574777642076893,0.010396746763534508,35
new17,ESWYT,2010,R_FW,rule,sel_diff_f10,0.012983951727578926,0.07180030844041049,35
new17,ESWYT,2010,R_STK_CV,rule,spearman,-0.03624404003457762,0.0086428831394143,35
new17,ESWYT,2010,R_STK_CV,rule,sel_diff_f10,0.07227989204311602,0.0331135076482706,35
new17,ESWYT,2010,R_STK_FW,rule,spearman,-0.035099873710562994,0.012196690771913475,35
new17,ESWYT,2010,R_STK_FW,rule,sel_diff_f10,0.009723871948554924,0.038711233307942974,35
new17,ESWYT,2010,gbm,method,spearman,0.00024401728709850246,0.010615628570113804,35
new17,ESWYT,2010,gbm,method,sel_diff_f10,0.025058887734411953,0.0398050342473597,35
new17,ESWYT,2010,knn10,method,spearman,-0.017287832558058408,0.015893096890565808,35
new17,ESWYT,2010,knn10,method,sel_diff_f10,0.09397127469247141,0.05019483222451739,35
new17,ESWYT,2010,knn30,method,spearman,-0.003110807985133359,0.02721336678875202,35
new17,ESWYT,2010,knn30,method,sel_diff_f10,-0.03967877161729118,0.09597656388290186,35
new17,ESWYT,2010,mlp,method,spearman,-0.17974128160382377,0.050919109214608516,35
new17,ESWYT,2010,mlp,method,sel_diff_f10,-0.2032578855378849,0.0752862966920407,35
new17,ESWYT,2010,reml,method,spearman,0.002294017712391857,0.004716834996897032,35
new17,ESWYT,2010,reml,method,sel_diff_f10,0.009723871948554933,0.04008670185055392,35
new17,ESWYT,2010,reml_x0.1,method,spearman,-0.005204985883670755,0.007327441626836611,35
new17,ESWYT,2010,reml_x0.1,method,sel_diff_f10,0.05761360308408438,0.060016570990710914,35
new17,ESWYT,2010,reml_x10,method,spearman,0.004860351371372678,0.009049134769678896,35
new17,ESWYT,2010,reml_x10,method,sel_diff_f10,0.040085962329903496,0.0531955195525204,35
new17,ESWYT,2010,reml_x100,method,spearman,-0.001948704098711862,0.013591742920628187,35
new17,ESWYT,2010,reml_x100,method,sel_diff_f10,0.08717992758460145,0.05660105334650461,35
new17,ESWYT,2010,rf,method,spearman,-0.023574777642076893,0.010411114466185336,35
new17,ESWYT,2010,rf,method,sel_diff_f10,0.012983951727578926,0.07040526675852811,35
new17,ESWYT,2010,ridge_pc20,method,spearman,-0.013622156634943901,0.018523884841061263,35
new17,ESWYT,2010,ridge_pc20,method,sel_diff_f10,-0.03947076449166099,0.07566517928873377,35
new17,ESWYT,2011,Oracle,rule,spearman,0.0,0.0,44
new17,ESWYT,2011,Oracle,rule,sel_diff_f10,0.0,0.0,44
new17,ESWYT,2011,R_CV,rule,spearman,-0.02275165348743927,0.009866391657706626,44
new17,ESWYT,2011,R_CV,rule,sel_diff_f10,0.09296448487991117,0.06880035737128219,44
new17,ESWYT,2011,R_EQ,rule,spearman,-0.017038819265092656,0.012302420263937424,44
new17,ESWYT,2011,R_EQ,rule,sel_diff_f10,-0.02193618403969884,0.0482286392855146,44
new17,ESWYT,2011,R_FW,rule,spearman,-0.027546563770936318,0.012907523724663625,44
new17,ESWYT,2011,R_FW,rule,sel_diff_f10,-0.061928553524004754,0.04710102457772102,44
new17,ESWYT,2011,R_STK_CV,rule,spearman,-0.01305326517184842,0.010500896208719824,44
new17,ESWYT,2011,R_STK_CV,rule,sel_diff_f10,-0.02073821803151976,0.047412025645084246,44
new17,ESWYT,2011,R_STK_FW,rule,spearman,-0.037865074638040376,0.016957962703074272,44
new17,ESWYT,2011,R_STK_FW,rule,sel_diff_f10,0.07428125923084622,0.05015753113696303,44
new17,ESWYT,2011,gbm,method,spearman,-0.0780565960326261,0.02003031907080003,44
new17,ESWYT,2011,gbm,method,sel_diff_f10,0.11035669122026301,0.06545248629004391,44
new17,ESWYT,2011,knn10,method,spearman,-0.02582841228594076,0.03150220345029706,44
new17,ESWYT,2011,knn10,method,sel_diff_f10,0.007240830076279966,0.07484976164938167,44
new17,ESWYT,2011,knn30,method,spearman,-0.04277526457499626,0.02300303574671025,44
new17,ESWYT,2011,knn30,method,sel_diff_f10,-0.03962677050459736,0.07253042329016252,44
new17,ESWYT,2011,mlp,method,spearman,-0.10739541333812572,0.030370268067544226,44
new17,ESWYT,2011,mlp,method,sel_diff_f10,-0.22473755240639068,0.11713295557867354,44
new17,ESWYT,2011,reml,method,spearman,-0.00891932743118929,0.006226115887955651,44
new17,ESWYT,2011,reml,method,sel_diff_f10,0.08070778019757459,0.05111657834229798,44
new17,ESWYT,2011,reml_x0.1,method,spearman,-0.022751653487439263,0.009623149690979384,44
new17,ESWYT,2011,reml_x0.1,method,sel_diff_f10,0.09296448487991117,0.06816227644920561,44
new17,ESWYT,2011,reml_x10,method,spearman,-0.027546563770936325,0.013098140791792957,44
new17,ESWYT,2011,reml_x10,method,sel_diff_f10,-0.061928553524004754,0.04842163555123455,44
new17,ESWYT,2011,reml_x100,method,spearman,-0.036924908940451535,0.01766581811544854,44
new17,ESWYT,2011,reml_x100,method,sel_diff_f10,-0.017664483500638282,0.05897572083463899,44
new17,ESWYT,2011,rf,method,spearman,-0.0421049837868866,0.014607249913027053,44
new17,ESWYT,2011,rf,method,sel_diff_f10,0.01717682694120107,0.060927949813756314,44
new17,ESWYT,2011,ridge_pc20,method,spearman,-0.03749826061102856,0.02427867561890737,44
new17,ESWYT,2011,ridge_pc20,method,sel_diff_f10,-0.0713942309676512,0.03507823086760939,44
new17,ESWYT,2012,Oracle,rule,spearman,0.02246306545287828,0.024885663459968555,38
new17,ESWYT,2012,Oracle,rule,sel_diff_f10,0.13446441372744672,0.07093042310717243,38
new17,ESWYT,2012,R_CV,rule,spearman,0.0,0.0,38
new17,ESWYT,2012,R_CV,rule,sel_diff_f10,0.0,0.0,38
new17,ESWYT,2012,R_EQ,rule,spearman,-0.017169849588933153,0.012098984649274284,38
new17,ESWYT,2012,R_EQ,rule,sel_diff_f10,-0.04410825287273238,0.07422041911693004,38
new17,ESWYT,2012,R_FW,rule,spearman,-0.04844966198081515,0.014831921829471734,38
new17,ESWYT,2012,R_FW,rule,sel_diff_f10,-0.13209894942633857,0.07257876943529129,38
new17,ESWYT,2012,R_STK_CV,rule,spearman,-0.014944958090111883,0.011935918659419337,38
new17,ESWYT,2012,R_STK_CV,rule,sel_diff_f10,-0.12112147261448496,0.05838515110078807,38
new17,ESWYT,2012,R_STK_FW,rule,spearman,-0.013738526592021695,0.01749615994892839,38
new17,ESWYT,2012,R_STK_FW,rule,sel_diff_f10,-0.24520102719196551,0.08993368806977714,38
new17,ESWYT,2012,gbm,method,spearman,0.022463065452878277,0.025386671368496486,38
new17,ESWYT,2012,gbm,method,sel_diff_f10,0.13446441372744672,0.07216119454908913,38
new17,ESWYT,2012,knn10,method,spearman,-0.031318215037602994,0.020263776769050668,38
new17,ESWYT,2012,knn10,method,sel_diff_f10,-0.10791263247683591,0.0664129879807136,38
new17,ESWYT,2012,knn30,method,spearman,-0.05235960991076696,0.023337526175117744,38
new17,ESWYT,2012,knn30,method,sel_diff_f10,-0.1844580645855529,0.0848712943595873,38
new17,ESWYT,2012,mlp,method,spearman,-0.12720455694370486,0.045287768023386764,38
new17,ESWYT,2012,mlp,method,sel_diff_f10,-0.5530125274223585,0.0958825587217945,38
new17,ESWYT,2012,reml,method,spearman,-0.00751245386226844,0.005217470625255204,38
new17,ESWYT,2012,reml,method,sel_diff_f10,-0.02719827893696928,0.06059164666985217,38
new17,ESWYT,2012,reml_x0.1,method,spearman,0.0033599262582998837,0.009355956341580698,38
new17,ESWYT,2012,reml_x0.1,method,sel_diff_f10,0.05412680186196211,0.04205545101096605,38
new17,ESWYT,2012,reml_x10,method,spearman,-0.04844966198081515,0.01480584824019542,38
new17,ESWYT,2012,reml_x10,method,sel_diff_f10,-0.13209894942633857,0.07363058296439491,38
new17,ESWYT,2012,reml_x100,method,spearman,-0.06682927390002924,0.01935247216330902,38
new17,ESWYT,2012,reml_x100,method,sel_diff_f10,-0.1512533721537326,0.08465297857492916,38
new17,ESWYT,2012,rf,method,spearman,-0.02119561628481965,0.01973656730504913,38
new17,ESWYT,2012,rf,method,sel_diff_f10,0.09391891316782995,0.08053977202523344,38
new17,ESWYT,2012,ridge_pc20,method,spearman,-0.08661417577424069,0.023912298853267462,38
new17,ESWYT,2012,ridge_pc20,method,sel_diff_f10,-0.2687095617107261,0.09739321775874861,38
new17,ESWYT,2013,Oracle,rule,spearman,0.0,0.0,45
new17,ESWYT,2013,Oracle,rule,sel_diff_f10,0.0,0.0,45
new17,ESWYT,2013,R_CV,rule,spearman,0.0,0.0,45
new17,ESWYT,2013,R_CV,rule,sel_diff_f10,0.0,0.0,45
new17,ESWYT,2013,R_EQ,rule,spearman,0.0029352847595304748,0.004950772634301685,45
new17,ESWYT,2013,R_EQ,rule,sel_diff_f10,-0.0961514118244589,0.04439506055485726,45
new17,ESWYT,2013,R_FW,rule,spearman,0.0,0.0,45
new17,ESWYT,2013,R_FW,rule,sel_diff_f10,0.0,0.0,45
new17,ESWYT,2013,R_STK_CV,rule,spearman,-0.0022398219166838104,0.003843315101131654,45
new17,ESWYT,2013,R_STK_CV,rule,sel_diff_f10,-2.0045693500176436e-18,6.046960041228364e-18,45
new17,ESWYT,2013,R_STK_FW,rule,spearman,-0.004852955836150434,0.006599612968599886,45
new17,ESWYT,2013,R_STK_FW,rule,sel_diff_f10,0.006514006370567772,0.0664304955318469,45
new17,ESWYT,2013,gbm,method,spearman,-0.03797829274071745,0.013824903588203765,45
new17,ESWYT,2013,gbm,method,sel_diff_f10,-0.013332637851109198,0.06451231567522193,45
new17,ESWYT,2013,knn10,method,spearman,-0.029659043072055625,0.016779586032574425,45
new17,ESWYT,2013,knn10,method,sel_diff_f10,0.009860836583055123,0.07893365664736424,45
new17,ESWYT,2013,knn30,method,spearman,-0.011116339533090425,0.011418523383318894,45
new17,ESWYT,2013,knn30,method,sel_diff_f10,0.0013418840355097327,0.04723472467960972,45
new17,ESWYT,2013,mlp,method,spearman,-0.1362581471286199,0.024486381900500565,45
new17,ESWYT,2013,mlp,method,sel_diff_f10,-0.07554837065782785,0.0826902281853076,45
new17,ESWYT,2013,reml,method,spearman,-0.016321511971195198,0.003380360211442614,45
new17,ESWYT,2013,reml,method,sel_diff_f10,-0.08139879216748791,0.033198441353322554,45
new17,ESWYT,2013,reml_x0.1,method,spearman,-0.027951687283875096,0.005981109887687596,45
new17,ESWYT,2013,reml_x0.1,method,sel_diff_f10,-0.09198804565449782,0.038253470711114006,45
new17,ESWYT,2013,reml_x10,method,spearman,-0.023522760643447507,0.011106052610386852,45
new17,ESWYT,2013,reml_x10,method,sel_diff_f10,-0.040256612323303596,0.0703631303862282,45
new17,ESWYT,2013,reml_x100,method,spearman,-0.05560832082202534,0.0166731471297247,45
new17,ESWYT,2013,reml_x100,method,sel_diff_f10,-0.04025661232330359,0.07018829543301484,45
new17,ESWYT,2013,rf,method,spearman,-0.023946648257349563,0.013021733834226695,45
new17,ESWYT,2013,rf,method,sel_diff_f10,0.0795386292288025,0.06881559089621167,45
new17,ESWYT,2013,ridge_pc20,method,spearman,-0.11820478961513678,0.023155382139087775,45
new17,ESWYT,2013,ridge_pc20,method,sel_diff_f10,-0.19636300649801872,0.10581570454315603,45
new17,ESWYT,2014,Oracle,rule,spearman,0.007025609324754878,0.018449830484040478,39
new17,ESWYT,2014,Oracle,rule,sel_diff_f10,-0.04545979321851119,0.04773430832722794,39
new17,ESWYT,2014,R_CV,rule,spearman,0.0,0.0,39
new17,ESWYT,2014,R_CV,rule,sel_diff_f10,0.0,0.0,39
new17,ESWYT,2014,R_EQ,rule,spearman,-0.008368195990665633,0.007815444403057177,39
new17,ESWYT,2014,R_EQ,rule,sel_diff_f10,-0.01630807973043896,0.058518343273012835,39
new17,ESWYT,2014,R_FW,rule,spearman,0.0,0.0,39
new17,ESWYT,2014,R_FW,rule,sel_diff_f10,0.0,0.0,39
new17,ESWYT,2014,R_STK_CV,rule,spearman,0.008948256478954851,0.0046739672594760815,39
new17,ESWYT,2014,R_STK_CV,rule,sel_diff_f10,0.04677864127503306,0.04043462913638423,39
new17,ESWYT,2014,R_STK_FW,rule,spearman,-7.974758216292936e-05,0.0097766372058396,39
new17,ESWYT,2014,R_STK_FW,rule,sel_diff_f10,0.06102234916508776,0.054103823717980705,39
new17,ESWYT,2014,gbm,method,spearman,0.0070256093247548735,0.01859575761553033,39
new17,ESWYT,2014,gbm,method,sel_diff_f10,-0.04545979321851119,0.04742670736415229,39
new17,ESWYT,2014,knn10,method,spearman,-0.017946305783407602,0.023144381585982296,39
new17,ESWYT,2014,knn10,method,sel_diff_f10,0.016194942136900748,0.08208967434379921,39
new17,ESWYT,2014,knn30,method,spearman,-0.04062767182767382,0.018026094311942804,39
new17,ESWYT,2014,knn30,method,sel_diff_f10,-0.0035222351893941287,0.07080394486736058,39
new17,ESWYT,2014,mlp,method,spearman,-0.05768756404488929,0.023010928039757444,39
new17,ESWYT,2014,mlp,method,sel_diff_f10,-0.2409087883176315,0.09292805150797231,39
new17,ESWYT,2014,reml,method,spearman,0.002557113846624802,0.00457575551229018,39
new17,ESWYT,2014,reml,method,sel_diff_f10,-0.06308672100547202,0.041357378661931225,39
new17,ESWYT,2014,reml_x0.1,method,spearman,-0.00903860322289121,0.0069322385738691695,39
new17,ESWYT,2014,reml_x0.1,method,sel_diff_f10,0.012411320033854359,0.03797705284140537,39
new17,ESWYT,2014,reml_x10,method,spearman,-0.004012840826884814,0.012466181942629577,39
new17,ESWYT,2014,reml_x10,method,sel_diff_f10,-0.06308672100547202,0.040970173144372804,39
new17,ESWYT,2014,reml_x100,method,spearman,-0.016348010676435702,0.016499318208565553,39
new17,ESWYT,2014,reml_x100,method,sel_diff_f10,-0.06308672100547202,0.041670489820067935,39
new17,ESWYT,2014,rf,method,spearman,-0.0010711931135727309,0.017712429924917027,39
new17,ESWYT,2014,rf,method,sel_diff_f10,-0.00023158355190183366,0.07149128843691134,39
new17,ESWYT,2014,ridge_pc20,method,spearman,-0.0028888984101580434,0.025014625050006643,39
new17,ESWYT,2014,ridge_pc20,method,sel_diff_f10,-0.16427546111638058,0.08100938358429724,39
new17,ESWYT,2015,Oracle,rule,spearman,0.018850532290750736,0.011600336798818476,44
new17,ESWYT,2015,Oracle,rule,sel_diff_f10,-9.343851450147802e-18,6.7597365728750146e-18,44
new17,ESWYT,2015,R_CV,rule,spearman,0.0,0.0,44
new17,ESWYT,2015,R_CV,rule,sel_diff_f10,0.0,0.0,44
new17,ESWYT,2015,R_EQ,rule,spearman,0.013186675562841898,0.010236549661835135,44
new17,ESWYT,2015,R_EQ,rule,sel_diff_f10,-0.10282164766172384,0.04989973910023423,44
new17,ESWYT,2015,R_FW,rule,spearman,0.0,0.0,44
new17,ESWYT,2015,R_FW,rule,sel_diff_f10,0.0,0.0,44
new17,ESWYT,2015,R_STK_CV,rule,spearman,0.013814706844922826,0.008499387502519969,44
new17,ESWYT,2015,R_STK_CV,rule,sel_diff_f10,-9.343851450147802e-18,6.787254416498258e-18,44
new17,ESWYT,2015,R_STK_FW,rule,spearman,0.004915175768241665,0.008647289802890196,44
new17,ESWYT,2015,R_STK_FW,rule,sel_diff_f10,4.4156597570318725e-18,2.411357553813285e-18,44
new17,ESWYT,2015,gbm,method,spearman,-0.02262136908151246,0.016623657362130263,44
new17,ESWYT,2015,gbm,method,sel_diff_f10,0.0057266144747593305,0.044798888886521095,44
new17,ESWYT,2015,knn10,method,spearman,0.0032222860996715965,0.021241587016118977,44
new17,ESWYT,2015,knn10,method,sel_diff_f10,0.015709671613091527,0.0536619924951996,44
new17,ESWYT,2015,knn30,method,spearman,0.011719724725501217,0.02535301310016689,44
new17,ESWYT,2015,knn30,method,sel_diff_f10,-0.13474986424557447,0.07139114212063923,44
new17,ESWYT,2015,mlp,method,spearman,-0.09592857610879713,0.029364798411681787,44
new17,ESWYT,2015,mlp,method,sel_diff_f10,-0.3721121169753966,0.08566883448270086,44
new17,ESWYT,2015,reml,method,spearman,6.864459346498423e-05,0.005541199853911625,44
new17,ESWYT,2015,reml,method,sel_diff_f10,0.010310261400346509,0.04035081020562197,44
new17,ESWYT,2015,reml_x0.1,method,spearman,-0.0072111154948046865,0.008948152090106845,44
new17,ESWYT,2015,reml_x0.1,method,sel_diff_f10,0.0,0.0,44
new17,ESWYT,2015,reml_x10,method,spearman,0.00012800573331899054,0.015444561189491763,44
new17,ESWYT,2015,reml_x10,method,sel_diff_f10,-0.10282164766172384,0.04954239053295788,44
new17,ESWYT,2015,reml_x100,method,spearman,0.0008341858161497168,0.017946684043219065,44
new17,ESWYT,2015,reml_x100,method,sel_diff_f10,-0.10282164766172384,0.05005672790181626,44
new17,ESWYT,2015,rf,method,spearman,0.018850532290750736,0.011759312152424572,44
new17,ESWYT,2015,rf,method,sel_diff_f10,-9.343851450147802e-18,6.645975945558399e-18,44
new17,ESWYT,2015,ridge_pc20,method,spearman,-0.007989812057309358,0.020459318717959238,44
new17,ESWYT,2015,ridge_pc20,method,sel_diff_f10,-0.06960526751740984,0.04477328655429206,44
new17,ESWYT,2016,Oracle,rule,spearman,0.017336839998985193,0.014533120635980409,42
new17,ESWYT,2016,Oracle,rule,sel_diff_f10,-0.10594548372690307,0.06253590313051001,42
new17,ESWYT,2016,R_CV,rule,spearman,0.0,0.0,42
new17,ESWYT,2016,R_CV,rule,sel_diff_f10,0.0,0.0,42
new17,ESWYT,2016,R_EQ,rule,spearman,-0.01377313142468208,0.009846231454851485,42
new17,ESWYT,2016,R_EQ,rule,sel_diff_f10,-0.09815351251037885,0.027744750596880356,42
new17,ESWYT,2016,R_FW,rule,spearman,0.0,0.0,42
new17,ESWYT,2016,R_FW,rule,sel_diff_f10,0.0,0.0,42
new17,ESWYT,2016,R_STK_CV,rule,spearman,0.004566528633878979,0.009347416328575905,42
new17,ESWYT,2016,R_STK_CV,rule,sel_diff_f10,-0.10326006066768867,0.02622937262377976,42
new17,ESWYT,2016,R_STK_FW,rule,spearman,0.0032577784788683345,0.008650869846100542,42
new17,ESWYT,2016,R_STK_FW,rule,sel_diff_f10,-0.14933364047173997,0.05169508700839935,42
new17,ESWYT,2016,gbm,method,spearman,0.017336839998985193,0.014767815661783777,42
new17,ESWYT,2016,gbm,method,sel_diff_f10,-0.10594548372690307,0.06260818344776567,42
new17,ESWYT,2016,knn10,method,spearman,0.004684876362900797,0.019851149929376265,42
new17,ESWYT,2016,knn10,method,sel_diff_f10,-0.2383210687746944,0.06934583134296392,42
new17,ESWYT,2016,knn30,method,spearman,-0.024847159827478236,0.01846701254687463,42
new17,ESWYT,2016,knn30,method,sel_diff_f10,-0.2163995944646145,0.05078278713431975,42
new17,ESWYT,2016,mlp,method,spearman,0.0059197287060796955,0.026605889682632562,42
new17,ESWYT,2016,mlp,method,sel_diff_f10,-0.07728626847116128,0.08633614956088823,42
new17,ESWYT,2016,reml,method,spearman,-0.007845846194908565,0.005846972923186312,42
new17,ESWYT,2016,reml,method,sel_diff_f10,1.6686387721300715e-17,8.194628764815332e-18,42
new17,ESWYT,2016,reml_x0.1,method,spearman,0.016088357243939734,0.007172454963155564,42
new17,ESWYT,2016,reml_x0.1,method,sel_diff_f10,-0.045589164168575246,0.0443010629751818,42
new17,ESWYT,2016,reml_x10,method,spearman,-0.026864810479459888,0.010393167730746364,42
new17,ESWYT,2016,reml_x10,method,sel_diff_f10,-0.06647673014301714,0.037024071751214624,42
new17,ESWYT,2016,reml_x100,method,spearman,-0.037396929791985306,0.011916487349381477,42
new17,ESWYT,2016,reml_x100,method,sel_diff_f10,-0.0760540309360745,0.0371051916151156,42
new17,ESWYT,2016,rf,method,spearman,-0.006822877272022501,0.01537448504545958,42
new17,ESWYT,2016,rf,method,sel_diff_f10,-0.20137163751730197,0.0616195537072991,42
new17,ESWYT,2016,ridge_pc20,method,spearman,-0.044957633734812465,0.021397278347702817,42
new17,ESWYT,2016,ridge_pc20,method,sel_diff_f10,-0.2708208925527453,0.07330065755639122,42
new17,ESWYT,2017,Oracle,rule,spearman,0.00574621190451874,0.004278024694390345,43
new17,ESWYT,2017,Oracle,rule,sel_diff_f10,-0.0489090403355354,0.037144448612210695,43
new17,ESWYT,2017,R_CV,rule,spearman,0.0,0.0,43
new17,ESWYT,2017,R_CV,rule,sel_diff_f10,0.0,0.0,43
new17,ESWYT,2017,R_EQ,rule,spearman,-0.014286390452780908,0.009461999015535509,43
new17,ESWYT,2017,R_EQ,rule,sel_diff_f10,-0.20315729850747244,0.05489074164658988,43
new17,ESWYT,2017,R_FW,rule,spearman,0.0,0.0,43
new17,ESWYT,2017,R_FW,rule,sel_diff_f10,0.0,0.0,43
new17,ESWYT,2017,R_STK_CV,rule,spearman,-0.006079396587597705,0.004749431388789439,43
new17,ESWYT,2017,R_STK_CV,rule,sel_diff_f10,-0.00014010473615589736,0.0001392957646132168,43
new17,ESWYT,2017,R_STK_FW,rule,spearman,-0.010770288598642994,0.00787138246286417,43
new17,ESWYT,2017,R_STK_FW,rule,sel_diff_f10,-0.11947417449984231,0.03286353057019088,43
new17,ESWYT,2017,gbm,method,spearman,-0.024462833383276816,0.01655358122609538,43
new17,ESWYT,2017,gbm,method,sel_diff_f10,-0.11251971399165385,0.06683655775247202,43
new17,ESWYT,2017,knn10,method,spearman,-0.03982825099867593,0.02619363523576902,43
new17,ESWYT,2017,knn10,method,sel_diff_f10,-0.2688610757298949,0.11058157872777821,43
new17,ESWYT,2017,knn30,method,spearman,-0.0616212084466244,0.021780339177816806,43
new17,ESWYT,2017,knn30,method,sel_diff_f10,-0.23328765870066143,0.07610862454625751,43
new17,ESWYT,2017,mlp,method,spearman,-0.018237266459076088,0.039510656167022644,43
new17,ESWYT,2017,mlp,method,sel_diff_f10,-0.17944920826636626,0.10646052402605519,43
new17,ESWYT,2017,reml,method,spearman,0.005746211904518744,0.004087847759338244,43
new17,ESWYT,2017,reml,method,sel_diff_f10,-0.0489090403355354,0.03502987606354896,43
new17,ESWYT,2017,reml_x0.1,method,spearman,0.00036255842399328,0.005727432518518171,43
new17,ESWYT,2017,reml_x0.1,method,sel_diff_f10,-2.1784899465755252e-18,1.0683919580515695e-17,43
new17,ESWYT,2017,reml_x10,method,spearman,-0.008484644924664943,0.010372435538792581,43
new17,ESWYT,2017,reml_x10,method,sel_diff_f10,-0.12007346009712053,0.06291743754946068,43
new17,ESWYT,2017,reml_x100,method,spearman,-0.017125770669347853,0.012701338660529592,43
new17,ESWYT,2017,reml_x100,method,sel_diff_f10,-0.12007346009712055,0.06217145564645768,43
new17,ESWYT,2017,rf,method,spearman,-0.007914558560330735,0.014507269956753157,43
new17,ESWYT,2017,rf,method,sel_diff_f10,-0.07156703217548288,0.04517532302282269,43
new17,ESWYT,2017,ridge_pc20,method,spearman,-0.0402825207248164,0.020629343786376226,43
new17,ESWYT,2017,ridge_pc20,method,sel_diff_f10,-0.20411203772419512,0.07232553447723312,43
new17,GEM_IA,2016,Oracle,rule,spearman,0.10896381993716896,0.06320662842618796,7
new17,GEM_IA,2016,Oracle,rule,sel_diff_f10,0.13066538488100357,0.19936405009792657,7
new17,GEM_IA,2016,R_CV,rule,spearman,0.015014670297021008,0.019223271208457293,7
new17,GEM_IA,2016,R_CV,rule,sel_diff_f10,-0.02093416287611744,0.04394242198553884,7
new17,GEM_IA,2016,R_EQ,rule,spearman,0.022219315277161367,0.011342398245655382,7
new17,GEM_IA,2016,R_EQ,rule,sel_diff_f10,0.12015119300293937,0.05653124296058131,7
new17,GEM_IA,2016,R_FW,rule,spearman,0.05541217972325877,0.08050168119840972,7
new17,GEM_IA,2016,R_FW,rule,sel_diff_f10,0.01646949036004331,0.12924595139272968,7
new17,GEM_IA,2016,R_STK_CV,rule,spearman,0.01639595008292181,0.016923140758451933,7
new17,GEM_IA,2016,R_STK_CV,rule,sel_diff_f10,-0.016682275505101006,0.043819318741894625,7
new17,GEM_IA,2016,R_STK_FW,rule,spearman,0.004581738331013584,0.08119493695074573,7
new17,GEM_IA,2016,R_STK_FW,rule,sel_diff_f10,-0.0647098058183534,0.05711702713372031,7
new17,GEM_IA,2016,gbm,method,spearman,0.08977317940785522,0.0467955981363662,7
new17,GEM_IA,2016,gbm,method,sel_diff_f10,0.2041199909872964,0.12436383791448727,7
new17,GEM_IA,2016,knn10,method,spearman,0.05541217972325879,0.0781735190111509,7
new17,GEM_IA,2016,knn10,method,sel_diff_f10,0.01646949036004331,0.13229563211212755,7
new17,GEM_IA,2016,knn30,method,spearman,0.09981839157013182,0.061696409923520136,7
new17,GEM_IA,2016,knn30,method,sel_diff_f10,-0.004770928314365014,0.05952465770765249,7
new17,GEM_IA,2016,mlp,method,spearman,-0.039752707150432776,0.030036579604937125,7
new17,GEM_IA,2016,mlp,method,sel_diff_f10,0.16669797751367282,0.10140829988230855,7
new17,GEM_IA,2016,reml,method,spearman,-0.06237282058426376,0.030663530156156475,7
new17,GEM_IA,2016,reml,method,sel_diff_f10,0.08197949821290791,0.04814202251278001,7
new17,GEM_IA,2016,reml_x0.1,method,spearman,0.015014670297021013,0.019893906916529508,7
new17,GEM_IA,2016,reml_x0.1,method,sel_diff_f10,-0.02093416287611744,0.04475970214625364,7
new17,GEM_IA,2016,reml_x10,method,spearman,-0.14754686718971036,0.04017354745133196,7
new17,GEM_IA,2016,reml_x10,method,sel_diff_f10,0.1406237237231933,0.1062554653764146,7
new17,GEM_IA,2016,reml_x100,method,spearman,-0.15530277149040367,0.03938829606176909,7
new17,GEM_IA,2016,reml_x100,method,sel_diff_f10,0.028248077742636584,0.1115660005590177,7
new17,GEM_IA,2016,rf,method,spearman,0.10896381993716897,0.06281453162993876,7
new17,GEM_IA,2016,rf,method,sel_diff_f10,0.13066538488100357,0.1992966816469235,7
new17,GEM_IA,2016,ridge_pc20,method,spearman,-0.13102525253959507,0.03122665715867565,7
new17,GEM_IA,2016,ridge_pc20,method,sel_diff_f10,0.12420281102318222,0.10662901939822894,7
new17,GEM_IA,2017,Oracle,rule,spearman,0.24845610770408078,0.09979376301457932,7
new17,GEM_IA,2017,Oracle,rule,sel_diff_f10,-0.016578971573176036,0.1208095253598525,7
new17,GEM_IA,2017,R_CV,rule,spearman,-0.2009109583902092,0.05940486334307061,7
new17,GEM_IA,2017,R_CV,rule,sel_diff_f10,-0.8120703866678463,0.22421178748529685,7
new17,GEM_IA,2017,R_EQ,rule,spearman,-0.0040516223195679185,0.01440549131471798,7
new17,GEM_IA,2017,R_EQ,rule,sel_diff_f10,-0.09268077523831057,0.14538292319579924,7
new17,GEM_IA,2017,R_FW,rule,spearman,-0.028158673391557452,0.043493891051550805,7
new17,GEM_IA,2017,R_FW,rule,sel_diff_f10,-0.22680655239678035,0.1750049189365812,7
new17,GEM_IA,2017,R_STK_CV,rule,spearman,-0.0013316102598278842,0.01735538902396958,7
new17,GEM_IA,2017,R_STK_CV,rule,sel_diff_f10,-0.01992986268276626,0.092534835117695,7
new17,GEM_IA,2017,R_STK_FW,rule,spearman,-0.027846920701598592,0.04397789441294409,7
new17,GEM_IA,2017,R_STK_FW,rule,sel_diff_f10,-0.22157572289622404,0.18501630276864803,7
new17,GEM_IA,2017,gbm,method,spearman,0.24845610770408078,0.0970637850776491,7
new17,GEM_IA,2017,gbm,method,sel_diff_f10,-0.016578971573176036,0.11867748987447027,7
new17,GEM_IA,2017,knn10,method,spearman,-0.028158673391557452,0.043376667080838226,7
new17,GEM_IA,2017,knn10,method,sel_diff_f10,-0.22680655239678035,0.18661976662545962,7
new17,GEM_IA,2017,knn30,method,spearman,-0.1483119420799132,0.03760997792062534,7
new17,GEM_IA,2017,knn30,method,sel_diff_f10,-1.045303264579364,0.20137387984402705,7
new17,GEM_IA,2017,mlp,method,spearman,-0.030039538566137135,0.02203673318863286,7
new17,GEM_IA,2017,mlp,method,sel_diff_f10,-0.12545214626319626,0.11146752567293848,7
new17,GEM_IA,2017,reml,method,spearman,-0.029383680149858,0.003459785728688263,7
new17,GEM_IA,2017,reml,method,sel_diff_f10,-0.05066942958805189,0.025669000562395423,7
new17,GEM_IA,2017,reml_x0.1,method,spearman,-0.2009109583902092,0.05996212521950323,7
new17,GEM_IA,2017,reml_x0.1,method,sel_diff_f10,-0.8120703866678463,0.23272679931434898,7
new17,GEM_IA,2017,reml_x10,method,spearman,-0.002196940095309278,0.007890927501347875,7
new17,GEM_IA,2017,reml_x10,method,sel_diff_f10,-0.05432554105207242,0.10986645394405826,7
new17,GEM_IA,2017,reml_x100,method,spearman,0.0036325391668925494,0.009060071432400002,7
new17,GEM_IA,2017,reml_x100,method,sel_diff_f10,-0.014222886709845442,0.08776643206084243,7
new17,GEM_IA,2017,rf,method,spearman,0.02883174378161924,0.12547993034412208,7
new17,GEM_IA,2017,rf,method,sel_diff_f10,-0.5802658099470773,0.1892433272376915,7
new17,GEM_IA,2017,ridge_pc20,method,spearman,-0.023893394919726498,0.01744380811033733,7
new17,GEM_IA,2017,ridge_pc20,method,sel_diff_f10,-0.12592218255122525,0.10560823278227542,7
new17,GEM_IA,2018,Oracle,rule,spearman,0.006599645640199586,0.021090696168449996,8
new17,GEM_IA,2018,Oracle,rule,sel_diff_f10,0.13848736214493598,0.11384056224641008,9
new17,GEM_IA,2018,R_CV,rule,spearman,-0.0069770051763857165,0.013629044689507945,9
new17,GEM_IA,2018,R_CV,rule,sel_diff_f10,-0.06264089371769745,0.037445563442684515,9
new17,GEM_IA,2018,R_EQ,rule,spearman,-0.03994031268167388,0.01559018941169321,9
new17,GEM_IA,2018,R_EQ,rule,sel_diff_f10,-0.016395656816994095,0.05400754877835031,9
new17,GEM_IA,2018,R_FW,rule,spearman,-0.15819278596934927,0.06383312953856109,9
new17,GEM_IA,2018,R_FW,rule,sel_diff_f10,-0.2878389625369209,0.1659674663659035,9
new17,GEM_IA,2018,R_STK_CV,rule,spearman,-0.02613469995578936,0.014953475801637611,9
new17,GEM_IA,2018,R_STK_CV,rule,sel_diff_f10,-0.022990096315495704,0.08082484886046788,9
new17,GEM_IA,2018,R_STK_FW,rule,spearman,-0.15819278596934927,0.06285945157654381,9
new17,GEM_IA,2018,R_STK_FW,rule,sel_diff_f10,-0.2878389625369209,0.16385748889599158,9
new17,GEM_IA,2018,gbm,method,spearman,-0.15819278596934927,0.06266764567823116,9
new17,GEM_IA,2018,gbm,method,sel_diff_f10,-0.2878389625369209,0.16546291857869425,9
new17,GEM_IA,2018,knn10,method,spearman,0.0065996456401996055,0.021052166448686314,8
new17,GEM_IA,2018,knn10,method,sel_diff_f10,0.13848736214493598,0.11525889314521531,9
new17,GEM_IA,2018,knn30,method,spearman,-0.09512276274777157,0.03125602723736531,9
new17,GEM_IA,2018,knn30,method,sel_diff_f10,-0.19431790450421457,0.15175229524363382,9
new17,GEM_IA,2018,mlp,method,spearman,-0.04207668275953206,0.023439684336110968,9
new17,GEM_IA,2018,mlp,method,sel_diff_f10,-0.05033300903619209,0.08746901987939984,9
new17,GEM_IA,2018,reml,method,spearman,-0.011105158054211445,0.004977154589210789,9
new17,GEM_IA,2018,reml,method,sel_diff_f10,-0.07755732643038013,0.052970627738468,9
new17,GEM_IA,2018,reml_x0.1,method,spearman,-0.006977005176385716,0.01353188133056671,9
new17,GEM_IA,2018,reml_x0.1,method,sel_diff_f10,-0.06264089371769745,0.03658864438022825,9
new17,GEM_IA,2018,reml_x10,method,spearman,-0.046233065303923564,0.03253181213881982,9
new17,GEM_IA,2018,reml_x10,method,sel_diff_f10,0.029231941903096265,0.056728931972120554,9
new17,GEM_IA,2018,reml_x100,method,spearman,-0.04954104890550717,0.039580886008016535,9
new17,GEM_IA,2018,reml_x100,method,sel_diff_f10,-0.12983816946345014,0.10330643297056706,9
new17,GEM_IA,2018,rf,method,spearman,-0.31779385422518663,0.12251677560592612,9
new17,GEM_IA,2018,rf,method,sel_diff_f10,-0.592851611271906,0.1734293989984329,9
new17,GEM_IA,2018,ridge_pc20,method,spearman,-0.07484508712741413,0.04391372023503673,9
new17,GEM_IA,2018,ridge_pc20,method,sel_diff_f10,-0.19565650231785384,0.12382687952654987,9
new17,GEM_IA,2019,Oracle,rule,spearman,0.0,0.0,10
new17,GEM_IA,2019,Oracle,rule,sel_diff_f10,0.0,0.0,10
new17,GEM_IA,2019,R_CV,rule,spearman,-0.07484539108670614,0.026601798620548588,10
new17,GEM_IA,2019,R_CV,rule,sel_diff_f10,-0.30989332331855796,0.12144620118408982,10
new17,GEM_IA,2019,R_EQ,rule,spearman,-0.03355895073924141,0.02400577110878315,10
new17,GEM_IA,2019,R_EQ,rule,sel_diff_f10,0.07297050497098076,0.09084183401271623,10
new17,GEM_IA,2019,R_FW,rule,spearman,-0.10670586181023581,0.0382064810579519,10
new17,GEM_IA,2019,R_FW,rule,sel_diff_f10,-0.21927940005423618,0.17971557096162422,10
new17,GEM_IA,2019,R_STK_CV,rule,spearman,-0.0566113745532706,0.024135154687578625,10
new17,GEM_IA,2019,R_STK_CV,rule,sel_diff_f10,-0.07817606381627562,0.049291108117160955,10
new17,GEM_IA,2019,R_STK_FW,rule,spearman,-0.09839578377851335,0.0397167261892402,10
new17,GEM_IA,2019,R_STK_FW,rule,sel_diff_f10,-0.19021423950831767,0.17915755809811987,10
new17,GEM_IA,2019,gbm,method,spearman,-0.10670586181023581,0.03823027236130334,10
new17,GEM_IA,2019,gbm,method,sel_diff_f10,-0.21927940005423618,0.18058610246995702,10
new17,GEM_IA,2019,knn10,method,spearman,-0.05200862138585288,0.04859197716705696,10
new17,GEM_IA,2019,knn10,method,sel_diff_f10,-0.020741704243536406,0.13311076149240006,10
new17,GEM_IA,2019,knn30,method,spearman,-0.04898640271315049,0.04587858016462297,10
new17,GEM_IA,2019,knn30,method,sel_diff_f10,-0.007018662981719581,0.1278874086541013,10
new17,GEM_IA,2019,mlp,method,spearman,-0.05195437849187094,0.02267570082661442,10
new17,GEM_IA,2019,mlp,method,sel_diff_f10,0.12244801793350582,0.20786701959996642,10
new17,GEM_IA,2019,reml,method,spearman,-0.07484539108670614,0.025173090813203965,10
new17,GEM_IA,2019,reml,method,sel_diff_f10,-0.30989332331855796,0.12618037010482613,10
new17,GEM_IA,2019,reml_x0.1,method,spearman,-0.08846498015874896,0.024673832068877768,10
new17,GEM_IA,2019,reml_x0.1,method,sel_diff_f10,-0.30220040139570215,0.1691137802072861,10
new17,GEM_IA,2019,reml_x10,method,spearman,-0.031352535339457005,0.025349312140092378,10
new17,GEM_IA,2019,reml_x10,method,sel_diff_f10,0.0035576130718726453,0.1421142184597958,10
new17,GEM_IA,2019,reml_x100,method,spearman,-0.02952660843373403,0.028614768204839058,10
new17,GEM_IA,2019,reml_x100,method,sel_diff_f10,0.024890746874961754,0.13030472222985257,10
new17,GEM_IA,2019,rf,method,spearman,-0.07074654560987056,0.0298210208102412,10
new17,GEM_IA,2019,rf,method,sel_diff_f10,-0.09698824710261558,0.19574751801483953,10
new17,GEM_IA,2019,ridge_pc20,method,spearman,-0.04161327602985868,0.03636811676882443,10
new17,GEM_IA,2019,ridge_pc20,method,sel_diff_f10,-0.022391259185833935,0.1548886194330768,10
new17,MU_SOY,2020,Oracle,rule,spearman,0.03133741318810644,0.010379344290479818,11
new17,MU_SOY,2020,Oracle,rule,sel_diff_f10,-0.007714963238235776,0.04440370673614463,11
new17,MU_SOY,2020,R_CV,rule,spearman,0.0,0.0,11
new17,MU_SOY,2020,R_CV,rule,sel_diff_f10,0.0,0.0,11
new17,MU_SOY,2020,R_EQ,rule,spearman,-0.010237076419137642,0.02226689423286796,11
new17,MU_SOY,2020,R_EQ,rule,sel_diff_f10,0.06236266300945692,0.04841487351019746,11
new17,MU_SOY,2020,R_FW,rule,spearman,0.0,0.0,11
new17,MU_SOY,2020,R_FW,rule,sel_diff_f10,0.0,0.0,11
new17,MU_SOY,2020,R_STK_CV,rule,spearman,0.0022263631267307464,0.01566821429379371,11
new17,MU_SOY,2020,R_STK_CV,rule,sel_diff_f10,0.08659306105429321,0.0435300639322764,11
new17,MU_SOY,2020,R_STK_FW,rule,spearman,-0.01617574496668914,0.017263559143231307,11
new17,MU_SOY,2020,R_STK_FW,rule,sel_diff_f10,0.08079266620141962,0.05548545018700547,11
new17,MU_SOY,2020,gbm,method,spearman,-0.008518768050613993,0.027223110614358278,11
new17,MU_SOY,2020,gbm,method,sel_diff_f10,0.08136137060542808,0.06939776230448562,11
new17,MU_SOY,2020,knn10,method,spearman,-0.08594390716887713,0.03219074515521438,11
new17,MU_SOY,2020,knn10,method,sel_diff_f10,0.005590441127131191,0.09449723024100767,11
new17,MU_SOY,2020,knn30,method,spearman,-0.12483025063047953,0.0310812659633955,11
new17,MU_SOY,2020,knn30,method,sel_diff_f10,0.0030719516836465403,0.09651256888023274,11
new17,MU_SOY,2020,mlp,method,spearman,-0.07792759739263944,0.024125953384983478,11
new17,MU_SOY,2020,mlp,method,sel_diff_f10,-0.13955920786571685,0.052962559841626136,11
new17,MU_SOY,2020,reml,method,spearman,0.03133741318810643,0.010625507561592824,11
new17,MU_SOY,2020,reml,method,sel_diff_f10,-0.007714963238235776,0.04311961563156316,11
new17,MU_SOY,2020,reml_x0.1,method,spearman,0.026714278717124472,0.014710555427872096,11
new17,MU_SOY,2020,reml_x0.1,method,sel_diff_f10,-0.003796304006384575,0.038407695491802334,11
new17,MU_SOY,2020,reml_x10,method,spearman,-0.008580458076393875,0.03239456510077174,11
new17,MU_SOY,2020,reml_x10,method,sel_diff_f10,-0.01852204319965908,0.05885555864444799,11
new17,MU_SOY,2020,reml_x100,method,spearman,-0.055427577469810835,0.04626855675539047,11
new17,MU_SOY,2020,reml_x100,method,sel_diff_f10,-0.06658009760781583,0.06349432357272354,11
new17,MU_SOY,2020,rf,method,spearman,-0.03786539352527262,0.033188397342241424,11
new17,MU_SOY,2020,rf,method,sel_diff_f10,0.011672268297941596,0.06055448091444025,11
new17,MU_SOY,2020,ridge_pc20,method,spearman,-0.06640630520649934,0.039453293033425284,11
new17,MU_SOY,2020,ridge_pc20,method,sel_diff_f10,-0.08816989795102623,0.07470381940082087,11
orig31,G2F,2016,Oracle,rule,spearman,0.031718304155631795,0.017698486548181663,27
orig31,G2F,2016,Oracle,rule,sel_diff_f10,-0.03475427298461389,0.03217825309529136,27
orig31,G2F,2016,R_CV,rule,spearman,0.00722281715608289,0.012560796683414947,27
orig31,G2F,2016,R_CV,rule,sel_diff_f10,0.04286521106660717,0.04993065531621868,27
orig31,G2F,2016,R_EQ,rule,spearman,0.042008859322065516,0.010846188033188984,27
orig31,G2F,2016,R_EQ,rule,sel_diff_f10,0.029796517767706893,0.03775225181563246,27
orig31,G2F,2016,R_FW,rule,spearman,-0.000519891504263572,0.015956332489824827,27
orig31,G2F,2016,R_FW,rule,sel_diff_f10,0.12017011890368332,0.05234307745132526,27
orig31,G2F,2016,R_STK_CV,rule,spearman,0.047901479387862364,0.010478830398668102,27
orig31,G2F,2016,R_STK_CV,rule,sel_diff_f10,0.08249132271448888,0.04624290324858136,27
orig31,G2F,2016,R_STK_FW,rule,spearman,0.0271918134882749,0.012372806864160783,27
orig31,G2F,2016,R_STK_FW,rule,sel_diff_f10,0.12173458685196678,0.05561057886467183,27
orig31,G2F,2016,dl_g,method,spearman,0.020467194154832242,0.010319489194062339,27
orig31,G2F,2016,dl_g,method,sel_diff_f10,0.05875551763251418,0.054717276400186386,27
orig31,G2F,2016,dl_ge,method,spearman,0.02104594561666105,0.010765863521598522,27
orig31,G2F,2016,dl_ge,method,sel_diff_f10,0.02318811593543871,0.05118453492502164,27
orig31,G2F,2016,gbm,method,spearman,-0.0005198915042635868,0.01615760491222276,27
orig31,G2F,2016,gbm,method,sel_diff_f10,0.12017011890368332,0.05225222924835793,27
orig31,G2F,2016,gxe_gbm,method,spearman,0.007222817156082894,0.012664486579447088,27
orig31,G2F,2016,gxe_gbm,method,sel_diff_f10,0.04286521106660717,0.051524041209776765,27
orig31,G2F,2016,gxe_gbm_real,method,spearman,-0.005739985108475654,0.018866274713463846,27
orig31,G2F,2016,gxe_gbm_real,method,sel_diff_f10,0.03431793070426517,0.05943351187821245,27
orig31,G2F,2016,knn10,method,spearman,-0.011281608920847395,0.0163457643662899,27
orig31,G2F,2016,knn10,method,sel_diff_f10,0.04322860655441051,0.05368934281847498,27
orig31,G2F,2016,knn30,method,spearman,-0.06661390527345679,0.023197036522867424,27
orig31,G2F,2016,knn30,method,sel_diff_f10,-0.2850656571217191,0.06631699203723601,27
orig31,G2F,2016,mlp,method,spearman,-0.09598132693656358,0.026253410120668928,27
orig31,G2F,2016,mlp,method,sel_diff_f10,-0.12210026131155557,0.047968344840166786,27
orig31,G2F,2016,reml,method,spearman,0.028791556214232617,0.007070828213479273,27
orig31,G2F,2016,reml,method,sel_diff_f10,-0.02521485473812826,0.028908759080126866,27
orig31,G2F,2016,reml_x0.1,method,spearman,-0.022307972078266722,0.009276378670734782,27
orig31,G2F,2016,reml_x0.1,method,sel_diff_f10,-0.022653501640988116,0.03274476950496913,27
orig31,G2F,2016,reml_x10,method,spearman,0.031416574447262785,0.01391645010741263,27
orig31,G2F,2016,reml_x10,method,sel_diff_f10,-0.07555174730550969,0.036719210679574385,27
orig31,G2F,2016,reml_x100,method,spearman,-0.06915160459585153,0.021988587835972122,27
orig31,G2F,2016,reml_x100,method,sel_diff_f10,-0.08457489799078621,0.046331728398383204,27
orig31,G2F,2016,rf,method,spearman,6.23197349696304e-05,0.01797899671698569,27
orig31,G2F,2016,rf,method,sel_diff_f10,0.017434008203068466,0.05478525367314421,27
orig31,G2F,2016,ridge_pc20,method,spearman,-0.04562070027146819,0.020774637306119333,27
orig31,G2F,2016,ridge_pc20,method,sel_diff_f10,-0.0005131130309537686,0.04414158734869835,27
orig31,G2F,2016,rn_ridge,method,spearman,0.031718304155631795,0.017405948166044478,27
orig31,G2F,2016,rn_ridge,method,sel_diff_f10,-0.03475427298461389,0.03259324311524943,27
orig31,G2F,2016,rn_ridge_real,method,spearman,0.013468760380460586,0.0173272912886332,27
orig31,G2F,2016,rn_ridge_real,method,sel_diff_f10,-0.009797870220777573,0.032532025997037806,27
orig31,G2F,2018,Oracle,rule,spearman,0.0014956735024313102,0.02044357431161333,29
orig31,G2F,2018,Oracle,rule,sel_diff_f10,0.050309325897301076,0.025645757501665603,29
orig31,G2F,2018,R_CV,rule,spearman,0.0014956735024313102,0.02008443116757743,29
orig31,G2F,2018,R_CV,rule,sel_diff_f10,0.050309325897301076,0.025968941394816872,29
orig31,G2F,2018,R_EQ,rule,spearman,-0.01684916866373798,0.01601682543764891,29
orig31,G2F,2018,R_EQ,rule,sel_diff_f10,-0.010738332571736472,0.03530386974407085,29
orig31,G2F,2018,R_FW,rule,spearman,-0.015572903103763717,0.01906770052143507,29
orig31,G2F,2018,R_FW,rule,sel_diff_f10,0.04108787263454819,0.037193819501732776,29
orig31,G2F,2018,R_STK_CV,rule,spearman,0.009772054004082738,0.016730162859587196,29
orig31,G2F,2018,R_STK_CV,rule,sel_diff_f10,0.04676849085350245,0.02098980039434654,29
orig31,G2F,2018,R_STK_FW,rule,spearman,0.0029985078613000904,0.01763492699522741,29
orig31,G2F,2018,R_STK_FW,rule,sel_diff_f10,0.022217205705883154,0.02923057004914814,29
orig31,G2F,2018,dl_g,method,spearman,-0.026169151256367585,0.015435141357004079,29
orig31,G2F,2018,dl_g,method,sel_diff_f10,0.01410237349649452,0.03471654297788576,29
orig31,G2F,2018,dl_ge,method,spearman,-0.010256812247345296,0.01564454096014459,29
orig31,G2F,2018,dl_ge,method,sel_diff_f10,-0.004453860013022754,0.03426981132495391,29
orig31,G2F,2018,gbm,method,spearman,-0.015572903103763715,0.019317132373814654,29
orig31,G2F,2018,gbm,method,sel_diff_f10,0.04108787263454819,0.038563039659888505,29
orig31,G2F,2018,gxe_gbm,method,spearman,0.0014956735024313193,0.01994755111327939,29
orig31,G2F,2018,gxe_gbm,method,sel_diff_f10,0.050309325897301076,0.026594510316295505,29
orig31,G2F,2018,gxe_gbm_real,method,spearman,0.00261894391604768,0.018517771049346692,29
orig31,G2F,2018,gxe_gbm_real,method,sel_diff_f10,0.0696810405034927,0.0360046157845578,29
orig31,G2F,2018,knn10,method,spearman,-0.04549749210556089,0.017530883084086384,29
orig31,G2F,2018,knn10,method,sel_diff_f10,-0.1326439350084495,0.0482418783794667,29
orig31,G2F,2018,knn30,method,spearman,-0.06412745657292812,0.02298622623245503,29
orig31,G2F,2018,knn30,method,sel_diff_f10,-0.11153261933333142,0.05879043485753432,29
orig31,G2F,2018,mlp,method,spearman,-0.059154844442421174,0.019985673385638395,29
orig31,G2F,2018,mlp,method,sel_diff_f10,0.030602804158095135,0.05424622537317724,29
orig31,G2F,2018,reml,method,spearman,-0.031286667580403785,0.006730043630571904,29
orig31,G2F,2018,reml,method,sel_diff_f10,-0.028644113345535578,0.025264357755912247,29
orig31,G2F,2018,reml_x0.1,method,spearman,-0.011632974269883288,0.005792167342107794,29
orig31,G2F,2018,reml_x0.1,method,sel_diff_f10,-0.010597811224521083,0.03385446857470689,29
orig31,G2F,2018,reml_x10,method,spearman,-0.07715635763942079,0.017431784879592464,29
orig31,G2F,2018,reml_x10,method,sel_diff_f10,-0.10863611815846953,0.03822128100466424,29
orig31,G2F,2018,reml_x100,method,spearman,-0.08942541509209406,0.019194588470620548,29
orig31,G2F,2018,reml_x100,method,sel_diff_f10,-0.0006771582216439843,0.036187512606027386,29
orig31,G2F,2018,rf,method,spearman,-0.03447877739215043,0.020850138398660914,29
orig31,G2F,2018,rf,method,sel_diff_f10,0.02106183605344491,0.04372645413071976,29
orig31,G2F,2018,ridge_pc20,method,spearman,-0.05449941348359926,0.020097025962228208,29
orig31,G2F,2018,ridge_pc20,method,sel_diff_f10,0.07999981643721282,0.030483115761348073,29
orig31,G2F,2018,rn_ridge,method,spearman,-0.045841429072473884,0.01880221141347291,29
orig31,G2F,2018,rn_ridge,method,sel_diff_f10,-0.0443180756079726,0.03563864861805523,29
orig31,G2F,2018,rn_ridge_real,method,spearman,-0.03983199012303685,0.024220643461190315,29
orig31,G2F,2018,rn_ridge_real,method,sel_diff_f10,-0.04580763132089602,0.03952477235866736,29
orig31,G2F,2020,Oracle,rule,spearman,0.03995988718848776,0.013613249277599548,24
orig31,G2F,2020,Oracle,rule,sel_diff_f10,0.05345862844845859,0.02645438604304181,24
orig31,G2F,2020,R_CV,rule,spearman,0.017516914461503223,0.014521192891238264,24
orig31,G2F,2020,R_CV,rule,sel_diff_f10,0.06599952564464544,0.03482783598540843,24
orig31,G2F,2020,R_EQ,rule,spearman,0.025736076919206388,0.00852722910391254,24
orig31,G2F,2020,R_EQ,rule,sel_diff_f10,0.08638007661385805,0.03531554511142613,24
orig31,G2F,2020,R_FW,rule,spearman,0.017555000659520707,0.012539221838266444,24
orig31,G2F,2020,R_FW,rule,sel_diff_f10,-0.009182479302336816,0.03017702245317493,24
orig31,G2F,2020,R_STK_CV,rule,spearman,0.012034307948902196,0.00846794414246476,24
orig31,G2F,2020,R_STK_CV,rule,sel_diff_f10,0.06781622728304991,0.03195565354183917,24
orig31,G2F,2020,R_STK_FW,rule,spearman,0.022731441866550985,0.009869914003900682,24
orig31,G2F,2020,R_STK_FW,rule,sel_diff_f10,0.05355354032219293,0.03210956342871867,24
orig31,G2F,2020,dl_g,method,spearman,0.01980645605734484,0.012107158857285959,24
orig31,G2F,2020,dl_g,method,sel_diff_f10,0.013227623217000087,0.04243744596257918,24
orig31,G2F,2020,dl_ge,method,spearman,0.010125909951393617,0.012829574966062393,24
orig31,G2F,2020,dl_ge,method,sel_diff_f10,0.03612312158233465,0.03886615168075145,24
orig31,G2F,2020,gbm,method,spearman,0.017555000659520707,0.0124470568789344,24
orig31,G2F,2020,gbm,method,sel_diff_f10,-0.009182479302336816,0.030958200257436133,24
orig31,G2F,2020,gxe_gbm,method,spearman,0.01751691446150322,0.01451244220718762,24
orig31,G2F,2020,gxe_gbm,method,sel_diff_f10,0.06599952564464544,0.03440623669028164,24
orig31,G2F,2020,gxe_gbm_real,method,spearman,0.004434399695518003,0.015108797206681715,24
orig31,G2F,2020,gxe_gbm_real,method,sel_diff_f10,0.0444139894263472,0.04056075839297926,24
orig31,G2F,2020,knn10,method,spearman,0.01877770200708127,0.017594515679295812,24
orig31,G2F,2020,knn10,method,sel_diff_f10,0.027479503605607195,0.03505184945955747,24
orig31,G2F,2020,knn30,method,spearman,0.03783624317371619,0.02010125769434302,24
orig31,G2F,2020,knn30,method,sel_diff_f10,0.029901419370841478,0.04299502427064023,24
orig31,G2F,2020,mlp,method,spearman,0.017003097278084047,0.018526732160732567,24
orig31,G2F,2020,mlp,method,sel_diff_f10,0.030889423391700113,0.043686149990040855,24
orig31,G2F,2020,reml,method,spearman,0.006901136267245392,0.007377452102842993,24
orig31,G2F,2020,reml,method,sel_diff_f10,-0.06517843688523052,0.03193191836057476,24
orig31,G2F,2020,reml_x0.1,method,spearman,-0.003680386963802393,0.006966931635930733,24
orig31,G2F,2020,reml_x0.1,method,sel_diff_f10,-0.06981841777018725,0.04257745993969991,24
orig31,G2F,2020,reml_x10,method,spearman,0.0060847794989531525,0.008894906887783332,24
orig31,G2F,2020,reml_x10,method,sel_diff_f10,-0.005513108238214877,0.036227280067208635,24
orig31,G2F,2020,reml_x100,method,spearman,0.010895800994822964,0.012756182394778248,24
orig31,G2F,2020,reml_x100,method,sel_diff_f10,-0.032046155778597964,0.03411114348959444,24
orig31,G2F,2020,rf,method,spearman,0.039959887188487773,0.013770085428463183,24
orig31,G2F,2020,rf,method,sel_diff_f10,0.05345862844845859,0.026178053562181326,24
orig31,G2F,2020,ridge_pc20,method,spearman,0.017920008489024173,0.011796348255162748,24
orig31,G2F,2020,ridge_pc20,method,sel_diff_f10,-0.07265970592104813,0.035480905636785444,24
orig31,G2F,2020,rn_ridge,method,spearman,-0.012847237531570079,0.016019665753416488,24
orig31,G2F,2020,rn_ridge,method,sel_diff_f10,0.008565769640451623,0.04178803957948788,24
orig31,G2F,2020,rn_ridge_real,method,spearman,-0.02534237812534824,0.01768429832687845,24
orig31,G2F,2020,rn_ridge_real,method,sel_diff_f10,-0.03773364408164338,0.05447526480772256,24
orig31,G2F,2022,Oracle,rule,spearman,0.011038236545817526,0.006517387717563931,27
orig31,G2F,2022,Oracle,rule,sel_diff_f10,0.0002916696041889659,0.01799896225955928,27
orig31,G2F,2022,R_CV,rule,spearman,-0.025615348788760133,0.013123518859432484,27
orig31,G2F,2022,R_CV,rule,sel_diff_f10,-0.07962091645733096,0.031143775939727045,27
orig31,G2F,2022,R_EQ,rule,spearman,0.02798115300227621,0.008791736748254151,27
orig31,G2F,2022,R_EQ,rule,sel_diff_f10,0.038275610141406534,0.03838985764847813,27
orig31,G2F,2022,R_FW,rule,spearman,-0.04017598017283778,0.011597351252828007,27
orig31,G2F,2022,R_FW,rule,sel_diff_f10,-0.011707004175283845,0.03927677897461185,27
orig31,G2F,2022,R_STK_CV,rule,spearman,0.03974332708432241,0.007294851892174476,27
orig31,G2F,2022,R_STK_CV,rule,sel_diff_f10,0.007743864402297708,0.024280381877228606,27
orig31,G2F,2022,R_STK_FW,rule,spearman,0.03397392295532909,0.008961049357356218,27
orig31,G2F,2022,R_STK_FW,rule,sel_diff_f10,-0.014524325011602448,0.0329508058758628,27
orig31,G2F,2022,dl_g,method,spearman,-0.011187048744943365,0.009605827311003451,27
orig31,G2F,2022,dl_g,method,sel_diff_f10,-0.02625027593561237,0.03196361773310994,27
orig31,G2F,2022,dl_ge,method,spearman,0.038320095059095456,0.014695243386320484,27
orig31,G2F,2022,dl_ge,method,sel_diff_f10,0.021526127189232427,0.044105028235528684,27
orig31,G2F,2022,gbm,method,spearman,-0.04017598017283779,0.011512846504085909,27
orig31,G2F,2022,gbm,method,sel_diff_f10,-0.011707004175283845,0.03903512540771539,27
orig31,G2F,2022,gxe_gbm,method,spearman,-0.025615348788760133,0.013590617218015482,27
orig31,G2F,2022,gxe_gbm,method,sel_diff_f10,-0.07962091645733096,0.03197276433771033,27
orig31,G2F,2022,gxe_gbm_real,method,spearman,-0.023712294075443174,0.011296975186882248,27
orig31,G2F,2022,gxe_gbm_real,method,sel_diff_f10,-0.07545068757493033,0.029810573116663616,27
orig31,G2F,2022,knn10,method,spearman,-0.06903072711716086,0.01196238619527384,27
orig31,G2F,2022,knn10,method,sel_diff_f10,-0.03419440761206691,0.029681860518161494,27
orig31,G2F,2022,knn30,method,spearman,-0.09306348178354774,0.013725348269577385,27
orig31,G2F,2022,knn30,method,sel_diff_f10,0.025212057310140687,0.04332187143927604,27
orig31,G2F,2022,mlp,method,spearman,-0.0805346775129288,0.012568684664432889,27
orig31,G2F,2022,mlp,method,sel_diff_f10,-0.06921030893040082,0.025388496692953212,27
orig31,G2F,2022,reml,method,spearman,0.01103823654581753,0.006472374653579755,27
orig31,G2F,2022,reml,method,sel_diff_f10,0.0002916696041889659,0.017635132628107807,27
orig31,G2F,2022,reml_x0.1,method,spearman,-0.016049453700653648,0.0053063093529126205,27
orig31,G2F,2022,reml_x0.1,method,sel_diff_f10,-0.03528325177927391,0.015050070797702904,27
orig31,G2F,2022,reml_x10,method,spearman,0.0015750983831872166,0.009515976931478846,27
orig31,G2F,2022,reml_x10,method,sel_diff_f10,-0.023220875688921075,0.038780904710060814,27
orig31,G2F,2022,reml_x100,method,spearman,-0.0445454195836073,0.011895020671078477,27
orig31,G2F,2022,reml_x100,method,sel_diff_f10,-0.1547021197578164,0.045201290946820724,27
orig31,G2F,2022,rf,method,spearman,-0.04449683097031102,0.009867452943495694,27
orig31,G2F,2022,rf,method,sel_diff_f10,-0.0509141203554793,0.03513464515793197,27
orig31,G2F,2022,ridge_pc20,method,spearman,-0.11860089549252704,0.009478259437252763,27
orig31,G2F,2022,ridge_pc20,method,sel_diff_f10,-0.2219170191771074,0.041754942548224705,27
orig31,G2F,2022,rn_ridge,method,spearman,-0.049228625062832244,0.015604448175812547,27
orig31,G2F,2022,rn_ridge,method,sel_diff_f10,-0.15654500921634842,0.0461106399354108,27
orig31,G2F,2022,rn_ridge_real,method,spearman,-0.028908062832256724,0.012092947123182629,27
orig31,G2F,2022,rn_ridge_real,method,sel_diff_f10,-0.14876738857261615,0.03415593809913527,27
orig31,G2F,2024,Oracle,rule,spearman,0.08439680005638137,0.017131956684703048,22
orig31,G2F,2024,Oracle,rule,sel_diff_f10,0.1515737476873367,0.04906844539170492,22
orig31,G2F,2024,R_CV,rule,spearman,0.0684051925848564,0.013482793942215986,22
orig31,G2F,2024,R_CV,rule,sel_diff_f10,0.25778466498406255,0.03541938067711105,22
orig31,G2F,2024,R_EQ,rule,spearman,0.05736063483373788,0.012713792807547782,22
orig31,G2F,2024,R_EQ,rule,sel_diff_f10,0.10652816507643012,0.04215644282757169,22
orig31,G2F,2024,R_FW,rule,spearman,0.08439680005638137,0.017264854816834634,22
orig31,G2F,2024,R_FW,rule,sel_diff_f10,0.1515737476873367,0.047936863806887844,22
orig31,G2F,2024,R_STK_CV,rule,spearman,0.08753852417487142,0.0077606040396559365,22
orig31,G2F,2024,R_STK_CV,rule,sel_diff_f10,0.20421355809768593,0.03750371707887689,22
orig31,G2F,2024,R_STK_FW,rule,spearman,0.09425639967511833,0.01000793680646694,22
orig31,G2F,2024,R_STK_FW,rule,sel_diff_f10,0.21385670786222113,0.04421222186588506,22
orig31,G2F,2024,dl_g,method,spearman,-0.04791985506734269,0.0218494373866117,22
orig31,G2F,2024,dl_g,method,sel_diff_f10,-0.0750197974435953,0.05122521011385538,22
orig31,G2F,2024,dl_ge,method,spearman,-0.048315293903366904,0.024941097782828683,22
orig31,G2F,2024,dl_ge,method,sel_diff_f10,-0.06231588060430416,0.05489481174837892,22
orig31,G2F,2024,gbm,method,spearman,0.04371135822729994,0.01870840233428951,22
orig31,G2F,2024,gbm,method,sel_diff_f10,0.2764799377226685,0.05084164294475829,22
orig31,G2F,2024,gxe_gbm,method,spearman,0.06840519258485643,0.013427574515843727,22
orig31,G2F,2024,gxe_gbm,method,sel_diff_f10,0.25778466498406255,0.03420777963651932,22
orig31,G2F,2024,gxe_gbm_real,method,spearman,0.06260149298302987,0.016499346439407488,22
orig31,G2F,2024,gxe_gbm_real,method,sel_diff_f10,0.2075506858106503,0.05208512256062921,22
orig31,G2F,2024,knn10,method,spearman,0.0185546802809162,0.022506925819393484,22
orig31,G2F,2024,knn10,method,sel_diff_f10,0.025290498049125035,0.05256199231303221,22
orig31,G2F,2024,knn30,method,spearman,0.06985975162375818,0.02218757131106509,22
orig31,G2F,2024,knn30,method,sel_diff_f10,0.20504466780666156,0.060528994008802905,22
orig31,G2F,2024,mlp,method,spearman,-0.06944356199316432,0.03281794702570044,22
orig31,G2F,2024,mlp,method,sel_diff_f10,-0.020644255183462627,0.062191126363014715,22
orig31,G2F,2024,reml,method,spearman,-0.06192478659298217,0.006399855887110034,22
orig31,G2F,2024,reml,method,sel_diff_f10,-0.1388223212090858,0.030515832539040593,22
orig31,G2F,2024,reml_x0.1,method,spearman,-0.05345609401679317,0.00974933502019533,22
orig31,G2F,2024,reml_x0.1,method,sel_diff_f10,-0.05874783705422921,0.02240399145046398,22
orig31,G2F,2024,reml_x10,method,spearman,-0.06955662522545782,0.011109249566330779,22
orig31,G2F,2024,reml_x10,method,sel_diff_f10,-0.24936208517698877,0.031479648213617636,22
orig31,G2F,2024,reml_x100,method,spearman,-0.1125925981656363,0.02481517313572793,22
orig31,G2F,2024,reml_x100,method,sel_diff_f10,-0.3371275827301099,0.03984337409823743,22
orig31,G2F,2024,rf,method,spearman,0.08439680005638138,0.017213063454964293,22
orig31,G2F,2024,rf,method,sel_diff_f10,0.1515737476873367,0.04860418731218818,22
orig31,G2F,2024,ridge_pc20,method,spearman,-0.10053189782369243,0.017531161131221412,22
orig31,G2F,2024,ridge_pc20,method,sel_diff_f10,-0.29771678074254554,0.04492662496092566,22
orig31,G2F,2024,rn_ridge,method,spearman,-0.013683245314238777,0.012905182930169968,22
orig31,G2F,2024,rn_ridge,method,sel_diff_f10,-0.11566772189845795,0.028165971091288447,22
orig31,G2F,2024,rn_ridge_real,method,spearman,0.001488243566886955,0.015042532041893826,22
orig31,G2F,2024,rn_ridge_real,method,sel_diff_f10,-0.03494865169857732,0.043347113991202085,22
orig31,NUST,2005,Oracle,rule,spearman,0.005494792080289503,0.01896261299022704,25
orig31,NUST,2005,Oracle,rule,sel_diff_f10,0.06452604341039693,0.07757693787716129,25
orig31,NUST,2005,R_CV,rule,spearman,-0.01061825358176399,0.02075703718182374,25
orig31,NUST,2005,R_CV,rule,sel_diff_f10,0.12249019493721022,0.07436512339988507,25
orig31,NUST,2005,R_EQ,rule,spearman,-0.006364906324247691,0.016807879798096302,25
orig31,NUST,2005,R_EQ,rule,sel_diff_f10,0.11664892300875711,0.07213356240755588,25
orig31,NUST,2005,R_FW,rule,spearman,0.0,0.0,25
orig31,NUST,2005,R_FW,rule,sel_diff_f10,0.0,0.0,25
orig31,NUST,2005,R_STK_CV,rule,spearman,-0.018341819350225254,0.020039375376252378,25
orig31,NUST,2005,R_STK_CV,rule,sel_diff_f10,0.11245693786742283,0.07563889523920546,25
orig31,NUST,2005,R_STK_FW,rule,spearman,0.0075288153303583565,0.00936973063441301,25
orig31,NUST,2005,R_STK_FW,rule,sel_diff_f10,0.04247231021273809,0.05461480347914386,25
orig31,NUST,2005,dl_g,method,spearman,-0.009856794663940537,0.009981529205547412,25
orig31,NUST,2005,dl_g,method,sel_diff_f10,-0.05824589329329628,0.09225810974947535,25
orig31,NUST,2005,gbm,method,spearman,-0.04789546710105347,0.02825426742322859,25
orig31,NUST,2005,gbm,method,sel_diff_f10,0.09501078150788515,0.09338371308572811,25
orig31,NUST,2005,knn10,method,spearman,-0.05774522675420608,0.03155020888902795,25
orig31,NUST,2005,knn10,method,sel_diff_f10,-0.03456953411835171,0.08808238934359046,25
orig31,NUST,2005,knn30,method,spearman,-0.05527069701103713,0.03193692196716429,25
orig31,NUST,2005,knn30,method,sel_diff_f10,-0.13873243510684802,0.10243253756352079,25
orig31,NUST,2005,mlp,method,spearman,-0.26952371737456515,0.07540206020135909,25
orig31,NUST,2005,mlp,method,sel_diff_f10,-0.4269457117888754,0.146068521231738,25
orig31,NUST,2005,reml,method,spearman,-0.03579419977516652,0.02689764636053185,25
orig31,NUST,2005,reml,method,sel_diff_f10,0.07213088180356617,0.07920547047570142,25
orig31,NUST,2005,reml_x0.1,method,spearman,-0.039427888992576,0.026762960320939198,25
orig31,NUST,2005,reml_x0.1,method,sel_diff_f10,0.09798774504444818,0.07840305153919849,25
orig31,NUST,2005,reml_x10,method,spearman,-0.010618253581764008,0.021138909306520726,25
orig31,NUST,2005,reml_x10,method,sel_diff_f10,0.12249019493721022,0.07442840542407139,25
orig31,NUST,2005,reml_x100,method,spearman,0.005494792080289503,0.01865175289305676,25
orig31,NUST,2005,reml_x100,method,sel_diff_f10,0.06452604341039693,0.07916788488981914,25
orig31,NUST,2005,rf,method,spearman,-0.05902016299340623,0.029867782436922737,25
orig31,NUST,2005,rf,method,sel_diff_f10,0.1650781579671161,0.08590299775379749,25
orig31,NUST,2005,ridge_pc20,method,spearman,-0.05331390968504865,0.03048903147001671,25
orig31,NUST,2005,ridge_pc20,method,sel_diff_f10,-0.04505674176985677,0.07871003881912085,25
orig31,NUST,2006,Oracle,rule,spearman,0.0,0.0,26
orig31,NUST,2006,Oracle,rule,sel_diff_f10,0.0,0.0,26
orig31,NUST,2006,R_CV,rule,spearman,0.0,0.0,26
orig31,NUST,2006,R_CV,rule,sel_diff_f10,0.0,0.0,26
orig31,NUST,2006,R_EQ,rule,spearman,-0.03081367590575518,0.019285932984147217,26
orig31,NUST,2006,R_EQ,rule,sel_diff_f10,-0.01260454597102867,0.11953450197169818,26
orig31,NUST,2006,R_FW,rule,spearman,0.0,0.0,26
orig31,NUST,2006,R_FW,rule,sel_diff_f10,0.0,0.0,26
orig31,NUST,2006,R_STK_CV,rule,spearman,-0.01005387290780081,0.01881973715417884,26
orig31,NUST,2006,R_STK_CV,rule,sel_diff_f10,0.022564408566768914,0.11391710935245057,26
orig31,NUST,2006,R_STK_FW,rule,spearman,-0.016084894442637797,0.013672546809846897,26
orig31,NUST,2006,R_STK_FW,rule,sel_diff_f10,0.04730670024060005,0.09063404708862684,26
orig31,NUST,2006,dl_g,method,spearman,-0.04573560408713581,0.026189859482780083,26
orig31,NUST,2006,dl_g,method,sel_diff_f10,-0.008741210291709694,0.09617652866509664,26
orig31,NUST,2006,gbm,method,spearman,-0.09077383568069261,0.04097823253074633,26
orig31,NUST,2006,gbm,method,sel_diff_f10,0.01358812091742326,0.13550503071888798,26
orig31,NUST,2006,knn10,method,spearman,-0.11933207619984641,0.032421172609458995,26
orig31,NUST,2006,knn10,method,sel_diff_f10,-0.32146061134864024,0.10801861076629263,26
orig31,NUST,2006,knn30,method,spearman,-0.05484229512549944,0.03411045771017019,26
orig31,NUST,2006,knn30,method,sel_diff_f10,-0.07488384409132333,0.12318891069065656,26
orig31,NUST,2006,mlp,method,spearman,-0.17942393357609296,0.044378616203731396,26
orig31,NUST,2006,mlp,method,sel_diff_f10,-0.214166581348665,0.12874730870590728,26
orig31,NUST,2006,reml,method,spearman,-0.08361969238537774,0.022964721176615285,26
orig31,NUST,2006,reml,method,sel_diff_f10,-0.031884006880786485,0.11363416626289152,26
orig31,NUST,2006,reml_x0.1,method,spearman,-0.11387611970263035,0.022673649200509006,26
orig31,NUST,2006,reml_x0.1,method,sel_diff_f10,-0.0034858554533268027,0.11853621574585091,26
orig31,NUST,2006,reml_x10,method,spearman,-0.049272116161016975,0.02915940996296687,26
orig31,NUST,2006,reml_x10,method,sel_diff_f10,-0.03873604304477864,0.10713309615415077,26
orig31,NUST,2006,reml_x100,method,spearman,-0.05178791455243502,0.030252920872606393,26
orig31,NUST,2006,reml_x100,method,sel_diff_f10,0.014991202439782008,0.13934267591149763,26
orig31,NUST,2006,rf,method,spearman,-0.056413455112523034,0.029062169373470836,26
orig31,NUST,2006,rf,method,sel_diff_f10,0.17370143621386275,0.1281025376728213,26
orig31,NUST,2006,ridge_pc20,method,spearman,-0.11635887588769205,0.04914596205438464,26
orig31,NUST,2006,ridge_pc20,method,sel_diff_f10,-0.1495714116105393,0.12286847897449064,26
orig31,NUST,2007,Oracle,rule,spearman,0.0,0.0,31
orig31,NUST,2007,Oracle,rule,sel_diff_f10,0.0,0.0,31
orig31,NUST,2007,R_CV,rule,spearman,0.0,0.0,31
orig31,NUST,2007,R_CV,rule,sel_diff_f10,0.0,0.0,31
orig31,NUST,2007,R_EQ,rule,spearman,-0.015905115698797778,0.025302671956591888,31
orig31,NUST,2007,R_EQ,rule,sel_diff_f10,0.14312927437923703,0.11385140067561816,31
orig31,NUST,2007,R_FW,rule,spearman,0.0,0.0,31
orig31,NUST,2007,R_FW,rule,sel_diff_f10,0.0,0.0,31
orig31,NUST,2007,R_STK_CV,rule,spearman,-0.011601402139152464,0.016143637147359422,31
orig31,NUST,2007,R_STK_CV,rule,sel_diff_f10,0.04901095688602322,0.05792191049815709,31
orig31,NUST,2007,R_STK_FW,rule,spearman,-0.018190080648543373,0.012117905140073758,31
orig31,NUST,2007,R_STK_FW,rule,sel_diff_f10,0.08067793335934842,0.06649793680659,31
orig31,NUST,2007,dl_g,method,spearman,-0.008758371738562804,0.013437841314280942,31
orig31,NUST,2007,dl_g,method,sel_diff_f10,0.03282296030263335,0.0330499628181588,31
orig31,NUST,2007,gbm,method,spearman,-0.01564670508542009,0.036841352753885476,31
orig31,NUST,2007,gbm,method,sel_diff_f10,0.12064904442032694,0.1117258028323391,31
orig31,NUST,2007,knn10,method,spearman,-0.1063443734494592,0.028307495651464745,31
orig31,NUST,2007,knn10,method,sel_diff_f10,0.011548253354389743,0.11160751225141062,31
orig31,NUST,2007,knn30,method,spearman,-0.10462538460297152,0.02661909763259617,31
orig31,NUST,2007,knn30,method,sel_diff_f10,-0.07803479975487801,0.10244961450851948,31
orig31,NUST,2007,mlp,method,spearman,-0.051732608556118456,0.03382350553744381,31
orig31,NUST,2007,mlp,method,sel_diff_f10,0.049752120948446825,0.10394554343704139,31
orig31,NUST,2007,reml,method,spearman,-0.01940593161008512,0.025426877860137018,31
orig31,NUST,2007,reml,method,sel_diff_f10,0.14432830446431877,0.11839872547076467,31
orig31,NUST,2007,reml_x0.1,method,spearman,-0.03768782330490597,0.028387927911250572,31
orig31,NUST,2007,reml_x0.1,method,sel_diff_f10,0.13956753691625848,0.11277675402493739,31
orig31,NUST,2007,reml_x10,method,spearman,-0.03868935388422499,0.02259447164402898,31
orig31,NUST,2007,reml_x10,method,sel_diff_f10,0.166002118176797,0.12102987427908961,31
orig31,NUST,2007,reml_x100,method,spearman,-0.07252697980357888,0.022161365097260438,31
orig31,NUST,2007,reml_x100,method,sel_diff_f10,0.1230213000007168,0.09695570634048838,31
orig31,NUST,2007,rf,method,spearman,-0.043255773031434484,0.032942979663438336,31
orig31,NUST,2007,rf,method,sel_diff_f10,0.2192486634706234,0.13743629055952233,31
orig31,NUST,2007,ridge_pc20,method,spearman,-0.09799950102271528,0.03535888118253279,31
orig31,NUST,2007,ridge_pc20,method,sel_diff_f10,-0.03927735162427056,0.11784552652301575,31
orig31,NUST,2008,Oracle,rule,spearman,0.0,0.0,27
orig31,NUST,2008,Oracle,rule,sel_diff_f10,0.0,0.0,27
orig31,NUST,2008,R_CV,rule,spearman,0.0,0.0,27
orig31,NUST,2008,R_CV,rule,sel_diff_f10,0.0,0.0,27
orig31,NUST,2008,R_EQ,rule,spearman,-0.03042303435893166,0.023472958144881644,27
orig31,NUST,2008,R_EQ,rule,sel_diff_f10,-0.041870229651706,0.08742416027024993,27
orig31,NUST,2008,R_FW,rule,spearman,0.0,0.0,27
orig31,NUST,2008,R_FW,rule,sel_diff_f10,0.0,0.0,27
orig31,NUST,2008,R_STK_CV,rule,spearman,-0.007624066691473357,0.016164257469153828,27
orig31,NUST,2008,R_STK_CV,rule,sel_diff_f10,0.012261455903775365,0.07790144267462606,27
orig31,NUST,2008,R_STK_FW,rule,spearman,-0.0030122342413837202,0.01317011702729599,27
orig31,NUST,2008,R_STK_FW,rule,sel_diff_f10,0.015583180851383174,0.06486024756638809,27
orig31,NUST,2008,dl_g,method,spearman,0.015000775555680437,0.012704853780942786,27
orig31,NUST,2008,dl_g,method,sel_diff_f10,-0.03881836327655304,0.05316534038011177,27
orig31,NUST,2008,gbm,method,spearman,-0.08264083003961516,0.030957262043076285,27
orig31,NUST,2008,gbm,method,sel_diff_f10,-0.09137693311033325,0.0684757658717414,27
orig31,NUST,2008,knn10,method,spearman,-0.09508970579979353,0.04632396495241931,27
orig31,NUST,2008,knn10,method,sel_diff_f10,-0.10968333990564373,0.11392578402755306,27
orig31,NUST,2008,knn30,method,spearman,-0.07806423745786104,0.039146929562740504,27
orig31,NUST,2008,knn30,method,sel_diff_f10,-0.21778074890668542,0.09172059165824462,27
orig31,NUST,2008,mlp,method,spearman,-0.10344209661208642,0.038369929178058385,27
orig31,NUST,2008,mlp,method,sel_diff_f10,-0.07332465218731919,0.11504181999688709,27
orig31,NUST,2008,reml,method,spearman,-0.02842755154019672,0.02361299182633365,27
orig31,NUST,2008,reml,method,sel_diff_f10,-0.09507390557652763,0.06165867433949082,27
orig31,NUST,2008,reml_x0.1,method,spearman,-0.06114618267659177,0.02519863025949745,27
orig31,NUST,2008,reml_x0.1,method,sel_diff_f10,-0.06096188601384777,0.06226975468772766,27
orig31,NUST,2008,reml_x10,method,spearman,-0.02610312273602863,0.02422249814175492,27
orig31,NUST,2008,reml_x10,method,sel_diff_f10,-0.1051480657633994,0.07409310192564222,27
orig31,NUST,2008,reml_x100,method,spearman,-0.02914014082495092,0.02053780090851489,27
orig31,NUST,2008,reml_x100,method,sel_diff_f10,-0.06320780466329327,0.08584367300732683,27
orig31,NUST,2008,rf,method,spearman,-0.0883129380529244,0.030981469944276266,27
orig31,NUST,2008,rf,method,sel_diff_f10,-0.009949305549184597,0.08161683130375735,27
orig31,NUST,2008,ridge_pc20,method,spearman,-0.10258344433546336,0.041059963421238806,27
orig31,NUST,2008,ridge_pc20,method,sel_diff_f10,-0.25951135070316744,0.0943206659584897,27
orig31,NUST,2009,Oracle,rule,spearman,0.0,0.0,23
orig31,NUST,2009,Oracle,rule,sel_diff_f10,0.0,0.0,23
orig31,NUST,2009,R_CV,rule,spearman,-0.014044818178780609,0.025068648560875227,23
orig31,NUST,2009,R_CV,rule,sel_diff_f10,-0.09955445802801498,0.0711064636519516,23
orig31,NUST,2009,R_EQ,rule,spearman,-0.006530906910087999,0.023716531511910607,23
orig31,NUST,2009,R_EQ,rule,sel_diff_f10,0.07918569000281525,0.047721791072549584,23
orig31,NUST,2009,R_FW,rule,spearman,0.0,0.0,23
orig31,NUST,2009,R_FW,rule,sel_diff_f10,0.0,0.0,23
orig31,NUST,2009,R_STK_CV,rule,spearman,0.0016593188343440228,0.015598349267704113,23
orig31,NUST,2009,R_STK_CV,rule,sel_diff_f10,0.03358526852777516,0.052936866003657455,23
orig31,NUST,2009,R_STK_FW,rule,spearman,0.005129230765856942,0.013072956021814366,23
orig31,NUST,2009,R_STK_FW,rule,sel_diff_f10,0.054981306910471865,0.0433022680375396,23
orig31,NUST,2009,dl_g,method,spearman,0.027892589691587664,0.011141392715855748,23
orig31,NUST,2009,dl_g,method,sel_diff_f10,0.035600928000937296,0.03751553281336531,23
orig31,NUST,2009,gbm,method,spearman,-0.05140869944412778,0.03719535980016291,23
orig31,NUST,2009,gbm,method,sel_diff_f10,-0.02407476401054114,0.06309586788834944,23
orig31,NUST,2009,knn10,method,spearman,-0.06556351923003477,0.03987107049428905,23
orig31,NUST,2009,knn10,method,sel_diff_f10,-0.35946132580578266,0.11723855692521892,23
orig31,NUST,2009,knn30,method,spearman,-0.03378903162860871,0.04153821399802125,23
orig31,NUST,2009,knn30,method,sel_diff_f10,-0.048857663311637,0.10697991000185623,23
orig31,NUST,2009,mlp,method,spearman,-0.11009678983984526,0.046420753187268474,23
orig31,NUST,2009,mlp,method,sel_diff_f10,-0.1937002679720635,0.12453465744323094,23
orig31,NUST,2009,reml,method,spearman,-0.02958601638857726,0.02994870200771778,23
orig31,NUST,2009,reml,method,sel_diff_f10,-0.17248568860188565,0.08794565218230485,23
orig31,NUST,2009,reml_x0.1,method,spearman,-0.06318045445953067,0.03714252114709762,23
orig31,NUST,2009,reml_x0.1,method,sel_diff_f10,-0.15596493764490493,0.08432738032187465,23
orig31,NUST,2009,reml_x10,method,spearman,-0.01404481817878059,0.025333510871244955,23
orig31,NUST,2009,reml_x10,method,sel_diff_f10,-0.09955445802801498,0.07237927643433645,23
orig31,NUST,2009,reml_x100,method,spearman,-0.04954722273398068,0.03588751004646926,23
orig31,NUST,2009,reml_x100,method,sel_diff_f10,-0.07945097932113739,0.10472942633312766,23
orig31,NUST,2009,rf,method,spearman,-0.027908512545486035,0.03343227489081092,23
orig31,NUST,2009,rf,method,sel_diff_f10,-0.04976430292572627,0.07056554386346624,23
orig31,NUST,2009,ridge_pc20,method,spearman,-0.046258151698914333,0.032875041855337496,23
orig31,NUST,2009,ridge_pc20,method,sel_diff_f10,-0.24755618774437899,0.07154169090046754,23
orig31,NUST,2010,Oracle,rule,spearman,0.0,0.0,33
orig31,NUST,2010,Oracle,rule,sel_diff_f10,0.0,0.0,33
orig31,NUST,2010,R_CV,rule,spearman,-0.02617405590616278,0.014331602474184931,33
orig31,NUST,2010,R_CV,rule,sel_diff_f10,0.056727882634677304,0.058391379704592274,33
orig31,NUST,2010,R_EQ,rule,spearman,0.010406289903565428,0.011787593087876792,33
orig31,NUST,2010,R_EQ,rule,sel_diff_f10,0.03261696451747387,0.07234799417876685,33
orig31,NUST,2010,R_FW,rule,spearman,0.0,0.0,33
orig31,NUST,2010,R_FW,rule,sel_diff_f10,0.0,0.0,33
orig31,NUST,2010,R_STK_CV,rule,spearman,0.01521159885078183,0.008033966942766074,33
orig31,NUST,2010,R_STK_CV,rule,sel_diff_f10,0.003053157523857469,0.05437163115268987,33
orig31,NUST,2010,R_STK_FW,rule,spearman,0.016961535109105485,0.005079162749404876,33
orig31,NUST,2010,R_STK_FW,rule,sel_diff_f10,0.019885148835622625,0.051247067493841156,33
orig31,NUST,2010,dl_g,method,spearman,-0.03824128137346575,0.013735651903483612,33
orig31,NUST,2010,dl_g,method,sel_diff_f10,-0.13007224949142895,0.061686994198226326,33
orig31,NUST,2010,gbm,method,spearman,-0.1075646007350425,0.021283418912225852,33
orig31,NUST,2010,gbm,method,sel_diff_f10,-0.11022774198156078,0.08111423828393778,33
orig31,NUST,2010,knn10,method,spearman,-0.042239746426898823,0.024856602628728842,33
orig31,NUST,2010,knn10,method,sel_diff_f10,0.03111926365890472,0.06500364323635761,33
orig31,NUST,2010,knn30,method,spearman,-0.07158068013668165,0.02032325545187864,33
orig31,NUST,2010,knn30,method,sel_diff_f10,-0.2607450876498173,0.08931921189806939,33
orig31,NUST,2010,mlp,method,spearman,-0.15627316353812998,0.023100076459938567,33
orig31,NUST,2010,mlp,method,sel_diff_f10,-0.14022463588463266,0.07158476076891561,33
orig31,NUST,2010,reml,method,spearman,-0.03179075578262334,0.018695183815148064,33
orig31,NUST,2010,reml,method,sel_diff_f10,0.026551785039520406,0.07953491300599572,33
orig31,NUST,2010,reml_x0.1,method,spearman,-0.08773789234849247,0.017982065097187375,33
orig31,NUST,2010,reml_x0.1,method,sel_diff_f10,-0.12051560589075644,0.0820598809006909,33
orig31,NUST,2010,reml_x10,method,spearman,-0.02617405590616278,0.014514261972551666,33
orig31,NUST,2010,reml_x10,method,sel_diff_f10,0.056727882634677304,0.05863698499490778,33
orig31,NUST,2010,reml_x100,method,spearman,-0.05716219959206933,0.01670401821875456,33
orig31,NUST,2010,reml_x100,method,sel_diff_f10,-0.18357218396808384,0.07929354530034738,33
orig31,NUST,2010,rf,method,spearman,-0.0543653926807378,0.01775988232599488,33
orig31,NUST,2010,rf,method,sel_diff_f10,0.08515686690980727,0.08139889068957969,33
orig31,NUST,2010,ridge_pc20,method,spearman,-0.11612434708620804,0.01679623290670517,33
orig31,NUST,2010,ridge_pc20,method,sel_diff_f10,-0.17628353769380778,0.0766317193055759,33
orig31,NUST,2011,Oracle,rule,spearman,0.013436389013217306,0.027161288457172323,34
orig31,NUST,2011,Oracle,rule,sel_diff_f10,-0.10115032863095876,0.08763815176322143,34
orig31,NUST,2011,R_CV,rule,spearman,0.0,0.0,34
orig31,NUST,2011,R_CV,rule,sel_diff_f10,0.0,0.0,34
orig31,NUST,2011,R_EQ,rule,spearman,0.008592024635100125,0.023128298983832826,34
orig31,NUST,2011,R_EQ,rule,sel_diff_f10,-0.15789741811520017,0.10203719577178459,34
orig31,NUST,2011,R_FW,rule,spearman,0.0,0.0,34
orig31,NUST,2011,R_FW,rule,sel_diff_f10,0.0,0.0,34
orig31,NUST,2011,R_STK_CV,rule,spearman,0.010289169429312664,0.015821401233160677,34
orig31,NUST,2011,R_STK_CV,rule,sel_diff_f10,-0.024157033243847353,0.08825283436730162,34
orig31,NUST,2011,R_STK_FW,rule,spearman,0.01587101702205601,0.012009752879185678,34
orig31,NUST,2011,R_STK_FW,rule,sel_diff_f10,0.08980502879030418,0.0508488724630474,34
orig31,NUST,2011,dl_g,method,spearman,0.003603809633826697,0.019589133973676887,34
orig31,NUST,2011,dl_g,method,sel_diff_f10,0.05781547260772765,0.08268453761410767,34
orig31,NUST,2011,gbm,method,spearman,-0.017314255031142395,0.033407508226160856,34
orig31,NUST,2011,gbm,method,sel_diff_f10,-0.11182595222436546,0.08643987554762556,34
orig31,NUST,2011,knn10,method,spearman,-0.047293156604543356,0.03544596435672071,34
orig31,NUST,2011,knn10,method,sel_diff_f10,-0.05339741235180506,0.11426092150756259,34
orig31,NUST,2011,knn30,method,spearman,-0.013557530941795652,0.02771811009000475,34
orig31,NUST,2011,knn30,method,sel_diff_f10,-0.06894817438563304,0.1227787057916069,34
orig31,NUST,2011,mlp,method,spearman,-0.10643920889209893,0.03327215069990596,34
orig31,NUST,2011,mlp,method,sel_diff_f10,-0.22679916546821313,0.09731324608035649,34
orig31,NUST,2011,reml,method,spearman,0.013436389013217323,0.026431334581579015,34
orig31,NUST,2011,reml,method,sel_diff_f10,-0.10115032863095876,0.08877572191921125,34
orig31,NUST,2011,reml_x0.1,method,spearman,-0.020775639252093473,0.0255990992514686,34
orig31,NUST,2011,reml_x0.1,method,sel_diff_f10,0.022116046201325897,0.07435353452036597,34
orig31,NUST,2011,reml_x10,method,spearman,-0.009621288172080682,0.027307170100421854,34
orig31,NUST,2011,reml_x10,method,sel_diff_f10,-0.11272878109211715,0.10507861753310156,34
orig31,NUST,2011,reml_x100,method,spearman,-0.0588896653898609,0.02706690700832147,34
orig31,NUST,2011,reml_x100,method,sel_diff_f10,-0.20544043963587602,0.10990695092556788,34
orig31,NUST,2011,rf,method,spearman,0.004046416363817308,0.028062826633022588,34
orig31,NUST,2011,rf,method,sel_diff_f10,-0.1293470292518533,0.1010549590820662,34
orig31,NUST,2011,ridge_pc20,method,spearman,-0.04930700287683626,0.030722080612898755,34
orig31,NUST,2011,ridge_pc20,method,sel_diff_f10,-0.027874659667221163,0.1286603388931158,34
orig31,NUST,2012,Oracle,rule,spearman,0.0,0.0,36
orig31,NUST,2012,Oracle,rule,sel_diff_f10,0.0,0.0,36
orig31,NUST,2012,R_CV,rule,spearman,-0.012224354613621929,0.016233594057181704,36
orig31,NUST,2012,R_CV,rule,sel_diff_f10,0.07755124190583532,0.07872366213387035,36
orig31,NUST,2012,R_EQ,rule,spearman,-0.009700837423524027,0.015141339829270099,36
orig31,NUST,2012,R_EQ,rule,sel_diff_f10,0.051314868534475616,0.07950183874851435,36
orig31,NUST,2012,R_FW,rule,spearman,0.0,0.0,36
orig31,NUST,2012,R_FW,rule,sel_diff_f10,0.0,0.0,36
orig31,NUST,2012,R_STK_CV,rule,spearman,0.006123739911959229,0.009759199485389738,36
orig31,NUST,2012,R_STK_CV,rule,sel_diff_f10,0.07827656451064853,0.0639755296413073,36
orig31,NUST,2012,R_STK_FW,rule,spearman,-0.0021869502140671924,0.009011490863654156,36
orig31,NUST,2012,R_STK_FW,rule,sel_diff_f10,0.026509193892756275,0.04592552267675443,36
orig31,NUST,2012,dl_g,method,spearman,-0.005213979803109868,0.012080167397220521,36
orig31,NUST,2012,dl_g,method,sel_diff_f10,-0.07636434119814527,0.05254820163893011,36
orig31,NUST,2012,gbm,method,spearman,-0.0355987896576114,0.025136630179599558,36
orig31,NUST,2012,gbm,method,sel_diff_f10,-0.07691477391417062,0.09162101726889377,36
orig31,NUST,2012,knn10,method,spearman,-0.10194785314960707,0.02904753650931102,36
orig31,NUST,2012,knn10,method,sel_diff_f10,-0.020670232204837716,0.09785022694603449,36
orig31,NUST,2012,knn30,method,spearman,-0.06134281811205611,0.018589986122331124,36
orig31,NUST,2012,knn30,method,sel_diff_f10,0.05830623695943295,0.07807617040499339,36
orig31,NUST,2012,mlp,method,spearman,-0.043556085275253745,0.024613828372960268,36
orig31,NUST,2012,mlp,method,sel_diff_f10,0.04029610149901069,0.06654380431874603,36
orig31,NUST,2012,reml,method,spearman,-0.025456989867570962,0.01615989760138455,36
orig31,NUST,2012,reml,method,sel_diff_f10,0.01068635393922497,0.0781810292421407,36
orig31,NUST,2012,reml_x0.1,method,spearman,-0.04735557032863342,0.020193444365816764,36
orig31,NUST,2012,reml_x0.1,method,sel_diff_f10,-0.06781205011373956,0.08840603406529368,36
orig31,NUST,2012,reml_x10,method,spearman,-0.012224354613621907,0.01607920053458651,36
orig31,NUST,2012,reml_x10,method,sel_diff_f10,0.07755124190583532,0.07777553779713646,36
orig31,NUST,2012,reml_x100,method,spearman,-0.016482599177033836,0.018829258438275622,36
orig31,NUST,2012,reml_x100,method,sel_diff_f10,0.10174915870321634,0.07627506288411294,36
orig31,NUST,2012,rf,method,spearman,-0.021657883999005843,0.01910053891316308,36
orig31,NUST,2012,rf,method,sel_diff_f10,-0.11223765146138615,0.08166226486667694,36
orig31,NUST,2012,ridge_pc20,method,spearman,-0.031800363019880484,0.022255651458501835,36
orig31,NUST,2012,ridge_pc20,method,sel_diff_f10,0.035168935385558674,0.060142655958304585,36
orig31,NUST,2013,Oracle,rule,spearman,0.0,0.0,40
orig31,NUST,2013,Oracle,rule,sel_diff_f10,0.0,0.0,40
orig31,NUST,2013,R_CV,rule,spearman,-0.033364760222648476,0.024303901685682288,40
orig31,NUST,2013,R_CV,rule,sel_diff_f10,-0.08933747761192656,0.09496429764500207,40
orig31,NUST,2013,R_EQ,rule,spearman,-0.03317058212316562,0.01749531442871926,40
orig31,NUST,2013,R_EQ,rule,sel_diff_f10,-0.07900913823010888,0.08086671396485633,40
orig31,NUST,2013,R_FW,rule,spearman,0.0,0.0,40
orig31,NUST,2013,R_FW,rule,sel_diff_f10,0.0,0.0,40
orig31,NUST,2013,R_STK_CV,rule,spearman,-0.016057815932865135,0.01425597304511818,40
orig31,NUST,2013,R_STK_CV,rule,sel_diff_f10,-0.007083207600557212,0.07614554534495763,40
orig31,NUST,2013,R_STK_FW,rule,spearman,-0.007499860105252347,0.010043025439453327,40
orig31,NUST,2013,R_STK_FW,rule,sel_diff_f10,-0.04600818279608106,0.06462925061896137,40
orig31,NUST,2013,dl_g,method,spearman,-0.026843696057351884,0.013767263504286831,40
orig31,NUST,2013,dl_g,method,sel_diff_f10,-0.07040796333787641,0.0852651379639721,40
orig31,NUST,2013,gbm,method,spearman,-0.08102805216335407,0.019219540119893748,40
orig31,NUST,2013,gbm,method,sel_diff_f10,-0.13696636131288592,0.08526287557495363,40
orig31,NUST,2013,knn10,method,spearman,-0.09149434157980277,0.02742549976283539,40
orig31,NUST,2013,knn10,method,sel_diff_f10,-0.06044496382295882,0.07498173255724487,40
orig31,NUST,2013,knn30,method,spearman,-0.062127772446107496,0.027087603008481394,40
orig31,NUST,2013,knn30,method,sel_diff_f10,-0.12426476135943779,0.10613262817368083,40
orig31,NUST,2013,mlp,method,spearman,-0.07984512514991235,0.021956166886007208,40
orig31,NUST,2013,mlp,method,sel_diff_f10,-0.034377656151368896,0.09746057803729892,40
orig31,NUST,2013,reml,method,spearman,-0.020696276794078115,0.016011750417117866,40
orig31,NUST,2013,reml,method,sel_diff_f10,0.026419140557051413,0.05705258184823527,40
orig31,NUST,2013,reml_x0.1,method,spearman,-0.05033223944749134,0.013010967793938144,40
orig31,NUST,2013,reml_x0.1,method,sel_diff_f10,-0.12313900221776539,0.05585842670927782,40
orig31,NUST,2013,reml_x10,method,spearman,-0.033364760222648476,0.02390445193277284,40
orig31,NUST,2013,reml_x10,method,sel_diff_f10,-0.08933747761192656,0.0976572489219008,40
orig31,NUST,2013,reml_x100,method,spearman,-0.056652226458630564,0.027016756809399956,40
orig31,NUST,2013,reml_x100,method,sel_diff_f10,-0.083422900042959,0.09019157717014464,40
orig31,NUST,2013,rf,method,spearman,-0.06948778210985011,0.022360797018290413,40
orig31,NUST,2013,rf,method,sel_diff_f10,-0.21671564103380048,0.08895589685877686,40
orig31,NUST,2013,ridge_pc20,method,spearman,-0.05886958049649236,0.032693330674416446,40
orig31,NUST,2013,ridge_pc20,method,sel_diff_f10,-0.06387211972415667,0.09182466407594281,40
orig31,NUST,2014,Oracle,rule,spearman,0.0,0.0,37
orig31,NUST,2014,Oracle,rule,sel_diff_f10,0.0,0.0,37
orig31,NUST,2014,R_CV,rule,spearman,0.0,0.0,37
orig31,NUST,2014,R_CV,rule,sel_diff_f10,0.0,0.0,37
orig31,NUST,2014,R_EQ,rule,spearman,-0.026018969566602504,0.021147521352463138,37
orig31,NUST,2014,R_EQ,rule,sel_diff_f10,-0.02406900349244917,0.07511385008115049,37
orig31,NUST,2014,R_FW,rule,spearman,0.0,0.0,37
orig31,NUST,2014,R_FW,rule,sel_diff_f10,0.0,0.0,37
orig31,NUST,2014,R_STK_CV,rule,spearman,-0.023798185344160033,0.01781125475510997,37
orig31,NUST,2014,R_STK_CV,rule,sel_diff_f10,-0.09413197047231166,0.072018955001715,37
orig31,NUST,2014,R_STK_FW,rule,spearman,-0.014167567809212758,0.012012005828131668,37
orig31,NUST,2014,R_STK_FW,rule,sel_diff_f10,-0.004122371779302044,0.05120914681180899,37
orig31,NUST,2014,dl_g,method,spearman,-0.005055682564894821,0.015188463279605081,37
orig31,NUST,2014,dl_g,method,sel_diff_f10,-0.07937498862260389,0.05156740519118981,37
orig31,NUST,2014,gbm,method,spearman,-0.05861442794096781,0.020210316846062046,37
orig31,NUST,2014,gbm,method,sel_diff_f10,-0.01652116306800801,0.07610703479774382,37
orig31,NUST,2014,knn10,method,spearman,-0.11225844802417481,0.030578420127371803,37
orig31,NUST,2014,knn10,method,sel_diff_f10,-0.4120522164459875,0.09988236910004387,37
orig31,NUST,2014,knn30,method,spearman,-0.10266807244528295,0.029826060120413292,37
orig31,NUST,2014,knn30,method,sel_diff_f10,-0.31508656960845566,0.10081379883343693,37
orig31,NUST,2014,mlp,method,spearman,-0.07225766687528705,0.025937277810422238,37
orig31,NUST,2014,mlp,method,sel_diff_f10,-0.04511656452000825,0.07601094287567219,37
orig31,NUST,2014,reml,method,spearman,-0.023096329286833993,0.01957259467810835,37
orig31,NUST,2014,reml,method,sel_diff_f10,-0.12759828840464055,0.0890285285238823,37
orig31,NUST,2014,reml_x0.1,method,spearman,-0.024810974536819894,0.01583835491245401,37
orig31,NUST,2014,reml_x0.1,method,sel_diff_f10,-0.13116907504742742,0.08497485899257616,37
orig31,NUST,2014,reml_x10,method,spearman,-0.050893559575849366,0.027346145740600628,37
orig31,NUST,2014,reml_x10,method,sel_diff_f10,-0.1909745764988311,0.11026354939661108,37
orig31,NUST,2014,reml_x100,method,spearman,-0.08047012158722079,0.02919110264518934,37
orig31,NUST,2014,reml_x100,method,sel_diff_f10,-0.18012626595664818,0.1010636363300277,37
orig31,NUST,2014,rf,method,spearman,-0.04699920089200839,0.01968449746331031,37
orig31,NUST,2014,rf,method,sel_diff_f10,0.011506805370732183,0.08510204293477437,37
orig31,NUST,2014,ridge_pc20,method,spearman,-0.07983768887048681,0.03143405404834567,37
orig31,NUST,2014,ridge_pc20,method,sel_diff_f10,-0.2549802276680048,0.10219532282944449,37
orig31,NUST,2015,Oracle,rule,spearman,0.0,0.0,41
orig31,NUST,2015,Oracle,rule,sel_diff_f10,0.0,0.0,41
orig31,NUST,2015,R_CV,rule,spearman,0.0,0.0,41
orig31,NUST,2015,R_CV,rule,sel_diff_f10,0.0,0.0,41
orig31,NUST,2015,R_EQ,rule,spearman,-0.0707648537586033,0.018638187355201414,41
orig31,NUST,2015,R_EQ,rule,sel_diff_f10,-0.062047678027743434,0.07137807927661717,41
orig31,NUST,2015,R_FW,rule,spearman,0.0,0.0,41
orig31,NUST,2015,R_FW,rule,sel_diff_f10,0.0,0.0,41
orig31,NUST,2015,R_STK_CV,rule,spearman,-0.027022776309992072,0.009987576608550972,41
orig31,NUST,2015,R_STK_CV,rule,sel_diff_f10,-0.07359730577906139,0.05391962815590695,41
orig31,NUST,2015,R_STK_FW,rule,spearman,-0.020537861910366686,0.008032457887169664,41
orig31,NUST,2015,R_STK_FW,rule,sel_diff_f10,-0.03205367769800855,0.047598947867870146,41
orig31,NUST,2015,dl_g,method,spearman,0.014783329759529224,0.01425090497367821,41
orig31,NUST,2015,dl_g,method,sel_diff_f10,0.005708281751566996,0.0591000444397685,41
orig31,NUST,2015,gbm,method,spearman,-0.08399679055235522,0.023515510336863846,41
orig31,NUST,2015,gbm,method,sel_diff_f10,-0.11548024975047604,0.06795236304394524,41
orig31,NUST,2015,knn10,method,spearman,-0.12815291880516053,0.024228931179717212,41
orig31,NUST,2015,knn10,method,sel_diff_f10,-0.2262564159552195,0.09516462027571912,41
orig31,NUST,2015,knn30,method,spearman,-0.14114587688019575,0.021946820063492092,41
orig31,NUST,2015,knn30,method,sel_diff_f10,-0.29454018441250507,0.10197093090345012,41
orig31,NUST,2015,mlp,method,spearman,-0.127555669439395,0.01788408705226633,41
orig31,NUST,2015,mlp,method,sel_diff_f10,-0.11997616014841657,0.07049621073374453,41
orig31,NUST,2015,reml,method,spearman,-0.08988315975612649,0.018530964620809585,41
orig31,NUST,2015,reml,method,sel_diff_f10,-0.1219257861125447,0.06640216101273307,41
orig31,NUST,2015,reml_x0.1,method,spearman,-0.11548418774170953,0.01915619225836084,41
orig31,NUST,2015,reml_x0.1,method,sel_diff_f10,-0.3099489244496732,0.06724411681182295,41
orig31,NUST,2015,reml_x10,method,spearman,-0.07494417591766948,0.021160735807020603,41
orig31,NUST,2015,reml_x10,method,sel_diff_f10,-0.13758795279976482,0.0664722745417385,41
orig31,NUST,2015,reml_x100,method,spearman,-0.07619441473390384,0.021230748775511732,41
orig31,NUST,2015,reml_x100,method,sel_diff_f10,-0.14298849867205995,0.07889217090865323,41
orig31,NUST,2015,rf,method,spearman,-0.10618603273565368,0.022870078234251107,41
orig31,NUST,2015,rf,method,sel_diff_f10,-0.16143944202396915,0.08012086771369269,41
orig31,NUST,2015,ridge_pc20,method,spearman,-0.10197132954932167,0.022440812848397457,41
orig31,NUST,2015,ridge_pc20,method,sel_diff_f10,-0.13200229437045652,0.08070712970966541,41
orig31,NUST,2016,Oracle,rule,spearman,0.0,0.0,41
orig31,NUST,2016,Oracle,rule,sel_diff_f10,0.0,0.0,41
orig31,NUST,2016,R_CV,rule,spearman,0.0,0.0,41
orig31,NUST,2016,R_CV,rule,sel_diff_f10,0.0,0.0,41
orig31,NUST,2016,R_EQ,rule,spearman,-0.005098985856688373,0.016343708698324955,41
orig31,NUST,2016,R_EQ,rule,sel_diff_f10,-0.09562305101461292,0.04799525656678251,41
orig31,NUST,2016,R_FW,rule,spearman,0.0,0.0,41
orig31,NUST,2016,R_FW,rule,sel_diff_f10,0.0,0.0,41
orig31,NUST,2016,R_STK_CV,rule,spearman,0.018317466102035777,0.010145276042226932,41
orig31,NUST,2016,R_STK_CV,rule,sel_diff_f10,-0.03855952654120951,0.037274494109824946,41
orig31,NUST,2016,R_STK_FW,rule,spearman,0.01837094596588644,0.007132147568351809,41
orig31,NUST,2016,R_STK_FW,rule,sel_diff_f10,0.021810281155045606,0.030060321066250735,41
orig31,NUST,2016,dl_g,method,spearman,0.039841077410775666,0.010116866279209873,41
orig31,NUST,2016,dl_g,method,sel_diff_f10,0.03245046785030357,0.03276626720100866,41
orig31,NUST,2016,gbm,method,spearman,-0.07306386000487876,0.02007842500171872,41
orig31,NUST,2016,gbm,method,sel_diff_f10,-0.006442461608429964,0.07475821805519883,41
orig31,NUST,2016,knn10,method,spearman,-0.12682959597640828,0.02899146013982247,41
orig31,NUST,2016,knn10,method,sel_diff_f10,-0.15377415712223894,0.06208681377981474,41
orig31,NUST,2016,knn30,method,spearman,-0.09388431265975476,0.026719745666031247,41
orig31,NUST,2016,knn30,method,sel_diff_f10,-0.3536546513333911,0.07933732074031066,41
orig31,NUST,2016,mlp,method,spearman,-0.08537209500396244,0.023874667096123278,41
orig31,NUST,2016,mlp,method,sel_diff_f10,-0.13769342722999645,0.0707816139283655,41
orig31,NUST,2016,reml,method,spearman,-0.025803501133866532,0.018602245023582126,41
orig31,NUST,2016,reml,method,sel_diff_f10,-0.0991371933406871,0.04940377656910303,41
orig31,NUST,2016,reml_x0.1,method,spearman,-0.09334205448952197,0.019560520305101088,41
orig31,NUST,2016,reml_x0.1,method,sel_diff_f10,-0.15735108678617024,0.05059095609413765,41
orig31,NUST,2016,reml_x10,method,spearman,-0.0011683191572607074,0.022078860999556357,41
orig31,NUST,2016,reml_x10,method,sel_diff_f10,-0.10453055370840242,0.06732226055713596,41
orig31,NUST,2016,reml_x100,method,spearman,-0.042663668659099686,0.028817759900673253,41
orig31,NUST,2016,reml_x100,method,sel_diff_f10,-0.044319055076534435,0.098532503475659,41
orig31,NUST,2016,rf,method,spearman,-0.043899643506143796,0.020427577194284063,41
orig31,NUST,2016,rf,method,sel_diff_f10,0.028974931924631204,0.07957282542664487,41
orig31,NUST,2016,ridge_pc20,method,spearman,-0.05315339392328357,0.02369099977749975,41
orig31,NUST,2016,ridge_pc20,method,sel_diff_f10,-0.15777430145251545,0.0879533214714657,41
orig31,NUST,2017,Oracle,rule,spearman,0.0,0.0,40
orig31,NUST,2017,Oracle,rule,sel_diff_f10,0.0,0.0,40
orig31,NUST,2017,R_CV,rule,spearman,0.0,0.0,40
orig31,NUST,2017,R_CV,rule,sel_diff_f10,0.0,0.0,40
orig31,NUST,2017,R_EQ,rule,spearman,-0.012468724089626081,0.016624984888635647,40
orig31,NUST,2017,R_EQ,rule,sel_diff_f10,-0.05677030835351275,0.05709804189837544,40
orig31,NUST,2017,R_FW,rule,spearman,0.0,0.0,40
orig31,NUST,2017,R_FW,rule,sel_diff_f10,0.0,0.0,40
orig31,NUST,2017,R_STK_CV,rule,spearman,0.016655979713729143,0.008250654120095935,40
orig31,NUST,2017,R_STK_CV,rule,sel_diff_f10,0.009694246242532758,0.04089433994941813,40
orig31,NUST,2017,R_STK_FW,rule,spearman,0.01108553683740378,0.006483272397235424,40
orig31,NUST,2017,R_STK_FW,rule,sel_diff_f10,0.041262158921456356,0.03673738005808115,40
orig31,NUST,2017,dl_g,method,spearman,-0.004722357211511011,0.008840041909544093,40
orig31,NUST,2017,dl_g,method,sel_diff_f10,-0.037838078121619365,0.056874301907751945,40
orig31,NUST,2017,gbm,method,spearman,-0.041334712398444926,0.022293032476269462,40
orig31,NUST,2017,gbm,method,sel_diff_f10,-0.012554152853773815,0.05172948822836788,40
orig31,NUST,2017,knn10,method,spearman,-0.055628664959068486,0.02926193077914808,40
orig31,NUST,2017,knn10,method,sel_diff_f10,-0.11395016223325996,0.07974403340205986,40
orig31,NUST,2017,knn30,method,spearman,-0.04294434920021332,0.02679701908787447,40
orig31,NUST,2017,knn30,method,sel_diff_f10,-0.15663733408725852,0.07065862192545663,40
orig31,NUST,2017,mlp,method,spearman,-0.13267850582660118,0.022134603720874082,40
orig31,NUST,2017,mlp,method,sel_diff_f10,-0.29413982872649214,0.08859882834036394,40
orig31,NUST,2017,reml,method,spearman,-0.046311014055543887,0.020760903413998968,40
orig31,NUST,2017,reml,method,sel_diff_f10,-0.10375307968956442,0.06971401566666023,40
orig31,NUST,2017,reml_x0.1,method,spearman,-0.10353038079207315,0.024529076344400134,40
orig31,NUST,2017,reml_x0.1,method,sel_diff_f10,-0.1834490012014785,0.06500343209083376,40
orig31,NUST,2017,reml_x10,method,spearman,-0.010362929200835187,0.01931155962425209,40
orig31,NUST,2017,reml_x10,method,sel_diff_f10,-0.07649507935318862,0.0548481845157694,40
orig31,NUST,2017,reml_x100,method,spearman,-0.04137130717254929,0.023240919450141406,40
orig31,NUST,2017,reml_x100,method,sel_diff_f10,-0.15891438291616797,0.058914078508784856,40
orig31,NUST,2017,rf,method,spearman,-0.03771449191039875,0.023555469412533326,40
orig31,NUST,2017,rf,method,sel_diff_f10,-0.09069317365089917,0.06278780403954619,40
orig31,NUST,2017,ridge_pc20,method,spearman,-0.04000624582521356,0.023896300325770132,40
orig31,NUST,2017,ridge_pc20,method,sel_diff_f10,-0.16531317327738573,0.06221971983127452,40
orig31,NUST,2019,Oracle,rule,spearman,0.0,0.0,34
orig31,NUST,2019,Oracle,rule,sel_diff_f10,0.0,0.0,34
orig31,NUST,2019,R_CV,rule,spearman,0.0,0.0,34
orig31,NUST,2019,R_CV,rule,sel_diff_f10,0.0,0.0,34
orig31,NUST,2019,R_EQ,rule,spearman,-0.039789468356787046,0.012801911279149062,34
orig31,NUST,2019,R_EQ,rule,sel_diff_f10,0.011083305955743358,0.05700011752944016,34
orig31,NUST,2019,R_FW,rule,spearman,0.0,0.0,34
orig31,NUST,2019,R_FW,rule,sel_diff_f10,0.0,0.0,34
orig31,NUST,2019,R_STK_CV,rule,spearman,-0.012390038204767195,0.009122265139157275,34
orig31,NUST,2019,R_STK_CV,rule,sel_diff_f10,-0.0075300519597576235,0.03876474191692287,34
orig31,NUST,2019,R_STK_FW,rule,spearman,-0.011056374632868519,0.007344869304102063,34
orig31,NUST,2019,R_STK_FW,rule,sel_diff_f10,0.016157335809589266,0.02966132655287586,34
orig31,NUST,2019,dl_g,method,spearman,-0.017158334436566378,0.013707122016277709,34
orig31,NUST,2019,dl_g,method,sel_diff_f10,-0.005579613998580389,0.06035734115011599,34
orig31,NUST,2019,gbm,method,spearman,-0.07018719461794473,0.01575675677776968,34
orig31,NUST,2019,gbm,method,sel_diff_f10,-0.026513431472170137,0.0631807213673393,34
orig31,NUST,2019,knn10,method,spearman,-0.12126235404142696,0.018873457009106462,34
orig31,NUST,2019,knn10,method,sel_diff_f10,-0.13563491265569022,0.07634311362075222,34
orig31,NUST,2019,knn30,method,spearman,-0.0998841502075479,0.020549948466751747,34
orig31,NUST,2019,knn30,method,sel_diff_f10,-0.18968822668095106,0.07988361539973456,34
orig31,NUST,2019,mlp,method,spearman,-0.10547932170798753,0.01636400207816177,34
orig31,NUST,2019,mlp,method,sel_diff_f10,-0.18655366268838106,0.08108153235165509,34
orig31,NUST,2019,reml,method,spearman,-0.04171129828382947,0.013755558674597369,34
orig31,NUST,2019,reml,method,sel_diff_f10,-0.010347071256280543,0.05429977205416223,34
orig31,NUST,2019,reml_x0.1,method,spearman,-0.048109141860742846,0.018569309293417484,34
orig31,NUST,2019,reml_x0.1,method,sel_diff_f10,-0.028034987905542125,0.05551695954195115,34
orig31,NUST,2019,reml_x10,method,spearman,-0.07272895247710513,0.021094584356208444,34
orig31,NUST,2019,reml_x10,method,sel_diff_f10,-0.15642040919040695,0.07616214254921105,34
orig31,NUST,2019,reml_x100,method,spearman,-0.10420965746316775,0.02548815796792758,34
orig31,NUST,2019,reml_x100,method,sel_diff_f10,-0.20433224351509124,0.07232490087567747,34
orig31,NUST,2019,rf,method,spearman,-0.07027046801476698,0.015869838391973652,34
orig31,NUST,2019,rf,method,sel_diff_f10,-0.02863391759756227,0.06887789571209832,34
orig31,NUST,2019,ridge_pc20,method,spearman,-0.10638702716820178,0.02250772527635731,34
orig31,NUST,2019,ridge_pc20,method,sel_diff_f10,-0.20783540474551346,0.07439120702875893,34
orig31,NUST,2020,Oracle,rule,spearman,0.0,0.0,31
orig31,NUST,2020,Oracle,rule,sel_diff_f10,0.0,0.0,31
orig31,NUST,2020,R_CV,rule,spearman,0.0,0.0,31
orig31,NUST,2020,R_CV,rule,sel_diff_f10,0.0,0.0,31
orig31,NUST,2020,R_EQ,rule,spearman,-0.031206145701626734,0.019451610899021837,31
orig31,NUST,2020,R_EQ,rule,sel_diff_f10,-0.010827621245426862,0.057598829114638074,31
orig31,NUST,2020,R_FW,rule,spearman,0.0,0.0,31
orig31,NUST,2020,R_FW,rule,sel_diff_f10,0.0,0.0,31
orig31,NUST,2020,R_STK_CV,rule,spearman,-0.0035184405187145846,0.011968143420019745,31
orig31,NUST,2020,R_STK_CV,rule,sel_diff_f10,0.06220078142641759,0.0359465321113665,31
orig31,NUST,2020,R_STK_FW,rule,spearman,-0.00032217431275376857,0.00997804696491094,31
orig31,NUST,2020,R_STK_FW,rule,sel_diff_f10,0.03714430762599766,0.03116834710718699,31
orig31,NUST,2020,dl_g,method,spearman,-0.028678271713330483,0.017458199262303197,31
orig31,NUST,2020,dl_g,method,sel_diff_f10,-0.025952845786477528,0.04627816499723868,31
orig31,NUST,2020,gbm,method,spearman,-0.06536471891818729,0.022422966398943676,31
orig31,NUST,2020,gbm,method,sel_diff_f10,-0.08063891154910148,0.0538739169785558,31
orig31,NUST,2020,knn10,method,spearman,-0.052673036127572216,0.026465892905017854,31
orig31,NUST,2020,knn10,method,sel_diff_f10,-0.21449125076756342,0.11393069612801823,31
orig31,NUST,2020,knn30,method,spearman,-0.08345253991407157,0.026832701479756915,31
orig31,NUST,2020,knn30,method,sel_diff_f10,-0.24265831938572774,0.1104023855504018,31
orig31,NUST,2020,mlp,method,spearman,-0.11699805076368579,0.028827342399792313,31
orig31,NUST,2020,mlp,method,sel_diff_f10,-0.17857663732193338,0.09359343096116499,31
orig31,NUST,2020,reml,method,spearman,-0.038269142919739124,0.018297891754083945,31
orig31,NUST,2020,reml,method,sel_diff_f10,-0.24390900640333515,0.0650385676534803,31
orig31,NUST,2020,reml_x0.1,method,spearman,-0.05201915005668057,0.01833976771381442,31
orig31,NUST,2020,reml_x0.1,method,sel_diff_f10,-0.10250569550353719,0.06506517760101041,31
orig31,NUST,2020,reml_x10,method,spearman,-0.05281291741585169,0.024026156957709884,31
orig31,NUST,2020,reml_x10,method,sel_diff_f10,-0.22663304296558573,0.08776804025411378,31
orig31,NUST,2020,reml_x100,method,spearman,-0.07159693072618636,0.028716966986273615,31
orig31,NUST,2020,reml_x100,method,sel_diff_f10,-0.16788839540019898,0.10914955124262035,31
orig31,NUST,2020,rf,method,spearman,-0.040924954948026164,0.024989465352416432,31
orig31,NUST,2020,rf,method,sel_diff_f10,-0.07182060989907144,0.057606407180646114,31
orig31,NUST,2020,ridge_pc20,method,spearman,-0.06779198860206623,0.029680593206891634,31
orig31,NUST,2020,ridge_pc20,method,sel_diff_f10,-0.2606372639105327,0.10750645638410818,31
orig31,URSN,1999,Oracle,rule,spearman,0.09563724702442462,0.04036924485710754,5
orig31,URSN,1999,Oracle,rule,sel_diff_f10,0.0,0.0,5
orig31,URSN,1999,R_CV,rule,spearman,0.09563724702442462,0.04147647712574898,5
orig31,URSN,1999,R_CV,rule,sel_diff_f10,0.0,0.0,5
orig31,URSN,1999,R_EQ,rule,spearman,0.10522698079397368,0.042771749237017785,5
orig31,URSN,1999,R_EQ,rule,sel_diff_f10,0.0,0.0,5
orig31,URSN,1999,R_FW,rule,spearman,-0.17666641409337652,0.09476859834207167,5
orig31,URSN,1999,R_FW,rule,sel_diff_f10,0.0,0.0,5
orig31,URSN,1999,R_STK_CV,rule,spearman,0.13071710786124197,0.028461181549871,5
orig31,URSN,1999,R_STK_CV,rule,sel_diff_f10,0.0,0.0,5
orig31,URSN,1999,R_STK_FW,rule,spearman,-0.12421000219507192,0.04388393182000556,5
orig31,URSN,1999,R_STK_FW,rule,sel_diff_f10,0.0,0.0,5
orig31,URSN,1999,dl_g,method,spearman,-0.018127155659453293,0.0438348970697031,5
orig31,URSN,1999,dl_g,method,sel_diff_f10,0.0,0.0,5
orig31,URSN,1999,dl_ge,method,spearman,-0.07579473531220222,0.019492468200823294,5
orig31,URSN,1999,dl_ge,method,sel_diff_f10,0.0,0.0,5
orig31,URSN,1999,gbm,method,sel_diff_f10,-1.2865432958037173,0.4537817752420936,5
orig31,URSN,1999,gxe_gbm,method,spearman,-0.16094046919016783,0.08162184237253217,5
orig31,URSN,1999,gxe_gbm,method,sel_diff_f10,0.0,0.0,5
orig31,URSN,1999,gxe_gbm_real,method,spearman,-0.18424475775823884,0.08331210519063226,5
orig31,URSN,1999,gxe_gbm_real,method,sel_diff_f10,0.0,0.0,5
orig31,URSN,1999,knn10,method,spearman,-0.17529558123149488,0.1380513884444952,5
orig31,URSN,1999,knn10,method,sel_diff_f10,-0.9549374541546454,0.4017482006646737,5
orig31,URSN,1999,knn30,method,spearman,-0.22636940008504283,0.029779479710940138,5
orig31,URSN,1999,knn30,method,sel_diff_f10,-0.7043953520346811,0.6002496590212775,5
orig31,URSN,1999,mlp,method,spearman,-0.17666641409337652,0.0950779828650958,5
orig31,URSN,1999,mlp,method,sel_diff_f10,0.0,0.0,5
orig31,URSN,1999,reml,method,spearman,0.09563724702442462,0.04119821747530731,5
orig31,URSN,1999,reml,method,sel_diff_f10,0.0,0.0,5
orig31,URSN,1999,reml_x0.1,method,spearman,0.09563724702442462,0.03942952491749237,5
orig31,URSN,1999,reml_x0.1,method,sel_diff_f10,0.0,0.0,5
orig31,URSN,1999,reml_x10,method,spearman,0.09563724702442462,0.03957129369286832,5
orig31,URSN,1999,reml_x10,method,sel_diff_f10,0.0,0.0,5
orig31,URSN,1999,reml_x100,method,spearman,0.09563724702442462,0.040113147985395,5
orig31,URSN,1999,reml_x100,method,sel_diff_f10,0.0,0.0,5
orig31,URSN,1999,rf,method,spearman,-0.09158706204184774,0.06382155986130289,5
orig31,URSN,1999,rf,method,sel_diff_f10,0.0,0.0,5
orig31,URSN,1999,ridge_pc20,method,spearman,0.04848835172796849,0.08147435632860321,5
orig31,URSN,1999,ridge_pc20,method,sel_diff_f10,0.0,0.0,5
orig31,URSN,1999,rn_ridge,method,spearman,-0.007806082626857169,0.0397189785507288,5
orig31,URSN,1999,rn_ridge,method,sel_diff_f10,0.0,0.0,5
orig31,URSN,1999,rn_ridge_real,method,spearman,-0.023305532985918774,0.029194482558212456,5
orig31,URSN,1999,rn_ridge_real,method,sel_diff_f10,0.0,0.0,5
orig31,URSN,2000,Oracle,rule,spearman,0.12460340981733949,0.02636314578626596,6
orig31,URSN,2000,Oracle,rule,sel_diff_f10,0.0,0.0,6
orig31,URSN,2000,R_CV,rule,spearman,-0.2199068222566507,0.12017622822421933,6
orig31,URSN,2000,R_CV,rule,sel_diff_f10,-0.9470887286032025,0.4211607808003981,6
orig31,URSN,2000,R_EQ,rule,spearman,0.04398104189725005,0.03870776986763915,6
orig31,URSN,2000,R_EQ,rule,sel_diff_f10,0.0,0.0,6
orig31,URSN,2000,R_FW,rule,spearman,0.0714878407407859,0.042482154657158995,6
orig31,URSN,2000,R_FW,rule,sel_diff_f10,0.0,0.0,6
orig31,URSN,2000,R_STK_CV,rule,spearman,-0.0421378474803454,0.05424578121243913,6
orig31,URSN,2000,R_STK_CV,rule,sel_diff_f10,0.0,0.0,6
orig31,URSN,2000,R_STK_FW,rule,spearman,-0.03845871611333779,0.02658960818380968,6
orig31,URSN,2000,R_STK_FW,rule,sel_diff_f10,0.0,0.0,6
orig31,URSN,2000,dl_g,method,spearman,-0.005854354779204249,0.01191773976994635,6
orig31,URSN,2000,dl_g,method,sel_diff_f10,0.0,0.0,6
orig31,URSN,2000,dl_ge,method,spearman,0.049832977520853784,0.03828048474185928,6
orig31,URSN,2000,dl_ge,method,sel_diff_f10,0.0,0.0,6
orig31,URSN,2000,gbm,method,sel_diff_f10,-1.7682550394486556,0.1572075367069797,6
orig31,URSN,2000,gxe_gbm,method,spearman,-0.19755322648252605,0.06677220472250124,6
orig31,URSN,2000,gxe_gbm,method,sel_diff_f10,0.0,0.0,6
orig31,URSN,2000,gxe_gbm_real,method,spearman,-0.19425773276362304,0.06691543220725275,6
orig31,URSN,2000,gxe_gbm_real,method,sel_diff_f10,0.0,0.0,6
orig31,URSN,2000,knn10,method,spearman,-0.2199068222566507,0.12283949147365049,6
orig31,URSN,2000,knn10,method,sel_diff_f10,-0.9470887286032025,0.4191981729543736,6
orig31,URSN,2000,knn30,method,spearman,-0.13997189749795091,0.07842668841051939,6
orig31,URSN,2000,knn30,method,sel_diff_f10,-0.5637235531620411,0.44287856037041706,6
orig31,URSN,2000,mlp,method,spearman,0.12460340981733953,0.026372723227580008,6
orig31,URSN,2000,mlp,method,sel_diff_f10,0.0,0.0,6
orig31,URSN,2000,reml,method,spearman,0.07148784074078594,0.043101341721822256,6
orig31,URSN,2000,reml,method,sel_diff_f10,0.0,0.0,6
orig31,URSN,2000,reml_x0.1,method,spearman,0.07148784074078594,0.04323161650813269,6
orig31,URSN,2000,reml_x0.1,method,sel_diff_f10,0.0,0.0,6
orig31,URSN,2000,reml_x10,method,spearman,0.07148784074078594,0.04224791380404886,6
orig31,URSN,2000,reml_x10,method,sel_diff_f10,0.0,0.0,6
orig31,URSN,2000,reml_x100,method,spearman,0.07148784074078594,0.04190370013440702,6
orig31,URSN,2000,reml_x100,method,sel_diff_f10,0.0,0.0,6
orig31,URSN,2000,rf,method,spearman,0.01941674176212013,0.0822505389499198,6
orig31,URSN,2000,rf,method,sel_diff_f10,0.0,0.0,6
orig31,URSN,2000,ridge_pc20,method,spearman,-0.26784741586338773,0.040450590314478445,6
orig31,URSN,2000,ridge_pc20,method,sel_diff_f10,-1.7682550394486556,0.16355396545213297,6
orig31,URSN,2000,rn_ridge,method,spearman,0.03847161827654096,0.06374933461348617,6
orig31,URSN,2000,rn_ridge,method,sel_diff_f10,0.0,0.0,6
orig31,URSN,2000,rn_ridge_real,method,spearman,0.06523775253547408,0.05099494687470351,6
orig31,URSN,2000,rn_ridge_real,method,sel_diff_f10,0.0,0.0,6
orig31,URSN,2001,Oracle,rule,spearman,0.23481991175543468,0.0958158983071342,6
orig31,URSN,2001,Oracle,rule,sel_diff_f10,0.0,0.0,6
orig31,URSN,2001,R_CV,rule,spearman,0.026148847329204566,0.03257070212520815,6
orig31,URSN,2001,R_CV,rule,sel_diff_f10,0.0,0.0,6
orig31,URSN,2001,R_EQ,rule,spearman,-0.005032145223417346,0.036136225997796353,6
orig31,URSN,2001,R_EQ,rule,sel_diff_f10,0.0,0.0,6
orig31,URSN,2001,R_FW,rule,spearman,0.0,0.0,6
orig31,URSN,2001,R_FW,rule,sel_diff_f10,0.0,0.0,6
orig31,URSN,2001,R_STK_CV,rule,spearman,-0.021973534555081786,0.041064755560256495,6
orig31,URSN,2001,R_STK_CV,rule,sel_diff_f10,0.0,0.0,6
orig31,URSN,2001,R_STK_FW,rule,spearman,0.04536951170308474,0.03590393526205747,6
orig31,URSN,2001,R_STK_FW,rule,sel_diff_f10,0.0,0.0,6
orig31,URSN,2001,dl_g,method,spearman,0.0027295849060618715,0.019155795601473333,6
orig31,URSN,2001,dl_g,method,sel_diff_f10,0.0,0.0,6
orig31,URSN,2001,dl_ge,method,spearman,-0.025701063679580676,0.08381633810341146,6
orig31,URSN,2001,dl_ge,method,sel_diff_f10,0.0,0.0,6
orig31,URSN,2001,gbm,method,spearman,-0.09947943015093635,0.04913565585653956,6
orig31,URSN,2001,gbm,method,sel_diff_f10,-1.3385644846478515,0.35832652308251717,6
orig31,URSN,2001,gxe_gbm,method,spearman,0.06065736420981462,0.0640610848419716,6
orig31,URSN,2001,gxe_gbm,method,sel_diff_f10,0.0,0.0,6
orig31,URSN,2001,gxe_gbm_real,method,spearman,0.03221105074733909,0.05298574237173786,6
orig31,URSN,2001,gxe_gbm_real,method,sel_diff_f10,0.0,0.0,6
orig31,URSN,2001,knn10,method,spearman,-0.06358011881782594,0.07771621595937736,6
orig31,URSN,2001,knn10,method,sel_diff_f10,-0.6098267849419007,0.3316489460365418,6
orig31,URSN,2001,knn30,method,spearman,0.0009315723762338135,0.018465642894087666,6
orig31,URSN,2001,knn30,method,sel_diff_f10,-1.3385644846478515,0.37022866502530855,6
orig31,URSN,2001,mlp,method,spearman,-0.011334527328000615,0.07649857772386762,6
orig31,URSN,2001,mlp,method,sel_diff_f10,0.0,0.0,6
orig31,URSN,2001,reml,method,spearman,0.02614884732920458,0.03277308362607528,6
orig31,URSN,2001,reml,method,sel_diff_f10,0.0,0.0,6
orig31,URSN,2001,reml_x0.1,method,spearman,0.02614884732920458,0.0330096441556799,6
orig31,URSN,2001,reml_x0.1,method,sel_diff_f10,0.0,0.0,6
orig31,URSN,2001,reml_x10,method,spearman,0.02614884732920458,0.032958523387361736,6
orig31,URSN,2001,reml_x10,method,sel_diff_f10,0.0,0.0,6
orig31,URSN,2001,reml_x100,method,spearman,0.02614884732920458,0.032442016044262126,6
orig31,URSN,2001,reml_x100,method,sel_diff_f10,0.0,0.0,6
orig31,URSN,2001,rf,method,spearman,0.23481991175543468,0.0966757204648571,6
orig31,URSN,2001,rf,method,sel_diff_f10,0.0,0.0,6
orig31,URSN,2001,ridge_pc20,method,spearman,-0.09537487747231198,0.08673743059841502,6
orig31,URSN,2001,ridge_pc20,method,sel_diff_f10,-0.1315728154082864,0.2335914721136448,6
orig31,URSN,2001,rn_ridge,method,spearman,0.07054811443956223,0.032824693011412255,6
orig31,URSN,2001,rn_ridge,method,sel_diff_f10,0.0,0.0,6
orig31,URSN,2001,rn_ridge_real,method,spearman,0.07979973160116953,0.023497042184836153,6
orig31,URSN,2001,rn_ridge_real,method,sel_diff_f10,0.0,0.0,6
orig31,URSN,2002,Oracle,rule,spearman,0.10644139721210295,0.07171924591511385,5
orig31,URSN,2002,Oracle,rule,sel_diff_f10,0.0,0.0,5
orig31,URSN,2002,R_CV,rule,spearman,0.002091554008730995,0.05041196242280133,5
orig31,URSN,2002,R_CV,rule,sel_diff_f10,-0.2565333830035398,0.12422985785496797,5
orig31,URSN,2002,R_EQ,rule,spearman,-0.049264654650007525,0.02562188834498484,5
orig31,URSN,2002,R_EQ,rule,sel_diff_f10,-0.2565333830035398,0.12645485142560356,5
orig31,URSN,2002,R_FW,rule,spearman,0.0,0.0,5
orig31,URSN,2002,R_FW,rule,sel_diff_f10,0.0,0.0,5
orig31,URSN,2002,R_STK_CV,rule,spearman,-0.12029362092628834,0.028142777485600894,5
orig31,URSN,2002,R_STK_CV,rule,sel_diff_f10,-0.15427305929722915,0.11753076100505887,5
orig31,URSN,2002,R_STK_FW,rule,spearman,-0.04683181850168096,0.03601224137639131,5
orig31,URSN,2002,R_STK_FW,rule,sel_diff_f10,-0.2565333830035398,0.12956104124333065,5
orig31,URSN,2002,dl_g,method,spearman,-0.0047872396587887115,0.01953043242191118,5
orig31,URSN,2002,dl_g,method,sel_diff_f10,0.0,0.0,5
orig31,URSN,2002,dl_ge,method,spearman,0.04504549722916351,0.03754609017172587,5
orig31,URSN,2002,dl_ge,method,sel_diff_f10,0.0,0.0,5
orig31,URSN,2002,gbm,method,spearman,-0.12140872576647097,0.1290300060140114,5
orig31,URSN,2002,gbm,method,sel_diff_f10,-1.1077806668015011,0.38946976662668126,5
orig31,URSN,2002,gxe_gbm,method,spearman,0.08080892209343168,0.07044001634767634,5
orig31,URSN,2002,gxe_gbm,method,sel_diff_f10,-0.04293009331889732,0.05217406917611697,5
orig31,URSN,2002,gxe_gbm_real,method,spearman,0.060771394753374466,0.0649080430013439,5
orig31,URSN,2002,gxe_gbm_real,method,sel_diff_f10,-0.07712714517258819,0.05545788342523019,5
orig31,URSN,2002,knn10,method,spearman,-0.21392310854734303,0.1172896585434335,5
orig31,URSN,2002,knn10,method,sel_diff_f10,-1.1884119400901756,0.3695486393974498,5
orig31,URSN,2002,knn30,method,spearman,-0.014309201868633655,0.042234537495211735,5
orig31,URSN,2002,knn30,method,sel_diff_f10,-0.7488606783230223,0.11167297848955382,5
orig31,URSN,2002,mlp,method,spearman,-0.16357897637613536,0.11326241622582994,5
orig31,URSN,2002,mlp,method,sel_diff_f10,-0.3570887624337929,0.255142132957781,5
orig31,URSN,2002,reml,method,spearman,0.0020915540087310335,0.05102152667949133,5
orig31,URSN,2002,reml,method,sel_diff_f10,-0.2565333830035398,0.12587782883098653,5
orig31,URSN,2002,reml_x0.1,method,spearman,0.0020915540087310335,0.0521123714731612,5
orig31,URSN,2002,reml_x0.1,method,sel_diff_f10,-0.2565333830035398,0.12603448970400735,5
orig31,URSN,2002,reml_x10,method,spearman,0.0020915540087310335,0.05147876413775381,5
orig31,URSN,2002,reml_x10,method,sel_diff_f10,-0.2565333830035398,0.12920343124286884,5
orig31,URSN,2002,reml_x100,method,spearman,0.0020915540087310335,0.05213239116245639,5
orig31,URSN,2002,reml_x100,method,sel_diff_f10,-0.2565333830035398,0.1275901155563096,5
orig31,URSN,2002,rf,method,spearman,0.01878661685985249,0.05547932502630764,5
orig31,URSN,2002,rf,method,sel_diff_f10,-0.40617966097040037,0.15084174950953308,5
orig31,URSN,2002,ridge_pc20,method,spearman,-0.1635244534055898,0.09964579461024624,5
orig31,URSN,2002,ridge_pc20,method,sel_diff_f10,-1.2014124595134752,0.34490715131361704,5
orig31,URSN,2002,rn_ridge,method,spearman,0.10644139721210295,0.07156606536626757,5
orig31,URSN,2002,rn_ridge,method,sel_diff_f10,0.0,0.0,5
orig31,URSN,2002,rn_ridge_real,method,spearman,0.07747131349892115,0.08944475150961412,5
orig31,URSN,2002,rn_ridge_real,method,sel_diff_f10,-0.255447636653936,0.13702719163568036,5
orig31,URSN,2003,Oracle,rule,spearman,0.0,0.0,5
orig31,URSN,2003,Oracle,rule,sel_diff_f10,0.0,0.0,5
orig31,URSN,2003,R_CV,rule,spearman,-0.06704104113952496,0.06476508904842809,5
orig31,URSN,2003,R_CV,rule,sel_diff_f10,0.0,0.0,5
orig31,URSN,2003,R_EQ,rule,spearman,-0.11506892754582947,0.03513132108981505,5
orig31,URSN,2003,R_EQ,rule,sel_diff_f10,-0.35366499156796094,0.2466776321709319,5
orig31,URSN,2003,R_FW,rule,spearman,0.0,0.0,5
orig31,URSN,2003,R_FW,rule,sel_diff_f10,0.0,0.0,5
orig31,URSN,2003,R_STK_CV,rule,spearman,-0.11528799122394376,0.0426439002952527,5
orig31,URSN,2003,R_STK_CV,rule,sel_diff_f10,0.0,0.0,5
orig31,URSN,2003,R_STK_FW,rule,spearman,-0.02703053760143146,0.02614291654891964,5
orig31,URSN,2003,R_STK_FW,rule,sel_diff_f10,0.0,0.0,5
orig31,URSN,2003,dl_g,method,spearman,-0.029731037788221126,0.013199734459892231,5
orig31,URSN,2003,dl_g,method,sel_diff_f10,0.0,0.0,5
orig31,URSN,2003,dl_ge,method,spearman,-0.0370561649654762,0.026338382527660725,5
orig31,URSN,2003,dl_ge,method,sel_diff_f10,0.0,0.0,5
orig31,URSN,2003,gbm,method,spearman,-0.27452320812839137,0.05510439402086163,5
orig31,URSN,2003,gbm,method,sel_diff_f10,-0.46760959222886367,0.1758362143365955,5
orig31,URSN,2003,gxe_gbm,method,spearman,-0.037572850673877674,0.07067125750168393,5
orig31,URSN,2003,gxe_gbm,method,sel_diff_f10,-0.21405084905965785,0.06960658927231282,5
orig31,URSN,2003,gxe_gbm_real,method,spearman,0.009545454137583032,0.056013307974545505,5
orig31,URSN,2003,gxe_gbm_real,method,sel_diff_f10,-0.027213732685140345,0.15820392039030934,5
orig31,URSN,2003,knn10,method,spearman,-0.1876215935746071,0.06782865503539932,5
orig31,URSN,2003,knn10,method,sel_diff_f10,-0.46760959222886367,0.1776710629680359,5
orig31,URSN,2003,knn30,method,spearman,-0.44210067108046774,0.040905818951715814,5
orig31,URSN,2003,knn30,method,sel_diff_f10,-1.4833527750048756,0.2526651029456851,5
orig31,URSN,2003,mlp,method,spearman,-0.050928384734994614,0.03264481937841987,5
orig31,URSN,2003,mlp,method,sel_diff_f10,0.0,0.0,5
orig31,URSN,2003,reml,method,spearman,-0.019478181706290343,0.0240491346628873,5
orig31,URSN,2003,reml,method,sel_diff_f10,0.3268565197533905,0.13793715908288454,5
orig31,URSN,2003,reml_x0.1,method,spearman,-0.024470357877634387,0.018493905645985007,5
orig31,URSN,2003,reml_x0.1,method,sel_diff_f10,0.3268565197533905,0.13382918484328069,5
orig31,URSN,2003,reml_x10,method,spearman,-0.05100822623349469,0.041162446114385916,5
orig31,URSN,2003,reml_x10,method,sel_diff_f10,0.3268565197533905,0.13929199361320801,5
orig31,URSN,2003,reml_x100,method,spearman,-0.12721897653285819,0.03553484198449108,5
orig31,URSN,2003,reml_x100,method,sel_diff_f10,-0.35366499156796094,0.24799093696654617,5
orig31,URSN,2003,rf,method,spearman,-0.06704104113952494,0.0642315593915397,5
orig31,URSN,2003,rf,method,sel_diff_f10,0.0,0.0,5
orig31,URSN,2003,ridge_pc20,method,spearman,-0.4019798051023784,0.06689140196661976,5
orig31,URSN,2003,ridge_pc20,method,sel_diff_f10,-0.5930788459724166,0.2827719809763537,5
orig31,URSN,2003,rn_ridge,method,spearman,-0.05296194902393471,0.055061866055739914,5
orig31,URSN,2003,rn_ridge,method,sel_diff_f10,-0.14045476243936833,0.11582315311068402,5
orig31,URSN,2003,rn_ridge_real,method,spearman,-0.12625928494932973,0.045977140926295706,5
orig31,URSN,2003,rn_ridge_real,method,sel_diff_f10,-0.17414476666878026,0.11287244330900983,5
orig31,URSN,2004,Oracle,rule,spearman,0.0,0.0,5
orig31,URSN,2004,Oracle,rule,sel_diff_f10,0.0,0.0,5
orig31,URSN,2004,R_CV,rule,spearman,-0.16941303418933235,0.023828595025056264,5
orig31,URSN,2004,R_CV,rule,sel_diff_f10,-0.6819389354418995,0.1871583898347457,5
orig31,URSN,2004,R_EQ,rule,spearman,0.0037800827986747,0.02463656019039596,5
orig31,URSN,2004,R_EQ,rule,sel_diff_f10,0.0,0.0,5
orig31,URSN,2004,R_FW,rule,spearman,0.0,0.0,5
orig31,URSN,2004,R_FW,rule,sel_diff_f10,0.0,0.0,5
orig31,URSN,2004,R_STK_CV,rule,spearman,-0.014837443147146879,0.010693331516328994,5
orig31,URSN,2004,R_STK_CV,rule,sel_diff_f10,0.008269519593440333,0.014222102039065685,5
orig31,URSN,2004,R_STK_FW,rule,spearman,0.000579068605217059,0.009699872770542059,5
orig31,URSN,2004,R_STK_FW,rule,sel_diff_f10,0.0,0.0,5
orig31,URSN,2004,dl_g,method,spearman,-0.08357571962801658,0.014219177662523117,5
orig31,URSN,2004,dl_g,method,sel_diff_f10,0.0,0.0,5
orig31,URSN,2004,dl_ge,method,spearman,-0.1776069478794678,0.05489570904047094,5
orig31,URSN,2004,dl_ge,method,sel_diff_f10,0.0,0.0,5
orig31,URSN,2004,gbm,method,spearman,-0.27224914110388465,0.019567398131860647,5
orig31,URSN,2004,gbm,method,sel_diff_f10,0.0,0.0,5
orig31,URSN,2004,gxe_gbm,method,spearman,-0.2555742464138769,0.06051184387810924,5
orig31,URSN,2004,gxe_gbm,method,sel_diff_f10,0.0,0.0,5
orig31,URSN,2004,gxe_gbm_real,method,spearman,-0.2868724229247198,0.06582744343547643,5
orig31,URSN,2004,gxe_gbm_real,method,sel_diff_f10,0.0,0.0,5
orig31,URSN,2004,knn10,method,spearman,-0.3851485096191818,0.07007399250097966,5
orig31,URSN,2004,knn10,method,sel_diff_f10,-0.0794247014212022,0.08058433370928288,5
orig31,URSN,2004,knn30,method,spearman,-0.5808941605664638,0.06836981987326957,5
orig31,URSN,2004,knn30,method,sel_diff_f10,-0.7384073579472619,0.26966677181880216,5
orig31,URSN,2004,mlp,method,spearman,-0.31235219627782856,0.017559012369951554,5
orig31,URSN,2004,mlp,method,sel_diff_f10,0.0,0.0,5
orig31,URSN,2004,reml,method,spearman,-0.0148738961388595,0.009122547373326986,5
orig31,URSN,2004,reml,method,sel_diff_f10,0.0,0.0,5
orig31,URSN,2004,reml_x0.1,method,spearman,-0.04508684142269359,0.004253438260063616,5
orig31,URSN,2004,reml_x0.1,method,sel_diff_f10,0.0,0.0,5
orig31,URSN,2004,reml_x10,method,spearman,-0.035812253129513374,0.022736407565152196,5
orig31,URSN,2004,reml_x10,method,sel_diff_f10,0.0,0.0,5
orig31,URSN,2004,reml_x100,method,spearman,-0.16941303418933237,0.02394994295974816,5
orig31,URSN,2004,reml_x100,method,sel_diff_f10,-0.6819389354418995,0.1794512302386126,5
orig31,URSN,2004,rf,method,spearman,-0.1516802480161002,0.02625726973896667,5
orig31,URSN,2004,rf,method,sel_diff_f10,0.0,0.0,5
orig31,URSN,2004,ridge_pc20,method,spearman,-0.29252185363400396,0.04437908126846348,5
orig31,URSN,2004,ridge_pc20,method,sel_diff_f10,-0.0794247014212022,0.08237718562578335,5
orig31,URSN,2004,rn_ridge,method,spearman,-0.07635767818975207,0.05206553304011529,5
orig31,URSN,2004,rn_ridge,method,sel_diff_f10,0.0,0.0,5
orig31,URSN,2004,rn_ridge_real,method,spearman,-0.18866430822793998,0.041810912282311236,5
orig31,URSN,2004,rn_ridge_real,method,sel_diff_f10,0.0,0.0,5
orig31,URSN,2008,Oracle,rule,spearman,0.14251596758771398,0.03862347179527527,5
orig31,URSN,2008,Oracle,rule,sel_diff_f10,0.0,0.0,5
orig31,URSN,2008,R_CV,rule,spearman,-0.0015690010731470693,0.0686904104398321,5
orig31,URSN,2008,R_CV,rule,sel_diff_f10,0.0,0.0,5
orig31,URSN,2008,R_EQ,rule,spearman,0.07807512901900605,0.04784658487460755,5
orig31,URSN,2008,R_EQ,rule,sel_diff_f10,0.0,0.0,5
orig31,URSN,2008,R_FW,rule,spearman,0.0,0.0,5
orig31,URSN,2008,R_FW,rule,sel_diff_f10,0.0,0.0,5
orig31,URSN,2008,R_STK_CV,rule,spearman,0.023262393310224238,0.055345471411399935,5
orig31,URSN,2008,R_STK_CV,rule,sel_diff_f10,0.0,0.0,5
orig31,URSN,2008,R_STK_FW,rule,spearman,-0.010569806489768052,0.023733565398560728,5
orig31,URSN,2008,R_STK_FW,rule,sel_diff_f10,0.0,0.0,5
orig31,URSN,2008,dl_g,method,spearman,-0.10581041536239233,0.07394004369964655,5
orig31,URSN,2008,dl_g,method,sel_diff_f10,0.0,0.0,5
orig31,URSN,2008,dl_ge,method,spearman,0.0037720774040927553,0.027379205034739156,5
orig31,URSN,2008,dl_ge,method,sel_diff_f10,0.0,0.0,5
orig31,URSN,2008,gbm,method,spearman,0.14251596758771395,0.0386985465497835,5
orig31,URSN,2008,gbm,method,sel_diff_f10,0.0,0.0,5
orig31,URSN,2008,gxe_gbm,method,spearman,-0.009421900765969927,0.031417454046865814,5
orig31,URSN,2008,gxe_gbm,method,sel_diff_f10,0.0,0.0,5
orig31,URSN,2008,gxe_gbm_real,method,spearman,0.02716189173778415,0.04168686931444642,5
orig31,URSN,2008,gxe_gbm_real,method,sel_diff_f10,0.0,0.0,5
orig31,URSN,2008,knn10,method,spearman,-0.07781614059994078,0.06872921615037546,5
orig31,URSN,2008,knn10,method,sel_diff_f10,-0.06293937253849899,0.3887063334314027,5
orig31,URSN,2008,knn30,method,spearman,-0.35406782491604016,0.13612329117110689,5
orig31,URSN,2008,knn30,method,sel_diff_f10,-1.3219442321839137,0.5521628307375598,5
orig31,URSN,2008,mlp,method,spearman,-0.8420861810769285,0.09540084693937073,5
orig31,URSN,2008,mlp,method,sel_diff_f10,-2.700820266766173,0.16668547527452612,5
orig31,URSN,2008,reml,method,spearman,0.031252521700544766,0.04417150345806841,5
orig31,URSN,2008,reml,method,sel_diff_f10,0.0,0.0,5
orig31,URSN,2008,reml_x0.1,method,spearman,0.03570579938564568,0.04248149119283739,5
orig31,URSN,2008,reml_x0.1,method,sel_diff_f10,0.0,0.0,5
orig31,URSN,2008,reml_x10,method,spearman,0.0035228966590580947,0.06873970625807828,5
orig31,URSN,2008,reml_x10,method,sel_diff_f10,0.0,0.0,5
orig31,URSN,2008,reml_x100,method,spearman,-0.058422706182590864,0.08253434003518272,5
orig31,URSN,2008,reml_x100,method,sel_diff_f10,-0.32156053393083783,0.4443294082232895,5
orig31,URSN,2008,rf,method,spearman,-0.0015690010731470804,0.06706220194021073,5
orig31,URSN,2008,rf,method,sel_diff_f10,0.0,0.0,5
orig31,URSN,2008,ridge_pc20,method,spearman,0.03641490775897691,0.034519944038563795,5
orig31,URSN,2008,ridge_pc20,method,sel_diff_f10,0.49422992090553697,0.269210460642126,5
orig31,URSN,2008,rn_ridge,method,spearman,-0.05406064868437206,0.03180411584812111,5
orig31,URSN,2008,rn_ridge,method,sel_diff_f10,0.0,0.0,5
orig31,URSN,2008,rn_ridge_real,method,spearman,-0.017961662041700476,0.03155928990900084,5
orig31,URSN,2008,rn_ridge_real,method,sel_diff_f10,0.0,0.0,5
orig31,URSN,2009,Oracle,rule,spearman,0.0,0.0,5
orig31,URSN,2009,Oracle,rule,sel_diff_f10,0.0,0.0,5
orig31,URSN,2009,R_CV,rule,spearman,-0.2011215900518065,0.04644539441346408,5
orig31,URSN,2009,R_CV,rule,sel_diff_f10,-0.28538410162652356,0.2549684718118666,5
orig31,URSN,2009,R_EQ,rule,spearman,-0.08461387201852424,0.023377168710887467,5
orig31,URSN,2009,R_EQ,rule,sel_diff_f10,0.0,0.0,5
orig31,URSN,2009,R_FW,rule,spearman,0.0,0.0,5
orig31,URSN,2009,R_FW,rule,sel_diff_f10,0.0,0.0,5
orig31,URSN,2009,R_STK_CV,rule,spearman,-0.2176156947133455,0.04106290371187675,5
orig31,URSN,2009,R_STK_CV,rule,sel_diff_f10,-0.5087240027260496,0.2397677259963759,5
orig31,URSN,2009,R_STK_FW,rule,spearman,-0.05934217193751971,0.02150928707092712,5
orig31,URSN,2009,R_STK_FW,rule,sel_diff_f10,0.0,0.0,5
orig31,URSN,2009,dl_g,method,spearman,0.05386884279905928,0.04564758865952501,5
orig31,URSN,2009,dl_g,method,sel_diff_f10,0.0,0.0,5
orig31,URSN,2009,dl_ge,method,spearman,-0.12364225589340741,0.032832455423649584,5
orig31,URSN,2009,dl_ge,method,sel_diff_f10,0.0,0.0,5
orig31,URSN,2009,gbm,method,spearman,-0.19453877163642241,0.04589868412455241,5
orig31,URSN,2009,gbm,method,sel_diff_f10,0.0,0.0,5
orig31,URSN,2009,gxe_gbm,method,spearman,-0.2011215900518065,0.04612763775008943,5
orig31,URSN,2009,gxe_gbm,method,sel_diff_f10,-0.28538410162652356,0.25730604788330247,5
orig31,URSN,2009,gxe_gbm_real,method,spearman,-0.2593936002307719,0.03472102674003779,5
orig31,URSN,2009,gxe_gbm_real,method,sel_diff_f10,-0.223339901099526,0.12982256734490186,5
orig31,URSN,2009,knn10,method,spearman,-0.2868540269284165,0.04124573097040292,5
orig31,URSN,2009,knn10,method,sel_diff_f10,-0.8087918773152858,0.16470377410516848,5
orig31,URSN,2009,knn30,method,spearman,-0.3610653971304592,0.19845933185606787,5
orig31,URSN,2009,knn30,method,sel_diff_f10,-1.1729200943928741,0.31870550178244744,5
orig31,URSN,2009,mlp,method,spearman,-0.017567291613813964,0.12217103382210678,5
orig31,URSN,2009,mlp,method,sel_diff_f10,0.0,0.0,5
orig31,URSN,2009,reml,method,spearman,-0.0758453521802209,0.014400570745527566,5
orig31,URSN,2009,reml,method,sel_diff_f10,0.0,0.0,5
orig31,URSN,2009,reml_x0.1,method,spearman,-0.029676380057771068,0.04865742882443612,5
orig31,URSN,2009,reml_x0.1,method,sel_diff_f10,0.0,0.0,5
orig31,URSN,2009,reml_x10,method,spearman,-0.131931660936267,0.029153516182861872,5
orig31,URSN,2009,reml_x10,method,sel_diff_f10,0.13823754121528972,0.2548919375417367,5
orig31,URSN,2009,reml_x100,method,spearman,-0.3578170969332874,0.040425158533095445,5
orig31,URSN,2009,reml_x100,method,sel_diff_f10,0.13823754121528972,0.25608900177693794,5
orig31,URSN,2009,rf,method,spearman,-0.1643106721339102,0.09424068184321478,5
orig31,URSN,2009,rf,method,sel_diff_f10,0.0,0.0,5
orig31,URSN,2009,ridge_pc20,method,spearman,-0.22369217158979926,0.017436166930095448,5
orig31,URSN,2009,ridge_pc20,method,sel_diff_f10,0.13823754121528972,0.2562481878099591,5
orig31,URSN,2009,rn_ridge,method,spearman,-0.15881314144568398,0.029752948730759184,5
orig31,URSN,2009,rn_ridge,method,sel_diff_f10,0.0,0.0,5
orig31,URSN,2009,rn_ridge_real,method,spearman,-0.1456157400808483,0.042531486677810496,5
orig31,URSN,2009,rn_ridge_real,method,sel_diff_f10,0.0,0.0,5
orig31,URSN,2014,Oracle,rule,spearman,0.003364293085655301,0.04471079249219309,5
orig31,URSN,2014,Oracle,rule,sel_diff_f10,0.0,0.0,5
orig31,URSN,2014,R_CV,rule,spearman,-0.23490196078431377,0.06884097556518785,5
orig31,URSN,2014,R_CV,rule,sel_diff_f10,-0.47738763787903266,0.29826922588113847,5
orig31,URSN,2014,R_EQ,rule,spearman,-0.05180598555211559,0.02124233806111687,5
orig31,URSN,2014,R_EQ,rule,sel_diff_f10,-0.029193554399797688,0.1540809711162092,5
orig31,URSN,2014,R_FW,rule,spearman,0.0,0.0,5
orig31,URSN,2014,R_FW,rule,sel_diff_f10,0.0,0.0,5
orig31,URSN,2014,R_STK_CV,rule,spearman,-0.10474716202270384,0.04844025525211986,5
orig31,URSN,2014,R_STK_CV,rule,sel_diff_f10,-0.029193554399797688,0.1575881586492485,5
orig31,URSN,2014,R_STK_FW,rule,spearman,-0.037997936016511885,0.013648111072573507,5
orig31,URSN,2014,R_STK_FW,rule,sel_diff_f10,0.0,0.0,5
orig31,URSN,2014,dl_g,method,spearman,-0.061609907120743025,0.028472078303353923,5
orig31,URSN,2014,dl_g,method,sel_diff_f10,0.0,0.0,5
orig31,URSN,2014,dl_ge,method,spearman,-0.09279669762641901,0.0638084018093939,5
orig31,URSN,2014,dl_ge,method,sel_diff_f10,-0.017992644832342287,0.10930220646910611,5
orig31,URSN,2014,gbm,method,spearman,-0.048049535603715186,0.045557476316766876,5
orig31,URSN,2014,gbm,method,sel_diff_f10,0.2952456136999279,0.1880212854386428,5
orig31,URSN,2014,gxe_gbm,method,spearman,-0.12183694530443759,0.05293543177793299,5
orig31,URSN,2014,gxe_gbm,method,sel_diff_f10,-0.19721843968777603,0.17516044395160935,5
orig31,URSN,2014,gxe_gbm_real,method,spearman,-0.1091021671826626,0.06170094320545636,5
orig31,URSN,2014,gxe_gbm_real,method,sel_diff_f10,-0.11968145197312499,0.10524966021632728,5
orig31,URSN,2014,knn10,method,spearman,-0.07954592363261098,0.046537277882685475,5
orig31,URSN,2014,knn10,method,sel_diff_f10,0.17557630191037404,0.21513431168271907,5
orig31,URSN,2014,knn30,method,spearman,-0.2633230134158927,0.06178681722619179,5
orig31,URSN,2014,knn30,method,sel_diff_f10,-0.029193554399797688,0.15552289677540385,5
orig31,URSN,2014,mlp,method,spearman,-0.02439628482972136,0.03496945305910179,5
orig31,URSN,2014,mlp,method,sel_diff_f10,0.2952456136999279,0.1931352756164784,5
orig31,URSN,2014,reml,method,spearman,-0.05669762641898869,0.011109069144004339,5
orig31,URSN,2014,reml,method,sel_diff_f10,0.0,0.0,5
orig31,URSN,2014,reml_x0.1,method,spearman,-0.046274509803921594,0.014839497045175265,5
orig31,URSN,2014,reml_x0.1,method,sel_diff_f10,0.0,0.0,5
orig31,URSN,2014,reml_x10,method,spearman,-0.07289989680082562,0.025886554665520357,5
orig31,URSN,2014,reml_x10,method,sel_diff_f10,-0.029193554399797688,0.15989303372541067,5
orig31,URSN,2014,reml_x100,method,spearman,-0.2349019607843137,0.06915232800207578,5
orig31,URSN,2014,reml_x100,method,sel_diff_f10,-0.47738763787903266,0.3025660568224604,5
orig31,URSN,2014,rf,method,spearman,0.003364293085655279,0.044195899353410596,5
orig31,URSN,2014,rf,method,sel_diff_f10,0.0,0.0,5
orig31,URSN,2014,ridge_pc20,method,spearman,-0.2573374613003096,0.03472466953446288,5
orig31,URSN,2014,ridge_pc20,method,sel_diff_f10,-0.029193554399797688,0.16126706686652165,5
orig31,URSN,2014,rn_ridge,method,spearman,-0.02879256965944276,0.02413011368755635,5
orig31,URSN,2014,rn_ridge,method,sel_diff_f10,0.1743924581940754,0.08911763094356687,5
orig31,URSN,2014,rn_ridge_real,method,spearman,-0.04231166150670797,0.03631554370367985,5
orig31,URSN,2014,rn_ridge_real,method,sel_diff_f10,0.2047698563101717,0.08286581769035989,5
orig31,URSN,2015,Oracle,rule,spearman,0.05303846833217729,0.03231008572212614,6
orig31,URSN,2015,Oracle,rule,sel_diff_f10,0.050785501959184985,0.0573145515058312,6
orig31,URSN,2015,R_CV,rule,spearman,0.009123071307602579,0.051468971084221785,6
orig31,URSN,2015,R_CV,rule,sel_diff_f10,0.007983718286288752,0.0691939811080566,6
orig31,URSN,2015,R_EQ,rule,spearman,0.03644827636629704,0.02763922897003055,6
orig31,URSN,2015,R_EQ,rule,sel_diff_f10,0.036495376871635954,0.034709983141499784,6
orig31,URSN,2015,R_FW,rule,spearman,0.0,0.0,6
orig31,URSN,2015,R_FW,rule,sel_diff_f10,0.0,0.0,6
orig31,URSN,2015,R_STK_CV,rule,spearman,0.03584594751859916,0.03546480114584894,6
orig31,URSN,2015,R_STK_CV,rule,sel_diff_f10,0.036495376871635954,0.034294027236467794,6
orig31,URSN,2015,R_STK_FW,rule,spearman,0.03748049249567998,0.023697774559976546,6
orig31,URSN,2015,R_STK_FW,rule,sel_diff_f10,0.036495376871635954,0.03487152104049131,6
orig31,URSN,2015,dl_g,method,spearman,-0.002972835690739755,0.02073859199567618,6
orig31,URSN,2015,dl_g,method,sel_diff_f10,0.036495376871635954,0.03492211137262082,6
orig31,URSN,2015,dl_ge,method,spearman,-0.01079717914645796,0.0378623019811858,6
orig31,URSN,2015,dl_ge,method,sel_diff_f10,0.036495376871635954,0.03492800519151308,6
orig31,URSN,2015,gbm,method,spearman,-0.05865275225176758,0.059797136204839466,6
orig31,URSN,2015,gbm,method,sel_diff_f10,0.0,0.0,6
orig31,URSN,2015,gxe_gbm,method,spearman,0.009123071307602598,0.05117926936143743,6
orig31,URSN,2015,gxe_gbm,method,sel_diff_f10,0.007983718286288752,0.06911366330818498,6
orig31,URSN,2015,gxe_gbm_real,method,spearman,0.01850546734651534,0.04830541501940911,6
orig31,URSN,2015,gxe_gbm_real,method,sel_diff_f10,0.036495376871635954,0.036072681358155056,6
orig31,URSN,2015,knn10,method,spearman,-0.04267613962522244,0.052122586456967664,6
orig31,URSN,2015,knn10,method,sel_diff_f10,-0.39928481927943643,0.15680256089904368,6
orig31,URSN,2015,knn30,method,spearman,-0.10477455361179772,0.053067480240148214,6
orig31,URSN,2015,knn30,method,sel_diff_f10,-0.9847566968974825,0.198576441004391,6
orig31,URSN,2015,mlp,method,spearman,-0.08262471541979982,0.042352066892035085,6
orig31,URSN,2015,mlp,method,sel_diff_f10,-0.15324361318494253,0.1269934669730849,6
orig31,URSN,2015,reml,method,spearman,0.005927008017986647,0.0470298662668129,6
orig31,URSN,2015,reml,method,sel_diff_f10,0.0,0.0,6
orig31,URSN,2015,reml_x0.1,method,spearman,0.017490484956768967,0.05320841220245619,6
orig31,URSN,2015,reml_x0.1,method,sel_diff_f10,0.10934105282877314,0.08526953334163684,6
orig31,URSN,2015,reml_x10,method,spearman,-0.02559750807137287,0.0447689949757141,6
orig31,URSN,2015,reml_x10,method,sel_diff_f10,-0.2683794287135979,0.1501926243010784,6
orig31,URSN,2015,reml_x100,method,spearman,-0.07690519067383893,0.059606971046931884,6
orig31,URSN,2015,reml_x100,method,sel_diff_f10,-0.15324361318494253,0.12376110211610357,6
orig31,URSN,2015,rf,method,spearman,0.0017236238727377923,0.03564372660397806,6
orig31,URSN,2015,rf,method,sel_diff_f10,0.014172283918455245,0.0453014305975748,6
orig31,URSN,2015,ridge_pc20,method,spearman,-0.09808576616153412,0.06828282504908102,6
orig31,URSN,2015,ridge_pc20,method,sel_diff_f10,-0.2683794287135979,0.15886201069634542,6
orig31,URSN,2015,rn_ridge,method,spearman,0.0530384683321773,0.0323872280186802,6
orig31,URSN,2015,rn_ridge,method,sel_diff_f10,0.050785501959184985,0.05615861643395374,6
orig31,URSN,2015,rn_ridge_real,method,spearman,0.0017664447491184075,0.05332995948306929,6
orig31,URSN,2015,rn_ridge_real,method,sel_diff_f10,-0.16954727369241376,0.13745241950466225,6
orig31,URSN,2019,Oracle,rule,spearman,0.022646276817006993,0.013066021926224941,5
orig31,URSN,2019,Oracle,rule,sel_diff_f10,0.0,0.0,5
orig31,URSN,2019,R_CV,rule,spearman,-0.10951451032008812,0.030869268849570634,5
orig31,URSN,2019,R_CV,rule,sel_diff_f10,-0.5689799047654536,0.14886584575285283,5
orig31,URSN,2019,R_EQ,rule,spearman,0.041950059990355414,0.015269594210786388,5
orig31,URSN,2019,R_EQ,rule,sel_diff_f10,0.10592925465386649,0.1356232100833078,5
orig31,URSN,2019,R_FW,rule,spearman,0.0,0.0,5
orig31,URSN,2019,R_FW,rule,sel_diff_f10,0.0,0.0,5
orig31,URSN,2019,R_STK_CV,rule,spearman,-0.0056814479124839504,0.02630767028427449,5
orig31,URSN,2019,R_STK_CV,rule,sel_diff_f10,-0.312185118029006,0.08727665734046644,5
orig31,URSN,2019,R_STK_FW,rule,spearman,0.03313980006143942,0.006666697034976692,5
orig31,URSN,2019,R_STK_FW,rule,sel_diff_f10,0.0,0.0,5
orig31,URSN,2019,dl_g,method,spearman,0.0035207235931724035,0.026752202334939863,5
orig31,URSN,2019,dl_g,method,sel_diff_f10,0.042927038978284704,0.11450988388859122,5
orig31,URSN,2019,dl_ge,method,spearman,-0.09795518374352488,0.030135301334979776,5
orig31,URSN,2019,dl_ge,method,sel_diff_f10,0.19516755968746227,0.12368592333184461,5
orig31,URSN,2019,gbm,method,spearman,-0.0538683423853072,0.018982160600384775,5
orig31,URSN,2019,gbm,method,sel_diff_f10,0.2768984370609264,0.10044474629133276,5
orig31,URSN,2019,gxe_gbm,method,spearman,-0.14078340786618404,0.06391468840564933,5
orig31,URSN,2019,gxe_gbm,method,sel_diff_f10,0.13202063975577366,0.1507469548424144,5
orig31,URSN,2019,gxe_gbm_real,method,spearman,-0.13122970687774532,0.054530681898546395,5
orig31,URSN,2019,gxe_gbm_real,method,sel_diff_f10,0.2706284683884521,0.09955895188653084,5
orig31,URSN,2019,knn10,method,spearman,-0.20933823117873612,0.0442157334304218,5
orig31,URSN,2019,knn10,method,sel_diff_f10,-0.312185118029006,0.08767735547649588,5
orig31,URSN,2019,knn30,method,spearman,-0.10951451032008812,0.03004491814173195,5
orig31,URSN,2019,knn30,method,sel_diff_f10,-0.5689799047654536,0.1474538834898681,5
orig31,URSN,2019,mlp,method,spearman,-0.1745720951274446,0.028908806417595082,5
orig31,URSN,2019,mlp,method,sel_diff_f10,-0.5461565161116477,0.166566464110073,5
orig31,URSN,2019,reml,method,spearman,0.0029546211837463976,0.00916062932111564,5
orig31,URSN,2019,reml,method,sel_diff_f10,0.0,0.0,5
orig31,URSN,2019,reml_x0.1,method,spearman,0.022646276817006983,0.013396181252876322,5
orig31,URSN,2019,reml_x0.1,method,sel_diff_f10,0.0,0.0,5
orig31,URSN,2019,reml_x10,method,spearman,-0.0074966550085710185,0.008646961060697324,5
orig31,URSN,2019,reml_x10,method,sel_diff_f10,-0.2869241526792017,0.11403733526387902,5
orig31,URSN,2019,reml_x100,method,spearman,-0.12275472155170342,0.022419902274077533,5
orig31,URSN,2019,reml_x100,method,sel_diff_f10,-0.2869241526792017,0.1155245954938779,5
orig31,URSN,2019,rf,method,spearman,-0.1298549742845287,0.022907526306119228,5
orig31,URSN,2019,rf,method,sel_diff_f10,-0.06951039233167237,0.08212556750006061,5
orig31,URSN,2019,ridge_pc20,method,spearman,-0.12189681372594899,0.023286431875557848,5
orig31,URSN,2019,ridge_pc20,method,sel_diff_f10,0.06111739531155338,0.08045984903380994,5
orig31,URSN,2019,rn_ridge,method,spearman,-0.05444653213163274,0.04231007790941455,5
orig31,URSN,2019,rn_ridge,method,sel_diff_f10,0.10581808325402689,0.1629717939681214,5
orig31,URSN,2019,rn_ridge_real,method,spearman,-0.023392827303685405,0.05971643850350215,5
orig31,URSN,2019,rn_ridge_real,method,sel_diff_f10,0.13861227340564292,0.14815780222055738,5
