Env,n,pearson,spearman,top10_overlap,col,subset,model,protocol,fold
IAH1c_2014,137,0.38745110842030095,0.3525864804823865,0.42857142857142855,13,all,MG_2k,P1,2014_f0
IAH2_2014,238,0.295356517575568,0.1798112815381966,0.125,13,all,MG_2k,P1,2014_f0
ONH1_2014,180,0.4290880172220025,0.4215870860211735,0.2222222222222222,13,all,MG_2k,P1,2014_f0
ONH2_2014,243,0.05803481261500502,0.11996684848150321,0.125,13,all,MG_2k,P1,2014_f0
IAH1c_2014,101,0.1753780294644221,0.18698893418753637,0.2,13,new,MG_2k,P1,2014_f0
IAH2_2014,133,0.06721459394571919,0.03573213903143204,0.07692307692307693,13,new,MG_2k,P1,2014_f0
ONH1_2014,107,0.36915654590422003,0.2665216794999902,0.36363636363636365,13,new,MG_2k,P1,2014_f0
ONH2_2014,120,0.34143584795007226,0.34939231891103545,0.16666666666666666,13,new,MG_2k,P1,2014_f0
IAH1c_2014,137,0.3462848245028947,0.32139656878301937,0.35714285714285715,12,all,MG_2k,P2,2014_f0
IAH2_2014,238,0.31114628221480334,0.20509836263301467,0.16666666666666666,12,all,MG_2k,P2,2014_f0
ONH1_2014,180,0.43564407718407516,0.4083788594298178,0.2222222222222222,12,all,MG_2k,P2,2014_f0
ONH2_2014,243,0.13167001783677404,0.173138906869657,0.125,12,all,MG_2k,P2,2014_f0
IAH1c_2014,101,0.13841267967279333,0.1397903319743739,0.1,12,new,MG_2k,P2,2014_f0
IAH2_2014,133,0.10259656335214629,0.09761683720835329,0.07692307692307693,12,new,MG_2k,P2,2014_f0
ONH1_2014,107,0.31138656830211153,0.22521992985755993,0.2727272727272727,12,new,MG_2k,P2,2014_f0
ONH2_2014,120,0.3797702344248997,0.3824710049308979,0.25,12,new,MG_2k,P2,2014_f0
IAH1c_2014,137,0.2532415004659186,0.2390090914182239,0.35714285714285715,10,all,MG_2k,P3,2014_f0
IAH2_2014,238,0.30918215056635984,0.24349719761852098,0.16666666666666666,10,all,MG_2k,P3,2014_f0
ONH1_2014,180,0.40510664843990707,0.37280162967992836,0.2777777777777778,10,all,MG_2k,P3,2014_f0
ONH2_2014,243,0.22112979054685802,0.248321098047874,0.20833333333333334,10,all,MG_2k,P3,2014_f0
IAH1c_2014,101,0.037713901183476464,0.02705882352941176,0.1,10,new,MG_2k,P3,2014_f0
IAH2_2014,133,0.1315597796480106,0.14425990349006845,0.07692307692307693,10,new,MG_2k,P3,2014_f0
ONH1_2014,107,0.19914315360326415,0.17433727149826606,0.2727272727272727,10,new,MG_2k,P3,2014_f0
ONH2_2014,120,0.3795787435889177,0.3964372525869852,0.25,10,new,MG_2k,P3,2014_f0
IAH1c_2014,137,0.24906789327331919,0.22731345791252075,0.35714285714285715,0,all,D_noEC(MG_2k),P3,2014_f0
IAH2_2014,238,0.3515095074274964,0.35500229433439606,0.25,0,all,D_noEC(MG_2k),P3,2014_f0
ONH1_2014,180,0.3984036872327019,0.362155210551766,0.2222222222222222,0,all,D_noEC(MG_2k),P3,2014_f0
ONH2_2014,243,0.5946276519218632,0.6066652616578101,0.375,0,all,D_noEC(MG_2k),P3,2014_f0
IAH1c_2014,101,0.03092787308929646,0.020430984274898076,0.0,0,new,D_noEC(MG_2k),P3,2014_f0
IAH2_2014,133,0.2943955303812368,0.2857040838187735,0.07692307692307693,0,new,D_noEC(MG_2k),P3,2014_f0
ONH1_2014,107,0.19102601890918022,0.1613178157879269,0.18181818181818182,0,new,D_noEC(MG_2k),P3,2014_f0
ONH2_2014,120,0.6155735959124902,0.6124800333356483,0.3333333333333333,0,new,D_noEC(MG_2k),P3,2014_f0
IAH1c_2014,137,0.24906789327331919,0.22731345791252075,0.35714285714285715,0,all,D_noEC(MG_2k),P2,2014_f0
IAH2_2014,238,0.3515095074274964,0.35500229433439606,0.25,0,all,D_noEC(MG_2k),P2,2014_f0
ONH1_2014,180,0.3984036872327019,0.362155210551766,0.2222222222222222,0,all,D_noEC(MG_2k),P2,2014_f0
ONH2_2014,243,0.5946276519218632,0.6066652616578101,0.375,0,all,D_noEC(MG_2k),P2,2014_f0
IAH1c_2014,101,0.03092787308929646,0.020430984274898076,0.0,0,new,D_noEC(MG_2k),P2,2014_f0
IAH2_2014,133,0.2943955303812368,0.2857040838187735,0.07692307692307693,0,new,D_noEC(MG_2k),P2,2014_f0
ONH1_2014,107,0.19102601890918022,0.1613178157879269,0.18181818181818182,0,new,D_noEC(MG_2k),P2,2014_f0
ONH2_2014,120,0.6155735959124902,0.6124800333356483,0.3333333333333333,0,new,D_noEC(MG_2k),P2,2014_f0
IAH1c_2014,137,0.3136309578748822,0.2849328877853902,0.35714285714285715,12,all,MG_98k,P1,2014_f0
IAH2_2014,238,0.2936411523805489,0.19712627384516648,0.16666666666666666,12,all,MG_98k,P1,2014_f0
ONH1_2014,180,0.42235699877798977,0.39392779612539475,0.2222222222222222,12,all,MG_98k,P1,2014_f0
ONH2_2014,243,0.14100173346163408,0.19935319413709876,0.20833333333333334,12,all,MG_98k,P1,2014_f0
IAH1c_2014,101,0.08590393325678183,0.08058241118229471,0.1,12,new,MG_98k,P1,2014_f0
IAH2_2014,133,0.0827334978896213,0.10273308780771467,0.07692307692307693,12,new,MG_98k,P1,2014_f0
ONH1_2014,107,0.20534573841265305,0.1527655322400517,0.2727272727272727,12,new,MG_98k,P1,2014_f0
ONH2_2014,120,0.39944478969800373,0.4097784568372803,0.25,12,new,MG_98k,P1,2014_f0
IAH1c_2014,137,0.2748955546382979,0.21650456437732185,0.42857142857142855,7,all,MG_98k,P2,2014_f0
IAH2_2014,238,0.421228135992911,0.4191003449735385,0.16666666666666666,7,all,MG_98k,P2,2014_f0
ONH1_2014,180,0.2533112086738976,0.21082337932240708,0.16666666666666666,7,all,MG_98k,P2,2014_f0
ONH2_2014,243,0.5607809279407434,0.5620997188309657,0.2916666666666667,7,all,MG_98k,P2,2014_f0
IAH1c_2014,101,0.08165250760703514,0.04114152591729761,0.0,7,new,MG_98k,P2,2014_f0
IAH2_2014,133,0.30109687993717593,0.3200538660083044,0.07692307692307693,7,new,MG_98k,P2,2014_f0
ONH1_2014,107,-0.017593475807103506,-0.021483571386586728,0.18181818181818182,7,new,MG_98k,P2,2014_f0
ONH2_2014,120,0.5798311081743504,0.5709840961177859,0.25,7,new,MG_98k,P2,2014_f0
IAH1c_2014,137,0.2850455833976058,0.26154162077398396,0.35714285714285715,11,all,MG_98k,P3,2014_f0
IAH2_2014,238,0.30156106361625934,0.2274702370752867,0.20833333333333334,11,all,MG_98k,P3,2014_f0
ONH1_2014,180,0.4048303446469727,0.3636820066462957,0.2222222222222222,11,all,MG_98k,P3,2014_f0
ONH2_2014,243,0.21958030292616934,0.2592115893159112,0.20833333333333334,11,all,MG_98k,P3,2014_f0
IAH1c_2014,101,0.05976198897802636,0.05096097845078625,0.1,11,new,MG_98k,P3,2014_f0
IAH2_2014,133,0.11165700417295715,0.13977617041246262,0.07692307692307693,11,new,MG_98k,P3,2014_f0
ONH1_2014,107,0.1386898653089573,0.10761378553655049,0.2727272727272727,11,new,MG_98k,P3,2014_f0
ONH2_2014,120,0.43584053140123497,0.44345440655601076,0.25,11,new,MG_98k,P3,2014_f0
IAH1c_2014,137,0.3056302221491405,0.2538643194504079,0.42857142857142855,0,all,D_noEC(MG_98k),P3,2014_f0
IAH2_2014,238,0.41042914869627783,0.41128492072640727,0.2916666666666667,0,all,D_noEC(MG_98k),P3,2014_f0
ONH1_2014,180,0.36750337004545,0.3020422441021842,0.2777777777777778,0,all,D_noEC(MG_98k),P3,2014_f0
ONH2_2014,243,0.6193365171944747,0.6238716022620642,0.2916666666666667,0,all,D_noEC(MG_98k),P3,2014_f0
IAH1c_2014,101,0.11500704666863007,0.057367501456027946,0.1,0,new,D_noEC(MG_98k),P3,2014_f0
IAH2_2014,133,0.3873068432549687,0.39024800807990123,0.15384615384615385,0,new,D_noEC(MG_98k),P3,2014_f0
ONH1_2014,107,0.12169493243883335,0.06016967417073218,0.2727272727272727,0,new,D_noEC(MG_98k),P3,2014_f0
ONH2_2014,120,0.6774450430157936,0.7013820404194735,0.3333333333333333,0,new,D_noEC(MG_98k),P3,2014_f0
IAH1c_2014,137,0.3271477088614821,0.27563611925252485,0.42857142857142855,1,all,D_noEC(MG_98k),P2,2014_f0
IAH2_2014,238,0.4237104754920086,0.42853671313342884,0.25,1,all,D_noEC(MG_98k),P2,2014_f0
ONH1_2014,180,0.3685381314238315,0.2952416226838277,0.2222222222222222,1,all,D_noEC(MG_98k),P2,2014_f0
ONH2_2014,243,0.641134639851631,0.637816315163558,0.2916666666666667,1,all,D_noEC(MG_98k),P2,2014_f0
IAH1c_2014,101,0.1614869685434784,0.10158415841584159,0.1,1,new,D_noEC(MG_98k),P2,2014_f0
IAH2_2014,133,0.4068953344180637,0.41037634792544453,0.15384615384615385,1,new,D_noEC(MG_98k),P2,2014_f0
ONH1_2014,107,0.13482224755904146,0.07492309802308039,0.2727272727272727,1,new,D_noEC(MG_98k),P2,2014_f0
ONH2_2014,120,0.6880057340318667,0.7050211820265295,0.3333333333333333,1,new,D_noEC(MG_98k),P2,2014_f0
IAH1_2015,600,0.513566986035536,0.4796437345560332,0.38333333333333336,13,all,MG_2k,P1,2015_f0
ONH1_2015,356,0.45899022574028103,0.46453571310312863,0.2222222222222222,13,all,MG_2k,P1,2015_f0
ONH2_2015,357,0.3753904263121619,0.3652689414893965,0.2777777777777778,13,all,MG_2k,P1,2015_f0
IAH1_2015,405,0.42523348453796417,0.3898669024888369,0.25,13,new,MG_2k,P1,2015_f0
ONH1_2015,219,0.3233537409860027,0.36197251246621953,0.22727272727272727,13,new,MG_2k,P1,2015_f0
ONH2_2015,216,0.29805433284751837,0.28575009399675405,0.22727272727272727,13,new,MG_2k,P1,2015_f0
IAH1_2015,600,0.5060728554120172,0.48657750400910865,0.3333333333333333,14,all,MG_2k,P2,2015_f0
ONH1_2015,356,0.48099835359596466,0.49529051185790646,0.2777777777777778,14,all,MG_2k,P2,2015_f0
ONH2_2015,357,0.38496888067798146,0.3695654381322846,0.2777777777777778,14,all,MG_2k,P2,2015_f0
IAH1_2015,405,0.43866081332232176,0.41227247739140643,0.25,14,new,MG_2k,P2,2015_f0
ONH1_2015,219,0.33811017967067514,0.37911409000319807,0.22727272727272727,14,new,MG_2k,P2,2015_f0
ONH2_2015,216,0.3057230149275829,0.3006329858158083,0.18181818181818182,14,new,MG_2k,P2,2015_f0
IAH1_2015,600,0.44909863634583835,0.4184692573720834,0.26666666666666666,10,all,MG_2k,P3,2015_f0
ONH1_2015,356,0.3542385537701322,0.3665281975507788,0.2222222222222222,10,all,MG_2k,P3,2015_f0
ONH2_2015,357,0.31760619829962844,0.3066619368851119,0.2222222222222222,10,all,MG_2k,P3,2015_f0
IAH1_2015,405,0.31827822237530784,0.2858604380325754,0.15,10,new,MG_2k,P3,2015_f0
ONH1_2015,219,0.16946729757725898,0.21376730252799916,0.18181818181818182,10,new,MG_2k,P3,2015_f0
ONH2_2015,216,0.21860869377391445,0.2008401507639352,0.22727272727272727,10,new,MG_2k,P3,2015_f0
IAH1_2015,600,0.45503841360835773,0.4247718861655696,0.3333333333333333,0,all,D_noEC(MG_2k),P3,2015_f0
ONH1_2015,356,0.32881770278358385,0.32540636764663294,0.25,0,all,D_noEC(MG_2k),P3,2015_f0
ONH2_2015,357,0.3027608954295918,0.28752412419369233,0.25,0,all,D_noEC(MG_2k),P3,2015_f0
IAH1_2015,405,0.32732271967262044,0.29830116542570884,0.175,0,new,D_noEC(MG_2k),P3,2015_f0
ONH1_2015,219,0.17661302849170266,0.21633108431178158,0.22727272727272727,0,new,D_noEC(MG_2k),P3,2015_f0
ONH2_2015,216,0.21870750421906923,0.20294603500460387,0.22727272727272727,0,new,D_noEC(MG_2k),P3,2015_f0
IAH1_2015,600,0.4587377830557184,0.42822670141380137,0.35,3,all,D_noEC(MG_2k),P2,2015_f0
ONH1_2015,356,0.33776470573198586,0.3269999349700318,0.3055555555555556,3,all,D_noEC(MG_2k),P2,2015_f0
ONH2_2015,357,0.29369356390671436,0.276603208031488,0.25,3,all,D_noEC(MG_2k),P2,2015_f0
IAH1_2015,405,0.32696193912396476,0.2946445188077501,0.225,3,new,D_noEC(MG_2k),P2,2015_f0
ONH1_2015,219,0.17163010803870243,0.2059502815990154,0.22727272727272727,3,new,D_noEC(MG_2k),P2,2015_f0
ONH2_2015,216,0.20731008588020397,0.18537735189076418,0.13636363636363635,3,new,D_noEC(MG_2k),P2,2015_f0
IAH1_2015,600,0.1596955821916312,0.2242544902695422,0.06666666666666667,3,all,MG_98k,P1,2015_f0
ONH1_2015,356,0.16838680714204074,0.2643662095638985,0.1111111111111111,3,all,MG_98k,P1,2015_f0
ONH2_2015,357,0.13862472357600805,0.19805226188835823,0.05555555555555555,3,all,MG_98k,P1,2015_f0
IAH1_2015,405,0.05014301079023531,0.06375706824101034,0.1,3,new,MG_98k,P1,2015_f0
ONH1_2015,219,0.033052535582933217,0.09091599787267006,0.045454545454545456,3,new,MG_98k,P1,2015_f0
ONH2_2015,216,0.043087112408227726,0.05579491771601412,0.045454545454545456,3,new,MG_98k,P1,2015_f0
IAH1_2015,600,0.5510741450144933,0.5202952374949721,0.36666666666666664,12,all,MG_98k,P2,2015_f0
ONH1_2015,356,0.45618310981302024,0.469031692746746,0.25,12,all,MG_98k,P2,2015_f0
ONH2_2015,357,0.3922352944400094,0.38499160309924113,0.2777777777777778,12,all,MG_98k,P2,2015_f0
IAH1_2015,405,0.4549584463321424,0.4197784253694778,0.275,12,new,MG_98k,P2,2015_f0
ONH1_2015,219,0.33069176043363624,0.38547270297897396,0.2727272727272727,12,new,MG_98k,P2,2015_f0
ONH2_2015,216,0.374796452132922,0.34466245866898565,0.18181818181818182,12,new,MG_98k,P2,2015_f0
IAH1_2015,600,0.47849922701365993,0.4681549801014721,0.3333333333333333,7,all,MG_98k,P3,2015_f0
ONH1_2015,356,0.41239277860579765,0.42631297087736836,0.25,7,all,MG_98k,P3,2015_f0
ONH2_2015,357,0.3636370783953051,0.3728971648344291,0.19444444444444445,7,all,MG_98k,P3,2015_f0
IAH1_2015,405,0.3368587759056548,0.32593226311652096,0.25,7,new,MG_98k,P3,2015_f0
ONH1_2015,219,0.2398571493709657,0.29998931757594993,0.13636363636363635,7,new,MG_98k,P3,2015_f0
ONH2_2015,216,0.2768715617251381,0.3074156358779223,0.13636363636363635,7,new,MG_98k,P3,2015_f0
IAH1_2015,600,0.47571451449714897,0.46917067739551177,0.3,0,all,D_noEC(MG_98k),P3,2015_f0
ONH1_2015,356,0.391716150662833,0.3961157810508232,0.25,0,all,D_noEC(MG_98k),P3,2015_f0
ONH2_2015,357,0.3483348151649891,0.3595692030559871,0.2222222222222222,0,all,D_noEC(MG_98k),P3,2015_f0
IAH1_2015,405,0.33498855876002936,0.32829686749982734,0.2,0,new,D_noEC(MG_98k),P3,2015_f0
ONH1_2015,219,0.23646598001916622,0.28802328882708833,0.18181818181818182,0,new,D_noEC(MG_98k),P3,2015_f0
ONH2_2015,216,0.2599091831757836,0.2968391790921609,0.09090909090909091,0,new,D_noEC(MG_98k),P3,2015_f0
IAH1_2015,600,0.47571451449714897,0.46917067739551177,0.3,0,all,D_noEC(MG_98k),P2,2015_f0
ONH1_2015,356,0.391716150662833,0.3961157810508232,0.25,0,all,D_noEC(MG_98k),P2,2015_f0
ONH2_2015,357,0.3483348151649891,0.3595692030559871,0.2222222222222222,0,all,D_noEC(MG_98k),P2,2015_f0
IAH1_2015,405,0.33498855876002936,0.32829686749982734,0.2,0,new,D_noEC(MG_98k),P2,2015_f0
ONH1_2015,219,0.23646598001916622,0.28802328882708833,0.18181818181818182,0,new,D_noEC(MG_98k),P2,2015_f0
ONH2_2015,216,0.2599091831757836,0.2968391790921609,0.09090909090909091,0,new,D_noEC(MG_98k),P2,2015_f0
ARH2_2016,226,0.26547634688617805,0.22249580913024836,0.13043478260869565,12,all,MG_2k,P1,2016_f0
IAH1_2016,335,0.34725030856063716,0.35415107950410485,0.29411764705882354,12,all,MG_2k,P1,2016_f0
IAH2_2016,397,0.41913997971278405,0.4701731694883854,0.325,12,all,MG_2k,P1,2016_f0
ONH1_2016,227,0.5172053844340067,0.5364528724641905,0.30434782608695654,12,all,MG_2k,P1,2016_f0
ONH2_2016,245,0.4397700333373596,0.4236990917918547,0.4166666666666667,12,all,MG_2k,P1,2016_f0
ARH2_2016,10,-0.11346681088122246,-0.22424242424242422,0.0,12,new,MG_2k,P1,2016_f0
IAH1_2016,36,0.29430589645310357,0.2926640926640927,0.25,12,new,MG_2k,P1,2016_f0
IAH2_2016,37,0.32071941811882443,0.30488383119962065,0.25,12,new,MG_2k,P1,2016_f0
ONH1_2016,32,0.29059666804155765,0.21517595307917886,0.6666666666666666,12,new,MG_2k,P1,2016_f0
ONH2_2016,38,0.2459774715290536,0.23908523908523907,0.5,12,new,MG_2k,P1,2016_f0
ARH2_2016,226,0.25045472732858504,0.20488609930736945,0.13043478260869565,11,all,MG_2k,P2,2016_f0
IAH1_2016,335,0.3701804717019779,0.3643071000855432,0.29411764705882354,11,all,MG_2k,P2,2016_f0
IAH2_2016,397,0.43940171826409397,0.4770079693943345,0.35,11,all,MG_2k,P2,2016_f0
ONH1_2016,227,0.517372386478223,0.5150132651030329,0.30434782608695654,11,all,MG_2k,P2,2016_f0
ONH2_2016,245,0.4485915643283344,0.4327085492333679,0.375,11,all,MG_2k,P2,2016_f0
ARH2_2016,10,-0.2173905653579608,-0.2606060606060606,0.0,11,new,MG_2k,P2,2016_f0
IAH1_2016,36,0.2873122771675258,0.2993564993564994,0.25,11,new,MG_2k,P2,2016_f0
IAH2_2016,37,0.23149686930292068,0.16334755808440019,0.25,11,new,MG_2k,P2,2016_f0
ONH1_2016,32,0.2825643910817451,0.17961876832844573,0.6666666666666666,11,new,MG_2k,P2,2016_f0
ONH2_2016,38,0.15829394707168185,0.1417004048582996,0.5,11,new,MG_2k,P2,2016_f0
ARH2_2016,226,0.25045472732858504,0.20488609930736945,0.13043478260869565,11,all,MG_2k,P3,2016_f0
IAH1_2016,335,0.3701804717019779,0.3643071000855432,0.29411764705882354,11,all,MG_2k,P3,2016_f0
IAH2_2016,397,0.43940171826409397,0.4770079693943345,0.35,11,all,MG_2k,P3,2016_f0
ONH1_2016,227,0.517372386478223,0.5150132651030329,0.30434782608695654,11,all,MG_2k,P3,2016_f0
ONH2_2016,245,0.4485915643283344,0.4327085492333679,0.375,11,all,MG_2k,P3,2016_f0
ARH2_2016,10,-0.2173905653579608,-0.2606060606060606,0.0,11,new,MG_2k,P3,2016_f0
IAH1_2016,36,0.2873122771675258,0.2993564993564994,0.25,11,new,MG_2k,P3,2016_f0
IAH2_2016,37,0.23149686930292068,0.16334755808440019,0.25,11,new,MG_2k,P3,2016_f0
ONH1_2016,32,0.2825643910817451,0.17961876832844573,0.6666666666666666,11,new,MG_2k,P3,2016_f0
ONH2_2016,38,0.15829394707168185,0.1417004048582996,0.5,11,new,MG_2k,P3,2016_f0
ARH2_2016,226,0.2642049598197554,0.22453133730978647,0.21739130434782608,0,all,D_noEC(MG_2k),P3,2016_f0
IAH1_2016,335,0.38512475945429014,0.36540703241704225,0.35294117647058826,0,all,D_noEC(MG_2k),P3,2016_f0
IAH2_2016,397,0.4629797564293581,0.49333339470422877,0.425,0,all,D_noEC(MG_2k),P3,2016_f0
ONH1_2016,227,0.5115599561531082,0.5022026431718062,0.30434782608695654,0,all,D_noEC(MG_2k),P3,2016_f0
ONH2_2016,245,0.44831077189199386,0.42900309264049485,0.375,0,all,D_noEC(MG_2k),P3,2016_f0
ARH2_2016,10,0.22599722083345913,0.24848484848484845,0.0,0,new,D_noEC(MG_2k),P3,2016_f0
IAH1_2016,36,0.2831660210278017,0.2442728442728443,0.25,0,new,D_noEC(MG_2k),P3,2016_f0
IAH2_2016,37,0.2670009371503678,0.22238027501185392,0.25,0,new,D_noEC(MG_2k),P3,2016_f0
ONH1_2016,32,0.24656833934208905,0.1601906158357771,0.0,0,new,D_noEC(MG_2k),P3,2016_f0
ONH2_2016,38,0.12702043152293557,0.13819892767261188,0.5,0,new,D_noEC(MG_2k),P3,2016_f0
ARH2_2016,226,0.2624396346235804,0.22097488077137994,0.13043478260869565,1,all,D_noEC(MG_2k),P2,2016_f0
IAH1_2016,335,0.3899252721107805,0.36797364758755413,0.35294117647058826,1,all,D_noEC(MG_2k),P2,2016_f0
IAH2_2016,397,0.4640537880532463,0.48985788418468196,0.4,1,all,D_noEC(MG_2k),P2,2016_f0
ONH1_2016,227,0.5132895358457398,0.5002092870084064,0.30434782608695654,1,all,D_noEC(MG_2k),P2,2016_f0
ONH2_2016,245,0.4560192178506514,0.43456413353026146,0.375,1,all,D_noEC(MG_2k),P2,2016_f0
ARH2_2016,10,0.2749296996890439,0.29696969696969694,0.0,1,new,D_noEC(MG_2k),P2,2016_f0
IAH1_2016,36,0.28547011107272297,0.25585585585585585,0.25,1,new,D_noEC(MG_2k),P2,2016_f0
IAH2_2016,37,0.28136017722683193,0.27358937885253676,0.5,1,new,D_noEC(MG_2k),P2,2016_f0
ONH1_2016,32,0.2521151769032048,0.17705278592375365,0.0,1,new,D_noEC(MG_2k),P2,2016_f0
ONH2_2016,38,0.14095775909291205,0.13973082394135025,0.25,1,new,D_noEC(MG_2k),P2,2016_f0
ARH2_2016,226,0.24368678398877963,0.2072345457616987,0.13043478260869565,12,all,MG_98k,P1,2016_f0
IAH1_2016,335,0.37479168824710607,0.37733232894552055,0.20588235294117646,12,all,MG_98k,P1,2016_f0
IAH2_2016,397,0.4408760014876314,0.4880173326751305,0.35,12,all,MG_98k,P1,2016_f0
ONH1_2016,227,0.5536244120047292,0.5822149131356325,0.34782608695652173,12,all,MG_98k,P1,2016_f0
ONH2_2016,245,0.5043401008790137,0.49710891153742587,0.375,12,all,MG_98k,P1,2016_f0
ARH2_2016,10,-0.06411192756678799,-0.06666666666666665,0.0,12,new,MG_98k,P1,2016_f0
IAH1_2016,36,0.45536280380084626,0.4244530244530245,0.5,12,new,MG_98k,P1,2016_f0
IAH2_2016,37,0.37883239046731004,0.4129919393077287,0.25,12,new,MG_98k,P1,2016_f0
ONH1_2016,32,0.4502854892250309,0.33394428152492667,0.3333333333333333,12,new,MG_98k,P1,2016_f0
ONH2_2016,38,0.4598642016380028,0.26578400262610785,0.75,12,new,MG_98k,P1,2016_f0
ARH2_2016,226,0.23331362873051334,0.18753420919262406,0.21739130434782608,8,all,MG_98k,P2,2016_f0
IAH1_2016,335,0.4487531360061589,0.4005646489536918,0.29411764705882354,8,all,MG_98k,P2,2016_f0
IAH2_2016,397,0.4846169545217135,0.4882378843304378,0.375,8,all,MG_98k,P2,2016_f0
ONH1_2016,227,0.5339345748776618,0.5189250855101577,0.30434782608695654,8,all,MG_98k,P2,2016_f0
ONH2_2016,245,0.551659083224881,0.5415719426515109,0.4583333333333333,8,all,MG_98k,P2,2016_f0
ARH2_2016,10,-0.015175188253425337,-0.01818181818181818,0.0,8,new,MG_98k,P2,2016_f0
IAH1_2016,36,0.4767232969508951,0.4831402831402832,0.5,8,new,MG_98k,P2,2016_f0
IAH2_2016,37,0.44151942649585046,0.48648648648648646,0.25,8,new,MG_98k,P2,2016_f0
ONH1_2016,32,0.19481587771381012,0.1378299120234604,0.6666666666666666,8,new,MG_98k,P2,2016_f0
ONH2_2016,38,0.10542408035941932,-0.01717912244228034,0.5,8,new,MG_98k,P2,2016_f0
ARH2_2016,226,0.23331362873051334,0.18753420919262406,0.21739130434782608,8,all,MG_98k,P3,2016_f0
IAH1_2016,335,0.4487531360061589,0.4005646489536918,0.29411764705882354,8,all,MG_98k,P3,2016_f0
IAH2_2016,397,0.4846169545217135,0.4882378843304378,0.375,8,all,MG_98k,P3,2016_f0
ONH1_2016,227,0.5339345748776618,0.5189250855101577,0.30434782608695654,8,all,MG_98k,P3,2016_f0
ONH2_2016,245,0.551659083224881,0.5415719426515109,0.4583333333333333,8,all,MG_98k,P3,2016_f0
ARH2_2016,10,-0.015175188253425337,-0.01818181818181818,0.0,8,new,MG_98k,P3,2016_f0
IAH1_2016,36,0.4767232969508951,0.4831402831402832,0.5,8,new,MG_98k,P3,2016_f0
IAH2_2016,37,0.44151942649585046,0.48648648648648646,0.25,8,new,MG_98k,P3,2016_f0
ONH1_2016,32,0.19481587771381012,0.1378299120234604,0.6666666666666666,8,new,MG_98k,P3,2016_f0
ONH2_2016,38,0.10542408035941932,-0.01717912244228034,0.5,8,new,MG_98k,P3,2016_f0
ARH2_2016,226,0.27630079190624096,0.24651774459735162,0.17391304347826086,0,all,D_noEC(MG_98k),P3,2016_f0
IAH1_2016,335,0.3868713601070122,0.3336187965220944,0.3235294117647059,0,all,D_noEC(MG_98k),P3,2016_f0
IAH2_2016,397,0.44774847553002844,0.49216753947586955,0.4,0,all,D_noEC(MG_98k),P3,2016_f0
ONH1_2016,227,0.3686728741475315,0.33888388469516945,0.2608695652173913,0,all,D_noEC(MG_98k),P3,2016_f0
ONH2_2016,245,0.37655466447668934,0.36077895372463265,0.375,0,all,D_noEC(MG_98k),P3,2016_f0
ARH2_2016,10,0.31435758262428315,0.32121212121212117,0.0,0,new,D_noEC(MG_98k),P3,2016_f0
IAH1_2016,36,0.44235853390565766,0.32432432432432434,0.25,0,new,D_noEC(MG_98k),P3,2016_f0
IAH2_2016,37,0.19105932430729047,0.21574205784732098,0.25,0,new,D_noEC(MG_98k),P3,2016_f0
ONH1_2016,32,-0.2762250712235796,-0.23057184750733137,0.0,0,new,D_noEC(MG_98k),P3,2016_f0
ONH2_2016,38,-0.22706328680544688,-0.36951526425210635,0.25,0,new,D_noEC(MG_98k),P3,2016_f0
ARH2_2016,226,0.27630079190624096,0.24651774459735162,0.17391304347826086,0,all,D_noEC(MG_98k),P2,2016_f0
IAH1_2016,335,0.3868713601070122,0.3336187965220944,0.3235294117647059,0,all,D_noEC(MG_98k),P2,2016_f0
IAH2_2016,397,0.44774847553002844,0.49216753947586955,0.4,0,all,D_noEC(MG_98k),P2,2016_f0
ONH1_2016,227,0.3686728741475315,0.33888388469516945,0.2608695652173913,0,all,D_noEC(MG_98k),P2,2016_f0
ONH2_2016,245,0.37655466447668934,0.36077895372463265,0.375,0,all,D_noEC(MG_98k),P2,2016_f0
ARH2_2016,10,0.31435758262428315,0.32121212121212117,0.0,0,new,D_noEC(MG_98k),P2,2016_f0
IAH1_2016,36,0.44235853390565766,0.32432432432432434,0.25,0,new,D_noEC(MG_98k),P2,2016_f0
IAH2_2016,37,0.19105932430729047,0.21574205784732098,0.25,0,new,D_noEC(MG_98k),P2,2016_f0
ONH1_2016,32,-0.2762250712235796,-0.23057184750733137,0.0,0,new,D_noEC(MG_98k),P2,2016_f0
ONH2_2016,38,-0.22706328680544688,-0.36951526425210635,0.25,0,new,D_noEC(MG_98k),P2,2016_f0
ARH2_2017,179,-0.04521533427699041,-0.03789257841106438,0.1111111111111111,13,all,MG_2k,P1,2017_f0
IAH1_2017,269,0.5355456617049372,0.5133158597705213,0.14814814814814814,13,all,MG_2k,P1,2017_f0
IAH2_2017,330,0.5286315904532431,0.5047953946313402,0.3939393939393939,13,all,MG_2k,P1,2017_f0
ONH1_2017,179,0.4294400547913352,0.4255727826250706,0.3333333333333333,13,all,MG_2k,P1,2017_f0
ONH2_2017,185,0.5606485062670596,0.5698459923079713,0.4444444444444444,13,all,MG_2k,P1,2017_f0
TXH1-Dry_2017,133,0.2412346651042556,0.09933075565440058,0.23076923076923078,13,all,MG_2k,P1,2017_f0
TXH1-Early_2017,179,0.25981597810753626,0.13103704048557044,0.16666666666666666,13,all,MG_2k,P1,2017_f0
IAH1_2017,10,0.24688399918664303,0.2121212121212121,0.0,13,new,MG_2k,P1,2017_f0
IAH2_2017,10,0.586213121792945,0.5030303030303029,1.0,13,new,MG_2k,P1,2017_f0
TXH1-Early_2017,11,-0.05576886651702926,-0.1272727272727273,0.0,13,new,MG_2k,P1,2017_f0
ARH2_2017,179,-0.020953575434820508,-0.039997489172054486,0.1111111111111111,6,all,MG_2k,P2,2017_f0
IAH1_2017,269,0.695691756340929,0.686948370584647,0.37037037037037035,6,all,MG_2k,P2,2017_f0
IAH2_2017,330,0.6070280917708064,0.6097108003922588,0.5454545454545454,6,all,MG_2k,P2,2017_f0
ONH1_2017,179,0.48204519836822285,0.5016613311572824,0.5,6,all,MG_2k,P2,2017_f0
ONH2_2017,185,0.5468992263268085,0.5587016028115572,0.5,6,all,MG_2k,P2,2017_f0
TXH1-Dry_2017,133,0.4410740629427834,0.34195223472521197,0.3076923076923077,6,all,MG_2k,P2,2017_f0
TXH1-Early_2017,179,0.4626275164743949,0.42364385142382893,0.2777777777777778,6,all,MG_2k,P2,2017_f0
IAH1_2017,10,0.33770189281567387,0.4545454545454545,0.0,6,new,MG_2k,P2,2017_f0
IAH2_2017,10,0.7924041556873916,0.6606060606060605,1.0,6,new,MG_2k,P2,2017_f0
TXH1-Early_2017,11,0.43680537597544594,0.3727272727272728,0.0,6,new,MG_2k,P2,2017_f0
ARH2_2017,179,-0.0329498727450622,-0.03592367083045635,0.16666666666666666,12,all,MG_2k,P3,2017_f0
IAH1_2017,269,0.5871789874691185,0.5774028178201024,0.2222222222222222,12,all,MG_2k,P3,2017_f0
IAH2_2017,330,0.559974009773321,0.5445439890126724,0.36363636363636365,12,all,MG_2k,P3,2017_f0
ONH1_2017,179,0.44425954389988676,0.43915845416692817,0.3888888888888889,12,all,MG_2k,P3,2017_f0
ONH2_2017,185,0.5651900591046624,0.5747993701904337,0.4444444444444444,12,all,MG_2k,P3,2017_f0
TXH1-Dry_2017,133,0.2864634678547045,0.16271003152385713,0.23076923076923078,12,all,MG_2k,P3,2017_f0
TXH1-Early_2017,179,0.3142867701837507,0.2137876957858639,0.2222222222222222,12,all,MG_2k,P3,2017_f0
IAH1_2017,10,0.30851508363520613,0.38181818181818183,0.0,12,new,MG_2k,P3,2017_f0
IAH2_2017,10,0.6027255088105813,0.5030303030303029,1.0,12,new,MG_2k,P3,2017_f0
TXH1-Early_2017,11,-0.007860689294812769,-0.07272727272727274,0.0,12,new,MG_2k,P3,2017_f0
ARH2_2017,179,-0.014952582580609023,-0.038823677107526204,0.16666666666666666,0,all,D_noEC(MG_2k),P3,2017_f0
IAH1_2017,269,0.6450893103928795,0.6344678819249415,0.2962962962962963,0,all,D_noEC(MG_2k),P3,2017_f0
IAH2_2017,330,0.6038409723894584,0.5883196680426728,0.5454545454545454,0,all,D_noEC(MG_2k),P3,2017_f0
ONH1_2017,179,0.4664631632250649,0.4836398635783482,0.3888888888888889,0,all,D_noEC(MG_2k),P3,2017_f0
ONH2_2017,185,0.5948643745010228,0.6119880842217076,0.4444444444444444,0,all,D_noEC(MG_2k),P3,2017_f0
TXH1-Dry_2017,133,0.3305562792283806,0.2262219320349721,0.38461538461538464,0,all,D_noEC(MG_2k),P3,2017_f0
TXH1-Early_2017,179,0.35122045137781577,0.26283360682195905,0.3888888888888889,0,all,D_noEC(MG_2k),P3,2017_f0
IAH1_2017,10,0.3697757026669406,0.43030303030303024,0.0,0,new,D_noEC(MG_2k),P3,2017_f0
IAH2_2017,10,0.5183437336843255,0.3939393939393939,1.0,0,new,D_noEC(MG_2k),P3,2017_f0
TXH1-Early_2017,11,-0.010226701779587651,-0.018181818181818184,0.0,0,new,D_noEC(MG_2k),P3,2017_f0
ARH2_2017,179,-0.044936243864144305,-0.04574100809742013,0.16666666666666666,4,all,D_noEC(MG_2k),P2,2017_f0
IAH1_2017,269,0.6643299922820124,0.634204946212261,0.4444444444444444,4,all,D_noEC(MG_2k),P2,2017_f0
IAH2_2017,330,0.6319281009829488,0.6142993728383347,0.5454545454545454,4,all,D_noEC(MG_2k),P2,2017_f0
ONH1_2017,179,0.5083590689454941,0.5208147636683196,0.4444444444444444,4,all,D_noEC(MG_2k),P2,2017_f0
ONH2_2017,185,0.5981549234079016,0.5908393307870583,0.4444444444444444,4,all,D_noEC(MG_2k),P2,2017_f0
TXH1-Dry_2017,133,0.47725735642644757,0.35552585670417564,0.46153846153846156,4,all,D_noEC(MG_2k),P2,2017_f0
TXH1-Early_2017,179,0.4631812707903643,0.3974883337980655,0.4444444444444444,4,all,D_noEC(MG_2k),P2,2017_f0
IAH1_2017,10,0.38557296817763514,0.4787878787878787,1.0,4,new,D_noEC(MG_2k),P2,2017_f0
IAH2_2017,10,0.5424094626340091,0.41818181818181815,1.0,4,new,D_noEC(MG_2k),P2,2017_f0
TXH1-Early_2017,11,0.1554992478586671,0.18181818181818182,0.0,4,new,D_noEC(MG_2k),P2,2017_f0
ARH2_2017,179,-0.05794169619499603,-0.0672232335279225,0.1111111111111111,13,all,MG_98k,P1,2017_f0
IAH1_2017,269,0.5647137589043499,0.5529106490196891,0.2222222222222222,13,all,MG_98k,P1,2017_f0
IAH2_2017,330,0.5538740867738877,0.5362422174543918,0.42424242424242425,13,all,MG_98k,P1,2017_f0
ONH1_2017,179,0.4583034325045328,0.4613437114221748,0.3333333333333333,13,all,MG_98k,P1,2017_f0
ONH2_2017,185,0.5867906806107156,0.5943352196350407,0.4444444444444444,13,all,MG_98k,P1,2017_f0
TXH1-Dry_2017,133,0.2883062008019443,0.14049540404607175,0.3076923076923077,13,all,MG_98k,P1,2017_f0
TXH1-Early_2017,179,0.2943324944756767,0.17120717009144376,0.2222222222222222,13,all,MG_98k,P1,2017_f0
IAH1_2017,10,0.24232637045854527,0.1515151515151515,0.0,13,new,MG_98k,P1,2017_f0
IAH2_2017,10,0.6119033942242303,0.3939393939393939,1.0,13,new,MG_98k,P1,2017_f0
TXH1-Early_2017,11,-0.12598298336987493,-0.15454545454545454,0.0,13,new,MG_98k,P1,2017_f0
ARH2_2017,179,-0.02549828475026949,-0.05484066704329086,0.1111111111111111,7,all,MG_98k,P2,2017_f0
IAH1_2017,269,0.7006076734534195,0.6824014014196387,0.4444444444444444,7,all,MG_98k,P2,2017_f0
IAH2_2017,330,0.6275496195690671,0.61969970670903,0.5454545454545454,7,all,MG_98k,P2,2017_f0
ONH1_2017,179,0.5131141760757203,0.518299751009562,0.5,7,all,MG_98k,P2,2017_f0
ONH2_2017,185,0.5837129924246274,0.5970094940533128,0.5,7,all,MG_98k,P2,2017_f0
TXH1-Dry_2017,133,0.4826123966476031,0.39352791748706906,0.3076923076923077,7,all,MG_98k,P2,2017_f0
TXH1-Early_2017,179,0.4532412251722506,0.39720481932758106,0.3333333333333333,7,all,MG_98k,P2,2017_f0
IAH1_2017,10,0.49592060341486227,0.6363636363636362,0.0,7,new,MG_98k,P2,2017_f0
IAH2_2017,10,0.5472376655275974,0.43030303030303024,1.0,7,new,MG_98k,P2,2017_f0
TXH1-Early_2017,11,0.2510819401754129,0.22727272727272727,0.0,7,new,MG_98k,P2,2017_f0
ARH2_2017,179,-0.04783349756878832,-0.06517690875232775,0.1111111111111111,12,all,MG_98k,P3,2017_f0
IAH1_2017,269,0.624365534845727,0.6157982133318255,0.25925925925925924,12,all,MG_98k,P3,2017_f0
IAH2_2017,330,0.5793550853612789,0.5712863688777836,0.3939393939393939,12,all,MG_98k,P3,2017_f0
ONH1_2017,179,0.47593015348603,0.4811938986880924,0.3888888888888889,12,all,MG_98k,P3,2017_f0
ONH2_2017,185,0.5907796532130217,0.5984262340445661,0.4444444444444444,12,all,MG_98k,P3,2017_f0
TXH1-Dry_2017,133,0.33852873663426464,0.20227808326787117,0.3076923076923077,12,all,MG_98k,P3,2017_f0
TXH1-Early_2017,179,0.35868222538198474,0.2583706078142591,0.2777777777777778,12,all,MG_98k,P3,2017_f0
IAH1_2017,10,0.3077961451832112,0.29696969696969694,0.0,12,new,MG_98k,P3,2017_f0
IAH2_2017,10,0.6428624392560375,0.41818181818181815,1.0,12,new,MG_98k,P3,2017_f0
TXH1-Early_2017,11,-0.07719338562726127,-0.06363636363636364,0.0,12,new,MG_98k,P3,2017_f0
ARH2_2017,179,-0.036873759107958315,-0.0517669951666562,0.16666666666666666,0,all,D_noEC(MG_98k),P3,2017_f0
IAH1_2017,269,0.6704676684450009,0.6712252465138219,0.37037037037037035,0,all,D_noEC(MG_98k),P3,2017_f0
IAH2_2017,330,0.6086861064444951,0.5922370597139706,0.5454545454545454,0,all,D_noEC(MG_98k),P3,2017_f0
ONH1_2017,179,0.4748538570158991,0.46838449145272315,0.4444444444444444,0,all,D_noEC(MG_98k),P3,2017_f0
ONH2_2017,185,0.5604506274203592,0.5421432764790025,0.4444444444444444,0,all,D_noEC(MG_98k),P3,2017_f0
TXH1-Dry_2017,133,0.3950984868083823,0.2777619081625366,0.38461538461538464,0,all,D_noEC(MG_98k),P3,2017_f0
TXH1-Early_2017,179,0.3997039859589948,0.30989910128009457,0.3333333333333333,0,all,D_noEC(MG_98k),P3,2017_f0
IAH1_2017,10,0.4393495141385485,0.49090909090909085,0.0,0,new,D_noEC(MG_98k),P3,2017_f0
IAH2_2017,10,0.5003787754748994,0.309090909090909,1.0,0,new,D_noEC(MG_98k),P3,2017_f0
TXH1-Early_2017,11,0.023711850043456936,0.009090909090909092,0.0,0,new,D_noEC(MG_98k),P3,2017_f0
ARH2_2017,179,-0.04134715160824073,-0.04617621827464273,0.1111111111111111,4,all,D_noEC(MG_98k),P2,2017_f0
IAH1_2017,269,0.6848384205400654,0.6687947094745642,0.48148148148148145,4,all,D_noEC(MG_98k),P2,2017_f0
IAH2_2017,330,0.6438511988175453,0.634488223407031,0.5151515151515151,4,all,D_noEC(MG_98k),P2,2017_f0
ONH1_2017,179,0.5020690607898972,0.5125520473709538,0.4444444444444444,4,all,D_noEC(MG_98k),P2,2017_f0
ONH2_2017,185,0.5826178972760668,0.5629129690464266,0.4444444444444444,4,all,D_noEC(MG_98k),P2,2017_f0
TXH1-Dry_2017,133,0.4955889607131467,0.3784801216065945,0.38461538461538464,4,all,D_noEC(MG_98k),P2,2017_f0
TXH1-Early_2017,179,0.4670277773694192,0.40276107524176163,0.5,4,all,D_noEC(MG_98k),P2,2017_f0
IAH1_2017,10,0.5631721031489675,0.5636363636363636,0.0,4,new,D_noEC(MG_98k),P2,2017_f0
IAH2_2017,10,0.5855701637739457,0.32121212121212117,1.0,4,new,D_noEC(MG_98k),P2,2017_f0
TXH1-Early_2017,11,0.058939813440383355,0.10000000000000002,0.0,4,new,D_noEC(MG_98k),P2,2017_f0
ARH2_2018,429,0.13168989994941366,0.1586138980379613,0.11627906976744186,7,all,MG_2k,P1,2018_f0
IAH1_2018,434,0.37623263108609284,0.3911574895333512,0.3023255813953488,7,all,MG_2k,P1,2018_f0
IAH2_2018,435,0.3651746991112068,0.3583828322394886,0.25,7,all,MG_2k,P1,2018_f0
TXH1-Dry_2018,404,0.2981796104823712,0.311538068516851,0.175,7,all,MG_2k,P1,2018_f0
TXH1-Early_2018,404,0.20257224053927209,0.21843579249367862,0.15,7,all,MG_2k,P1,2018_f0
ARH2_2018,429,0.13168989994941366,0.1586138980379613,0.11627906976744186,7,all,MG_2k,P2,2018_f0
IAH1_2018,434,0.37623263108609284,0.3911574895333512,0.3023255813953488,7,all,MG_2k,P2,2018_f0
IAH2_2018,435,0.3651746991112068,0.3583828322394886,0.25,7,all,MG_2k,P2,2018_f0
TXH1-Dry_2018,404,0.2981796104823712,0.311538068516851,0.175,7,all,MG_2k,P2,2018_f0
TXH1-Early_2018,404,0.20257224053927209,0.21843579249367862,0.15,7,all,MG_2k,P2,2018_f0
ARH2_2018,429,0.12702829408177213,0.15299814814886403,0.18604651162790697,11,all,MG_2k,P3,2018_f0
IAH1_2018,434,0.3538111506078731,0.32792706672435457,0.2558139534883721,11,all,MG_2k,P3,2018_f0
IAH2_2018,435,0.37763713984628383,0.36071898015397424,0.29545454545454547,11,all,MG_2k,P3,2018_f0
TXH1-Dry_2018,404,0.3007390964481107,0.32347686305211487,0.275,11,all,MG_2k,P3,2018_f0
TXH1-Early_2018,404,0.18235705865405288,0.20032008767407294,0.175,11,all,MG_2k,P3,2018_f0
ARH2_2018,429,0.09611291313250217,0.13228634303055628,0.13953488372093023,0,all,D_noEC(MG_2k),P3,2018_f0
IAH1_2018,434,0.377866997661579,0.3794100611159746,0.3023255813953488,0,all,D_noEC(MG_2k),P3,2018_f0
IAH2_2018,435,0.3700839370178488,0.36917209036181964,0.25,0,all,D_noEC(MG_2k),P3,2018_f0
TXH1-Dry_2018,404,0.34786952418504496,0.3679526375496285,0.225,0,all,D_noEC(MG_2k),P3,2018_f0
TXH1-Early_2018,404,0.16209970596315657,0.19086868857464145,0.1,0,all,D_noEC(MG_2k),P3,2018_f0
ARH2_2018,429,0.09858180461283574,0.1366319615816299,0.13953488372093023,1,all,D_noEC(MG_2k),P2,2018_f0
IAH1_2018,434,0.38178261353685466,0.38233526628274095,0.3023255813953488,1,all,D_noEC(MG_2k),P2,2018_f0
IAH2_2018,435,0.3687411429045677,0.36456481509323163,0.22727272727272727,1,all,D_noEC(MG_2k),P2,2018_f0
TXH1-Dry_2018,404,0.34775881797013136,0.3661210305590388,0.225,1,all,D_noEC(MG_2k),P2,2018_f0
TXH1-Early_2018,404,0.1655411527632098,0.1913976335241932,0.1,1,all,D_noEC(MG_2k),P2,2018_f0
ARH2_2018,429,0.15135609149102158,0.16704642299537484,0.20930232558139536,7,all,MG_98k,P1,2018_f0
IAH1_2018,434,0.3769290716377236,0.3809034174747599,0.3023255813953488,7,all,MG_98k,P1,2018_f0
IAH2_2018,435,0.3446142906743074,0.3282820303253178,0.2727272727272727,7,all,MG_98k,P1,2018_f0
TXH1-Dry_2018,404,0.3192756201431391,0.3292786958966174,0.275,7,all,MG_98k,P1,2018_f0
TXH1-Early_2018,404,0.23641069659724542,0.24948039325376534,0.175,7,all,MG_98k,P1,2018_f0
ARH2_2018,429,0.15779808587911273,0.1697446818856567,0.18604651162790697,6,all,MG_98k,P2,2018_f0
IAH1_2018,434,0.37183224953238586,0.3752477321200857,0.27906976744186046,6,all,MG_98k,P2,2018_f0
IAH2_2018,435,0.3383759403807286,0.32153950026378686,0.25,6,all,MG_98k,P2,2018_f0
TXH1-Dry_2018,404,0.3237865970660853,0.3309365054133125,0.3,6,all,MG_98k,P2,2018_f0
TXH1-Early_2018,404,0.2425999306749272,0.25203357858654934,0.175,6,all,MG_98k,P2,2018_f0
ARH2_2018,429,0.14315946220305673,0.16067857461319263,0.20930232558139536,8,all,MG_98k,P3,2018_f0
IAH1_2018,434,0.3819063859307897,0.3862893650618858,0.32558139534883723,8,all,MG_98k,P3,2018_f0
IAH2_2018,435,0.35146792590198356,0.3368342750198462,0.2727272727272727,8,all,MG_98k,P3,2018_f0
TXH1-Dry_2018,404,0.31093940476227294,0.3218443497122484,0.225,8,all,MG_98k,P3,2018_f0
TXH1-Early_2018,404,0.2282123050754274,0.24359311676382878,0.2,8,all,MG_98k,P3,2018_f0
ARH2_2018,429,0.1340057082241549,0.17433592863883118,0.13953488372093023,0,all,D_noEC(MG_98k),P3,2018_f0
IAH1_2018,434,0.3814848615267285,0.39875330506750895,0.3488372093023256,0,all,D_noEC(MG_98k),P3,2018_f0
IAH2_2018,435,0.31379408845145534,0.30315967486075657,0.29545454545454547,0,all,D_noEC(MG_98k),P3,2018_f0
TXH1-Dry_2018,404,0.3422494044136992,0.3435083413233855,0.35,0,all,D_noEC(MG_98k),P3,2018_f0
TXH1-Early_2018,404,0.16722986261090766,0.19170946809190595,0.075,0,all,D_noEC(MG_98k),P3,2018_f0
ARH2_2018,429,0.1340057082241549,0.17433592863883118,0.13953488372093023,0,all,D_noEC(MG_98k),P2,2018_f0
IAH1_2018,434,0.3814848615267285,0.39875330506750895,0.3488372093023256,0,all,D_noEC(MG_98k),P2,2018_f0
IAH2_2018,435,0.31379408845145534,0.30315967486075657,0.29545454545454547,0,all,D_noEC(MG_98k),P2,2018_f0
TXH1-Dry_2018,404,0.3422494044136992,0.3435083413233855,0.35,0,all,D_noEC(MG_98k),P2,2018_f0
TXH1-Early_2018,404,0.16722986261090766,0.19170946809190595,0.075,0,all,D_noEC(MG_98k),P2,2018_f0
IAH1_2019,575,0.35093665157570675,0.32159928927434117,0.15517241379310345,16,all,MG_2k,P1,2019_f0
IAH2_2019,576,0.09739080585534318,0.0629276879242912,0.1206896551724138,16,all,MG_2k,P1,2019_f0
ONH2_2019,450,0.22033886508507344,0.2891182204434412,0.13333333333333333,16,all,MG_2k,P1,2019_f0
IAH1_2019,143,0.435894931887943,0.429245050723924,0.21428571428571427,16,new,MG_2k,P1,2019_f0
IAH2_2019,146,0.07725432026548298,0.1115922609005813,0.0,16,new,MG_2k,P1,2019_f0
ONH2_2019,61,0.2582995879468497,0.27921734531993647,0.3333333333333333,16,new,MG_2k,P1,2019_f0
IAH1_2019,575,0.39445719994061396,0.353345363602506,0.25862068965517243,10,all,MG_2k,P2,2019_f0
IAH2_2019,576,0.3664477252804581,0.3388136151949994,0.20689655172413793,10,all,MG_2k,P2,2019_f0
ONH2_2019,450,0.3122794536371289,0.2864286267374908,0.15555555555555556,10,all,MG_2k,P2,2019_f0
IAH1_2019,143,0.2561689047006743,0.18714501460980332,0.21428571428571427,10,new,MG_2k,P2,2019_f0
IAH2_2019,146,0.2957933665003313,0.24807341925905935,0.06666666666666667,10,new,MG_2k,P2,2019_f0
ONH2_2019,61,0.37068994928284715,0.37250132205182435,0.16666666666666666,10,new,MG_2k,P2,2019_f0
IAH1_2019,575,0.4038032787664068,0.3591533852060513,0.25862068965517243,11,all,MG_2k,P3,2019_f0
IAH2_2019,576,0.34929302430682097,0.3291363425441493,0.1896551724137931,11,all,MG_2k,P3,2019_f0
ONH2_2019,450,0.3056303873220679,0.2791826974739106,0.15555555555555556,11,all,MG_2k,P3,2019_f0
IAH1_2019,143,0.30179125999095335,0.234392954463377,0.21428571428571427,11,new,MG_2k,P3,2019_f0
IAH2_2019,146,0.2703520134937442,0.23676747033248824,0.06666666666666667,11,new,MG_2k,P3,2019_f0
ONH2_2019,61,0.3840413896859119,0.38318350079323105,0.0,11,new,MG_2k,P3,2019_f0
IAH1_2019,575,0.42811458356368726,0.4028077248839779,0.27586206896551724,2,all,D_noEC(MG_2k),P3,2019_f0
IAH2_2019,576,0.33415303770506083,0.3097784063901617,0.2413793103448276,2,all,D_noEC(MG_2k),P3,2019_f0
ONH2_2019,450,0.3981423611704818,0.3647196522596599,0.17777777777777778,2,all,D_noEC(MG_2k),P3,2019_f0
IAH1_2019,143,0.3759642914660616,0.3440280376900095,0.2857142857142857,2,new,D_noEC(MG_2k),P3,2019_f0
IAH2_2019,146,0.2527757854713491,0.2162879700770247,0.06666666666666667,2,new,D_noEC(MG_2k),P3,2019_f0
ONH2_2019,61,0.4552069982587149,0.44050766790058166,0.0,2,new,D_noEC(MG_2k),P3,2019_f0
IAH1_2019,575,0.4332325246848096,0.4074279213917703,0.29310344827586204,1,all,D_noEC(MG_2k),P2,2019_f0
IAH2_2019,576,0.33533088597473754,0.3081234506964348,0.2413793103448276,1,all,D_noEC(MG_2k),P2,2019_f0
ONH2_2019,450,0.3992856817416689,0.3684646586544244,0.2222222222222222,1,all,D_noEC(MG_2k),P2,2019_f0
IAH1_2019,143,0.3915004661519335,0.35544092058176563,0.2857142857142857,1,new,D_noEC(MG_2k),P2,2019_f0
IAH2_2019,146,0.25557749588705925,0.21298333220865107,0.06666666666666667,1,new,D_noEC(MG_2k),P2,2019_f0
ONH2_2019,61,0.4552955982621551,0.42808038075092536,0.0,1,new,D_noEC(MG_2k),P2,2019_f0
IAH1_2019,575,0.38239004612706873,0.37075585723684323,0.20689655172413793,16,all,MG_98k,P1,2019_f0
IAH2_2019,576,0.08490681044260069,0.04110061476622923,0.13793103448275862,16,all,MG_98k,P1,2019_f0
ONH2_2019,450,0.22883366483287018,0.3130478216714046,0.13333333333333333,16,all,MG_98k,P1,2019_f0
IAH1_2019,143,0.43597210250315765,0.45439361108375187,0.2857142857142857,16,new,MG_98k,P1,2019_f0
IAH2_2019,146,0.024270186836549804,0.05232471826708956,0.06666666666666667,16,new,MG_98k,P1,2019_f0
ONH2_2019,61,0.2359211987298419,0.2534108937070333,0.16666666666666666,16,new,MG_98k,P1,2019_f0
IAH1_2019,575,0.41545558204953736,0.37786907883068666,0.2413793103448276,11,all,MG_98k,P2,2019_f0
IAH2_2019,576,0.36324780154765823,0.34739708680891124,0.20689655172413793,11,all,MG_98k,P2,2019_f0
ONH2_2019,450,0.28228861825998236,0.25759865530849796,0.13333333333333333,11,all,MG_98k,P2,2019_f0
IAH1_2019,143,0.2931416313668988,0.26162218063626513,0.14285714285714285,11,new,MG_98k,P2,2019_f0
IAH2_2019,146,0.2993362548126903,0.2847174958788428,0.06666666666666667,11,new,MG_98k,P2,2019_f0
ONH2_2019,61,0.36844824530284337,0.3654680063458487,0.16666666666666666,11,new,MG_98k,P2,2019_f0
IAH1_2019,575,0.33074353891614816,0.3072360928147897,0.1896551724137931,8,all,MG_98k,P3,2019_f0
IAH2_2019,576,0.37617505250141164,0.357498749740957,0.2413793103448276,8,all,MG_98k,P3,2019_f0
ONH2_2019,450,0.30017925807292845,0.27739753627738384,0.17777777777777778,8,all,MG_98k,P3,2019_f0
IAH1_2019,143,0.09442342798341051,0.10869939919235692,0.07142857142857142,8,new,MG_98k,P3,2019_f0
IAH2_2019,146,0.32497308518372386,0.3055826014865087,0.2,8,new,MG_98k,P3,2019_f0
ONH2_2019,61,0.42124560767723246,0.448492860920148,0.16666666666666666,8,new,MG_98k,P3,2019_f0
IAH1_2019,575,0.38276201411403693,0.3693003012375067,0.27586206896551724,0,all,D_noEC(MG_98k),P3,2019_f0
IAH2_2019,576,0.3569381371709857,0.3424499589086787,0.25862068965517243,0,all,D_noEC(MG_98k),P3,2019_f0
ONH2_2019,450,0.34043527659871836,0.3080360435054694,0.13333333333333333,0,all,D_noEC(MG_98k),P3,2019_f0
IAH1_2019,143,0.19454463614047693,0.18936931612987948,0.14285714285714285,0,new,D_noEC(MG_98k),P3,2019_f0
IAH2_2019,146,0.33437342124039793,0.33763026230804083,0.2,0,new,D_noEC(MG_98k),P3,2019_f0
ONH2_2019,61,0.42099836412136954,0.43093601269169746,0.16666666666666666,0,new,D_noEC(MG_98k),P3,2019_f0
IAH1_2019,575,0.38276201411403693,0.3693003012375067,0.27586206896551724,0,all,D_noEC(MG_98k),P2,2019_f0
IAH2_2019,576,0.3569381371709857,0.3424499589086787,0.25862068965517243,0,all,D_noEC(MG_98k),P2,2019_f0
ONH2_2019,450,0.34043527659871836,0.3080360435054694,0.13333333333333333,0,all,D_noEC(MG_98k),P2,2019_f0
IAH1_2019,143,0.19454463614047693,0.18936931612987948,0.14285714285714285,0,new,D_noEC(MG_98k),P2,2019_f0
IAH2_2019,146,0.33437342124039793,0.33763026230804083,0.2,0,new,D_noEC(MG_98k),P2,2019_f0
ONH2_2019,61,0.42099836412136954,0.43093601269169746,0.16666666666666666,0,new,D_noEC(MG_98k),P2,2019_f0
IAH1_2020,748,0.41232430140842324,0.4062134751792481,0.26666666666666666,9,all,MG_2k,P1,2020_f0
WIH3_2020,416,0.23373130921140217,0.23346733225655822,0.07142857142857142,9,all,MG_2k,P1,2020_f0
IAH1_2020,748,0.4158250500625606,0.40604930635841824,0.24,8,all,MG_2k,P2,2020_f0
WIH3_2020,416,0.23095210534635827,0.23013991064451148,0.09523809523809523,8,all,MG_2k,P2,2020_f0
IAH1_2020,748,0.3956764568242674,0.3892919865128392,0.25333333333333335,11,all,MG_2k,P3,2020_f0
WIH3_2020,416,0.23549499357635015,0.23554151173905016,0.11904761904761904,11,all,MG_2k,P3,2020_f0
IAH1_2020,748,0.38185384944671674,0.3738200607933598,0.21333333333333335,1,all,D_noEC(MG_2k),P3,2020_f0
WIH3_2020,416,0.25251201395196604,0.2390596241798807,0.16666666666666666,1,all,D_noEC(MG_2k),P3,2020_f0
IAH1_2020,748,0.3879262126435801,0.3792022777359405,0.24,2,all,D_noEC(MG_2k),P2,2020_f0
WIH3_2020,416,0.2546052428321798,0.235254225337469,0.19047619047619047,2,all,D_noEC(MG_2k),P2,2020_f0
IAH1_2020,748,0.41266509940702,0.4011122849789525,0.25333333333333335,11,all,MG_98k,P1,2020_f0
WIH3_2020,416,0.2310226278522389,0.22390345376678789,0.11904761904761904,11,all,MG_98k,P1,2020_f0
IAH1_2020,748,0.43192119287833636,0.4165000976539984,0.29333333333333333,8,all,MG_98k,P2,2020_f0
WIH3_2020,416,0.2252578324309504,0.20920242435718645,0.09523809523809523,8,all,MG_98k,P2,2020_f0
IAH1_2020,748,0.43192119287833636,0.4165000976539984,0.29333333333333333,8,all,MG_98k,P3,2020_f0
WIH3_2020,416,0.2252578324309504,0.20920242435718645,0.09523809523809523,8,all,MG_98k,P3,2020_f0
IAH1_2020,748,0.40124452381900577,0.3876284205977387,0.25333333333333335,0,all,D_noEC(MG_98k),P3,2020_f0
WIH3_2020,416,0.23096300036806344,0.20902040129334742,0.21428571428571427,0,all,D_noEC(MG_98k),P3,2020_f0
IAH1_2020,748,0.40124452381900577,0.3876284205977387,0.25333333333333335,0,all,D_noEC(MG_98k),P2,2020_f0
WIH3_2020,416,0.23096300036806344,0.20902040129334742,0.21428571428571427,0,all,D_noEC(MG_98k),P2,2020_f0
IAH1_2021,772,0.28601661263215533,0.3440658837525724,0.16883116883116883,18,all,MG_2k,P1,2021_f0
IAH2_2021,1145,0.27995135349753786,0.2434149199033251,0.22807017543859648,18,all,MG_2k,P1,2021_f0
WIH3_2021,417,0.17082068947303974,0.0651671619344743,0.09523809523809523,18,all,MG_2k,P1,2021_f0
IAH1_2021,772,0.3976299316140063,0.3863638472373561,0.2597402597402597,9,all,MG_2k,P2,2021_f0
IAH2_2021,1145,0.4198134619274667,0.4051295828668482,0.22807017543859648,9,all,MG_2k,P2,2021_f0
WIH3_2021,417,0.3928481919724551,0.37012754223396466,0.19047619047619047,9,all,MG_2k,P2,2021_f0
IAH1_2021,772,0.39600704069249226,0.38601567415267696,0.23376623376623376,11,all,MG_2k,P3,2021_f0
IAH2_2021,1145,0.42140706319406324,0.4055791505722219,0.24561403508771928,11,all,MG_2k,P3,2021_f0
WIH3_2021,417,0.38012028155896244,0.35177072806954607,0.19047619047619047,11,all,MG_2k,P3,2021_f0
IAH1_2021,772,0.4990283956394505,0.5017048959709709,0.2727272727272727,1,all,D_noEC(MG_2k),P3,2021_f0
IAH2_2021,1145,0.3745491123560848,0.36321983703312,0.18421052631578946,1,all,D_noEC(MG_2k),P3,2021_f0
WIH3_2021,417,0.4494950023638012,0.41514379660268375,0.2857142857142857,1,all,D_noEC(MG_2k),P3,2021_f0
IAH1_2021,772,0.4990283956394505,0.5017048959709709,0.2727272727272727,1,all,D_noEC(MG_2k),P2,2021_f0
IAH2_2021,1145,0.3745491123560848,0.36321983703312,0.18421052631578946,1,all,D_noEC(MG_2k),P2,2021_f0
WIH3_2021,417,0.4494950023638012,0.41514379660268375,0.2857142857142857,1,all,D_noEC(MG_2k),P2,2021_f0
IAH1_2021,772,0.42765978965080764,0.41421773313372556,0.2727272727272727,13,all,MG_98k,P1,2021_f0
IAH2_2021,1145,0.455356855955582,0.43641017573216245,0.2982456140350877,13,all,MG_98k,P1,2021_f0
WIH3_2021,417,0.4084030131446425,0.38938471292914356,0.21428571428571427,13,all,MG_98k,P1,2021_f0
IAH1_2021,772,0.42965864646129454,0.4181244075416001,0.2597402597402597,12,all,MG_98k,P2,2021_f0
IAH2_2021,1145,0.4559061125568273,0.439582394785422,0.2543859649122807,12,all,MG_98k,P2,2021_f0
WIH3_2021,417,0.41861667131967845,0.3946782896866894,0.19047619047619047,12,all,MG_98k,P2,2021_f0
IAH1_2021,772,0.41298639229224104,0.40887149818733887,0.2727272727272727,8,all,MG_98k,P3,2021_f0
IAH2_2021,1145,0.4272444083177504,0.40697730469701043,0.21929824561403508,8,all,MG_98k,P3,2021_f0
WIH3_2021,417,0.43531275349641685,0.42455927026522833,0.21428571428571427,8,all,MG_98k,P3,2021_f0
IAH1_2021,772,0.49756606268160963,0.5041767175253993,0.2987012987012987,0,all,D_noEC(MG_98k),P3,2021_f0
IAH2_2021,1145,0.4043107723094221,0.384789218273178,0.21052631578947367,0,all,D_noEC(MG_98k),P3,2021_f0
WIH3_2021,417,0.4730178652455115,0.4633584225349976,0.23809523809523808,0,all,D_noEC(MG_98k),P3,2021_f0
IAH1_2021,772,0.49756606268160963,0.5041767175253993,0.2987012987012987,0,all,D_noEC(MG_98k),P2,2021_f0
IAH2_2021,1145,0.4043107723094221,0.384789218273178,0.21052631578947367,0,all,D_noEC(MG_98k),P2,2021_f0
WIH3_2021,417,0.4730178652455115,0.4633584225349976,0.23809523809523808,0,all,D_noEC(MG_98k),P2,2021_f0
IAH4_2014,244,0.44375374163237574,0.4182369135878791,0.125,13,all,MG_2k,P1,2014_f1
INH1_2014,240,0.41789960793473746,0.39397558985399045,0.16666666666666666,13,all,MG_2k,P1,2014_f1
MOH1_2014,247,0.3878871496466267,0.2910806945342536,0.32,13,all,MG_2k,P1,2014_f1
NYH2_2014,218,0.21496817765497248,0.15286832623971355,0.2727272727272727,13,all,MG_2k,P1,2014_f1
TXH2_2014,214,0.10592214372962463,0.11864475267164823,0.047619047619047616,13,all,MG_2k,P1,2014_f1
WIH1_2014,208,0.2981035608139508,0.25397923967718017,0.5238095238095238,13,all,MG_2k,P1,2014_f1
IAH4_2014,88,0.24627183528741972,0.31393009197801713,0.1111111111111111,13,new,MG_2k,P1,2014_f1
INH1_2014,88,0.31761380179152,0.27776408016624987,0.1111111111111111,13,new,MG_2k,P1,2014_f1
MOH1_2014,79,0.06496098729634257,0.013364167478091528,0.0,13,new,MG_2k,P1,2014_f1
NYH2_2014,132,-0.06278518232732092,-0.051885438787809206,0.0,13,new,MG_2k,P1,2014_f1
TXH2_2014,103,0.03310907630385387,0.031267846944603085,0.2,13,new,MG_2k,P1,2014_f1
WIH1_2014,133,-0.019116850296386927,0.0007753440589261485,0.15384615384615385,13,new,MG_2k,P1,2014_f1
IAH4_2014,244,0.4563387357586445,0.4371205608053822,0.08333333333333333,11,all,MG_2k,P2,2014_f1
INH1_2014,240,0.41923498574245915,0.39988107432420694,0.16666666666666666,11,all,MG_2k,P2,2014_f1
MOH1_2014,247,0.33664051116582816,0.2708282234970711,0.24,11,all,MG_2k,P2,2014_f1
NYH2_2014,218,0.23658767370778483,0.22150336862479142,0.18181818181818182,11,all,MG_2k,P2,2014_f1
TXH2_2014,214,0.16653808812181445,0.18965442295153223,0.09523809523809523,11,all,MG_2k,P2,2014_f1
WIH1_2014,208,0.3721348405743628,0.3165442490385282,0.5714285714285714,11,all,MG_2k,P2,2014_f1
IAH4_2014,88,0.30340274626604646,0.39182483808997864,0.0,11,new,MG_2k,P2,2014_f1
INH1_2014,88,0.34027001389220163,0.3461132048888733,0.0,11,new,MG_2k,P2,2014_f1
MOH1_2014,79,0.031306420986216714,0.03154819863680623,0.0,11,new,MG_2k,P2,2014_f1
NYH2_2014,132,0.015330287967007958,0.03597647832280214,0.0,11,new,MG_2k,P2,2014_f1
TXH2_2014,103,0.13617647084505782,0.1345934191451039,0.2,11,new,MG_2k,P2,2014_f1
WIH1_2014,133,0.08556238190108217,0.08138562144846512,0.15384615384615385,11,new,MG_2k,P2,2014_f1
IAH4_2014,244,0.43779188689476456,0.4232532502412743,0.16666666666666666,10,all,MG_2k,P3,2014_f1
INH1_2014,240,0.41167868383709894,0.39682112536675973,0.20833333333333334,10,all,MG_2k,P3,2014_f1
MOH1_2014,247,0.31332189906597907,0.25724269519043624,0.2,10,all,MG_2k,P3,2014_f1
NYH2_2014,218,0.23538199275098853,0.2273018163875068,0.18181818181818182,10,all,MG_2k,P3,2014_f1
TXH2_2014,214,0.16056324472932249,0.1849095879340376,0.09523809523809523,10,all,MG_2k,P3,2014_f1
WIH1_2014,208,0.3786179108503566,0.3440015362212158,0.5238095238095238,10,all,MG_2k,P3,2014_f1
IAH4_2014,88,0.2777095138524179,0.3539605595141891,0.0,10,new,MG_2k,P3,2014_f1
INH1_2014,88,0.32003453341419463,0.33367968722482483,0.0,10,new,MG_2k,P3,2014_f1
MOH1_2014,79,0.01914627912478323,0.0124634858812074,0.0,10,new,MG_2k,P3,2014_f1
NYH2_2014,132,0.0391954856329215,0.04315612069730189,0.0,10,new,MG_2k,P3,2014_f1
TXH2_2014,103,0.13178592032615066,0.13087027193252207,0.2,10,new,MG_2k,P3,2014_f1
WIH1_2014,133,0.13613748878568402,0.13246141133022515,0.23076923076923078,10,new,MG_2k,P3,2014_f1
IAH4_2014,244,0.5291651314131599,0.5320224634405408,0.25,0,all,D_noEC(MG_2k),P3,2014_f1
INH1_2014,240,0.5381978377495148,0.5416500286463305,0.5416666666666666,0,all,D_noEC(MG_2k),P3,2014_f1
MOH1_2014,247,0.3552664879598873,0.33022788011607423,0.32,0,all,D_noEC(MG_2k),P3,2014_f1
NYH2_2014,218,0.44328647159859114,0.4894586049787191,0.22727272727272727,0,all,D_noEC(MG_2k),P3,2014_f1
TXH2_2014,214,0.29147465578430415,0.31019772186695477,0.14285714285714285,0,all,D_noEC(MG_2k),P3,2014_f1
WIH1_2014,208,0.6091677621069201,0.6162514068692557,0.5714285714285714,0,all,D_noEC(MG_2k),P3,2014_f1
IAH4_2014,88,0.5365811399264795,0.5664672187861727,0.3333333333333333,0,new,D_noEC(MG_2k),P3,2014_f1
INH1_2014,88,0.5712458910510614,0.5663942798774261,0.3333333333333333,0,new,D_noEC(MG_2k),P3,2014_f1
MOH1_2014,79,0.34887931305786973,0.2849805258033106,0.375,0,new,D_noEC(MG_2k),P3,2014_f1
NYH2_2014,132,0.36366288701278326,0.3628850057134508,0.15384615384615385,0,new,D_noEC(MG_2k),P3,2014_f1
TXH2_2014,103,0.3689620928849681,0.35468743135790537,0.2,0,new,D_noEC(MG_2k),P3,2014_f1
WIH1_2014,133,0.3995906435053154,0.38623866314361205,0.23076923076923078,0,new,D_noEC(MG_2k),P3,2014_f1
IAH4_2014,244,0.5288909366989619,0.5346977053099554,0.25,3,all,D_noEC(MG_2k),P2,2014_f1
INH1_2014,240,0.5341795357432957,0.5413071407489712,0.5416666666666666,3,all,D_noEC(MG_2k),P2,2014_f1
MOH1_2014,247,0.32002767393662424,0.3141999827990966,0.24,3,all,D_noEC(MG_2k),P2,2014_f1
NYH2_2014,218,0.48027189475184356,0.5291952308172557,0.2727272727272727,3,all,D_noEC(MG_2k),P2,2014_f1
TXH2_2014,214,0.3267991204256738,0.3542310153028583,0.09523809523809523,3,all,D_noEC(MG_2k),P2,2014_f1
WIH1_2014,208,0.6248027870130002,0.6419097683399742,0.5714285714285714,3,all,D_noEC(MG_2k),P2,2014_f1
IAH4_2014,88,0.5837882140327768,0.6113143747830322,0.4444444444444444,3,new,D_noEC(MG_2k),P2,2014_f1
INH1_2014,88,0.5946825565470817,0.5977774646895144,0.4444444444444444,3,new,D_noEC(MG_2k),P2,2014_f1
MOH1_2014,79,0.3673074298289059,0.33040408958130474,0.375,3,new,D_noEC(MG_2k),P2,2014_f1
NYH2_2014,132,0.42040760094056967,0.41535483399685885,0.23076923076923078,3,new,D_noEC(MG_2k),P2,2014_f1
TXH2_2014,103,0.4073489715195394,0.4085357817510873,0.1,3,new,D_noEC(MG_2k),P2,2014_f1
WIH1_2014,133,0.43485502380177177,0.4351057426469838,0.3076923076923077,3,new,D_noEC(MG_2k),P2,2014_f1
IAH4_2014,244,0.4885571652042089,0.44922585472367843,0.16666666666666666,12,all,MG_98k,P1,2014_f1
INH1_2014,240,0.45934173420574353,0.4244344519870136,0.3333333333333333,12,all,MG_98k,P1,2014_f1
MOH1_2014,247,0.35357544157403265,0.27892220413649865,0.24,12,all,MG_98k,P1,2014_f1
NYH2_2014,218,0.20082803814870528,0.18332349743928916,0.22727272727272727,12,all,MG_98k,P1,2014_f1
TXH2_2014,214,0.2264559224479336,0.2663003449954235,0.14285714285714285,12,all,MG_98k,P1,2014_f1
WIH1_2014,208,0.3191795805552068,0.25530609741136057,0.47619047619047616,12,all,MG_98k,P1,2014_f1
IAH4_2014,88,0.35408818364983174,0.36369079854354897,0.1111111111111111,12,new,MG_98k,P1,2014_f1
INH1_2014,88,0.4066102904104587,0.37615793737452013,0.1111111111111111,12,new,MG_98k,P1,2014_f1
MOH1_2014,79,0.055518342832224316,0.02497565725413827,0.125,12,new,MG_98k,P1,2014_f1
NYH2_2014,132,-0.026930281294962218,0.009992016822069051,0.0,12,new,MG_98k,P1,2014_f1
TXH2_2014,103,0.23685702787423651,0.22734261740543865,0.0,12,new,MG_98k,P1,2014_f1
WIH1_2014,133,-0.013444455778045766,-0.029830342477632346,0.07692307692307693,12,new,MG_98k,P1,2014_f1
IAH4_2014,244,0.5365323419484954,0.5399238648550695,0.20833333333333334,6,all,MG_98k,P2,2014_f1
INH1_2014,240,0.5747131785133359,0.551792565843157,0.5,6,all,MG_98k,P2,2014_f1
MOH1_2014,247,0.37405834065208543,0.367564192815756,0.16,6,all,MG_98k,P2,2014_f1
NYH2_2014,218,0.3994733115374508,0.43807064353387937,0.2727272727272727,6,all,MG_98k,P2,2014_f1
TXH2_2014,214,0.31637109105916444,0.3435768709190592,0.09523809523809523,6,all,MG_98k,P2,2014_f1
WIH1_2014,208,0.5324826876401507,0.5270065556106746,0.38095238095238093,6,all,MG_98k,P2,2014_f1
IAH4_2014,88,0.5051248336996625,0.5162486186192592,0.2222222222222222,6,new,MG_98k,P2,2014_f1
INH1_2014,88,0.6350889575874891,0.5587862350744955,0.3333333333333333,6,new,MG_98k,P2,2014_f1
MOH1_2014,79,0.3163073547508137,0.3029698149951315,0.0,6,new,MG_98k,P2,2014_f1
NYH2_2014,132,0.2724587759490647,0.2687617725785664,0.3076923076923077,6,new,MG_98k,P2,2014_f1
TXH2_2014,103,0.34400291033702923,0.34881166805781316,0.1,6,new,MG_98k,P2,2014_f1
WIH1_2014,133,0.2997394574495963,0.2382346640005713,0.46153846153846156,6,new,MG_98k,P2,2014_f1
IAH4_2014,244,0.4919554362360926,0.4629217548545908,0.16666666666666666,11,all,MG_98k,P3,2014_f1
INH1_2014,240,0.47505434424333043,0.4403340335769717,0.375,11,all,MG_98k,P3,2014_f1
MOH1_2014,247,0.3316394672459452,0.27466259153906675,0.2,11,all,MG_98k,P3,2014_f1
NYH2_2014,218,0.21744406778015712,0.21830993664680376,0.22727272727272727,11,all,MG_98k,P3,2014_f1
TXH2_2014,214,0.24037940479422615,0.2798968993268457,0.14285714285714285,11,all,MG_98k,P3,2014_f1
WIH1_2014,208,0.3538512953568856,0.2992497586319096,0.47619047619047616,11,all,MG_98k,P3,2014_f1
IAH4_2014,88,0.3797496553283875,0.3979799847700896,0.1111111111111111,11,new,MG_98k,P3,2014_f1
INH1_2014,88,0.446392576952824,0.4135113240111304,0.1111111111111111,11,new,MG_98k,P3,2014_f1
MOH1_2014,79,0.06325757879335378,0.050511197663096405,0.125,11,new,MG_98k,P3,2014_f1
NYH2_2014,132,0.010966746541494597,0.054953483639702996,0.0,11,new,MG_98k,P3,2014_f1
TXH2_2014,103,0.27631816703974,0.25587576330009226,0.2,11,new,MG_98k,P3,2014_f1
WIH1_2014,133,0.03791641946237548,0.02281653931300436,0.15384615384615385,11,new,MG_98k,P3,2014_f1
IAH4_2014,244,0.5678486955897464,0.5591272028564119,0.2916666666666667,2,all,D_noEC(MG_98k),P3,2014_f1
INH1_2014,240,0.5359797943747847,0.5432967586242816,0.4166666666666667,2,all,D_noEC(MG_98k),P3,2014_f1
MOH1_2014,247,0.3605660701309773,0.3367395369134571,0.24,2,all,D_noEC(MG_98k),P3,2014_f1
NYH2_2014,218,0.5163760411957455,0.5702685343861504,0.3181818181818182,2,all,D_noEC(MG_98k),P3,2014_f1
TXH2_2014,214,0.3640510446725122,0.38060495115881116,0.047619047619047616,2,all,D_noEC(MG_98k),P3,2014_f1
WIH1_2014,208,0.6202340680793582,0.618866450102148,0.5238095238095238,2,all,D_noEC(MG_98k),P3,2014_f1
IAH4_2014,88,0.6542430608503687,0.6524279367993954,0.3333333333333333,2,new,D_noEC(MG_98k),P3,2014_f1
INH1_2014,88,0.6149095406428585,0.6118488253319715,0.3333333333333333,2,new,D_noEC(MG_98k),P3,2014_f1
MOH1_2014,79,0.37988002017883205,0.36472736124634864,0.375,2,new,D_noEC(MG_98k),P3,2014_f1
NYH2_2014,132,0.5039269143198728,0.48788696237470836,0.3076923076923077,2,new,D_noEC(MG_98k),P3,2014_f1
TXH2_2014,103,0.48736541623265967,0.492114396169222,0.3,2,new,D_noEC(MG_98k),P3,2014_f1
WIH1_2014,133,0.4294422721327208,0.38866671427551236,0.23076923076923078,2,new,D_noEC(MG_98k),P3,2014_f1
IAH4_2014,244,0.5705413792785149,0.5598149097751359,0.2916666666666667,1,all,D_noEC(MG_98k),P2,2014_f1
INH1_2014,240,0.5408104169446591,0.5472499522561155,0.4583333333333333,1,all,D_noEC(MG_98k),P2,2014_f1
MOH1_2014,247,0.369368244789977,0.3464731777394827,0.24,1,all,D_noEC(MG_98k),P2,2014_f1
NYH2_2014,218,0.5116894944630331,0.563951168405757,0.36363636363636365,1,all,D_noEC(MG_98k),P2,2014_f1
TXH2_2014,214,0.35450307348395316,0.36978427837181754,0.09523809523809523,1,all,D_noEC(MG_98k),P2,2014_f1
WIH1_2014,208,0.6216400267712644,0.6164807732313452,0.5714285714285714,1,all,D_noEC(MG_98k),P2,2014_f1
IAH4_2014,88,0.6412932174280926,0.6414649073047773,0.2222222222222222,1,new,D_noEC(MG_98k),P2,2014_f1
INH1_2014,88,0.6153399940955968,0.6043464478179706,0.3333333333333333,1,new,D_noEC(MG_98k),P2,2014_f1
MOH1_2014,79,0.3706926577374326,0.35547711781888996,0.25,1,new,D_noEC(MG_98k),P2,2014_f1
NYH2_2014,132,0.4947668650665397,0.4779993008197106,0.3076923076923077,1,new,D_noEC(MG_98k),P2,2014_f1
TXH2_2014,103,0.4796033033827702,0.4750032948205421,0.4,1,new,D_noEC(MG_98k),P2,2014_f1
WIH1_2014,133,0.4281858743675739,0.38705991573234305,0.23076923076923078,1,new,D_noEC(MG_98k),P2,2014_f1
IAH4_2015,423,0.4055364072092929,0.3808323860380939,0.21428571428571427,13,all,MG_2k,P1,2015_f1
INH1_2015,425,0.2959079330989387,0.27610802364415393,0.11904761904761904,13,all,MG_2k,P1,2015_f1
MOH1_2015,424,0.09750941214362623,0.0856325157088073,0.09523809523809523,13,all,MG_2k,P1,2015_f1
NYH2_2015,356,0.30164458072149003,0.32419285182107366,0.25,13,all,MG_2k,P1,2015_f1
NYH3_2015,358,0.30608105330154894,0.3183247727426706,0.3611111111111111,13,all,MG_2k,P1,2015_f1
WIH1_2015,422,0.3268736445089697,0.30244126105796143,0.21428571428571427,13,all,MG_2k,P1,2015_f1
IAH4_2015,256,0.2885011089086736,0.27081180454835,0.23076923076923078,13,new,MG_2k,P1,2015_f1
INH1_2015,283,0.19896010596180375,0.19282334390077582,0.10714285714285714,13,new,MG_2k,P1,2015_f1
MOH1_2015,266,0.0840812847301182,0.09109015241466391,0.1111111111111111,13,new,MG_2k,P1,2015_f1
NYH2_2015,207,0.1920715956204453,0.22252257645768664,0.14285714285714285,13,new,MG_2k,P1,2015_f1
NYH3_2015,223,0.18434230916497782,0.17842056937937048,0.09090909090909091,13,new,MG_2k,P1,2015_f1
WIH1_2015,270,0.3334420082768149,0.2879550476718233,0.07407407407407407,13,new,MG_2k,P1,2015_f1
IAH4_2015,423,0.41579645903479434,0.3897687436924885,0.2619047619047619,12,all,MG_2k,P2,2015_f1
INH1_2015,425,0.29759848700412794,0.2744890086514999,0.09523809523809523,12,all,MG_2k,P2,2015_f1
MOH1_2015,424,0.0964175937141505,0.08133358842159578,0.047619047619047616,12,all,MG_2k,P2,2015_f1
NYH2_2015,356,0.29793360808699404,0.31581342510232496,0.25,12,all,MG_2k,P2,2015_f1
NYH3_2015,358,0.2969072162814832,0.31435383385349247,0.3611111111111111,12,all,MG_2k,P2,2015_f1
WIH1_2015,422,0.33440663594132114,0.29617906860478305,0.19047619047619047,12,all,MG_2k,P2,2015_f1
IAH4_2015,256,0.2922929467531013,0.27656111892043794,0.19230769230769232,12,new,MG_2k,P2,2015_f1
INH1_2015,283,0.20125951113818694,0.1898578776055557,0.10714285714285714,12,new,MG_2k,P2,2015_f1
MOH1_2015,266,0.09098345645497281,0.09439670212153922,0.1111111111111111,12,new,MG_2k,P2,2015_f1
NYH2_2015,207,0.17152600148951416,0.18757933765812504,0.14285714285714285,12,new,MG_2k,P2,2015_f1
NYH3_2015,223,0.18266302769888998,0.17837349713754685,0.09090909090909091,12,new,MG_2k,P2,2015_f1
WIH1_2015,270,0.314585884912187,0.25979582697882225,0.14814814814814814,12,new,MG_2k,P2,2015_f1
IAH4_2015,423,0.41216762534254997,0.39870866869183547,0.3333333333333333,10,all,MG_2k,P3,2015_f1
INH1_2015,425,0.26939379379583783,0.28057012400698245,0.11904761904761904,10,all,MG_2k,P3,2015_f1
MOH1_2015,424,0.08745240416927767,0.07911477708435774,0.09523809523809523,10,all,MG_2k,P3,2015_f1
NYH2_2015,356,0.2831333829624402,0.3028404075611827,0.19444444444444445,10,all,MG_2k,P3,2015_f1
NYH3_2015,358,0.2641207603982858,0.282510215039564,0.25,10,all,MG_2k,P3,2015_f1
WIH1_2015,422,0.3101875084222023,0.2810825820592143,0.16666666666666666,10,all,MG_2k,P3,2015_f1
IAH4_2015,256,0.2937393843452875,0.300291167224192,0.2692307692307692,10,new,MG_2k,P3,2015_f1
INH1_2015,283,0.16711406469466553,0.1999886961782908,0.07142857142857142,10,new,MG_2k,P3,2015_f1
MOH1_2015,266,0.070371271035974,0.06755218567175693,0.1111111111111111,10,new,MG_2k,P3,2015_f1
NYH2_2015,207,0.1425835017672334,0.17146506234219513,0.047619047619047616,10,new,MG_2k,P3,2015_f1
NYH3_2015,223,0.15141586181393416,0.1675019735172895,0.09090909090909091,10,new,MG_2k,P3,2015_f1
WIH1_2015,270,0.25432840683981145,0.22759387194394762,0.14814814814814814,10,new,MG_2k,P3,2015_f1
IAH4_2015,423,0.4308245501641231,0.4163854971255725,0.35714285714285715,0,all,D_noEC(MG_2k),P3,2015_f1
INH1_2015,425,0.2793905105542319,0.2965570568348993,0.11904761904761904,0,all,D_noEC(MG_2k),P3,2015_f1
MOH1_2015,424,0.10686015259517999,0.09919239061375432,0.07142857142857142,0,all,D_noEC(MG_2k),P3,2015_f1
NYH2_2015,356,0.2951456897359877,0.30607687967757985,0.2222222222222222,0,all,D_noEC(MG_2k),P3,2015_f1
NYH3_2015,358,0.26272369673127155,0.2631987360367892,0.3333333333333333,0,all,D_noEC(MG_2k),P3,2015_f1
WIH1_2015,422,0.3426349453356092,0.31108282317378555,0.14285714285714285,0,all,D_noEC(MG_2k),P3,2015_f1
IAH4_2015,256,0.2937092367526012,0.30637880278289337,0.2692307692307692,0,new,D_noEC(MG_2k),P3,2015_f1
INH1_2015,283,0.17116852805102714,0.2109931122134635,0.10714285714285714,0,new,D_noEC(MG_2k),P3,2015_f1
MOH1_2015,266,0.09360128913872653,0.09297678577036078,0.1111111111111111,0,new,D_noEC(MG_2k),P3,2015_f1
NYH2_2015,207,0.1647592000024124,0.19186885614090537,0.09523809523809523,0,new,D_noEC(MG_2k),P3,2015_f1
NYH3_2015,223,0.16008807571367428,0.1668056289744501,0.13636363636363635,0,new,D_noEC(MG_2k),P3,2015_f1
WIH1_2015,270,0.28816217278719547,0.25155580646945813,0.1111111111111111,0,new,D_noEC(MG_2k),P3,2015_f1
IAH4_2015,423,0.4284210917805316,0.40885316717010517,0.35714285714285715,2,all,D_noEC(MG_2k),P2,2015_f1
INH1_2015,425,0.2760800534447662,0.2898026675995904,0.16666666666666666,2,all,D_noEC(MG_2k),P2,2015_f1
MOH1_2015,424,0.11747144094325772,0.10806566809398817,0.07142857142857142,2,all,D_noEC(MG_2k),P2,2015_f1
NYH2_2015,356,0.2889550252826212,0.29459423247824074,0.2222222222222222,2,all,D_noEC(MG_2k),P2,2015_f1
NYH3_2015,358,0.26236699375199696,0.2566176430203638,0.3333333333333333,2,all,D_noEC(MG_2k),P2,2015_f1
WIH1_2015,422,0.3464480255841151,0.3143735580031686,0.14285714285714285,2,all,D_noEC(MG_2k),P2,2015_f1
IAH4_2015,256,0.305820954384764,0.313542914844455,0.23076923076923078,2,new,D_noEC(MG_2k),P2,2015_f1
INH1_2015,283,0.1758342062523446,0.21656745820332693,0.07142857142857142,2,new,D_noEC(MG_2k),P2,2015_f1
MOH1_2015,266,0.09878621951950657,0.10059409185366955,0.1111111111111111,2,new,D_noEC(MG_2k),P2,2015_f1
NYH2_2015,207,0.15779830166426306,0.18317955399434901,0.09523809523809523,2,new,D_noEC(MG_2k),P2,2015_f1
NYH3_2015,223,0.1594777160611653,0.16274713603285101,0.22727272727272727,2,new,D_noEC(MG_2k),P2,2015_f1
WIH1_2015,270,0.29194532625656927,0.26012383045882953,0.1111111111111111,2,new,D_noEC(MG_2k),P2,2015_f1
IAH4_2015,423,0.1069037603365112,0.15590843291411627,0.09523809523809523,3,all,MG_98k,P1,2015_f1
INH1_2015,425,0.024650911307899186,0.07977896857786902,0.09523809523809523,3,all,MG_98k,P1,2015_f1
MOH1_2015,424,0.0072027195949438795,0.0231633891091612,0.07142857142857142,3,all,MG_98k,P1,2015_f1
NYH2_2015,356,0.056204401075045485,0.10476012212074148,0.1111111111111111,3,all,MG_98k,P1,2015_f1
NYH3_2015,358,-0.05769922901640106,-0.005435685200766145,0.05555555555555555,3,all,MG_98k,P1,2015_f1
WIH1_2015,422,-0.02653556480138097,0.03287341660781445,0.047619047619047616,3,all,MG_98k,P1,2015_f1
IAH4_2015,256,0.01667463200739188,0.03705296496855835,0.15384615384615385,3,new,MG_98k,P1,2015_f1
INH1_2015,283,-0.05822965079865223,-0.019820602790191048,0.07142857142857142,3,new,MG_98k,P1,2015_f1
MOH1_2015,266,-0.013557640447406831,-0.0024301801403307398,0.1111111111111111,3,new,MG_98k,P1,2015_f1
NYH2_2015,207,-0.05666869378813724,-0.0459339038034621,0.0,3,new,MG_98k,P1,2015_f1
NYH3_2015,223,-0.19900573845425656,-0.199142635926538,0.0,3,new,MG_98k,P1,2015_f1
WIH1_2015,270,-0.10210125345853654,-0.08506050841150654,0.07407407407407407,3,new,MG_98k,P1,2015_f1
IAH4_2015,423,0.43937347381927644,0.4151156015968549,0.2857142857142857,11,all,MG_98k,P2,2015_f1
INH1_2015,425,0.35304126142275244,0.3319113607659231,0.14285714285714285,11,all,MG_98k,P2,2015_f1
MOH1_2015,424,0.09218062716200208,0.0820006959170936,0.07142857142857142,11,all,MG_98k,P2,2015_f1
NYH2_2015,356,0.31581755486088736,0.3199424969986975,0.19444444444444445,11,all,MG_98k,P2,2015_f1
NYH3_2015,358,0.31494455287873885,0.33369722055201123,0.3055555555555556,11,all,MG_98k,P2,2015_f1
WIH1_2015,422,0.4141047538516895,0.38412760357829856,0.21428571428571427,11,all,MG_98k,P2,2015_f1
IAH4_2015,256,0.342543797549086,0.32247445111768996,0.2692307692307692,11,new,MG_98k,P2,2015_f1
INH1_2015,283,0.28956073339335997,0.26642604792317653,0.14285714285714285,11,new,MG_98k,P2,2015_f1
MOH1_2015,266,0.06630051036881728,0.061539059893596315,0.1111111111111111,11,new,MG_98k,P2,2015_f1
NYH2_2015,207,0.1890003875727221,0.20305840435469977,0.14285714285714285,11,new,MG_98k,P2,2015_f1
NYH3_2015,223,0.22043415938138594,0.24586859918963594,0.22727272727272727,11,new,MG_98k,P2,2015_f1
WIH1_2015,270,0.41187576886669014,0.3895065711961847,0.2222222222222222,11,new,MG_98k,P2,2015_f1
IAH4_2015,423,0.3765879504440621,0.3474478243100054,0.2857142857142857,7,all,MG_98k,P3,2015_f1
INH1_2015,425,0.2333979256181497,0.2162862247179373,0.14285714285714285,7,all,MG_98k,P3,2015_f1
MOH1_2015,424,0.12346595912720713,0.10858038383594217,0.11904761904761904,7,all,MG_98k,P3,2015_f1
NYH2_2015,356,0.266494864139728,0.26852465371365614,0.2222222222222222,7,all,MG_98k,P3,2015_f1
NYH3_2015,358,0.23377467884827524,0.24828071135330948,0.3055555555555556,7,all,MG_98k,P3,2015_f1
WIH1_2015,422,0.3386832260747526,0.30888397008074053,0.21428571428571427,7,all,MG_98k,P3,2015_f1
IAH4_2015,256,0.2575515115842398,0.2458843996560321,0.19230769230769232,7,new,MG_98k,P3,2015_f1
INH1_2015,283,0.10900822969937268,0.11548826090173625,0.03571428571428571,7,new,MG_98k,P3,2015_f1
MOH1_2015,266,0.12516280511811242,0.10477956149323432,0.18518518518518517,7,new,MG_98k,P3,2015_f1
NYH2_2015,207,0.08883972564980534,0.12293079439304502,0.09523809523809523,7,new,MG_98k,P3,2015_f1
NYH3_2015,223,0.07055304125602017,0.10396039871813528,0.045454545454545456,7,new,MG_98k,P3,2015_f1
WIH1_2015,270,0.2842517137443418,0.2533634836408735,0.14814814814814814,7,new,MG_98k,P3,2015_f1
IAH4_2015,423,0.3881908272176055,0.35611108188971163,0.2619047619047619,0,all,D_noEC(MG_98k),P3,2015_f1
INH1_2015,425,0.22575544734858619,0.21085587304058725,0.14285714285714285,0,all,D_noEC(MG_98k),P3,2015_f1
MOH1_2015,424,0.14068831398059792,0.11632071993768633,0.14285714285714285,0,all,D_noEC(MG_98k),P3,2015_f1
NYH2_2015,356,0.27242627018150034,0.2662930212780535,0.2222222222222222,0,all,D_noEC(MG_98k),P3,2015_f1
NYH3_2015,358,0.22555320121151867,0.2393816027026362,0.3055555555555556,0,all,D_noEC(MG_98k),P3,2015_f1
WIH1_2015,422,0.3447803219399498,0.31367201041489695,0.16666666666666666,0,all,D_noEC(MG_98k),P3,2015_f1
IAH4_2015,256,0.25945500950554534,0.2469344112880581,0.23076923076923078,0,new,D_noEC(MG_98k),P3,2015_f1
INH1_2015,283,0.10920384058007104,0.11971170754286652,0.07142857142857142,0,new,D_noEC(MG_98k),P3,2015_f1
MOH1_2015,266,0.13699721773269966,0.11025328483174658,0.18518518518518517,0,new,D_noEC(MG_98k),P3,2015_f1
NYH2_2015,207,0.10832693610991806,0.13637908763349194,0.09523809523809523,0,new,D_noEC(MG_98k),P3,2015_f1
NYH3_2015,223,0.05674455841274244,0.08546750040445504,0.09090909090909091,0,new,D_noEC(MG_98k),P3,2015_f1
WIH1_2015,270,0.2948477226373828,0.2523593540282863,0.14814814814814814,0,new,D_noEC(MG_98k),P3,2015_f1
IAH4_2015,423,0.3881908272176055,0.35611108188971163,0.2619047619047619,0,all,D_noEC(MG_98k),P2,2015_f1
INH1_2015,425,0.22575544734858619,0.21085587304058725,0.14285714285714285,0,all,D_noEC(MG_98k),P2,2015_f1
MOH1_2015,424,0.14068831398059792,0.11632071993768633,0.14285714285714285,0,all,D_noEC(MG_98k),P2,2015_f1
NYH2_2015,356,0.27242627018150034,0.2662930212780535,0.2222222222222222,0,all,D_noEC(MG_98k),P2,2015_f1
NYH3_2015,358,0.22555320121151867,0.2393816027026362,0.3055555555555556,0,all,D_noEC(MG_98k),P2,2015_f1
WIH1_2015,422,0.3447803219399498,0.31367201041489695,0.16666666666666666,0,all,D_noEC(MG_98k),P2,2015_f1
IAH4_2015,256,0.25945500950554534,0.2469344112880581,0.23076923076923078,0,new,D_noEC(MG_98k),P2,2015_f1
INH1_2015,283,0.10920384058007104,0.11971170754286652,0.07142857142857142,0,new,D_noEC(MG_98k),P2,2015_f1
MOH1_2015,266,0.13699721773269966,0.11025328483174658,0.18518518518518517,0,new,D_noEC(MG_98k),P2,2015_f1
NYH2_2015,207,0.10832693610991806,0.13637908763349194,0.09523809523809523,0,new,D_noEC(MG_98k),P2,2015_f1
NYH3_2015,223,0.05674455841274244,0.08546750040445504,0.09090909090909091,0,new,D_noEC(MG_98k),P2,2015_f1
WIH1_2015,270,0.2948477226373828,0.2523593540282863,0.14814814814814814,0,new,D_noEC(MG_98k),P2,2015_f1
IAH4_2016,397,0.5297648090750292,0.5278470437831475,0.375,12,all,MG_2k,P1,2016_f1
INH1_2016,235,0.559365985008485,0.5729534799855751,0.20833333333333334,12,all,MG_2k,P1,2016_f1
MIH1_2016,235,0.547070876868032,0.5255263668895114,0.25,12,all,MG_2k,P1,2016_f1
MOH1_2016,338,0.49243941894914917,0.453656011034716,0.3235294117647059,12,all,MG_2k,P1,2016_f1
NYH2_2016,234,0.03546234778325946,0.05196434466820734,0.0,12,all,MG_2k,P1,2016_f1
WIH1_2016,309,0.5769143288659621,0.6106726971744196,0.45161290322580644,12,all,MG_2k,P1,2016_f1
IAH4_2016,34,0.30250128944434806,0.28464476699770813,0.3333333333333333,12,new,MG_2k,P1,2016_f1
INH1_2016,13,0.6035066923179138,0.46153846153846156,0.0,12,new,MG_2k,P1,2016_f1
MOH1_2016,46,0.42687630911289604,0.441504779525131,0.2,12,new,MG_2k,P1,2016_f1
IAH4_2016,397,0.5120327764855757,0.5065923848691591,0.375,10,all,MG_2k,P2,2016_f1
INH1_2016,235,0.5616527168052121,0.5693796406742673,0.3333333333333333,10,all,MG_2k,P2,2016_f1
MIH1_2016,235,0.5739587543022417,0.540932249623198,0.3333333333333333,10,all,MG_2k,P2,2016_f1
MOH1_2016,338,0.48761205990079365,0.45564150163253697,0.3235294117647059,10,all,MG_2k,P2,2016_f1
NYH2_2016,234,0.06840978456730712,0.0711294367216201,0.0,10,all,MG_2k,P2,2016_f1
WIH1_2016,309,0.5855296646142852,0.6041153334607764,0.3870967741935484,10,all,MG_2k,P2,2016_f1
IAH4_2016,34,0.10942716148017677,0.1660809778456837,0.3333333333333333,10,new,MG_2k,P2,2016_f1
INH1_2016,13,0.5056111137748625,0.46153846153846156,0.0,10,new,MG_2k,P2,2016_f1
MOH1_2016,46,0.36260016358863656,0.42806043786617326,0.2,10,new,MG_2k,P2,2016_f1
IAH4_2016,397,0.52644102208668,0.5195957268979813,0.425,11,all,MG_2k,P3,2016_f1
INH1_2016,235,0.5611588766284595,0.5725965583881198,0.2916666666666667,11,all,MG_2k,P3,2016_f1
MIH1_2016,235,0.5649155335242164,0.5381610215724892,0.3333333333333333,11,all,MG_2k,P3,2016_f1
MOH1_2016,338,0.495932655983801,0.4589614258861794,0.3235294117647059,11,all,MG_2k,P3,2016_f1
NYH2_2016,234,0.05260723383669531,0.06019494765727988,0.0,11,all,MG_2k,P3,2016_f1
WIH1_2016,309,0.5851871316583453,0.6102537612716127,0.41935483870967744,11,all,MG_2k,P3,2016_f1
IAH4_2016,34,0.23127137182461302,0.22230710466004583,0.3333333333333333,11,new,MG_2k,P3,2016_f1
INH1_2016,13,0.560568281997098,0.45604395604395603,0.0,11,new,MG_2k,P3,2016_f1
MOH1_2016,46,0.40661674857220664,0.4510021584952205,0.2,11,new,MG_2k,P3,2016_f1
IAH4_2016,397,0.4900536921484499,0.4737948194525793,0.425,1,all,D_noEC(MG_2k),P3,2016_f1
INH1_2016,235,0.5616220688813859,0.5620128158894837,0.4583333333333333,1,all,D_noEC(MG_2k),P3,2016_f1
MIH1_2016,235,0.5826122801776409,0.553320942790831,0.3333333333333333,1,all,D_noEC(MG_2k),P3,2016_f1
MOH1_2016,338,0.5229787241841998,0.4874311048902456,0.38235294117647056,1,all,D_noEC(MG_2k),P3,2016_f1
NYH2_2016,234,0.04916307481842661,0.042764388687135474,0.08695652173913043,1,all,D_noEC(MG_2k),P3,2016_f1
WIH1_2016,309,0.6242180524934687,0.634667962791984,0.4838709677419355,1,all,D_noEC(MG_2k),P3,2016_f1
IAH4_2016,34,0.28023120966901766,0.20794499618029028,0.3333333333333333,1,new,D_noEC(MG_2k),P3,2016_f1
INH1_2016,13,0.6345515998392421,0.5274725274725275,0.0,1,new,D_noEC(MG_2k),P3,2016_f1
MOH1_2016,46,0.4669802790394121,0.4958988590810977,0.2,1,new,D_noEC(MG_2k),P3,2016_f1
IAH4_2016,397,0.5042003944364764,0.4858695431205336,0.45,0,all,D_noEC(MG_2k),P2,2016_f1
INH1_2016,235,0.569732907967874,0.5756507346482101,0.4166666666666667,0,all,D_noEC(MG_2k),P2,2016_f1
MIH1_2016,235,0.576287325179408,0.5480253728721093,0.3333333333333333,0,all,D_noEC(MG_2k),P2,2016_f1
MOH1_2016,338,0.5308932340340843,0.4923179165432016,0.35294117647058826,0,all,D_noEC(MG_2k),P2,2016_f1
NYH2_2016,234,0.04228913433139619,0.04299946849485705,0.08695652173913043,0,all,D_noEC(MG_2k),P2,2016_f1
WIH1_2016,309,0.621338061505003,0.6383110782108589,0.45161290322580644,0,all,D_noEC(MG_2k),P2,2016_f1
IAH4_2016,34,0.27081803267208665,0.17097020626432388,0.3333333333333333,0,new,D_noEC(MG_2k),P2,2016_f1
INH1_2016,13,0.616077612945818,0.4835164835164835,0.0,0,new,D_noEC(MG_2k),P2,2016_f1
MOH1_2016,46,0.45895234303345955,0.4845513413506013,0.2,0,new,D_noEC(MG_2k),P2,2016_f1
IAH4_2016,397,0.5567300336130386,0.5523731549895115,0.45,11,all,MG_98k,P1,2016_f1
INH1_2016,235,0.5881797149791221,0.5973018206700139,0.2916666666666667,11,all,MG_98k,P1,2016_f1
MIH1_2016,235,0.6123528679936684,0.5816351817433678,0.3333333333333333,11,all,MG_98k,P1,2016_f1
MOH1_2016,338,0.5362883046351211,0.525551343453669,0.29411764705882354,11,all,MG_98k,P1,2016_f1
NYH2_2016,234,0.09203395513953624,0.10397130340514509,0.0,11,all,MG_98k,P1,2016_f1
WIH1_2016,309,0.6135528259495046,0.6262066777569438,0.3225806451612903,11,all,MG_98k,P1,2016_f1
IAH4_2016,34,0.3638096381824651,0.26814362108479756,0.6666666666666666,11,new,MG_98k,P1,2016_f1
INH1_2016,13,0.6732844689869747,0.5659340659340659,0.0,11,new,MG_98k,P1,2016_f1
MOH1_2016,46,0.5401395249415316,0.559913660191181,0.4,11,new,MG_98k,P1,2016_f1
IAH4_2016,397,0.558439156549915,0.5342336443687026,0.4,9,all,MG_98k,P2,2016_f1
INH1_2016,235,0.5933824002832464,0.5805265055896142,0.3333333333333333,9,all,MG_98k,P2,2016_f1
MIH1_2016,235,0.6409186934804839,0.5934894171821687,0.375,9,all,MG_98k,P2,2016_f1
MOH1_2016,338,0.5360921808867554,0.5210104155126204,0.2647058823529412,9,all,MG_98k,P2,2016_f1
NYH2_2016,234,0.1078738793991213,0.10911215226802846,0.08695652173913043,9,all,MG_98k,P2,2016_f1
WIH1_2016,309,0.6322854364002888,0.6150873867754543,0.3548387096774194,9,all,MG_98k,P2,2016_f1
IAH4_2016,34,0.3146656483340064,0.25347593582887695,0.6666666666666666,9,new,MG_98k,P2,2016_f1
INH1_2016,13,0.6452936322709878,0.5714285714285714,0.0,9,new,MG_98k,P2,2016_f1
MOH1_2016,46,0.539854983961476,0.5456059204440332,0.4,9,new,MG_98k,P2,2016_f1
IAH4_2016,397,0.5469709118711755,0.5173409218445484,0.375,8,all,MG_98k,P3,2016_f1
INH1_2016,235,0.5906875602026201,0.5674628052558092,0.4166666666666667,8,all,MG_98k,P3,2016_f1
MIH1_2016,235,0.6395321261446987,0.5919221060223584,0.375,8,all,MG_98k,P3,2016_f1
MOH1_2016,338,0.5316757524277702,0.5115183471420077,0.2647058823529412,8,all,MG_98k,P3,2016_f1
NYH2_2016,234,0.1081830794121102,0.10130768996625998,0.08695652173913043,8,all,MG_98k,P3,2016_f1
WIH1_2016,309,0.6341329858581759,0.6117798268127111,0.3225806451612903,8,all,MG_98k,P3,2016_f1
IAH4_2016,34,0.22800592771198483,0.2553093964858671,0.6666666666666666,8,new,MG_98k,P3,2016_f1
INH1_2016,13,0.5893947595667625,0.5659340659340659,0.0,8,new,MG_98k,P3,2016_f1
MOH1_2016,46,0.5129084123173472,0.531668208448967,0.4,8,new,MG_98k,P3,2016_f1
IAH4_2016,397,0.4567664290039275,0.40022147221873816,0.4,0,all,D_noEC(MG_98k),P3,2016_f1
INH1_2016,235,0.6270798640652272,0.5963642079761805,0.4166666666666667,0,all,D_noEC(MG_98k),P3,2016_f1
MIH1_2016,235,0.4923338867182852,0.4548133558952166,0.3333333333333333,0,all,D_noEC(MG_98k),P3,2016_f1
MOH1_2016,338,0.5000810882906566,0.47709779015114,0.3235294117647059,0,all,D_noEC(MG_98k),P3,2016_f1
NYH2_2016,234,-0.10747008874574648,-0.11104336566851408,0.0,0,all,D_noEC(MG_98k),P3,2016_f1
WIH1_2016,309,0.657057783792156,0.6462009021357595,0.45161290322580644,0,all,D_noEC(MG_98k),P3,2016_f1
IAH4_2016,34,0.2763459932430248,0.1605805958747135,0.3333333333333333,0,new,D_noEC(MG_98k),P3,2016_f1
INH1_2016,13,0.6677961340642283,0.39010989010989006,0.0,0,new,D_noEC(MG_98k),P3,2016_f1
MOH1_2016,46,0.5065066069082103,0.4830712303422756,0.2,0,new,D_noEC(MG_98k),P3,2016_f1
IAH4_2016,397,0.4567664290039275,0.40022147221873816,0.4,0,all,D_noEC(MG_98k),P2,2016_f1
INH1_2016,235,0.6270798640652272,0.5963642079761805,0.4166666666666667,0,all,D_noEC(MG_98k),P2,2016_f1
MIH1_2016,235,0.4923338867182852,0.4548133558952166,0.3333333333333333,0,all,D_noEC(MG_98k),P2,2016_f1
MOH1_2016,338,0.5000810882906566,0.47709779015114,0.3235294117647059,0,all,D_noEC(MG_98k),P2,2016_f1
NYH2_2016,234,-0.10747008874574648,-0.11104336566851408,0.0,0,all,D_noEC(MG_98k),P2,2016_f1
WIH1_2016,309,0.657057783792156,0.6462009021357595,0.45161290322580644,0,all,D_noEC(MG_98k),P2,2016_f1
IAH4_2016,34,0.2763459932430248,0.1605805958747135,0.3333333333333333,0,new,D_noEC(MG_98k),P2,2016_f1
INH1_2016,13,0.6677961340642283,0.39010989010989006,0.0,0,new,D_noEC(MG_98k),P2,2016_f1
MOH1_2016,46,0.5065066069082103,0.4830712303422756,0.2,0,new,D_noEC(MG_98k),P2,2016_f1
IAH4_2017,335,0.49436778023974887,0.47441244500537566,0.29411764705882354,13,all,MG_2k,P1,2017_f1
INH1_2017,163,0.4951645766597086,0.4528349986976352,0.25,13,all,MG_2k,P1,2017_f1
MIH1_2017,184,0.6221098700392234,0.6601683650863979,0.2777777777777778,13,all,MG_2k,P1,2017_f1
MOH1_2017,228,0.40751919784833984,0.37741184618048207,0.17391304347826086,13,all,MG_2k,P1,2017_f1
NYH2_2017,197,0.34689948425333705,0.3284942034035581,0.3,13,all,MG_2k,P1,2017_f1
NYH3_2017,132,0.2862002027065856,0.2758422774493485,0.07692307692307693,13,all,MG_2k,P1,2017_f1
WIH1_2017,274,0.4761070562346143,0.47508199829367714,0.2222222222222222,13,all,MG_2k,P1,2017_f1
IAH4_2017,11,0.05638957831472271,0.15454545454545454,0.0,13,new,MG_2k,P1,2017_f1
IAH4_2017,335,0.5698616305387655,0.5464292970183312,0.29411764705882354,6,all,MG_2k,P2,2017_f1
INH1_2017,163,0.6276294317280869,0.5843627556929967,0.3125,6,all,MG_2k,P2,2017_f1
MIH1_2017,184,0.6706192333325453,0.6778967848818169,0.2777777777777778,6,all,MG_2k,P2,2017_f1
MOH1_2017,228,0.5106205038278535,0.4448103985412235,0.2608695652173913,6,all,MG_2k,P2,2017_f1
NYH2_2017,197,0.4058178528353568,0.3732785222995521,0.3,6,all,MG_2k,P2,2017_f1
NYH3_2017,132,0.36400434279871824,0.32970003078480375,0.15384615384615385,6,all,MG_2k,P2,2017_f1
WIH1_2017,274,0.5450175473447468,0.5408299729467613,0.3333333333333333,6,all,MG_2k,P2,2017_f1
IAH4_2017,11,-0.06010978105929859,-0.10000000000000002,0.0,6,new,MG_2k,P2,2017_f1
IAH4_2017,335,0.5440187180025289,0.5277532665617553,0.29411764705882354,11,all,MG_2k,P3,2017_f1
INH1_2017,163,0.5678342187720775,0.5378267688607357,0.1875,11,all,MG_2k,P3,2017_f1
MIH1_2017,184,0.6588821494123309,0.6893490782300477,0.3333333333333333,11,all,MG_2k,P3,2017_f1
MOH1_2017,228,0.4577926089246267,0.4025445565706197,0.17391304347826086,11,all,MG_2k,P3,2017_f1
NYH2_2017,197,0.38179727516704187,0.35948001720300493,0.3,11,all,MG_2k,P3,2017_f1
NYH3_2017,132,0.33274196106656706,0.3161703704090204,0.07692307692307693,11,all,MG_2k,P3,2017_f1
WIH1_2017,274,0.5125463520202796,0.5168883671073453,0.25925925925925924,11,all,MG_2k,P3,2017_f1
IAH4_2017,11,0.1834513154461113,0.15454545454545454,0.0,11,new,MG_2k,P3,2017_f1
IAH4_2017,335,0.5659980325530248,0.5450489551359433,0.4117647058823529,1,all,D_noEC(MG_2k),P3,2017_f1
INH1_2017,163,0.6348745447713698,0.5980985474476422,0.25,1,all,D_noEC(MG_2k),P3,2017_f1
MIH1_2017,184,0.6565753867957695,0.6640211130588893,0.2777777777777778,1,all,D_noEC(MG_2k),P3,2017_f1
MOH1_2017,228,0.5181072927087178,0.4663022425347558,0.21739130434782608,1,all,D_noEC(MG_2k),P3,2017_f1
NYH2_2017,197,0.3786336469077957,0.34185164605759244,0.3,1,all,D_noEC(MG_2k),P3,2017_f1
NYH3_2017,132,0.36796517742511087,0.33767799095239825,0.07692307692307693,1,all,D_noEC(MG_2k),P3,2017_f1
WIH1_2017,274,0.5500505417482008,0.5506764768078637,0.37037037037037035,1,all,D_noEC(MG_2k),P3,2017_f1
IAH4_2017,11,0.06183924962069196,0.20909090909090913,0.0,1,new,D_noEC(MG_2k),P3,2017_f1
IAH4_2017,335,0.5917599222834521,0.5564520569392295,0.4411764705882353,3,all,D_noEC(MG_2k),P2,2017_f1
INH1_2017,163,0.6509617153001469,0.6055913013117862,0.3125,3,all,D_noEC(MG_2k),P2,2017_f1
MIH1_2017,184,0.6675226679808252,0.6545221629327117,0.4444444444444444,3,all,D_noEC(MG_2k),P2,2017_f1
MOH1_2017,228,0.5249728527523602,0.4740973010407249,0.21739130434782608,3,all,D_noEC(MG_2k),P2,2017_f1
NYH2_2017,197,0.4098233122451794,0.3479527482428136,0.3,3,all,D_noEC(MG_2k),P2,2017_f1
NYH3_2017,132,0.366173391354549,0.3347560434744042,0.07692307692307693,3,all,D_noEC(MG_2k),P2,2017_f1
WIH1_2017,274,0.5717406747761883,0.562005293976097,0.4074074074074074,3,all,D_noEC(MG_2k),P2,2017_f1
IAH4_2017,11,0.09101894755963094,0.15454545454545454,0.0,3,new,D_noEC(MG_2k),P2,2017_f1
IAH4_2017,335,0.5194876767055134,0.49079061878226354,0.2647058823529412,13,all,MG_98k,P1,2017_f1
INH1_2017,163,0.5245749425716413,0.4776298069729164,0.25,13,all,MG_98k,P1,2017_f1
MIH1_2017,184,0.6342955505934554,0.6607732465180789,0.2777777777777778,13,all,MG_98k,P1,2017_f1
MOH1_2017,228,0.4227537219746605,0.3905143078152068,0.21739130434782608,13,all,MG_98k,P1,2017_f1
NYH2_2017,197,0.3639114092178366,0.3594235109826118,0.3,13,all,MG_98k,P1,2017_f1
NYH3_2017,132,0.31192634275842474,0.2908955247243716,0.07692307692307693,13,all,MG_98k,P1,2017_f1
WIH1_2017,274,0.5100714196426291,0.513484471732647,0.3333333333333333,13,all,MG_98k,P1,2017_f1
IAH4_2017,11,0.07111865661638006,0.09090909090909091,0.0,13,new,MG_98k,P1,2017_f1
IAH4_2017,335,0.607835080547513,0.5839832462979095,0.3235294117647059,6,all,MG_98k,P2,2017_f1
INH1_2017,163,0.6720019692719421,0.6432490398523617,0.3125,6,all,MG_98k,P2,2017_f1
MIH1_2017,184,0.6797010157545491,0.6754425844233399,0.3888888888888889,6,all,MG_98k,P2,2017_f1
MOH1_2017,228,0.548862124300316,0.487364796385863,0.2608695652173913,6,all,MG_98k,P2,2017_f1
NYH2_2017,197,0.4259817410470316,0.3622033031025055,0.3,6,all,MG_98k,P2,2017_f1
NYH3_2017,132,0.37154010712389074,0.30231199094196276,0.15384615384615385,6,all,MG_98k,P2,2017_f1
WIH1_2017,274,0.5935628298879451,0.5659464622968273,0.37037037037037035,6,all,MG_98k,P2,2017_f1
IAH4_2017,11,-0.14244411050770078,0.08181818181818183,0.0,6,new,MG_98k,P2,2017_f1
IAH4_2017,335,0.5428176949118984,0.5175530363930579,0.3235294117647059,12,all,MG_98k,P3,2017_f1
INH1_2017,163,0.5681884318967501,0.5200287074445387,0.1875,12,all,MG_98k,P3,2017_f1
MIH1_2017,184,0.6531613899582629,0.6734179653637957,0.2777777777777778,12,all,MG_98k,P3,2017_f1
MOH1_2017,228,0.462305349191536,0.4138316473907968,0.21739130434782608,12,all,MG_98k,P3,2017_f1
NYH2_2017,197,0.38623321561510365,0.3768211483947525,0.3,12,all,MG_98k,P3,2017_f1
NYH3_2017,132,0.33889426529850925,0.3146363479830735,0.07692307692307693,12,all,MG_98k,P3,2017_f1
WIH1_2017,274,0.5334326839179492,0.5378029270000073,0.2962962962962963,12,all,MG_98k,P3,2017_f1
IAH4_2017,11,0.1266554477480856,0.10909090909090911,0.0,12,new,MG_98k,P3,2017_f1
IAH4_2017,335,0.5270112802120952,0.497260303049606,0.4117647058823529,0,all,D_noEC(MG_98k),P3,2017_f1
INH1_2017,163,0.596726421174349,0.5521583232192241,0.3125,0,all,D_noEC(MG_98k),P3,2017_f1
MIH1_2017,184,0.6614859646562462,0.6513590568472963,0.2777777777777778,0,all,D_noEC(MG_98k),P3,2017_f1
MOH1_2017,228,0.5201113023642906,0.470267101491682,0.30434782608695654,0,all,D_noEC(MG_98k),P3,2017_f1
NYH2_2017,197,0.33112716434572376,0.30425774370661973,0.3,0,all,D_noEC(MG_98k),P3,2017_f1
NYH3_2017,132,0.3900651161279591,0.3543174382869039,0.0,0,all,D_noEC(MG_98k),P3,2017_f1
WIH1_2017,274,0.5403240529189124,0.5407395524183846,0.3333333333333333,0,all,D_noEC(MG_98k),P3,2017_f1
IAH4_2017,11,-0.10138539265799888,0.10909090909090911,0.0,0,new,D_noEC(MG_98k),P3,2017_f1
IAH4_2017,335,0.5727403675965774,0.5249483748305761,0.4411764705882353,4,all,D_noEC(MG_98k),P2,2017_f1
INH1_2017,163,0.622508470245764,0.575279454226035,0.25,4,all,D_noEC(MG_98k),P2,2017_f1
MIH1_2017,184,0.663292013553868,0.6459131975881797,0.4444444444444444,4,all,D_noEC(MG_98k),P2,2017_f1
MOH1_2017,228,0.5267044156788533,0.48808871726282993,0.21739130434782608,4,all,D_noEC(MG_98k),P2,2017_f1
NYH2_2017,197,0.3738952892461425,0.30947201215511594,0.25,4,all,D_noEC(MG_98k),P2,2017_f1
NYH3_2017,132,0.37296583422013424,0.31287796173292354,0.15384615384615385,4,all,D_noEC(MG_98k),P2,2017_f1
WIH1_2017,274,0.5589534499118243,0.542448208725581,0.3333333333333333,4,all,D_noEC(MG_98k),P2,2017_f1
IAH4_2017,11,-0.08797232801986567,0.07272727272727274,0.0,4,new,D_noEC(MG_98k),P2,2017_f1
IAH4_2018,807,0.38856776147419514,0.3872343826421595,0.345679012345679,7,all,MG_2k,P1,2018_f1
INH1_2018,407,0.39802568549075923,0.3486025276228204,0.2926829268292683,7,all,MG_2k,P1,2018_f1
MIH1_2018,378,0.1540031001664019,0.10055596076020645,0.18421052631578946,7,all,MG_2k,P1,2018_f1
MOH1_1_2018,590,0.3324863236389559,0.3077344033665139,0.2711864406779661,7,all,MG_2k,P1,2018_f1
MOH1_2_2018,571,0.18723859292388834,0.16721110013560334,0.15789473684210525,7,all,MG_2k,P1,2018_f1
NYH2_2018,395,0.24741475971053187,0.2584879237402536,0.175,7,all,MG_2k,P1,2018_f1
NYH3_2018,416,0.24660089911033883,0.21030624841308168,0.2619047619047619,7,all,MG_2k,P1,2018_f1
TXH2_2018,445,0.09458290822898764,0.053514191711361604,0.13636363636363635,7,all,MG_2k,P1,2018_f1
WIH1_2018,404,0.3158881034858901,0.2964579410096209,0.3,7,all,MG_2k,P1,2018_f1
IAH4_2018,807,0.38974199849879554,0.38828615799284044,0.30864197530864196,8,all,MG_2k,P2,2018_f1
INH1_2018,407,0.3980082062211383,0.3492563819660193,0.2926829268292683,8,all,MG_2k,P2,2018_f1
MIH1_2018,378,0.15560596751620312,0.09735698262020477,0.23684210526315788,8,all,MG_2k,P2,2018_f1
MOH1_1_2018,590,0.33998902021143,0.3169609764684819,0.288135593220339,8,all,MG_2k,P2,2018_f1
MOH1_2_2018,571,0.17741602756342267,0.1569305886686752,0.14035087719298245,8,all,MG_2k,P2,2018_f1
NYH2_2018,395,0.2490117406096225,0.25908491085377267,0.175,8,all,MG_2k,P2,2018_f1
NYH3_2018,416,0.2391223397200888,0.20388568433906176,0.2619047619047619,8,all,MG_2k,P2,2018_f1
TXH2_2018,445,0.09467862193177708,0.05767385179199068,0.11363636363636363,8,all,MG_2k,P2,2018_f1
WIH1_2018,404,0.3274554423092432,0.3105021347733249,0.325,8,all,MG_2k,P2,2018_f1
IAH4_2018,807,0.36405437616149283,0.35823073663107724,0.2839506172839506,11,all,MG_2k,P3,2018_f1
INH1_2018,407,0.3993145741900781,0.3397904898324041,0.2926829268292683,11,all,MG_2k,P3,2018_f1
MIH1_2018,378,0.18638586794663412,0.11617036458254071,0.21052631578947367,11,all,MG_2k,P3,2018_f1
MOH1_1_2018,590,0.3317662932826443,0.31404146662793175,0.2542372881355932,11,all,MG_2k,P3,2018_f1
MOH1_2_2018,571,0.14888013191641275,0.13306053567433362,0.12280701754385964,11,all,MG_2k,P3,2018_f1
NYH2_2018,395,0.23130863504642468,0.2238838947684647,0.2,11,all,MG_2k,P3,2018_f1
NYH3_2018,416,0.22391422765421765,0.18351785186763617,0.2619047619047619,11,all,MG_2k,P3,2018_f1
TXH2_2018,445,0.10977269459504381,0.0922496474209439,0.13636363636363635,11,all,MG_2k,P3,2018_f1
WIH1_2018,404,0.34306433921955554,0.32599421545880736,0.3,11,all,MG_2k,P3,2018_f1
IAH4_2018,807,0.3555084129736626,0.36198044910047233,0.2222222222222222,2,all,D_noEC(MG_2k),P3,2018_f1
INH1_2018,407,0.3451338439766664,0.30768630387860485,0.34146341463414637,2,all,D_noEC(MG_2k),P3,2018_f1
MIH1_2018,378,0.0563896723002575,0.008709316857197252,0.18421052631578946,2,all,D_noEC(MG_2k),P3,2018_f1
MOH1_1_2018,590,0.3006697831368341,0.2918543136719386,0.23728813559322035,2,all,D_noEC(MG_2k),P3,2018_f1
MOH1_2_2018,571,0.09075909958443844,0.07391248949280711,0.08771929824561403,2,all,D_noEC(MG_2k),P3,2018_f1
NYH2_2018,395,0.2644277458336233,0.2680211225567744,0.2,2,all,D_noEC(MG_2k),P3,2018_f1
NYH3_2018,416,0.2268864532780358,0.20286113776842782,0.23809523809523808,2,all,D_noEC(MG_2k),P3,2018_f1
TXH2_2018,445,0.058024061259457076,0.023444762591547975,0.13636363636363635,2,all,D_noEC(MG_2k),P3,2018_f1
WIH1_2018,404,0.2858498947644075,0.29010614698154474,0.225,2,all,D_noEC(MG_2k),P3,2018_f1
IAH4_2018,807,0.3659596583548492,0.3816263221348917,0.2345679012345679,4,all,D_noEC(MG_2k),P2,2018_f1
INH1_2018,407,0.33281662745930696,0.3106831585339582,0.34146341463414637,4,all,D_noEC(MG_2k),P2,2018_f1
MIH1_2018,378,0.07024891887239273,0.03461086385019047,0.18421052631578946,4,all,D_noEC(MG_2k),P2,2018_f1
MOH1_1_2018,590,0.29890516987193017,0.28788554016303536,0.22033898305084745,4,all,D_noEC(MG_2k),P2,2018_f1
MOH1_2_2018,571,0.12701023620883004,0.11530641772092841,0.05263157894736842,4,all,D_noEC(MG_2k),P2,2018_f1
NYH2_2018,395,0.29244198098151997,0.296286787858364,0.225,4,all,D_noEC(MG_2k),P2,2018_f1
NYH3_2018,416,0.24429017725263008,0.2225024614579274,0.2619047619047619,4,all,D_noEC(MG_2k),P2,2018_f1
TXH2_2018,445,0.05719901932183987,0.012698293165342121,0.13636363636363635,4,all,D_noEC(MG_2k),P2,2018_f1
WIH1_2018,404,0.28708976646892376,0.2856976079246539,0.275,4,all,D_noEC(MG_2k),P2,2018_f1
IAH4_2018,807,0.3787281256306481,0.37388764250671047,0.2962962962962963,6,all,MG_98k,P1,2018_f1
INH1_2018,407,0.38612690400864286,0.33582598058693197,0.34146341463414637,6,all,MG_98k,P1,2018_f1
MIH1_2018,378,0.15101922348969518,0.1278663645656563,0.21052631578947367,6,all,MG_98k,P1,2018_f1
MOH1_1_2018,590,0.3271379146589267,0.30501863461136014,0.2711864406779661,6,all,MG_98k,P1,2018_f1
MOH1_2_2018,571,0.19831301707927887,0.18091563410753295,0.17543859649122806,6,all,MG_98k,P1,2018_f1
NYH2_2018,395,0.26493458759315136,0.2670879651068265,0.2,6,all,MG_98k,P1,2018_f1
NYH3_2018,416,0.24844781459476195,0.20780593139371958,0.2619047619047619,6,all,MG_98k,P1,2018_f1
TXH2_2018,445,0.10079035580047961,0.05077710378526313,0.1590909090909091,6,all,MG_98k,P1,2018_f1
WIH1_2018,404,0.272531698641848,0.24857321217198874,0.325,6,all,MG_98k,P1,2018_f1
IAH4_2018,807,0.4081760317427702,0.4081066685700195,0.2839506172839506,11,all,MG_98k,P2,2018_f1
INH1_2018,407,0.4009707480027373,0.34326756744078624,0.3170731707317073,11,all,MG_98k,P2,2018_f1
MIH1_2018,378,0.22562277780547216,0.18933926870646658,0.23684210526315788,11,all,MG_98k,P2,2018_f1
MOH1_1_2018,590,0.3339904923439574,0.31403930476381947,0.3220338983050847,11,all,MG_98k,P2,2018_f1
MOH1_2_2018,571,0.22565175233259815,0.20868937119648776,0.17543859649122806,11,all,MG_98k,P2,2018_f1
NYH2_2018,395,0.23364225043966932,0.2245729806767309,0.225,11,all,MG_98k,P2,2018_f1
NYH3_2018,416,0.25180769275900283,0.2069611576167778,0.2857142857142857,11,all,MG_98k,P2,2018_f1
TXH2_2018,445,0.08345437878815291,0.04478416197100383,0.11363636363636363,11,all,MG_98k,P2,2018_f1
WIH1_2018,404,0.33520460889558934,0.3158336198487929,0.275,11,all,MG_98k,P2,2018_f1
IAH4_2018,807,0.3913903497906889,0.3852508417368028,0.2962962962962963,8,all,MG_98k,P3,2018_f1
INH1_2018,407,0.3898525131702333,0.33301343685369156,0.34146341463414637,8,all,MG_98k,P3,2018_f1
MIH1_2018,378,0.1704557394637211,0.1404462050155678,0.21052631578947367,8,all,MG_98k,P3,2018_f1
MOH1_1_2018,590,0.33407341088666453,0.31041245635722176,0.2711864406779661,8,all,MG_98k,P3,2018_f1
MOH1_2_2018,571,0.20914676425385614,0.18555242726476107,0.17543859649122806,8,all,MG_98k,P3,2018_f1
NYH2_2018,395,0.2574629441484028,0.25875020085764117,0.2,8,all,MG_98k,P3,2018_f1
NYH3_2018,416,0.24698793305865652,0.21022632161236274,0.2619047619047619,8,all,MG_98k,P3,2018_f1
TXH2_2018,445,0.08903646305610607,0.03881607244394136,0.13636363636363635,8,all,MG_98k,P3,2018_f1
WIH1_2018,404,0.29218629561208725,0.27130964110976347,0.3,8,all,MG_98k,P3,2018_f1
IAH4_2018,807,0.36168961671088895,0.36831863769884643,0.2716049382716049,0,all,D_noEC(MG_98k),P3,2018_f1
INH1_2018,407,0.3686873362338046,0.34824885712331405,0.34146341463414637,0,all,D_noEC(MG_98k),P3,2018_f1
MIH1_2018,378,0.09174150901826347,0.06092289230683511,0.21052631578947367,0,all,D_noEC(MG_98k),P3,2018_f1
MOH1_1_2018,590,0.3049527233668361,0.3036650739620078,0.22033898305084745,0,all,D_noEC(MG_98k),P3,2018_f1
MOH1_2_2018,571,0.15732187185656377,0.1418452751842995,0.15789473684210525,0,all,D_noEC(MG_98k),P3,2018_f1
NYH2_2018,395,0.2748064862610298,0.27347617505917227,0.175,0,all,D_noEC(MG_98k),P3,2018_f1
NYH3_2018,416,0.22951755535041637,0.2195430028899098,0.21428571428571427,0,all,D_noEC(MG_98k),P3,2018_f1
TXH2_2018,445,0.06967882575314994,0.02951423583268194,0.13636363636363635,0,all,D_noEC(MG_98k),P3,2018_f1
WIH1_2018,404,0.2943286513706639,0.2903786722034355,0.35,0,all,D_noEC(MG_98k),P3,2018_f1
IAH4_2018,807,0.36168961671088895,0.36831863769884643,0.2716049382716049,0,all,D_noEC(MG_98k),P2,2018_f1
INH1_2018,407,0.3686873362338046,0.34824885712331405,0.34146341463414637,0,all,D_noEC(MG_98k),P2,2018_f1
MIH1_2018,378,0.09174150901826347,0.06092289230683511,0.21052631578947367,0,all,D_noEC(MG_98k),P2,2018_f1
MOH1_1_2018,590,0.3049527233668361,0.3036650739620078,0.22033898305084745,0,all,D_noEC(MG_98k),P2,2018_f1
MOH1_2_2018,571,0.15732187185656377,0.1418452751842995,0.15789473684210525,0,all,D_noEC(MG_98k),P2,2018_f1
NYH2_2018,395,0.2748064862610298,0.27347617505917227,0.175,0,all,D_noEC(MG_98k),P2,2018_f1
NYH3_2018,416,0.22951755535041637,0.2195430028899098,0.21428571428571427,0,all,D_noEC(MG_98k),P2,2018_f1
TXH2_2018,445,0.06967882575314994,0.02951423583268194,0.13636363636363635,0,all,D_noEC(MG_98k),P2,2018_f1
WIH1_2018,404,0.2943286513706639,0.2903786722034355,0.35,0,all,D_noEC(MG_98k),P2,2018_f1
IAH4_2019,1144,0.05092611649362242,0.030861732188704548,0.07894736842105263,16,all,MG_2k,P1,2019_f1
INH1_2019,453,0.2448834968838458,0.21205021324512477,0.17777777777777778,16,all,MG_2k,P1,2019_f1
MIH1_2019,456,-0.024581100161845164,-0.05208921728099551,0.021739130434782608,16,all,MG_2k,P1,2019_f1
MOH1_2019,515,-0.149368722998161,-0.12677634336953966,0.09615384615384616,16,all,MG_2k,P1,2019_f1
NYH2_2019,403,-0.09742740553884002,-0.06292790979577881,0.075,16,all,MG_2k,P1,2019_f1
NYH3_2019,574,0.17326822288009688,0.16717753115869427,0.15789473684210525,16,all,MG_2k,P1,2019_f1
TXH2_2019,438,-0.060648609690465295,-0.04031500072940637,0.13636363636363635,16,all,MG_2k,P1,2019_f1
WIH1_2019,580,0.0019123344464919783,0.03173300719762596,0.08620689655172414,16,all,MG_2k,P1,2019_f1
IAH4_2019,223,0.004503979905847084,0.040975552746853196,0.0,16,new,MG_2k,P1,2019_f1
INH1_2019,120,0.23743647233514423,0.22813389818737412,0.16666666666666666,16,new,MG_2k,P1,2019_f1
MIH1_2019,61,0.11809316417321117,0.09613960867265996,0.16666666666666666,16,new,MG_2k,P1,2019_f1
MOH1_2019,127,-0.08958563708542028,-0.10606486689163853,0.07692307692307693,16,new,MG_2k,P1,2019_f1
NYH2_2019,34,-0.07978642007412826,-0.17708174178762415,0.0,16,new,MG_2k,P1,2019_f1
NYH3_2019,146,0.1373587103461535,0.17080581878476475,0.26666666666666666,16,new,MG_2k,P1,2019_f1
TXH2_2019,108,0.018371225761020644,0.05349300256271019,0.09090909090909091,16,new,MG_2k,P1,2019_f1
WIH1_2019,76,0.000898566117228597,0.09585782638414217,0.125,16,new,MG_2k,P1,2019_f1
IAH4_2019,1144,0.09475119027268099,0.08647867251167196,0.15789473684210525,10,all,MG_2k,P2,2019_f1
INH1_2019,453,0.3751556416675339,0.38691166700649393,0.26666666666666666,10,all,MG_2k,P2,2019_f1
MIH1_2019,456,0.017818234306612234,0.012430124685666096,0.043478260869565216,10,all,MG_2k,P2,2019_f1
MOH1_2019,515,0.035474357880007884,0.07487140545360756,0.09615384615384616,10,all,MG_2k,P2,2019_f1
NYH2_2019,403,-0.04516300930571464,-0.051861945327836015,0.1,10,all,MG_2k,P2,2019_f1
NYH3_2019,574,0.1919893114759529,0.15306962543576616,0.10526315789473684,10,all,MG_2k,P2,2019_f1
TXH2_2019,438,0.2489024373576242,0.2715196123199771,0.20454545454545456,10,all,MG_2k,P2,2019_f1
WIH1_2019,580,0.0374388457727641,0.06448161872557157,0.1724137931034483,10,all,MG_2k,P2,2019_f1
IAH4_2019,223,-0.0052861094266789385,-0.004487551292484028,0.09090909090909091,10,new,MG_2k,P2,2019_f1
INH1_2019,120,0.25942455698933325,0.28483228001944577,0.3333333333333333,10,new,MG_2k,P2,2019_f1
MIH1_2019,61,0.14185743513690882,0.16007403490216815,0.3333333333333333,10,new,MG_2k,P2,2019_f1
MOH1_2019,127,0.07103512325476427,0.08717660292463442,0.15384615384615385,10,new,MG_2k,P2,2019_f1
NYH2_2019,34,-0.07444753149916786,-0.2213903743315508,0.0,10,new,MG_2k,P2,2019_f1
NYH3_2019,146,0.169789396612573,0.14907695718816577,0.26666666666666666,10,new,MG_2k,P2,2019_f1
TXH2_2019,108,0.09590237042644002,0.17574094715482008,0.09090909090909091,10,new,MG_2k,P2,2019_f1
WIH1_2019,76,-0.11497477855907709,-0.02384142173615858,0.0,10,new,MG_2k,P2,2019_f1
IAH4_2019,1144,0.09306424414821533,0.08386838348627539,0.14912280701754385,11,all,MG_2k,P3,2019_f1
INH1_2019,453,0.37553074896632005,0.3831746734358294,0.26666666666666666,11,all,MG_2k,P3,2019_f1
MIH1_2019,456,0.02928469255180216,0.01104222887979382,0.043478260869565216,11,all,MG_2k,P3,2019_f1
MOH1_2019,515,0.02525632450432074,0.06990023461173032,0.09615384615384616,11,all,MG_2k,P3,2019_f1
NYH2_2019,403,-0.05687514213079796,-0.06239061758169394,0.1,11,all,MG_2k,P3,2019_f1
NYH3_2019,574,0.1960260615529748,0.15964432359191413,0.12280701754385964,11,all,MG_2k,P3,2019_f1
TXH2_2019,438,0.23850613784653613,0.26693752646909685,0.22727272727272727,11,all,MG_2k,P3,2019_f1
WIH1_2019,580,0.04708578369564636,0.06845519450048379,0.13793103448275862,11,all,MG_2k,P3,2019_f1
IAH4_2019,223,-0.010651993984377807,-0.006832505150890801,0.09090909090909091,11,new,MG_2k,P3,2019_f1
INH1_2019,120,0.27376910762075796,0.30321550107646356,0.3333333333333333,11,new,MG_2k,P3,2019_f1
MIH1_2019,61,0.17359890218802418,0.1672659968270756,0.3333333333333333,11,new,MG_2k,P3,2019_f1
MOH1_2019,127,0.07192862607740608,0.08310484626921634,0.15384615384615385,11,new,MG_2k,P3,2019_f1
NYH2_2019,34,-0.0964596940037652,-0.2030557677616501,0.0,11,new,MG_2k,P3,2019_f1
NYH3_2019,146,0.14478935506719673,0.15484561325711202,0.26666666666666666,11,new,MG_2k,P3,2019_f1
TXH2_2019,108,0.09312467975893333,0.18744938885554505,0.09090909090909091,11,new,MG_2k,P3,2019_f1
WIH1_2019,76,-0.05986968834786809,0.04817498291182502,0.0,11,new,MG_2k,P3,2019_f1
IAH4_2019,1144,0.09464112075167584,0.07888739782065146,0.14035087719298245,3,all,D_noEC(MG_2k),P3,2019_f1
INH1_2019,453,0.33421220586493433,0.3279244453196677,0.26666666666666666,3,all,D_noEC(MG_2k),P3,2019_f1
MIH1_2019,456,-0.04914213439586751,-0.042176453236792553,0.06521739130434782,3,all,D_noEC(MG_2k),P3,2019_f1
MOH1_2019,515,-0.03104951662687048,-0.004016374303787786,0.057692307692307696,3,all,D_noEC(MG_2k),P3,2019_f1
NYH2_2019,403,-0.022490910776944366,-0.02331477852440922,0.1,3,all,D_noEC(MG_2k),P3,2019_f1
NYH3_2019,574,0.2042757910842856,0.1792583601646383,0.10526315789473684,3,all,D_noEC(MG_2k),P3,2019_f1
TXH2_2019,438,0.21850464489048205,0.20043137442796222,0.22727272727272727,3,all,D_noEC(MG_2k),P3,2019_f1
WIH1_2019,580,0.034088890735009016,0.0727686991274324,0.13793103448275862,3,all,D_noEC(MG_2k),P3,2019_f1
IAH4_2019,223,0.015293797327151087,0.01902475024672334,0.09090909090909091,3,new,D_noEC(MG_2k),P3,2019_f1
INH1_2019,120,0.22101042897804743,0.17847767206055973,0.3333333333333333,3,new,D_noEC(MG_2k),P3,2019_f1
MIH1_2019,61,0.10379979961969149,0.08720253833950291,0.3333333333333333,3,new,D_noEC(MG_2k),P3,2019_f1
MOH1_2019,127,-0.008520896560107303,-0.01218011811023622,0.07692307692307693,3,new,D_noEC(MG_2k),P3,2019_f1
NYH2_2019,34,0.007962228451712737,-0.13277310924369748,0.0,3,new,D_noEC(MG_2k),P3,2019_f1
NYH3_2019,146,0.20985801367244886,0.21890623041847823,0.2,3,new,D_noEC(MG_2k),P3,2019_f1
TXH2_2019,108,0.04895681044061432,0.09409623977059457,0.09090909090909091,3,new,D_noEC(MG_2k),P3,2019_f1
WIH1_2019,76,-0.061318092424556256,0.023185235816814764,0.0,3,new,D_noEC(MG_2k),P3,2019_f1
IAH4_2019,1144,0.09944747340345113,0.08010342555575631,0.14035087719298245,4,all,D_noEC(MG_2k),P2,2019_f1
INH1_2019,453,0.32839538103281335,0.3245600022151656,0.24444444444444444,4,all,D_noEC(MG_2k),P2,2019_f1
MIH1_2019,456,-0.04639942247293806,-0.03740952819927055,0.08695652173913043,4,all,D_noEC(MG_2k),P2,2019_f1
MOH1_2019,515,-0.020178370543488824,0.0030756343948936315,0.057692307692307696,4,all,D_noEC(MG_2k),P2,2019_f1
NYH2_2019,403,-0.019930495859297587,-0.020291879572106104,0.1,4,all,D_noEC(MG_2k),P2,2019_f1
NYH3_2019,574,0.1974550248811071,0.1734257675832321,0.14035087719298245,4,all,D_noEC(MG_2k),P2,2019_f1
TXH2_2019,438,0.22276202777816836,0.20476754000970682,0.22727272727272727,4,all,D_noEC(MG_2k),P2,2019_f1
WIH1_2019,580,0.03352087496353146,0.06987770479879198,0.13793103448275862,4,all,D_noEC(MG_2k),P2,2019_f1
IAH4_2019,223,0.01774991011936126,0.021881546825493016,0.09090909090909091,4,new,D_noEC(MG_2k),P2,2019_f1
INH1_2019,120,0.21372859045531975,0.173109243697479,0.3333333333333333,4,new,D_noEC(MG_2k),P2,2019_f1
MIH1_2019,61,0.10215161929130638,0.06620835536753039,0.16666666666666666,4,new,D_noEC(MG_2k),P2,2019_f1
MOH1_2019,127,-0.00022350714591422215,-0.007340879265091863,0.0,4,new,D_noEC(MG_2k),P2,2019_f1
NYH2_2019,34,0.022825575039766344,-0.1016042780748663,0.0,4,new,D_noEC(MG_2k),P2,2019_f1
NYH3_2019,146,0.20615100502401895,0.21340749809607357,0.2,4,new,D_noEC(MG_2k),P2,2019_f1
TXH2_2019,108,0.04000543873320906,0.08171139500986024,0.09090909090909091,4,new,D_noEC(MG_2k),P2,2019_f1
WIH1_2019,76,-0.06737881852780865,0.010252904989747095,0.0,4,new,D_noEC(MG_2k),P2,2019_f1
IAH4_2019,1144,0.05858554450450151,0.04075247421787504,0.11403508771929824,16,all,MG_98k,P1,2019_f1
INH1_2019,453,0.2527892659832143,0.23199708930425864,0.15555555555555556,16,all,MG_98k,P1,2019_f1
MIH1_2019,456,-0.011991877508939423,-0.04543107617863492,0.043478260869565216,16,all,MG_98k,P1,2019_f1
MOH1_2019,515,-0.17710950979137277,-0.15265670621243052,0.038461538461538464,16,all,MG_98k,P1,2019_f1
NYH2_2019,403,-0.07788751503260163,-0.0246082767569186,0.075,16,all,MG_98k,P1,2019_f1
NYH3_2019,574,0.16627525853279118,0.15718662830513955,0.15789473684210525,16,all,MG_98k,P1,2019_f1
TXH2_2019,438,-0.040761086852750136,-0.005974420150495491,0.18181818181818182,16,all,MG_98k,P1,2019_f1
WIH1_2019,580,0.012369642070893583,0.03221799163090493,0.08620689655172414,16,all,MG_98k,P1,2019_f1
IAH4_2019,223,-0.0034014311116111326,0.015502449919490277,0.0,16,new,MG_98k,P1,2019_f1
INH1_2019,120,0.19722891849766438,0.20756997013681502,0.16666666666666666,16,new,MG_98k,P1,2019_f1
MIH1_2019,61,0.13367428608775184,0.11554732945531464,0.3333333333333333,16,new,MG_98k,P1,2019_f1
MOH1_2019,127,-0.15726927373782654,-0.15578716722909636,0.0,16,new,MG_98k,P1,2019_f1
NYH2_2019,34,-0.040957398113667484,-0.062184873949579826,0.0,16,new,MG_98k,P1,2019_f1
NYH3_2019,146,0.12527685692020515,0.16492919321720187,0.26666666666666666,16,new,MG_98k,P1,2019_f1
TXH2_2019,108,-0.017430400855865412,-0.005487438909371516,0.09090909090909091,16,new,MG_98k,P1,2019_f1
WIH1_2019,76,0.04079456342061337,0.09077238550922762,0.125,16,new,MG_98k,P1,2019_f1
IAH4_2019,1144,0.11201598340595467,0.10258302700589016,0.14035087719298245,11,all,MG_98k,P2,2019_f1
INH1_2019,453,0.35813195973260037,0.37085423846831495,0.26666666666666666,11,all,MG_98k,P2,2019_f1
MIH1_2019,456,0.054860442381871086,0.05002676855073541,0.043478260869565216,11,all,MG_98k,P2,2019_f1
MOH1_2019,515,-0.03400547246083906,0.013221928982878347,0.038461538461538464,11,all,MG_98k,P2,2019_f1
NYH2_2019,403,0.013585612421647901,0.006193757234674984,0.125,11,all,MG_98k,P2,2019_f1
NYH3_2019,574,0.19411301349717247,0.15983337951598264,0.10526315789473684,11,all,MG_98k,P2,2019_f1
TXH2_2019,438,0.20520426486992804,0.22395431938173757,0.20454545454545456,11,all,MG_98k,P2,2019_f1
WIH1_2019,580,0.06715119121954737,0.10041542571545159,0.13793103448275862,11,all,MG_98k,P2,2019_f1
IAH4_2019,223,0.01954863077608441,0.05138987482036809,0.045454545454545456,11,new,MG_98k,P2,2019_f1
INH1_2019,120,0.1715076364801975,0.20752830057642888,0.25,11,new,MG_98k,P2,2019_f1
MIH1_2019,61,0.31469200734251634,0.33632998413537807,0.16666666666666666,11,new,MG_98k,P2,2019_f1
MOH1_2019,127,-0.0816141411421243,-0.03454841582302212,0.0,11,new,MG_98k,P2,2019_f1
NYH2_2019,34,0.07655215717669643,-0.04965622612681436,0.3333333333333333,11,new,MG_98k,P2,2019_f1
NYH3_2019,146,0.18558488054002228,0.16664128098098005,0.3333333333333333,11,new,MG_98k,P2,2019_f1
TXH2_2019,108,-0.010347930490679263,0.11357855325959587,0.18181818181818182,11,new,MG_98k,P2,2019_f1
WIH1_2019,76,0.02059336630923046,0.12850307587149692,0.125,11,new,MG_98k,P2,2019_f1
IAH4_2019,1144,0.11873900657634397,0.10614315761231356,0.14912280701754385,8,all,MG_98k,P3,2019_f1
INH1_2019,453,0.2950613758700982,0.33073038544709,0.24444444444444444,8,all,MG_98k,P3,2019_f1
MIH1_2019,456,0.04843176058487521,0.061855617261961246,0.06521739130434782,8,all,MG_98k,P3,2019_f1
MOH1_2019,515,-0.0011070226727721826,0.03262512887348264,0.038461538461538464,8,all,MG_98k,P3,2019_f1
NYH2_2019,403,0.02185580551412385,0.029660070314600717,0.075,8,all,MG_98k,P3,2019_f1
NYH3_2019,574,0.15267492072283978,0.11890532590747642,0.15789473684210525,8,all,MG_98k,P3,2019_f1
TXH2_2019,438,0.19593838502379296,0.24776402850532958,0.11363636363636363,8,all,MG_98k,P3,2019_f1
WIH1_2019,580,0.06888781090687568,0.10410110444741426,0.13793103448275862,8,all,MG_98k,P3,2019_f1
IAH4_2019,223,0.049536156336337046,0.040735322125456656,0.045454545454545456,8,new,MG_98k,P3,2019_f1
INH1_2019,120,0.08894260188426573,0.12629349260365302,0.16666666666666666,8,new,MG_98k,P3,2019_f1
MIH1_2019,61,0.24096854087615371,0.2879957694341618,0.16666666666666666,8,new,MG_98k,P3,2019_f1
MOH1_2019,127,-0.0779112203459381,-0.0661323584551931,0.0,8,new,MG_98k,P3,2019_f1
NYH2_2019,34,0.004558721773153455,-0.045072574484339184,0.3333333333333333,8,new,MG_98k,P3,2019_f1
NYH3_2019,146,0.1323518894901414,0.10538787078364649,0.3333333333333333,8,new,MG_98k,P3,2019_f1
TXH2_2019,108,-0.018133028898520358,0.0907618584888584,0.0,8,new,MG_98k,P3,2019_f1
WIH1_2019,76,-0.05783850502677957,0.05952153110047847,0.0,8,new,MG_98k,P3,2019_f1
IAH4_2019,1144,0.11515678029042545,0.10434710038100803,0.13157894736842105,0,all,D_noEC(MG_98k),P3,2019_f1
INH1_2019,453,0.34020066995149983,0.3678362053346885,0.26666666666666666,0,all,D_noEC(MG_98k),P3,2019_f1
MIH1_2019,456,-0.01603190933957076,-0.010006037122115504,0.043478260869565216,0,all,D_noEC(MG_98k),P3,2019_f1
MOH1_2019,515,-0.005537033267448403,0.017150229719364453,0.057692307692307696,0,all,D_noEC(MG_98k),P3,2019_f1
NYH2_2019,403,0.008609081461017968,0.00789501451312354,0.05,0,all,D_noEC(MG_98k),P3,2019_f1
NYH3_2019,574,0.17770758449434343,0.14145948508387152,0.12280701754385964,0,all,D_noEC(MG_98k),P3,2019_f1
TXH2_2019,438,0.25327122610919606,0.26859284693341207,0.20454545454545456,0,all,D_noEC(MG_98k),P3,2019_f1
WIH1_2019,580,0.0561505012440815,0.09441061052823987,0.13793103448275862,0,all,D_noEC(MG_98k),P3,2019_f1
IAH4_2019,223,0.05075640148479397,0.06735114358432744,0.0,0,new,D_noEC(MG_98k),P3,2019_f1
INH1_2019,120,0.1525812581262749,0.17651225779568022,0.25,0,new,D_noEC(MG_98k),P3,2019_f1
MIH1_2019,61,0.15418350470890577,0.1717080909571655,0.16666666666666666,0,new,D_noEC(MG_98k),P3,2019_f1
MOH1_2019,127,-0.05780290262630525,-0.03574943757030371,0.0,0,new,D_noEC(MG_98k),P3,2019_f1
NYH2_2019,34,-0.0014946135077593115,-0.05210084033613445,0.3333333333333333,0,new,D_noEC(MG_98k),P3,2019_f1
NYH3_2019,146,0.15037849959278102,0.12495734240791262,0.26666666666666666,0,new,D_noEC(MG_98k),P3,2019_f1
TXH2_2019,108,0.05627596303502318,0.18769708575075975,0.09090909090909091,0,new,D_noEC(MG_98k),P3,2019_f1
WIH1_2019,76,-0.05690852152901426,0.012494873547505125,0.0,0,new,D_noEC(MG_98k),P3,2019_f1
IAH4_2019,1144,0.1201325654111233,0.10577883580226213,0.14912280701754385,3,all,D_noEC(MG_98k),P2,2019_f1
INH1_2019,453,0.32682484191071404,0.34592633944059287,0.26666666666666666,3,all,D_noEC(MG_98k),P2,2019_f1
MIH1_2019,456,-0.017473563902886315,-0.0077598265070127756,0.043478260869565216,3,all,D_noEC(MG_98k),P2,2019_f1
MOH1_2019,515,0.02072080435526165,0.034592661618125804,0.07692307692307693,3,all,D_noEC(MG_98k),P2,2019_f1
NYH2_2019,403,0.005009285729083406,0.003767370897463192,0.05,3,all,D_noEC(MG_98k),P2,2019_f1
NYH3_2019,574,0.16773237464953555,0.13785669909942885,0.12280701754385964,3,all,D_noEC(MG_98k),P2,2019_f1
TXH2_2019,438,0.27473092791801174,0.27494692970614737,0.20454545454545456,3,all,D_noEC(MG_98k),P2,2019_f1
WIH1_2019,580,0.06259698393163741,0.10055583779600147,0.15517241379310345,3,all,D_noEC(MG_98k),P2,2019_f1
IAH4_2019,223,0.044353962858183334,0.06786515054452275,0.0,3,new,D_noEC(MG_98k),P2,2019_f1
INH1_2019,120,0.1681579504549259,0.19246475449684003,0.25,3,new,D_noEC(MG_98k),P2,2019_f1
MIH1_2019,61,0.14464239116538083,0.1304071919619249,0.16666666666666666,3,new,D_noEC(MG_98k),P2,2019_f1
MOH1_2019,127,-0.05282037141373285,-0.03156636670416198,0.0,3,new,D_noEC(MG_98k),P2,2019_f1
NYH2_2019,34,0.0333478474554993,-0.02215431627196333,0.0,3,new,D_noEC(MG_98k),P2,2019_f1
NYH3_2019,146,0.16349507767876578,0.14338156613613798,0.26666666666666666,3,new,D_noEC(MG_98k),P2,2019_f1
TXH2_2019,108,0.08950551773751851,0.20831308887555136,0.09090909090909091,3,new,D_noEC(MG_98k),P2,2019_f1
WIH1_2019,76,-0.04617789380696865,0.05134654818865345,0.0,3,new,D_noEC(MG_98k),P2,2019_f1
INH1_2020,415,0.43894702632163396,0.4107167801641348,0.2857142857142857,11,all,MG_2k,P1,2020_f1
MIH1_2020,415,0.29553085876834545,0.2802929107735289,0.19047619047619047,11,all,MG_2k,P1,2020_f1
MOH1_1_2020,635,0.24781974171481286,0.21236803414926703,0.265625,11,all,MG_2k,P1,2020_f1
MOH1_2_2020,555,0.21098278605805168,0.20762230585207558,0.14285714285714285,11,all,MG_2k,P1,2020_f1
NYH2_2020,386,0.15393299165454954,0.11328950601152073,0.23076923076923078,11,all,MG_2k,P1,2020_f1
NYH3_2020,379,0.17422700126423887,0.16773794644923654,0.15789473684210525,11,all,MG_2k,P1,2020_f1
TXH2_2020,246,0.21977035534860773,0.17340792345376976,0.12,11,all,MG_2k,P1,2020_f1
WIH1_2020,395,0.3401328824818695,0.32469329570977906,0.25,11,all,MG_2k,P1,2020_f1
INH1_2020,415,0.43894702632163396,0.4107167801641348,0.2857142857142857,11,all,MG_2k,P2,2020_f1
MIH1_2020,415,0.29553085876834545,0.2802929107735289,0.19047619047619047,11,all,MG_2k,P2,2020_f1
MOH1_1_2020,635,0.24781974171481286,0.21236803414926703,0.265625,11,all,MG_2k,P2,2020_f1
MOH1_2_2020,555,0.21098278605805168,0.20762230585207558,0.14285714285714285,11,all,MG_2k,P2,2020_f1
NYH2_2020,386,0.15393299165454954,0.11328950601152073,0.23076923076923078,11,all,MG_2k,P2,2020_f1
NYH3_2020,379,0.17422700126423887,0.16773794644923654,0.15789473684210525,11,all,MG_2k,P2,2020_f1
TXH2_2020,246,0.21977035534860773,0.17340792345376976,0.12,11,all,MG_2k,P2,2020_f1
WIH1_2020,395,0.3401328824818695,0.32469329570977906,0.25,11,all,MG_2k,P2,2020_f1
INH1_2020,415,0.43894702632163396,0.4107167801641348,0.2857142857142857,11,all,MG_2k,P3,2020_f1
MIH1_2020,415,0.29553085876834545,0.2802929107735289,0.19047619047619047,11,all,MG_2k,P3,2020_f1
MOH1_1_2020,635,0.24781974171481286,0.21236803414926703,0.265625,11,all,MG_2k,P3,2020_f1
MOH1_2_2020,555,0.21098278605805168,0.20762230585207558,0.14285714285714285,11,all,MG_2k,P3,2020_f1
NYH2_2020,386,0.15393299165454954,0.11328950601152073,0.23076923076923078,11,all,MG_2k,P3,2020_f1
NYH3_2020,379,0.17422700126423887,0.16773794644923654,0.15789473684210525,11,all,MG_2k,P3,2020_f1
TXH2_2020,246,0.21977035534860773,0.17340792345376976,0.12,11,all,MG_2k,P3,2020_f1
WIH1_2020,395,0.3401328824818695,0.32469329570977906,0.25,11,all,MG_2k,P3,2020_f1
INH1_2020,415,0.4444987292919965,0.4397884178855892,0.21428571428571427,2,all,D_noEC(MG_2k),P3,2020_f1
MIH1_2020,415,0.268530596811741,0.2720075955997905,0.14285714285714285,2,all,D_noEC(MG_2k),P3,2020_f1
MOH1_1_2020,635,0.2015582732591449,0.19478478435423988,0.1875,2,all,D_noEC(MG_2k),P3,2020_f1
MOH1_2_2020,555,0.1903483275330195,0.20572448940268584,0.08928571428571429,2,all,D_noEC(MG_2k),P3,2020_f1
NYH2_2020,386,0.1643121818086848,0.12010887453711891,0.20512820512820512,2,all,D_noEC(MG_2k),P3,2020_f1
NYH3_2020,379,0.17601865606890058,0.17370735545988983,0.15789473684210525,2,all,D_noEC(MG_2k),P3,2020_f1
TXH2_2020,246,0.17119048098526382,0.17965995127190795,0.12,2,all,D_noEC(MG_2k),P3,2020_f1
WIH1_2020,395,0.3601964750940051,0.3195618551168302,0.275,2,all,D_noEC(MG_2k),P3,2020_f1
INH1_2020,415,0.4473453174222806,0.43700840149897247,0.21428571428571427,0,all,D_noEC(MG_2k),P2,2020_f1
MIH1_2020,415,0.26772050374226236,0.26842587742273444,0.14285714285714285,0,all,D_noEC(MG_2k),P2,2020_f1
MOH1_1_2020,635,0.2018116241399746,0.1846830690092253,0.234375,0,all,D_noEC(MG_2k),P2,2020_f1
MOH1_2_2020,555,0.19296153586271206,0.20076039710211444,0.10714285714285714,0,all,D_noEC(MG_2k),P2,2020_f1
NYH2_2020,386,0.1585542497858498,0.11404670358761214,0.23076923076923078,0,all,D_noEC(MG_2k),P2,2020_f1
NYH3_2020,379,0.16289456891205306,0.16179300493979012,0.15789473684210525,0,all,D_noEC(MG_2k),P2,2020_f1
TXH2_2020,246,0.22131347368408932,0.2049695399044381,0.08,0,all,D_noEC(MG_2k),P2,2020_f1
WIH1_2020,395,0.35948057877166156,0.32460119692399825,0.3,0,all,D_noEC(MG_2k),P2,2020_f1
INH1_2020,415,0.4708634354551492,0.4494073283098951,0.21428571428571427,11,all,MG_98k,P1,2020_f1
MIH1_2020,415,0.33157050863380055,0.3212874911015299,0.21428571428571427,11,all,MG_98k,P1,2020_f1
MOH1_1_2020,635,0.24777755540586574,0.21562737843104243,0.21875,11,all,MG_98k,P1,2020_f1
MOH1_2_2020,555,0.2348418658588886,0.22341037121083432,0.16071428571428573,11,all,MG_98k,P1,2020_f1
NYH2_2020,386,0.1596757184645768,0.12226967313122271,0.1794871794871795,11,all,MG_98k,P1,2020_f1
NYH3_2020,379,0.1986455423469581,0.20104923698868984,0.18421052631578946,11,all,MG_98k,P1,2020_f1
TXH2_2020,246,0.20913782091961008,0.15890718487454228,0.08,11,all,MG_98k,P1,2020_f1
WIH1_2020,395,0.34067216795503513,0.31509905560288987,0.3,11,all,MG_98k,P1,2020_f1
INH1_2020,415,0.472566033686223,0.45056077151415025,0.19047619047619047,12,all,MG_98k,P2,2020_f1
MIH1_2020,415,0.3328438944366773,0.31700329747081973,0.23809523809523808,12,all,MG_98k,P2,2020_f1
MOH1_1_2020,635,0.23629596838293832,0.20448108227167827,0.234375,12,all,MG_98k,P2,2020_f1
MOH1_2_2020,555,0.23964284108562664,0.22620727526372345,0.17857142857142858,12,all,MG_98k,P2,2020_f1
NYH2_2020,386,0.16681502779759735,0.1253118171542078,0.15384615384615385,12,all,MG_98k,P2,2020_f1
NYH3_2020,379,0.2056861358017367,0.20342390717338638,0.18421052631578946,12,all,MG_98k,P2,2020_f1
TXH2_2020,246,0.21009980992701438,0.1476058143213837,0.08,12,all,MG_98k,P2,2020_f1
WIH1_2020,395,0.34335623180527647,0.3240130692655403,0.3,12,all,MG_98k,P2,2020_f1
INH1_2020,415,0.4617808969096581,0.44582947173308624,0.2857142857142857,8,all,MG_98k,P3,2020_f1
MIH1_2020,415,0.31542239775134967,0.3181142630723563,0.21428571428571427,8,all,MG_98k,P3,2020_f1
MOH1_1_2020,635,0.24383494474400963,0.21832945828618416,0.21875,8,all,MG_98k,P3,2020_f1
MOH1_2_2020,555,0.22705246956380531,0.2391821163238333,0.16071428571428573,8,all,MG_98k,P3,2020_f1
NYH2_2020,386,0.1694016290482886,0.12394911189946736,0.15384615384615385,8,all,MG_98k,P3,2020_f1
NYH3_2020,379,0.17931421067860007,0.1927719474587965,0.15789473684210525,8,all,MG_98k,P3,2020_f1
TXH2_2020,246,0.20983958557704274,0.19670228909179943,0.08,8,all,MG_98k,P3,2020_f1
WIH1_2020,395,0.34457763892014237,0.30613860312330776,0.275,8,all,MG_98k,P3,2020_f1
INH1_2020,415,0.4471822379556359,0.44355247075257553,0.2619047619047619,0,all,D_noEC(MG_98k),P3,2020_f1
MIH1_2020,415,0.24266980233745356,0.24480430081530136,0.14285714285714285,0,all,D_noEC(MG_98k),P3,2020_f1
MOH1_1_2020,635,0.19011340573602345,0.17975317340602892,0.234375,0,all,D_noEC(MG_98k),P3,2020_f1
MOH1_2_2020,555,0.20020276153011415,0.21579878407500652,0.14285714285714285,0,all,D_noEC(MG_98k),P3,2020_f1
NYH2_2020,386,0.18103842336972664,0.13555161551305667,0.15384615384615385,0,all,D_noEC(MG_98k),P3,2020_f1
NYH3_2020,379,0.1638016450299032,0.17085325450830244,0.15789473684210525,0,all,D_noEC(MG_98k),P3,2020_f1
TXH2_2020,246,0.19439868487132264,0.2125854706452542,0.12,0,all,D_noEC(MG_98k),P3,2020_f1
WIH1_2020,395,0.35081147780003363,0.29864189825917264,0.225,0,all,D_noEC(MG_98k),P3,2020_f1
INH1_2020,415,0.4471822379556359,0.44355247075257553,0.2619047619047619,0,all,D_noEC(MG_98k),P2,2020_f1
MIH1_2020,415,0.24266980233745356,0.24480430081530136,0.14285714285714285,0,all,D_noEC(MG_98k),P2,2020_f1
MOH1_1_2020,635,0.19011340573602345,0.17975317340602892,0.234375,0,all,D_noEC(MG_98k),P2,2020_f1
MOH1_2_2020,555,0.20020276153011415,0.21579878407500652,0.14285714285714285,0,all,D_noEC(MG_98k),P2,2020_f1
NYH2_2020,386,0.18103842336972664,0.13555161551305667,0.15384615384615385,0,all,D_noEC(MG_98k),P2,2020_f1
NYH3_2020,379,0.1638016450299032,0.17085325450830244,0.15789473684210525,0,all,D_noEC(MG_98k),P2,2020_f1
TXH2_2020,246,0.19439868487132264,0.2125854706452542,0.12,0,all,D_noEC(MG_98k),P2,2020_f1
WIH1_2020,395,0.35081147780003363,0.29864189825917264,0.225,0,all,D_noEC(MG_98k),P2,2020_f1
IAH4_2021,1129,0.49706936533943624,0.48777719672358844,0.25663716814159293,18,all,MG_2k,P1,2021_f1
INH1_2021,413,0.28115481956104627,0.14436409094166347,0.1951219512195122,18,all,MG_2k,P1,2021_f1
MIH1_2021,417,0.2720642848384315,0.14713170549828578,0.19047619047619047,18,all,MG_2k,P1,2021_f1
NYH2_2021,398,0.16438629388916828,0.11703022166194178,0.05,18,all,MG_2k,P1,2021_f1
NYH3_2021,382,0.09508305383197603,0.05864089046054439,0.13157894736842105,18,all,MG_2k,P1,2021_f1
TXH2_2021,247,0.25337667610627557,0.12531497667425892,0.32,18,all,MG_2k,P1,2021_f1
WIH1_2021,399,0.1410141341674469,0.13942496402477242,0.225,18,all,MG_2k,P1,2021_f1
IAH4_2021,1129,0.3787769698294005,0.3641629274434755,0.23893805309734514,8,all,MG_2k,P2,2021_f1
INH1_2021,413,0.37620626645065214,0.3267161007223084,0.1951219512195122,8,all,MG_2k,P2,2021_f1
MIH1_2021,417,0.42018353550216275,0.35732162933331285,0.2619047619047619,8,all,MG_2k,P2,2021_f1
NYH2_2021,398,0.2758182787257909,0.26966602670481105,0.125,8,all,MG_2k,P2,2021_f1
NYH3_2021,382,0.22280829428339766,0.1819684635644159,0.10526315789473684,8,all,MG_2k,P2,2021_f1
TXH2_2021,247,0.25517880090429146,0.22606809369159186,0.2,8,all,MG_2k,P2,2021_f1
WIH1_2021,399,0.39879962133335184,0.40805102694644124,0.2,8,all,MG_2k,P2,2021_f1
IAH4_2021,1129,0.4056041991080468,0.38654244509750996,0.24778761061946902,11,all,MG_2k,P3,2021_f1
INH1_2021,413,0.36567791995356475,0.3248172456312531,0.1951219512195122,11,all,MG_2k,P3,2021_f1
MIH1_2021,417,0.3819698748930076,0.2974876818472385,0.21428571428571427,11,all,MG_2k,P3,2021_f1
NYH2_2021,398,0.26404079922623147,0.2529742618462068,0.15,11,all,MG_2k,P3,2021_f1
NYH3_2021,382,0.18532941589249954,0.15056517576127415,0.10526315789473684,11,all,MG_2k,P3,2021_f1
TXH2_2021,247,0.2615721020601214,0.2105175979809681,0.16,11,all,MG_2k,P3,2021_f1
WIH1_2021,399,0.41731890205517796,0.41893004764377495,0.2,11,all,MG_2k,P3,2021_f1
IAH4_2021,1129,0.4512598648605747,0.45559835530834863,0.25663716814159293,2,all,D_noEC(MG_2k),P3,2021_f1
INH1_2021,413,0.41599328528277785,0.3568374923631752,0.14634146341463414,2,all,D_noEC(MG_2k),P3,2021_f1
MIH1_2021,417,0.44778790617430864,0.37993653897536944,0.2857142857142857,2,all,D_noEC(MG_2k),P3,2021_f1
NYH2_2021,398,0.2731438553014322,0.26809322994077894,0.15,2,all,D_noEC(MG_2k),P3,2021_f1
NYH3_2021,382,0.2337403164195818,0.19240264321501044,0.13157894736842105,2,all,D_noEC(MG_2k),P3,2021_f1
TXH2_2021,247,0.2117674526937934,0.20335174799238548,0.2,2,all,D_noEC(MG_2k),P3,2021_f1
WIH1_2021,399,0.3939124556316869,0.4066629774808733,0.2,2,all,D_noEC(MG_2k),P3,2021_f1
IAH4_2021,1129,0.4786416527122552,0.4795338547247246,0.2743362831858407,0,all,D_noEC(MG_2k),P2,2021_f1
INH1_2021,413,0.41850286223511324,0.3514085418157697,0.1951219512195122,0,all,D_noEC(MG_2k),P2,2021_f1
MIH1_2021,417,0.4437213114003703,0.3626507037981155,0.2619047619047619,0,all,D_noEC(MG_2k),P2,2021_f1
NYH2_2021,398,0.2818524877073703,0.2598838703819842,0.175,0,all,D_noEC(MG_2k),P2,2021_f1
NYH3_2021,382,0.2130273212146905,0.1633820226914243,0.15789473684210525,0,all,D_noEC(MG_2k),P2,2021_f1
TXH2_2021,247,0.24642839876320632,0.19631570114300814,0.24,0,all,D_noEC(MG_2k),P2,2021_f1
WIH1_2021,399,0.4073736490404125,0.41975730434465575,0.225,0,all,D_noEC(MG_2k),P2,2021_f1
IAH4_2021,1129,0.5201183218893821,0.511941773525904,0.2831858407079646,18,all,MG_98k,P1,2021_f1
INH1_2021,413,0.33325404064165204,0.23856013056738956,0.24390243902439024,18,all,MG_98k,P1,2021_f1
MIH1_2021,417,0.3166708286978345,0.2334454510648747,0.14285714285714285,18,all,MG_98k,P1,2021_f1
NYH2_2021,398,0.17214165491178066,0.13116769072302348,0.075,18,all,MG_98k,P1,2021_f1
NYH3_2021,382,0.11988092639800951,0.10763410966459042,0.05263157894736842,18,all,MG_98k,P1,2021_f1
TXH2_2021,247,0.2481381629967058,0.16660670903053912,0.36,18,all,MG_98k,P1,2021_f1
WIH1_2021,399,0.20162680378678755,0.22172841015156974,0.2,18,all,MG_98k,P1,2021_f1
IAH4_2021,1129,0.37882107965449424,0.3654233096115402,0.23893805309734514,8,all,MG_98k,P2,2021_f1
INH1_2021,413,0.4183665870813168,0.3833149117531846,0.1951219512195122,8,all,MG_98k,P2,2021_f1
MIH1_2021,417,0.4661309835052829,0.4119124751876656,0.2857142857142857,8,all,MG_98k,P2,2021_f1
NYH2_2021,398,0.30339096586090825,0.2914468730933128,0.2,8,all,MG_98k,P2,2021_f1
NYH3_2021,382,0.2578085841349247,0.20750162384868143,0.13157894736842105,8,all,MG_98k,P2,2021_f1
TXH2_2021,247,0.24146373945867372,0.22673144347661037,0.2,8,all,MG_98k,P2,2021_f1
WIH1_2021,399,0.3913441796106197,0.40781299464611925,0.2,8,all,MG_98k,P2,2021_f1
IAH4_2021,1129,0.37882107965449424,0.3654233096115402,0.23893805309734514,8,all,MG_98k,P3,2021_f1
INH1_2021,413,0.4183665870813168,0.3833149117531846,0.1951219512195122,8,all,MG_98k,P3,2021_f1
MIH1_2021,417,0.4661309835052829,0.4119124751876656,0.2857142857142857,8,all,MG_98k,P3,2021_f1
NYH2_2021,398,0.30339096586090825,0.2914468730933128,0.2,8,all,MG_98k,P3,2021_f1
NYH3_2021,382,0.2578085841349247,0.20750162384868143,0.13157894736842105,8,all,MG_98k,P3,2021_f1
TXH2_2021,247,0.24146373945867372,0.22673144347661037,0.2,8,all,MG_98k,P3,2021_f1
WIH1_2021,399,0.3913441796106197,0.40781299464611925,0.2,8,all,MG_98k,P3,2021_f1
IAH4_2021,1129,0.45499208825793397,0.45452312210334406,0.2743362831858407,1,all,D_noEC(MG_98k),P3,2021_f1
INH1_2021,413,0.4510884280577829,0.3885242001816419,0.1951219512195122,1,all,D_noEC(MG_98k),P3,2021_f1
MIH1_2021,417,0.47334106602676834,0.42177676140256337,0.30952380952380953,1,all,D_noEC(MG_98k),P3,2021_f1
NYH2_2021,398,0.31345853679694113,0.2951746279311666,0.2,1,all,D_noEC(MG_98k),P3,2021_f1
NYH3_2021,382,0.2679516333882071,0.22742384810346222,0.13157894736842105,1,all,D_noEC(MG_98k),P3,2021_f1
TXH2_2021,247,0.18436050922606276,0.20157670997220978,0.2,1,all,D_noEC(MG_98k),P3,2021_f1
WIH1_2021,399,0.3704400170767042,0.39362315245728363,0.15,1,all,D_noEC(MG_98k),P3,2021_f1
IAH4_2021,1129,0.460644251175173,0.4604460669090465,0.2743362831858407,0,all,D_noEC(MG_98k),P2,2021_f1
INH1_2021,413,0.4452718570934585,0.39154385163688454,0.21951219512195122,0,all,D_noEC(MG_98k),P2,2021_f1
MIH1_2021,417,0.47983529364087063,0.42225950010150065,0.2857142857142857,0,all,D_noEC(MG_98k),P2,2021_f1
NYH2_2021,398,0.32049765396833774,0.3007888633122035,0.2,0,all,D_noEC(MG_98k),P2,2021_f1
NYH3_2021,382,0.2790097631231283,0.23585349158007937,0.13157894736842105,0,all,D_noEC(MG_98k),P2,2021_f1
TXH2_2021,247,0.20513806394130268,0.20549668514238237,0.24,0,all,D_noEC(MG_98k),P2,2021_f1
WIH1_2021,399,0.37599955432096427,0.39597976668773305,0.15,0,all,D_noEC(MG_98k),P2,2021_f1
DEH1_2014,239,0.1572853454264457,0.1372551949650153,0.25,13,all,MG_2k,P1,2014_f2
GAH1_2014,210,0.048909729954937385,0.034578691450729365,0.19047619047619047,13,all,MG_2k,P1,2014_f2
IAH3_2014,245,0.3195548254675494,0.2007107361137178,0.08333333333333333,13,all,MG_2k,P1,2014_f2
MNH1_2014,236,-0.3607903193688219,-0.41053011179228266,0.08333333333333333,13,all,MG_2k,P1,2014_f2
NEH2_2014,242,0.06240938457197115,0.041103012183107746,0.16666666666666666,13,all,MG_2k,P1,2014_f2
NEH3_2014,240,0.1716366967909798,0.10060591329710583,0.16666666666666666,13,all,MG_2k,P1,2014_f2
DEH1_2014,84,0.049096803310433604,-0.00741115723397793,0.25,13,new,MG_2k,P1,2014_f2
GAH1_2014,100,-0.013257093317358474,-0.053213321332133204,0.2,13,new,MG_2k,P1,2014_f2
IAH3_2014,148,-0.0273227779737019,0.007851571609960873,0.2,13,new,MG_2k,P1,2014_f2
MNH1_2014,183,-0.5870273763638977,-0.5963046219639235,0.0,13,new,MG_2k,P1,2014_f2
NEH2_2014,151,0.09284532579386132,0.06528755663994422,0.13333333333333333,13,new,MG_2k,P1,2014_f2
NEH3_2014,149,-0.02425994708055938,-0.009254489388717578,0.0,13,new,MG_2k,P1,2014_f2
DEH1_2014,239,0.2205195832053723,0.21698779930382192,0.16666666666666666,10,all,MG_2k,P2,2014_f2
GAH1_2014,210,0.03485126026910188,0.014155811761199639,0.14285714285714285,10,all,MG_2k,P2,2014_f2
IAH3_2014,245,0.3625626377279211,0.3234918277586925,0.08333333333333333,10,all,MG_2k,P2,2014_f2
MNH1_2014,236,-0.17502179165913626,-0.25884318496167835,0.08333333333333333,10,all,MG_2k,P2,2014_f2
NEH2_2014,242,0.10748130072177119,0.07231415542744601,0.16666666666666666,10,all,MG_2k,P2,2014_f2
NEH3_2014,240,0.22442924196093358,0.20301480928488339,0.25,10,all,MG_2k,P2,2014_f2
DEH1_2014,84,0.17884409634957762,0.16561709020957782,0.0,10,new,MG_2k,P2,2014_f2
GAH1_2014,100,-0.04585530736796981,-0.04441644164416441,0.2,10,new,MG_2k,P2,2014_f2
IAH3_2014,148,0.1552243102590709,0.19432732280287413,0.2,10,new,MG_2k,P2,2014_f2
MNH1_2014,183,-0.3724041536443156,-0.4179094248588191,0.0,10,new,MG_2k,P2,2014_f2
NEH2_2014,151,0.16620860874222468,0.1529522481700941,0.2,10,new,MG_2k,P2,2014_f2
NEH3_2014,149,0.09299139761201461,0.11724288046435698,0.06666666666666667,10,new,MG_2k,P2,2014_f2
DEH1_2014,239,0.2205195832053723,0.21698779930382192,0.16666666666666666,10,all,MG_2k,P3,2014_f2
GAH1_2014,210,0.03485126026910188,0.014155811761199639,0.14285714285714285,10,all,MG_2k,P3,2014_f2
IAH3_2014,245,0.3625626377279211,0.3234918277586925,0.08333333333333333,10,all,MG_2k,P3,2014_f2
MNH1_2014,236,-0.17502179165913626,-0.25884318496167835,0.08333333333333333,10,all,MG_2k,P3,2014_f2
NEH2_2014,242,0.10748130072177119,0.07231415542744601,0.16666666666666666,10,all,MG_2k,P3,2014_f2
NEH3_2014,240,0.22442924196093358,0.20301480928488339,0.25,10,all,MG_2k,P3,2014_f2
DEH1_2014,84,0.17884409634957762,0.16561709020957782,0.0,10,new,MG_2k,P3,2014_f2
GAH1_2014,100,-0.04585530736796981,-0.04441644164416441,0.2,10,new,MG_2k,P3,2014_f2
IAH3_2014,148,0.1552243102590709,0.19432732280287413,0.2,10,new,MG_2k,P3,2014_f2
MNH1_2014,183,-0.3724041536443156,-0.4179094248588191,0.0,10,new,MG_2k,P3,2014_f2
NEH2_2014,151,0.16620860874222468,0.1529522481700941,0.2,10,new,MG_2k,P3,2014_f2
NEH3_2014,149,0.09299139761201461,0.11724288046435698,0.06666666666666667,10,new,MG_2k,P3,2014_f2
DEH1_2014,239,0.2860858065498334,0.2846181568861854,0.3333333333333333,0,all,D_noEC(MG_2k),P3,2014_f2
GAH1_2014,210,-0.11871618137320675,-0.12667277845626562,0.14285714285714285,0,all,D_noEC(MG_2k),P3,2014_f2
IAH3_2014,245,0.4575277192370873,0.47363748378199744,0.20833333333333334,0,all,D_noEC(MG_2k),P3,2014_f2
MNH1_2014,236,0.28209944108919444,0.3126805954342735,0.08333333333333333,0,all,D_noEC(MG_2k),P3,2014_f2
NEH2_2014,242,0.24218887780578072,0.22676956073158766,0.25,0,all,D_noEC(MG_2k),P3,2014_f2
NEH3_2014,240,0.2729341360188462,0.24809545304605982,0.3333333333333333,0,all,D_noEC(MG_2k),P3,2014_f2
DEH1_2014,84,0.2710232083150391,0.24140933481826468,0.25,0,new,D_noEC(MG_2k),P3,2014_f2
GAH1_2014,100,-0.29461183793382334,-0.3033663366336633,0.1,0,new,D_noEC(MG_2k),P3,2014_f2
IAH3_2014,148,0.383477277311306,0.39689120705419845,0.3333333333333333,0,new,D_noEC(MG_2k),P3,2014_f2
MNH1_2014,183,0.3956506251990428,0.4228497802981053,0.05555555555555555,0,new,D_noEC(MG_2k),P3,2014_f2
NEH2_2014,151,0.2559846724727775,0.21350644823980477,0.26666666666666666,0,new,D_noEC(MG_2k),P3,2014_f2
NEH3_2014,149,0.18058989668678327,0.1746453836386722,0.13333333333333333,0,new,D_noEC(MG_2k),P3,2014_f2
DEH1_2014,239,0.28115057848991293,0.28285925248760585,0.3333333333333333,2,all,D_noEC(MG_2k),P2,2014_f2
GAH1_2014,210,-0.10695029379192303,-0.11554327438587852,0.14285714285714285,2,all,D_noEC(MG_2k),P2,2014_f2
IAH3_2014,245,0.4751508954812411,0.4879721580755454,0.2916666666666667,2,all,D_noEC(MG_2k),P2,2014_f2
MNH1_2014,236,0.2687717791505889,0.3040932682695248,0.08333333333333333,2,all,D_noEC(MG_2k),P2,2014_f2
NEH2_2014,242,0.2556500232334361,0.24126888567979982,0.20833333333333334,2,all,D_noEC(MG_2k),P2,2014_f2
NEH3_2014,240,0.27633769483117465,0.2564653900241323,0.3333333333333333,2,all,D_noEC(MG_2k),P2,2014_f2
DEH1_2014,84,0.27576872580377104,0.24934696770274375,0.25,2,new,D_noEC(MG_2k),P2,2014_f2
GAH1_2014,100,-0.30314058006176453,-0.3039663966396639,0.1,2,new,D_noEC(MG_2k),P2,2014_f2
IAH3_2014,148,0.40015904934845103,0.41503755501837963,0.4666666666666667,2,new,D_noEC(MG_2k),P2,2014_f2
MNH1_2014,183,0.4155494754795135,0.44182403483900284,0.16666666666666666,2,new,D_noEC(MG_2k),P2,2014_f2
NEH2_2014,151,0.2591591490943015,0.22633670268386194,0.26666666666666666,2,new,D_noEC(MG_2k),P2,2014_f2
NEH3_2014,149,0.20299938574994789,0.20135679303464535,0.2,2,new,D_noEC(MG_2k),P2,2014_f2
DEH1_2014,239,0.22287127740142995,0.21083910551668364,0.25,12,all,MG_98k,P1,2014_f2
GAH1_2014,210,0.13329029783688268,0.11824498773862704,0.23809523809523808,12,all,MG_98k,P1,2014_f2
IAH3_2014,245,0.3670851944906488,0.2799720927955349,0.125,12,all,MG_98k,P1,2014_f2
MNH1_2014,236,-0.24660421315829348,-0.3547782185358817,0.08333333333333333,12,all,MG_98k,P1,2014_f2
NEH2_2014,242,0.06335207147733427,0.04518338166018287,0.16666666666666666,12,all,MG_98k,P1,2014_f2
NEH3_2014,240,0.1433513999569314,0.08948853278702754,0.08333333333333333,12,all,MG_98k,P1,2014_f2
DEH1_2014,84,0.16353916094625004,0.12179811683709629,0.125,12,new,MG_98k,P1,2014_f2
GAH1_2014,100,0.11942112204065114,0.07673567356735674,0.2,12,new,MG_98k,P1,2014_f2
IAH3_2014,148,0.06642688589407326,0.07300369812354474,0.2,12,new,MG_98k,P1,2014_f2
MNH1_2014,183,-0.5338009486459009,-0.5724859602265163,0.0,12,new,MG_98k,P1,2014_f2
NEH2_2014,151,0.06351982432095138,0.07735447891251307,0.2,12,new,MG_98k,P1,2014_f2
NEH3_2014,149,-0.0798446735178284,-0.046000362778886264,0.0,12,new,MG_98k,P1,2014_f2
DEH1_2014,239,0.2505962457258564,0.25052125452691537,0.20833333333333334,6,all,MG_98k,P2,2014_f2
GAH1_2014,210,0.031232492825477166,-0.00529911595015112,0.23809523809523808,6,all,MG_98k,P2,2014_f2
IAH3_2014,245,0.4536240342018629,0.4664501546320249,0.3333333333333333,6,all,MG_98k,P2,2014_f2
MNH1_2014,236,0.12922928046880675,0.10587719738710073,0.16666666666666666,6,all,MG_98k,P2,2014_f2
NEH2_2014,242,0.20121166916845679,0.19831535523727153,0.20833333333333334,6,all,MG_98k,P2,2014_f2
NEH3_2014,240,0.25295718106625836,0.24521432663761522,0.25,6,all,MG_98k,P2,2014_f2
DEH1_2014,84,0.28988992496658744,0.2751037764503392,0.25,6,new,MG_98k,P2,2014_f2
GAH1_2014,100,-0.03428919782871896,-0.04882088208820882,0.2,6,new,MG_98k,P2,2014_f2
IAH3_2014,148,0.4073637447425269,0.38682594387292374,0.4666666666666667,6,new,MG_98k,P2,2014_f2
MNH1_2014,183,0.14475730017832325,0.11660452875705907,0.2222222222222222,6,new,MG_98k,P2,2014_f2
NEH2_2014,151,0.20885528949902857,0.18472638550017426,0.26666666666666666,6,new,MG_98k,P2,2014_f2
NEH3_2014,149,0.12444388394139035,0.11990204970070742,0.06666666666666667,6,new,MG_98k,P2,2014_f2
DEH1_2014,239,0.24329485432074985,0.23050613550859675,0.20833333333333334,11,all,MG_98k,P3,2014_f2
GAH1_2014,210,0.10917880146492841,0.085173943043736,0.19047619047619047,11,all,MG_98k,P3,2014_f2
IAH3_2014,245,0.3861937647856554,0.3257970281275246,0.16666666666666666,11,all,MG_98k,P3,2014_f2
MNH1_2014,236,-0.1740153032844074,-0.2743462045858116,0.08333333333333333,11,all,MG_98k,P3,2014_f2
NEH2_2014,242,0.0760244351608241,0.05175735730243464,0.20833333333333334,11,all,MG_98k,P3,2014_f2
NEH3_2014,240,0.1585647167198809,0.13108647719578462,0.041666666666666664,11,all,MG_98k,P3,2014_f2
DEH1_2014,84,0.22929470782859157,0.18821504505416625,0.125,11,new,MG_98k,P3,2014_f2
GAH1_2014,100,0.10597683272952903,0.07882388238823883,0.2,11,new,MG_98k,P3,2014_f2
IAH3_2014,148,0.14891441525742916,0.1509900531952306,0.3333333333333333,11,new,MG_98k,P3,2014_f2
MNH1_2014,183,-0.4225234204060566,-0.45206699928724164,0.0,11,new,MG_98k,P3,2014_f2
NEH2_2014,151,0.08317984883177475,0.09397699546880445,0.2,11,new,MG_98k,P3,2014_f2
NEH3_2014,149,-0.04069722381001546,0.008528931616179939,0.0,11,new,MG_98k,P3,2014_f2
DEH1_2014,239,0.27282874387064376,0.2666581695439682,0.3333333333333333,0,all,D_noEC(MG_98k),P3,2014_f2
GAH1_2014,210,-0.13409134966656605,-0.15799710391878014,0.09523809523809523,0,all,D_noEC(MG_98k),P3,2014_f2
IAH3_2014,245,0.5321398265909213,0.5426988388318144,0.375,0,all,D_noEC(MG_98k),P3,2014_f2
MNH1_2014,236,0.2582053039145959,0.27782276655087257,0.08333333333333333,0,all,D_noEC(MG_98k),P3,2014_f2
NEH2_2014,242,0.25222677031661944,0.2567410980588398,0.25,0,all,D_noEC(MG_98k),P3,2014_f2
NEH3_2014,240,0.3298109640071351,0.32247521658362116,0.25,0,all,D_noEC(MG_98k),P3,2014_f2
DEH1_2014,84,0.2818610868134515,0.24327224865849956,0.25,0,new,D_noEC(MG_98k),P3,2014_f2
GAH1_2014,100,-0.2646740600357002,-0.2753555355535553,0.1,0,new,D_noEC(MG_98k),P3,2014_f2
IAH3_2014,148,0.4810342804429256,0.4765878054468659,0.6,0,new,D_noEC(MG_98k),P3,2014_f2
MNH1_2014,183,0.360573718602751,0.37500489531850906,0.16666666666666666,0,new,D_noEC(MG_98k),P3,2014_f2
NEH2_2014,151,0.2917924562914317,0.28129661903102127,0.26666666666666666,0,new,D_noEC(MG_98k),P3,2014_f2
NEH3_2014,149,0.27294903466561227,0.30276800290223105,0.06666666666666667,0,new,D_noEC(MG_98k),P3,2014_f2
DEH1_2014,239,0.25941495404526477,0.2571041805843676,0.20833333333333334,4,all,D_noEC(MG_98k),P2,2014_f2
GAH1_2014,210,-0.09122523562575358,-0.1125966575205787,0.14285714285714285,4,all,D_noEC(MG_98k),P2,2014_f2
IAH3_2014,245,0.5342092556154441,0.5505789520926324,0.375,4,all,D_noEC(MG_98k),P2,2014_f2
MNH1_2014,236,0.32987591388197424,0.3616436980467163,0.125,4,all,D_noEC(MG_98k),P2,2014_f2
NEH2_2014,242,0.2503480294857731,0.25838543869475594,0.16666666666666666,4,all,D_noEC(MG_98k),P2,2014_f2
NEH3_2014,240,0.3093402133726479,0.30507734509279666,0.25,4,all,D_noEC(MG_98k),P2,2014_f2
DEH1_2014,84,0.28433318473645575,0.26090918295028853,0.25,4,new,D_noEC(MG_98k),P2,2014_f2
GAH1_2014,100,-0.2508413990036921,-0.25896189618961896,0.0,4,new,D_noEC(MG_98k),P2,2014_f2
IAH3_2014,148,0.513487812657514,0.5123141220936044,0.5333333333333333,4,new,D_noEC(MG_98k),P2,2014_f2
MNH1_2014,183,0.5145311500621798,0.5226849059707221,0.2777777777777778,4,new,D_noEC(MG_98k),P2,2014_f2
NEH2_2014,151,0.2621554923687479,0.24294527710003483,0.13333333333333333,4,new,D_noEC(MG_98k),P2,2014_f2
NEH3_2014,149,0.25752427941002937,0.28257935788137134,0.06666666666666667,4,new,D_noEC(MG_98k),P2,2014_f2
DEH1_2015,418,0.4083812422084745,0.3877136154726177,0.21428571428571427,13,all,MG_2k,P1,2015_f2
GAH1_2015,301,0.37694266818855904,0.3363279135772591,0.26666666666666666,13,all,MG_2k,P1,2015_f2
IAH3_2015,421,0.4437524496859762,0.4392618101170368,0.23809523809523808,13,all,MG_2k,P1,2015_f2
KSH1_2015,407,0.12411660388937416,0.13597046399420512,0.0975609756097561,13,all,MG_2k,P1,2015_f2
MNH1_2015,408,0.19652090544792106,0.21181125446227314,0.1951219512195122,13,all,MG_2k,P1,2015_f2
NEH2_2015,412,0.13749003566680698,0.12777506188824922,0.1951219512195122,13,all,MG_2k,P1,2015_f2
NEH3_2015,410,0.154726669383345,0.193684035496504,0.14634146341463414,13,all,MG_2k,P1,2015_f2
DEH1_2015,257,0.28511106149786575,0.2715322708352185,0.07692307692307693,13,new,MG_2k,P1,2015_f2
GAH1_2015,195,0.18350182970112391,0.17642622473255754,0.05,13,new,MG_2k,P1,2015_f2
IAH3_2015,277,0.3747967252678232,0.3765339539513551,0.14285714285714285,13,new,MG_2k,P1,2015_f2
KSH1_2015,268,0.09031611627016463,0.13717744466884887,0.1111111111111111,13,new,MG_2k,P1,2015_f2
MNH1_2015,252,0.21667486718556264,0.25103168186124414,0.04,13,new,MG_2k,P1,2015_f2
NEH2_2015,266,0.025707108080201862,0.05695636164823761,0.1111111111111111,13,new,MG_2k,P1,2015_f2
NEH3_2015,275,0.10951288147258409,0.17352182568304436,0.07142857142857142,13,new,MG_2k,P1,2015_f2
DEH1_2015,418,0.4003668428924315,0.3755065417219339,0.21428571428571427,12,all,MG_2k,P2,2015_f2
GAH1_2015,301,0.3398358365705115,0.30430001540120133,0.3,12,all,MG_2k,P2,2015_f2
IAH3_2015,421,0.44578565325902536,0.4335519306143102,0.30952380952380953,12,all,MG_2k,P2,2015_f2
KSH1_2015,407,0.13119224877528135,0.1431362471526835,0.07317073170731707,12,all,MG_2k,P2,2015_f2
MNH1_2015,408,0.2284629639863206,0.24201881649458676,0.21951219512195122,12,all,MG_2k,P2,2015_f2
NEH2_2015,412,0.1374887237541942,0.13809225814765427,0.17073170731707318,12,all,MG_2k,P2,2015_f2
NEH3_2015,410,0.15977108411716276,0.19292942791116557,0.12195121951219512,12,all,MG_2k,P2,2015_f2
DEH1_2015,257,0.26136966967909436,0.23993233078454437,0.07692307692307693,12,new,MG_2k,P2,2015_f2
GAH1_2015,195,0.14938577948053067,0.12947288352295716,0.05,12,new,MG_2k,P2,2015_f2
IAH3_2015,277,0.3624865138227222,0.3568838730923139,0.10714285714285714,12,new,MG_2k,P2,2015_f2
KSH1_2015,268,0.08494900438756973,0.12454127732581924,0.1111111111111111,12,new,MG_2k,P2,2015_f2
MNH1_2015,252,0.2298506286718039,0.2625028331062833,0.04,12,new,MG_2k,P2,2015_f2
NEH2_2015,266,0.04110070270375487,0.07219288416079418,0.1111111111111111,12,new,MG_2k,P2,2015_f2
NEH3_2015,275,0.11046525630931672,0.16327861285017742,0.07142857142857142,12,new,MG_2k,P2,2015_f2
DEH1_2015,418,0.35269428883170667,0.35661013713148787,0.14285714285714285,10,all,MG_2k,P3,2015_f2
GAH1_2015,301,0.2696911254684519,0.27130536181822185,0.2,10,all,MG_2k,P3,2015_f2
IAH3_2015,421,0.4055805038389331,0.4119651124030511,0.23809523809523808,10,all,MG_2k,P3,2015_f2
KSH1_2015,407,0.11186725159482369,0.1284687207842692,0.12195121951219512,10,all,MG_2k,P3,2015_f2
MNH1_2015,408,0.24421630346171078,0.2669890370881324,0.2926829268292683,10,all,MG_2k,P3,2015_f2
NEH2_2015,412,0.14695040368432616,0.1590689728601131,0.1951219512195122,10,all,MG_2k,P3,2015_f2
NEH3_2015,410,0.15123624749396333,0.17449482077852205,0.14634146341463414,10,all,MG_2k,P3,2015_f2
DEH1_2015,257,0.18870892412870569,0.1937918514161614,0.07692307692307693,10,new,MG_2k,P3,2015_f2
GAH1_2015,195,0.10570043974183563,0.09733771383255918,0.05,10,new,MG_2k,P3,2015_f2
IAH3_2015,277,0.3056192621687922,0.32709341777623213,0.10714285714285714,10,new,MG_2k,P3,2015_f2
KSH1_2015,268,0.05458978155466776,0.08459636301067744,0.14814814814814814,10,new,MG_2k,P3,2015_f2
MNH1_2015,252,0.18817040614449537,0.22183508050146508,0.2,10,new,MG_2k,P3,2015_f2
NEH2_2015,266,0.0731726654301944,0.11230886204274731,0.14814814814814814,10,new,MG_2k,P3,2015_f2
NEH3_2015,275,0.09973775792834269,0.13160093476818327,0.10714285714285714,10,new,MG_2k,P3,2015_f2
DEH1_2015,418,0.4128809979931325,0.40205651020177413,0.2857142857142857,0,all,D_noEC(MG_2k),P3,2015_f2
GAH1_2015,301,0.35501409190050404,0.36797166178961965,0.2,0,all,D_noEC(MG_2k),P3,2015_f2
IAH3_2015,421,0.42771363219588426,0.4272075396462122,0.2857142857142857,0,all,D_noEC(MG_2k),P3,2015_f2
KSH1_2015,407,0.14946979201035054,0.14594015639274188,0.12195121951219512,0,all,D_noEC(MG_2k),P3,2015_f2
MNH1_2015,408,0.33738545792756686,0.36269490564653445,0.2682926829268293,0,all,D_noEC(MG_2k),P3,2015_f2
NEH2_2015,412,0.1554137931890395,0.15573686525186078,0.17073170731707318,0,all,D_noEC(MG_2k),P3,2015_f2
NEH3_2015,410,0.16142833496661976,0.19377074398231356,0.0975609756097561,0,all,D_noEC(MG_2k),P3,2015_f2
DEH1_2015,257,0.2384325307865365,0.21930283458510538,0.07692307692307693,0,new,D_noEC(MG_2k),P3,2015_f2
GAH1_2015,195,0.17600381722324807,0.17654598714981626,0.05,0,new,D_noEC(MG_2k),P3,2015_f2
IAH3_2015,277,0.3277889153907307,0.34775188999274964,0.10714285714285714,0,new,D_noEC(MG_2k),P3,2015_f2
KSH1_2015,268,0.07125141257710474,0.08353934876576616,0.14814814814814814,0,new,D_noEC(MG_2k),P3,2015_f2
MNH1_2015,252,0.2389447114419899,0.26150587964458827,0.2,0,new,D_noEC(MG_2k),P3,2015_f2
NEH2_2015,266,0.09032342420679093,0.11147361726342567,0.14814814814814814,0,new,D_noEC(MG_2k),P3,2015_f2
NEH3_2015,275,0.09936180758153362,0.13757017974091917,0.07142857142857142,0,new,D_noEC(MG_2k),P3,2015_f2
DEH1_2015,418,0.41865277679225965,0.39511472233197703,0.2857142857142857,3,all,D_noEC(MG_2k),P2,2015_f2
GAH1_2015,301,0.3477248446578141,0.35388968339530485,0.2,3,all,D_noEC(MG_2k),P2,2015_f2
IAH3_2015,421,0.42971291303422504,0.42566737583836506,0.35714285714285715,3,all,D_noEC(MG_2k),P2,2015_f2
KSH1_2015,407,0.16807152928900063,0.1614685414572485,0.12195121951219512,3,all,D_noEC(MG_2k),P2,2015_f2
MNH1_2015,408,0.3777662151183071,0.3925304542384822,0.24390243902439024,3,all,D_noEC(MG_2k),P2,2015_f2
NEH2_2015,412,0.1519604810726938,0.14736138224725684,0.17073170731707318,3,all,D_noEC(MG_2k),P2,2015_f2
NEH3_2015,410,0.18259798969287702,0.20742471879593602,0.0975609756097561,3,all,D_noEC(MG_2k),P2,2015_f2
DEH1_2015,257,0.2476375130623061,0.22009249728531352,0.038461538461538464,3,new,D_noEC(MG_2k),P2,2015_f2
GAH1_2015,195,0.1764822718729762,0.1647251128841703,0.0,3,new,D_noEC(MG_2k),P2,2015_f2
IAH3_2015,277,0.33868368695744466,0.3545785752689231,0.14285714285714285,3,new,D_noEC(MG_2k),P2,2015_f2
KSH1_2015,268,0.07045708423951745,0.07635158955803709,0.1111111111111111,3,new,D_noEC(MG_2k),P2,2015_f2
MNH1_2015,252,0.274395522000191,0.2927605018961476,0.2,3,new,D_noEC(MG_2k),P2,2015_f2
NEH2_2015,266,0.09125427761751902,0.11337300214708915,0.14814814814814814,3,new,D_noEC(MG_2k),P2,2015_f2
NEH3_2015,275,0.12172752774957711,0.1555361934162315,0.07142857142857142,3,new,D_noEC(MG_2k),P2,2015_f2
DEH1_2015,418,0.13696780020779306,0.21900955430325675,0.14285714285714285,3,all,MG_98k,P1,2015_f2
GAH1_2015,301,0.09756584224619082,0.18232998173857562,0.16666666666666666,3,all,MG_98k,P1,2015_f2
IAH3_2015,421,0.07170650078005929,0.18522395597193222,0.07142857142857142,3,all,MG_98k,P1,2015_f2
KSH1_2015,407,0.02372546112086053,0.08653111679795843,0.14634146341463414,3,all,MG_98k,P1,2015_f2
MNH1_2015,408,0.10659286084417322,0.15503119024821246,0.0975609756097561,3,all,MG_98k,P1,2015_f2
NEH2_2015,412,0.062355399648119265,0.07415179166631634,0.12195121951219512,3,all,MG_98k,P1,2015_f2
NEH3_2015,410,0.10031914222650537,0.13498152003632005,0.12195121951219512,3,all,MG_98k,P1,2015_f2
DEH1_2015,257,-0.006824882374103369,0.024767272192561758,0.11538461538461539,3,new,MG_98k,P1,2015_f2
GAH1_2015,195,0.012040046750618016,0.02210911327258897,0.2,3,new,MG_98k,P1,2015_f2
IAH3_2015,277,-0.028997534382888993,0.036574794930547126,0.0,3,new,MG_98k,P1,2015_f2
KSH1_2015,268,-0.02212808517995436,0.012577565550625234,0.1111111111111111,3,new,MG_98k,P1,2015_f2
MNH1_2015,252,0.038421216523583504,0.05275604766254999,0.08,3,new,MG_98k,P1,2015_f2
NEH2_2015,266,0.023434511705046877,-0.0055173974792822635,0.14814814814814814,3,new,MG_98k,P1,2015_f2
NEH3_2015,275,0.06422985209119775,0.07135108623525,0.14285714285714285,3,new,MG_98k,P1,2015_f2
DEH1_2015,418,0.4209003079205041,0.4106678991849453,0.30952380952380953,9,all,MG_98k,P2,2015_f2
GAH1_2015,301,0.33745790582274815,0.3071399969197598,0.23333333333333334,9,all,MG_98k,P2,2015_f2
IAH3_2015,421,0.45094719530705585,0.447188981934757,0.2619047619047619,9,all,MG_98k,P2,2015_f2
KSH1_2015,407,0.17130339642812983,0.18540153455872052,0.07317073170731707,9,all,MG_98k,P2,2015_f2
MNH1_2015,408,0.3378117233225306,0.3479327479915496,0.2682926829268293,9,all,MG_98k,P2,2015_f2
NEH2_2015,412,0.14649246337969984,0.1583656251549673,0.1951219512195122,9,all,MG_98k,P2,2015_f2
NEH3_2015,410,0.18055672205508225,0.21125887053491563,0.0975609756097561,9,all,MG_98k,P2,2015_f2
DEH1_2015,257,0.24902802226328768,0.2507380553796036,0.038461538461538464,9,new,MG_98k,P2,2015_f2
GAH1_2015,195,0.17930776862579575,0.133407240771011,0.05,9,new,MG_98k,P2,2015_f2
IAH3_2015,277,0.3543325200079345,0.36858087407374523,0.10714285714285714,9,new,MG_98k,P2,2015_f2
KSH1_2015,268,0.11847364036633012,0.15267980074144477,0.037037037037037035,9,new,MG_98k,P2,2015_f2
MNH1_2015,252,0.28038777628939765,0.32790320515476884,0.12,9,new,MG_98k,P2,2015_f2
NEH2_2015,266,0.04348848110187889,0.09465586799306938,0.07407407407407407,9,new,MG_98k,P2,2015_f2
NEH3_2015,275,0.1332781308660106,0.1718877124145293,0.17857142857142858,9,new,MG_98k,P2,2015_f2
DEH1_2015,418,0.34954591044738226,0.3600794701540628,0.2857142857142857,7,all,MG_98k,P3,2015_f2
GAH1_2015,301,0.29354105095813193,0.28609227519746544,0.23333333333333334,7,all,MG_98k,P3,2015_f2
IAH3_2015,421,0.3954336036704535,0.3969015963258324,0.2857142857142857,7,all,MG_98k,P3,2015_f2
KSH1_2015,407,0.13286635774217453,0.1503893354265208,0.07317073170731707,7,all,MG_98k,P3,2015_f2
MNH1_2015,408,0.3158716106282617,0.3283262880324887,0.2682926829268293,7,all,MG_98k,P3,2015_f2
NEH2_2015,412,0.1727545111537185,0.17675544794188863,0.1951219512195122,7,all,MG_98k,P3,2015_f2
NEH3_2015,410,0.1951289185719598,0.22141090202506972,0.12195121951219512,7,all,MG_98k,P3,2015_f2
DEH1_2015,257,0.15125401177808087,0.16020255519862453,0.038461538461538464,7,new,MG_98k,P3,2015_f2
GAH1_2015,195,0.13631424646128398,0.10656427519461391,0.15,7,new,MG_98k,P3,2015_f2
IAH3_2015,277,0.28350380822884125,0.29549762574932703,0.17857142857142858,7,new,MG_98k,P3,2015_f2
KSH1_2015,268,0.06490469786501657,0.08535506919531738,0.07407407407407407,7,new,MG_98k,P3,2015_f2
MNH1_2015,252,0.24721778130250116,0.2842479665842546,0.2,7,new,MG_98k,P3,2015_f2
NEH2_2015,266,0.0963865120127887,0.119146392587362,0.14814814814814814,7,new,MG_98k,P3,2015_f2
NEH3_2015,275,0.14325227415683625,0.1789971437638845,0.07142857142857142,7,new,MG_98k,P3,2015_f2
DEH1_2015,418,0.37323135727936,0.3651674692562917,0.23809523809523808,0,all,D_noEC(MG_98k),P3,2015_f2
GAH1_2015,301,0.3714619215800971,0.3812017337352314,0.2,0,all,D_noEC(MG_98k),P3,2015_f2
IAH3_2015,421,0.3952704582485278,0.3990465200793211,0.3333333333333333,0,all,D_noEC(MG_98k),P3,2015_f2
KSH1_2015,407,0.14358692700205367,0.13912003385409422,0.04878048780487805,0,all,D_noEC(MG_98k),P3,2015_f2
MNH1_2015,408,0.34682561317999405,0.3605290824444423,0.2926829268292683,0,all,D_noEC(MG_98k),P3,2015_f2
NEH2_2015,412,0.16711042758462255,0.16055236903259065,0.17073170731707318,0,all,D_noEC(MG_98k),P3,2015_f2
NEH3_2015,410,0.19064877842363595,0.22089065111021247,0.0975609756097561,0,all,D_noEC(MG_98k),P3,2015_f2
DEH1_2015,257,0.16896328898108398,0.15077679621753684,0.038461538461538464,0,new,D_noEC(MG_98k),P3,2015_f2
GAH1_2015,195,0.19976287015487493,0.18727119713864926,0.15,0,new,D_noEC(MG_98k),P3,2015_f2
IAH3_2015,277,0.28605428769815944,0.295327113884849,0.17857142857142858,0,new,D_noEC(MG_98k),P3,2015_f2
KSH1_2015,268,0.06913837973911262,0.07930568097620998,0.037037037037037035,0,new,D_noEC(MG_98k),P3,2015_f2
MNH1_2015,252,0.27372606395641574,0.303586764102407,0.2,0,new,D_noEC(MG_98k),P3,2015_f2
NEH2_2015,266,0.09426079215181724,0.1041209128396569,0.14814814814814814,0,new,D_noEC(MG_98k),P3,2015_f2
NEH3_2015,275,0.13570243093289555,0.17012203917948127,0.03571428571428571,0,new,D_noEC(MG_98k),P3,2015_f2
DEH1_2015,418,0.37129840291632116,0.3578253484521113,0.23809523809523808,1,all,D_noEC(MG_98k),P2,2015_f2
GAH1_2015,301,0.37138056582930085,0.38205408021825704,0.26666666666666666,1,all,D_noEC(MG_98k),P2,2015_f2
IAH3_2015,421,0.39554241967795994,0.4002323191643332,0.2857142857142857,1,all,D_noEC(MG_98k),P2,2015_f2
KSH1_2015,407,0.15275299275838441,0.14495523721672063,0.04878048780487805,1,all,D_noEC(MG_98k),P2,2015_f2
MNH1_2015,408,0.35386795623782485,0.3671444019508491,0.24390243902439024,1,all,D_noEC(MG_98k),P2,2015_f2
NEH2_2015,412,0.1632375429827086,0.15595306874258624,0.17073170731707318,1,all,D_noEC(MG_98k),P2,2015_f2
NEH3_2015,410,0.1901378119847622,0.21504705632961066,0.0975609756097561,1,all,D_noEC(MG_98k),P2,2015_f2
DEH1_2015,257,0.16679964458150326,0.14150727309745723,0.038461538461538464,1,new,D_noEC(MG_98k),P2,2015_f2
GAH1_2015,195,0.2040108860860483,0.18782469371570992,0.15,1,new,D_noEC(MG_98k),P2,2015_f2
IAH3_2015,277,0.2914340496722742,0.30188871531872963,0.17857142857142858,1,new,D_noEC(MG_98k),P2,2015_f2
KSH1_2015,268,0.07357042149679303,0.07876080899151373,0.037037037037037035,1,new,D_noEC(MG_98k),P2,2015_f2
MNH1_2015,252,0.2780946457174261,0.30791014521064514,0.2,1,new,D_noEC(MG_98k),P2,2015_f2
NEH2_2015,266,0.09263834086920851,0.10266720436877651,0.18518518518518517,1,new,D_noEC(MG_98k),P2,2015_f2
NEH3_2015,275,0.13377893272147218,0.1631799428752777,0.03571428571428571,1,new,D_noEC(MG_98k),P2,2015_f2
ARH1_2016,229,0.37715571397783,0.3261479120242224,0.30434782608695654,12,all,MG_2k,P1,2016_f2
DEH1_2016,230,0.65385839687402,0.6753833597577664,0.43478260869565216,12,all,MG_2k,P1,2016_f2
GAH1_2016,223,0.3784277040347319,0.3632719843482175,0.22727272727272727,12,all,MG_2k,P1,2016_f2
IAH3_2016,375,0.34837745496499045,0.33849561952440554,0.2631578947368421,12,all,MG_2k,P1,2016_f2
KSH1_2016,289,-0.020282068251618282,-0.06690480451815616,0.034482758620689655,12,all,MG_2k,P1,2016_f2
MNH1_2016,233,0.42397537132351637,0.43389571308766217,0.43478260869565216,12,all,MG_2k,P1,2016_f2
ARH1_2016,10,0.42758279123436976,0.33333333333333326,0.0,12,new,MG_2k,P1,2016_f2
GAH1_2016,53,0.04931587409244794,-0.011933559103370423,0.0,12,new,MG_2k,P1,2016_f2
IAH3_2016,37,0.19318059047841316,0.22475106685632998,0.5,12,new,MG_2k,P1,2016_f2
KSH1_2016,57,-0.07671058163664364,-0.08795696136893959,0.16666666666666666,12,new,MG_2k,P1,2016_f2
MNH1_2016,24,0.02438417864780675,0.09652173913043478,0.0,12,new,MG_2k,P1,2016_f2
ARH1_2016,229,0.3938122805140939,0.3412698729927154,0.2608695652173913,11,all,MG_2k,P2,2016_f2
DEH1_2016,230,0.6622600390316508,0.6796480906600518,0.391304347826087,11,all,MG_2k,P2,2016_f2
GAH1_2016,223,0.37941697621940834,0.3594997143203421,0.36363636363636365,11,all,MG_2k,P2,2016_f2
IAH3_2016,375,0.351718530269845,0.33865013084537493,0.2894736842105263,11,all,MG_2k,P2,2016_f2
KSH1_2016,289,-0.02615445948816327,-0.07139661138288987,0.06896551724137931,11,all,MG_2k,P2,2016_f2
MNH1_2016,233,0.42939362223467836,0.4380082573437613,0.43478260869565216,11,all,MG_2k,P2,2016_f2
ARH1_2016,10,0.5229413959212389,0.5151515151515151,0.0,11,new,MG_2k,P2,2016_f2
GAH1_2016,53,0.055168462925302274,0.020319303338171262,0.2,11,new,MG_2k,P2,2016_f2
IAH3_2016,37,0.10462286134895762,0.11806543385490753,0.5,11,new,MG_2k,P2,2016_f2
KSH1_2016,57,-0.04362007634935009,-0.029686284677210274,0.16666666666666666,11,new,MG_2k,P2,2016_f2
MNH1_2016,24,-0.09227661198122841,0.03826086956521739,0.0,11,new,MG_2k,P2,2016_f2
ARH1_2016,229,0.37715571397783,0.3261479120242224,0.30434782608695654,12,all,MG_2k,P3,2016_f2
DEH1_2016,230,0.65385839687402,0.6753833597577664,0.43478260869565216,12,all,MG_2k,P3,2016_f2
GAH1_2016,223,0.3784277040347319,0.3632719843482175,0.22727272727272727,12,all,MG_2k,P3,2016_f2
IAH3_2016,375,0.34837745496499045,0.33849561952440554,0.2631578947368421,12,all,MG_2k,P3,2016_f2
KSH1_2016,289,-0.020282068251618282,-0.06690480451815616,0.034482758620689655,12,all,MG_2k,P3,2016_f2
MNH1_2016,233,0.42397537132351637,0.43389571308766217,0.43478260869565216,12,all,MG_2k,P3,2016_f2
ARH1_2016,10,0.42758279123436976,0.33333333333333326,0.0,12,new,MG_2k,P3,2016_f2
GAH1_2016,53,0.04931587409244794,-0.011933559103370423,0.0,12,new,MG_2k,P3,2016_f2
IAH3_2016,37,0.19318059047841316,0.22475106685632998,0.5,12,new,MG_2k,P3,2016_f2
KSH1_2016,57,-0.07671058163664364,-0.08795696136893959,0.16666666666666666,12,new,MG_2k,P3,2016_f2
MNH1_2016,24,0.02438417864780675,0.09652173913043478,0.0,12,new,MG_2k,P3,2016_f2
ARH1_2016,229,0.37571388224655955,0.3334635715927374,0.21739130434782608,1,all,D_noEC(MG_2k),P3,2016_f2
DEH1_2016,230,0.6251695646358394,0.6495316341148882,0.34782608695652173,1,all,D_noEC(MG_2k),P3,2016_f2
GAH1_2016,223,0.34408002448033514,0.32438492303963157,0.36363636363636365,1,all,D_noEC(MG_2k),P3,2016_f2
IAH3_2016,375,0.3225842505502581,0.3049277505973376,0.2631578947368421,1,all,D_noEC(MG_2k),P3,2016_f2
KSH1_2016,289,-0.006649479615187106,-0.0547393906852802,0.13793103448275862,1,all,D_noEC(MG_2k),P3,2016_f2
MNH1_2016,233,0.50945906075162,0.5253659073401563,0.391304347826087,1,all,D_noEC(MG_2k),P3,2016_f2
ARH1_2016,10,0.3799260833893551,0.5030303030303029,0.0,1,new,D_noEC(MG_2k),P3,2016_f2
GAH1_2016,53,-0.09776021565843601,-0.09240445089501692,0.0,1,new,D_noEC(MG_2k),P3,2016_f2
IAH3_2016,37,0.0955228900579456,0.13300142247510668,0.5,1,new,D_noEC(MG_2k),P3,2016_f2
KSH1_2016,57,-0.04232007355114754,-0.02035260565206119,0.16666666666666666,1,new,D_noEC(MG_2k),P3,2016_f2
MNH1_2016,24,0.02931904589944998,0.09999999999999999,0.0,1,new,D_noEC(MG_2k),P3,2016_f2
ARH1_2016,229,0.3871362139693682,0.3409620976687019,0.21739130434782608,0,all,D_noEC(MG_2k),P2,2016_f2
DEH1_2016,230,0.6352173404196069,0.6624895514586039,0.30434782608695654,0,all,D_noEC(MG_2k),P2,2016_f2
GAH1_2016,223,0.35950257682145564,0.3429627577609641,0.2727272727272727,0,all,D_noEC(MG_2k),P2,2016_f2
IAH3_2016,375,0.3370617179207121,0.31727705085902835,0.2894736842105263,0,all,D_noEC(MG_2k),P2,2016_f2
KSH1_2016,289,-0.008042407275849565,-0.061937716262975784,0.13793103448275862,0,all,D_noEC(MG_2k),P2,2016_f2
MNH1_2016,233,0.4882734175010795,0.5071227179411284,0.43478260869565216,0,all,D_noEC(MG_2k),P2,2016_f2
ARH1_2016,10,0.43780319016147906,0.4424242424242424,0.0,0,new,D_noEC(MG_2k),P2,2016_f2
GAH1_2016,53,-0.0539176654285789,-0.05063699403322045,0.0,0,new,D_noEC(MG_2k),P2,2016_f2
IAH3_2016,37,0.14259519548549468,0.1607396870554765,0.5,0,new,D_noEC(MG_2k),P2,2016_f2
KSH1_2016,57,-0.0464904877940475,-0.04634430904848328,0.16666666666666666,0,new,D_noEC(MG_2k),P2,2016_f2
MNH1_2016,24,0.06493875452516665,0.12869565217391304,0.0,0,new,D_noEC(MG_2k),P2,2016_f2
ARH1_2016,229,0.39032339725655335,0.33645139048494604,0.2608695652173913,12,all,MG_98k,P1,2016_f2
DEH1_2016,230,0.6880720237582321,0.7007636373499293,0.391304347826087,12,all,MG_98k,P1,2016_f2
GAH1_2016,223,0.4142592797663253,0.39526918815035406,0.3181818181818182,12,all,MG_98k,P1,2016_f2
IAH3_2016,375,0.37238334908152226,0.3828387757424053,0.2894736842105263,12,all,MG_98k,P1,2016_f2
KSH1_2016,289,-0.043459772564402886,-0.08933550093465378,0.06896551724137931,12,all,MG_98k,P1,2016_f2
MNH1_2016,233,0.47822731697383825,0.5002551959411512,0.43478260869565216,12,all,MG_98k,P1,2016_f2
ARH1_2016,10,0.602707725018251,0.6727272727272726,0.0,12,new,MG_98k,P1,2016_f2
GAH1_2016,53,0.10920166987746747,0.10587002096436057,0.2,12,new,MG_98k,P1,2016_f2
IAH3_2016,37,0.18424306322197573,0.23518255097202462,0.5,12,new,MG_98k,P1,2016_f2
KSH1_2016,57,-0.21918351808173794,-0.24014778325123154,0.0,12,new,MG_98k,P1,2016_f2
MNH1_2016,24,0.3434521328143251,0.39652173913043476,0.5,12,new,MG_98k,P1,2016_f2
ARH1_2016,229,0.5086445856008451,0.36764262088675276,0.21739130434782608,8,all,MG_98k,P2,2016_f2
DEH1_2016,230,0.6932623460761327,0.6924846939656129,0.43478260869565216,8,all,MG_98k,P2,2016_f2
GAH1_2016,223,0.43560155707774084,0.41519642640718873,0.2727272727272727,8,all,MG_98k,P2,2016_f2
IAH3_2016,375,0.3517766246571409,0.34361451814768457,0.2631578947368421,8,all,MG_98k,P2,2016_f2
KSH1_2016,289,-0.0444482652455173,-0.07854074692757428,0.13793103448275862,8,all,MG_98k,P2,2016_f2
MNH1_2016,233,0.5420984708180171,0.5578839418191202,0.391304347826087,8,all,MG_98k,P2,2016_f2
ARH1_2016,10,0.7620087111662864,0.7818181818181817,0.0,8,new,MG_98k,P2,2016_f2
GAH1_2016,53,0.1942394786138085,0.17690695049185615,0.2,8,new,MG_98k,P2,2016_f2
IAH3_2016,37,0.30481612858141127,0.3447131341868183,0.75,8,new,MG_98k,P2,2016_f2
KSH1_2016,57,-0.23375274294183637,-0.19296085040186678,0.0,8,new,MG_98k,P2,2016_f2
MNH1_2016,24,0.3397888998492053,0.3660869565217391,0.0,8,new,MG_98k,P2,2016_f2
ARH1_2016,229,0.4985878869555005,0.3720344148771398,0.21739130434782608,9,all,MG_98k,P3,2016_f2
DEH1_2016,230,0.6969871329936003,0.7050905047107818,0.4782608695652174,9,all,MG_98k,P3,2016_f2
GAH1_2016,223,0.4378101434237208,0.41819389857506445,0.2727272727272727,9,all,MG_98k,P3,2016_f2
IAH3_2016,375,0.3596642773067843,0.35899123904881103,0.2631578947368421,9,all,MG_98k,P3,2016_f2
KSH1_2016,289,-0.04795564657813158,-0.08235294117647059,0.10344827586206896,9,all,MG_98k,P3,2016_f2
MNH1_2016,233,0.5267984620828288,0.5431565745684438,0.391304347826087,9,all,MG_98k,P3,2016_f2
ARH1_2016,10,0.7684472464593219,0.8060606060606059,0.0,9,new,MG_98k,P3,2016_f2
GAH1_2016,53,0.17844808559851952,0.13538139009837122,0.2,9,new,MG_98k,P3,2016_f2
IAH3_2016,37,0.2577670873563854,0.33119962067330483,0.75,9,new,MG_98k,P3,2016_f2
KSH1_2016,57,-0.22396871056155265,-0.19808141042260827,0.0,9,new,MG_98k,P3,2016_f2
MNH1_2016,24,0.2893927097051437,0.3521739130434782,0.0,9,new,MG_98k,P3,2016_f2
ARH1_2016,229,0.5003239354204203,0.3953543912943552,0.2608695652173913,0,all,D_noEC(MG_98k),P3,2016_f2
DEH1_2016,230,0.6526220572177555,0.6474051864217043,0.21739130434782608,0,all,D_noEC(MG_98k),P3,2016_f2
GAH1_2016,223,0.43150378133843775,0.4152094118461831,0.2727272727272727,0,all,D_noEC(MG_98k),P3,2016_f2
IAH3_2016,375,0.3463806368748138,0.3300295824325862,0.21052631578947367,0,all,D_noEC(MG_98k),P3,2016_f2
KSH1_2016,289,-0.06480649740449813,-0.101605814739689,0.06896551724137931,0,all,D_noEC(MG_98k),P3,2016_f2
MNH1_2016,233,0.5719800775955725,0.5968321550680586,0.43478260869565216,0,all,D_noEC(MG_98k),P3,2016_f2
ARH1_2016,10,0.8475036484362802,0.8909090909090909,0.0,0,new,D_noEC(MG_98k),P3,2016_f2
GAH1_2016,53,0.09743307759177271,0.04104176745686179,0.2,0,new,D_noEC(MG_98k),P3,2016_f2
IAH3_2016,37,0.28387854896248643,0.3288288288288288,0.5,0,new,D_noEC(MG_98k),P3,2016_f2
KSH1_2016,57,-0.1925787746108336,-0.1834975369458128,0.0,0,new,D_noEC(MG_98k),P3,2016_f2
MNH1_2016,24,0.29400250976468595,0.32695652173913037,0.0,0,new,D_noEC(MG_98k),P3,2016_f2
ARH1_2016,229,0.5003239354204203,0.3953543912943552,0.2608695652173913,0,all,D_noEC(MG_98k),P2,2016_f2
DEH1_2016,230,0.6526220572177555,0.6474051864217043,0.21739130434782608,0,all,D_noEC(MG_98k),P2,2016_f2
GAH1_2016,223,0.43150378133843775,0.4152094118461831,0.2727272727272727,0,all,D_noEC(MG_98k),P2,2016_f2
IAH3_2016,375,0.3463806368748138,0.3300295824325862,0.21052631578947367,0,all,D_noEC(MG_98k),P2,2016_f2
KSH1_2016,289,-0.06480649740449813,-0.101605814739689,0.06896551724137931,0,all,D_noEC(MG_98k),P2,2016_f2
MNH1_2016,233,0.5719800775955725,0.5968321550680586,0.43478260869565216,0,all,D_noEC(MG_98k),P2,2016_f2
ARH1_2016,10,0.8475036484362802,0.8909090909090909,0.0,0,new,D_noEC(MG_98k),P2,2016_f2
GAH1_2016,53,0.09743307759177271,0.04104176745686179,0.2,0,new,D_noEC(MG_98k),P2,2016_f2
IAH3_2016,37,0.28387854896248643,0.3288288288288288,0.5,0,new,D_noEC(MG_98k),P2,2016_f2
KSH1_2016,57,-0.1925787746108336,-0.1834975369458128,0.0,0,new,D_noEC(MG_98k),P2,2016_f2
MNH1_2016,24,0.29400250976468595,0.32695652173913037,0.0,0,new,D_noEC(MG_98k),P2,2016_f2
ARH1_2017,203,0.10856470938566713,0.0982869077982849,0.0,13,all,MG_2k,P1,2017_f2
DEH1_2017,168,0.5959993585648862,0.5595056716659665,0.29411764705882354,13,all,MG_2k,P1,2017_f2
GAH1_2017,130,0.36748451678458544,0.34104794548607786,0.07692307692307693,13,all,MG_2k,P1,2017_f2
IAH3_2017,307,0.393491386118313,0.35954130714751525,0.1935483870967742,13,all,MG_2k,P1,2017_f2
MNH1_2017,212,0.3994935018164023,0.3959014752019225,0.47619047619047616,13,all,MG_2k,P1,2017_f2
NEH3_2017,92,0.20184842667813846,0.14438296626234914,0.1111111111111111,13,all,MG_2k,P1,2017_f2
IAH3_2017,15,0.45511897973102566,0.3071428571428571,0.5,13,new,MG_2k,P1,2017_f2
MNH1_2017,11,0.5985966570359487,0.5454545454545455,0.0,13,new,MG_2k,P1,2017_f2
ARH1_2017,203,0.07518903276713947,0.08799286187674114,0.1,8,all,MG_2k,P2,2017_f2
DEH1_2017,168,0.6386561237613844,0.5984101113073937,0.23529411764705882,8,all,MG_2k,P2,2017_f2
GAH1_2017,130,0.43904178923306847,0.41250597440904563,0.07692307692307693,8,all,MG_2k,P2,2017_f2
IAH3_2017,307,0.5337476097768561,0.4653601336525298,0.2903225806451613,8,all,MG_2k,P2,2017_f2
MNH1_2017,212,0.48668829270899666,0.49399050117570303,0.38095238095238093,8,all,MG_2k,P2,2017_f2
NEH3_2017,92,0.26182474809130096,0.1698750057796341,0.1111111111111111,8,all,MG_2k,P2,2017_f2
IAH3_2017,15,0.43086871351515016,0.2964285714285714,0.5,8,new,MG_2k,P2,2017_f2
MNH1_2017,11,0.4372195672294491,0.3181818181818182,0.0,8,new,MG_2k,P2,2017_f2
ARH1_2017,203,0.0964757469377679,0.08488140903339828,0.05,12,all,MG_2k,P3,2017_f2
DEH1_2017,168,0.60868102979198,0.5784086940236182,0.17647058823529413,12,all,MG_2k,P3,2017_f2
GAH1_2017,130,0.39972829474072025,0.3935462726515452,0.07692307692307693,12,all,MG_2k,P3,2017_f2
IAH3_2017,307,0.4406540444616908,0.40245664178014473,0.25806451612903225,12,all,MG_2k,P3,2017_f2
MNH1_2017,212,0.4287313012705778,0.4331423576782163,0.47619047619047616,12,all,MG_2k,P3,2017_f2
NEH3_2017,92,0.238734307071023,0.16605274108780418,0.1111111111111111,12,all,MG_2k,P3,2017_f2
IAH3_2017,15,0.5218000326079825,0.3285714285714285,0.5,12,new,MG_2k,P3,2017_f2
MNH1_2017,11,0.6146191299484133,0.4727272727272727,0.0,12,new,MG_2k,P3,2017_f2
ARH1_2017,203,0.08438776669204065,0.07340819564425292,0.1,1,all,D_noEC(MG_2k),P3,2017_f2
DEH1_2017,168,0.6455166429026488,0.6252777623113874,0.29411764705882354,1,all,D_noEC(MG_2k),P3,2017_f2
GAH1_2017,130,0.3781278203679043,0.3598437777383277,0.07692307692307693,1,all,D_noEC(MG_2k),P3,2017_f2
IAH3_2017,307,0.44682637160805455,0.34478918030825584,0.1935483870967742,1,all,D_noEC(MG_2k),P3,2017_f2
MNH1_2017,212,0.48365598160095136,0.495009401846112,0.38095238095238093,1,all,D_noEC(MG_2k),P3,2017_f2
NEH3_2017,92,0.36989754918887163,0.21205862860841823,0.0,1,all,D_noEC(MG_2k),P3,2017_f2
IAH3_2017,15,0.529549499428283,0.5178571428571428,0.5,1,new,D_noEC(MG_2k),P3,2017_f2
MNH1_2017,11,0.6205312388918609,0.8000000000000002,0.0,1,new,D_noEC(MG_2k),P3,2017_f2
ARH1_2017,203,0.06802707595468334,0.05588134878396562,0.2,3,all,D_noEC(MG_2k),P2,2017_f2
DEH1_2017,168,0.6344336475483243,0.6150885043100612,0.17647058823529413,3,all,D_noEC(MG_2k),P2,2017_f2
GAH1_2017,130,0.3859415816021251,0.36353630392330905,0.07692307692307693,3,all,D_noEC(MG_2k),P2,2017_f2
IAH3_2017,307,0.4832790571447263,0.3639161401518427,0.22580645161290322,3,all,D_noEC(MG_2k),P2,2017_f2
MNH1_2017,212,0.5058999116587795,0.5148408109391392,0.38095238095238093,3,all,D_noEC(MG_2k),P2,2017_f2
NEH3_2017,92,0.38426319154599037,0.21236687576098515,0.0,3,all,D_noEC(MG_2k),P2,2017_f2
IAH3_2017,15,0.5271721298337283,0.4428571428571427,0.5,3,new,D_noEC(MG_2k),P2,2017_f2
MNH1_2017,11,0.5819976638003471,0.7272727272727273,0.0,3,new,D_noEC(MG_2k),P2,2017_f2
ARH1_2017,203,0.11220490912661761,0.11423435881693067,0.1,13,all,MG_98k,P1,2017_f2
DEH1_2017,168,0.6092499361457435,0.5668704855715451,0.29411764705882354,13,all,MG_98k,P1,2017_f2
GAH1_2017,130,0.36889337449469867,0.32614674514195197,0.07692307692307693,13,all,MG_98k,P1,2017_f2
IAH3_2017,307,0.4114410353453224,0.37857640317061025,0.16129032258064516,13,all,MG_98k,P1,2017_f2
MNH1_2017,212,0.41303745773696227,0.4192895907142758,0.47619047619047616,13,all,MG_98k,P1,2017_f2
NEH3_2017,92,0.2532744117351011,0.17423670298845614,0.1111111111111111,13,all,MG_98k,P1,2017_f2
IAH3_2017,15,0.4142600310427145,0.2321428571428571,0.5,13,new,MG_98k,P1,2017_f2
MNH1_2017,11,0.5466632682121474,0.5545454545454546,0.0,13,new,MG_98k,P1,2017_f2
ARH1_2017,203,0.0818198637427645,0.08283292832325828,0.25,7,all,MG_98k,P2,2017_f2
DEH1_2017,168,0.6536155871446518,0.6034085674804239,0.29411764705882354,7,all,MG_98k,P2,2017_f2
GAH1_2017,130,0.4481572546122959,0.4044927556022887,0.15384615384615385,7,all,MG_98k,P2,2017_f2
IAH3_2017,307,0.5261951542939136,0.4362239573586003,0.3225806451612903,7,all,MG_98k,P2,2017_f2
MNH1_2017,212,0.47587416849161723,0.47796013314978847,0.3333333333333333,7,all,MG_98k,P2,2017_f2
NEH3_2017,92,0.3341538373810509,0.20581662376893792,0.0,7,all,MG_98k,P2,2017_f2
IAH3_2017,15,-0.056237793312663126,-0.07142857142857141,0.5,7,new,MG_98k,P2,2017_f2
MNH1_2017,11,0.34743587245210605,0.3181818181818182,0.0,7,new,MG_98k,P2,2017_f2
ARH1_2017,203,0.09248945110983564,0.09396329375041243,0.15,8,all,MG_98k,P3,2017_f2
DEH1_2017,168,0.6537458951117959,0.6043348636623626,0.29411764705882354,8,all,MG_98k,P3,2017_f2
GAH1_2017,130,0.4554441486802697,0.4112277922680905,0.15384615384615385,8,all,MG_98k,P3,2017_f2
IAH3_2017,307,0.5235880214010101,0.44105437684965615,0.25806451612903225,8,all,MG_98k,P3,2017_f2
MNH1_2017,212,0.4740220817429908,0.48459495234844635,0.3333333333333333,8,all,MG_98k,P3,2017_f2
NEH3_2017,92,0.31231326340442295,0.18812323721159624,0.1111111111111111,8,all,MG_98k,P3,2017_f2
IAH3_2017,15,0.03550702688691024,0.024999999999999998,0.5,8,new,MG_98k,P3,2017_f2
MNH1_2017,11,0.3802421137650111,0.41818181818181827,0.0,8,new,MG_98k,P3,2017_f2
ARH1_2017,203,-0.008112461918176685,0.006641782694641531,0.05,0,all,D_noEC(MG_98k),P3,2017_f2
DEH1_2017,168,0.5814576669557147,0.5439408587727336,0.11764705882352941,0,all,D_noEC(MG_98k),P3,2017_f2
GAH1_2017,130,0.4472308080215773,0.4298324434308812,0.07692307692307693,0,all,D_noEC(MG_98k),P3,2017_f2
IAH3_2017,307,0.42017002970913336,0.29898272742438997,0.0967741935483871,0,all,D_noEC(MG_98k),P3,2017_f2
MNH1_2017,212,0.46733885245692236,0.4719273343719655,0.38095238095238093,0,all,D_noEC(MG_98k),P3,2017_f2
NEH3_2017,92,0.35791804202269245,0.2229243407364024,0.1111111111111111,0,all,D_noEC(MG_98k),P3,2017_f2
IAH3_2017,15,0.16534866332057413,-0.07857142857142857,0.5,0,new,D_noEC(MG_98k),P3,2017_f2
MNH1_2017,11,0.33240199312953744,0.19090909090909092,0.0,0,new,D_noEC(MG_98k),P3,2017_f2
ARH1_2017,203,-0.008112461918176685,0.006641782694641531,0.05,0,all,D_noEC(MG_98k),P2,2017_f2
DEH1_2017,168,0.5814576669557147,0.5439408587727336,0.11764705882352941,0,all,D_noEC(MG_98k),P2,2017_f2
GAH1_2017,130,0.4472308080215773,0.4298324434308812,0.07692307692307693,0,all,D_noEC(MG_98k),P2,2017_f2
IAH3_2017,307,0.42017002970913336,0.29898272742438997,0.0967741935483871,0,all,D_noEC(MG_98k),P2,2017_f2
MNH1_2017,212,0.46733885245692236,0.4719273343719655,0.38095238095238093,0,all,D_noEC(MG_98k),P2,2017_f2
NEH3_2017,92,0.35791804202269245,0.2229243407364024,0.1111111111111111,0,all,D_noEC(MG_98k),P2,2017_f2
IAH3_2017,15,0.16534866332057413,-0.07857142857142857,0.5,0,new,D_noEC(MG_98k),P2,2017_f2
MNH1_2017,11,0.33240199312953744,0.19090909090909092,0.0,0,new,D_noEC(MG_98k),P2,2017_f2
ARH1_2018,442,0.0701687783806211,0.08382330462605812,0.13636363636363635,5,all,MG_2k,P1,2018_f2
DEH1_2018,595,0.12317861547277198,0.12520507980525847,0.2,5,all,MG_2k,P1,2018_f2
GAH1_2018,438,0.24281760128091268,0.27070908563872886,0.25,5,all,MG_2k,P1,2018_f2
IAH3_2018,437,0.49496917857268824,0.4979608105941007,0.25,5,all,MG_2k,P1,2018_f2
KSH1_2018,289,0.2546755511848158,0.2614207062379095,0.20689655172413793,5,all,MG_2k,P1,2018_f2
MNH1_2018,916,0.17629220090217954,0.16059454880789012,0.21739130434782608,5,all,MG_2k,P1,2018_f2
NEH2_2018,316,0.4270882458545582,0.43959020940663673,0.21875,5,all,MG_2k,P1,2018_f2
MNH1_2018,10,-0.3996783322196919,-0.4666666666666666,0.0,5,new,MG_2k,P1,2018_f2
ARH1_2018,442,-0.027111156417358465,-0.029913065154067484,0.13636363636363635,15,all,MG_2k,P2,2018_f2
DEH1_2018,595,0.2726466731846974,0.24301179842028275,0.16666666666666666,15,all,MG_2k,P2,2018_f2
GAH1_2018,438,0.29701008365712406,0.2661304975091902,0.25,15,all,MG_2k,P2,2018_f2
IAH3_2018,437,0.33952188174762254,0.2798708777596804,0.20454545454545456,15,all,MG_2k,P2,2018_f2
KSH1_2018,289,0.3468627017681666,0.380469014794008,0.20689655172413793,15,all,MG_2k,P2,2018_f2
MNH1_2018,916,0.1645823316583403,0.21787816274023347,0.14130434782608695,15,all,MG_2k,P2,2018_f2
NEH2_2018,316,0.4009286644566533,0.34223209519254344,0.25,15,all,MG_2k,P2,2018_f2
MNH1_2018,10,-0.14046404005631438,-0.32121212121212117,0.0,15,new,MG_2k,P2,2018_f2
ARH1_2018,442,0.06352024384313885,0.09473932556771736,0.13636363636363635,10,all,MG_2k,P3,2018_f2
DEH1_2018,595,0.16064790554793767,0.16052561272072102,0.15,10,all,MG_2k,P3,2018_f2
GAH1_2018,438,0.24979921866120686,0.261573259605798,0.25,10,all,MG_2k,P3,2018_f2
IAH3_2018,437,0.4757895106619011,0.46153633781922315,0.29545454545454547,10,all,MG_2k,P3,2018_f2
KSH1_2018,289,0.25167549546327195,0.2398724595156299,0.20689655172413793,10,all,MG_2k,P3,2018_f2
MNH1_2018,916,0.16754505727138058,0.15475175424278817,0.17391304347826086,10,all,MG_2k,P3,2018_f2
NEH2_2018,316,0.40427559203222346,0.38395482815030507,0.1875,10,all,MG_2k,P3,2018_f2
MNH1_2018,10,-0.2593222738168995,-0.29696969696969694,0.0,10,new,MG_2k,P3,2018_f2
ARH1_2018,442,-0.03242818479164899,0.006470494733243319,0.09090909090909091,2,all,D_noEC(MG_2k),P3,2018_f2
DEH1_2018,595,-0.03453191488568583,-0.025608725826070232,0.1,2,all,D_noEC(MG_2k),P3,2018_f2
GAH1_2018,438,0.22164425191817172,0.24497399431777706,0.29545454545454547,2,all,D_noEC(MG_2k),P3,2018_f2
IAH3_2018,437,0.37330461047993463,0.3775180172344409,0.3409090909090909,2,all,D_noEC(MG_2k),P3,2018_f2
KSH1_2018,289,0.2885953602129677,0.3132385645655083,0.2413793103448276,2,all,D_noEC(MG_2k),P3,2018_f2
MNH1_2018,916,0.17333145114748852,0.14423382313682867,0.10869565217391304,2,all,D_noEC(MG_2k),P3,2018_f2
NEH2_2018,316,0.3913830382073675,0.39520709865088843,0.34375,2,all,D_noEC(MG_2k),P3,2018_f2
MNH1_2018,10,-0.19928730830764121,-0.38181818181818183,0.0,2,new,D_noEC(MG_2k),P3,2018_f2
ARH1_2018,442,-0.027216394500662065,0.00930917909756203,0.13636363636363635,0,all,D_noEC(MG_2k),P2,2018_f2
DEH1_2018,595,-0.013829050042900325,-0.007227342965698737,0.13333333333333333,0,all,D_noEC(MG_2k),P2,2018_f2
GAH1_2018,438,0.2248638397309712,0.24705482020450503,0.25,0,all,D_noEC(MG_2k),P2,2018_f2
IAH3_2018,437,0.3744149970506367,0.3757847305045777,0.3181818181818182,0,all,D_noEC(MG_2k),P2,2018_f2
KSH1_2018,289,0.30183057050951717,0.32977646981472114,0.20689655172413793,0,all,D_noEC(MG_2k),P2,2018_f2
MNH1_2018,916,0.18491364826328852,0.15765067224258025,0.11956521739130435,0,all,D_noEC(MG_2k),P2,2018_f2
NEH2_2018,316,0.3969934884731767,0.39879939779745155,0.34375,0,all,D_noEC(MG_2k),P2,2018_f2
MNH1_2018,10,-0.1879478055447213,-0.309090909090909,0.0,0,new,D_noEC(MG_2k),P2,2018_f2
ARH1_2018,442,0.09314125544500583,0.10525064495747366,0.09090909090909091,6,all,MG_98k,P1,2018_f2
DEH1_2018,595,0.10657771130995797,0.10354227764060087,0.13333333333333333,6,all,MG_98k,P1,2018_f2
GAH1_2018,438,0.2572623716533537,0.27815324542539255,0.2727272727272727,6,all,MG_98k,P1,2018_f2
IAH3_2018,437,0.5213740922280434,0.5179617661018425,0.3409090909090909,6,all,MG_98k,P1,2018_f2
KSH1_2018,289,0.22962825321287,0.24732010988646505,0.10344827586206896,6,all,MG_98k,P1,2018_f2
MNH1_2018,916,0.1700403104985567,0.1443773486146971,0.15217391304347827,6,all,MG_98k,P1,2018_f2
NEH2_2018,316,0.441718528273083,0.44831140358179655,0.28125,6,all,MG_98k,P1,2018_f2
MNH1_2018,10,-0.486712648667888,-0.2121212121212121,0.0,6,new,MG_98k,P1,2018_f2
ARH1_2018,442,0.039448788332618764,0.06881783641104507,0.09090909090909091,11,all,MG_98k,P2,2018_f2
DEH1_2018,595,0.20112132418436138,0.19003651071038802,0.16666666666666666,11,all,MG_98k,P2,2018_f2
GAH1_2018,438,0.2669238469722958,0.2817770000297492,0.25,11,all,MG_98k,P2,2018_f2
IAH3_2018,437,0.5056104977051838,0.5047867594666717,0.3181818181818182,11,all,MG_98k,P2,2018_f2
KSH1_2018,289,0.27533555113020564,0.26574298335309526,0.27586206896551724,11,all,MG_98k,P2,2018_f2
MNH1_2018,916,0.16140714590292218,0.14726417409530407,0.17391304347826086,11,all,MG_98k,P2,2018_f2
NEH2_2018,316,0.46571387403945813,0.4578806632975911,0.28125,11,all,MG_98k,P2,2018_f2
MNH1_2018,10,-0.2745233878062178,-0.28484848484848485,0.0,11,new,MG_98k,P2,2018_f2
ARH1_2018,442,0.08255327812933554,0.10007466653239694,0.09090909090909091,8,all,MG_98k,P3,2018_f2
DEH1_2018,595,0.12665021927133197,0.12346516021373216,0.16666666666666666,8,all,MG_98k,P3,2018_f2
GAH1_2018,438,0.24931067833083453,0.26837834071684263,0.25,8,all,MG_98k,P3,2018_f2
IAH3_2018,437,0.5109074590915916,0.5108009940875355,0.29545454545454547,8,all,MG_98k,P3,2018_f2
KSH1_2018,289,0.24514433335621627,0.25229689330739535,0.1724137931034483,8,all,MG_98k,P3,2018_f2
MNH1_2018,916,0.17008077850706912,0.1474023285898288,0.17391304347826086,8,all,MG_98k,P3,2018_f2
NEH2_2018,316,0.4379537698096298,0.44007794216711393,0.28125,8,all,MG_98k,P3,2018_f2
MNH1_2018,10,-0.4806840553725347,-0.3939393939393939,0.0,8,new,MG_98k,P3,2018_f2
ARH1_2018,442,0.0707952659306868,0.09323765882614289,0.13636363636363635,0,all,D_noEC(MG_98k),P3,2018_f2
DEH1_2018,595,0.0032162619119918676,0.0018479595858072735,0.16666666666666666,0,all,D_noEC(MG_98k),P3,2018_f2
GAH1_2018,438,0.2671569881728966,0.321973334995662,0.3181818181818182,0,all,D_noEC(MG_98k),P3,2018_f2
IAH3_2018,437,0.4539466110359855,0.47745305493044354,0.2727272727272727,0,all,D_noEC(MG_98k),P3,2018_f2
KSH1_2018,289,0.27254557024079906,0.28955876008714876,0.1724137931034483,0,all,D_noEC(MG_98k),P3,2018_f2
MNH1_2018,916,0.060140657084609056,0.03415576151472476,0.09782608695652174,0,all,D_noEC(MG_98k),P3,2018_f2
NEH2_2018,316,0.39151632514229173,0.42063157114128996,0.34375,0,all,D_noEC(MG_98k),P3,2018_f2
MNH1_2018,10,-0.5054668623941354,-0.4424242424242424,0.0,0,new,D_noEC(MG_98k),P3,2018_f2
ARH1_2018,442,0.0707952659306868,0.09323765882614289,0.13636363636363635,0,all,D_noEC(MG_98k),P2,2018_f2
DEH1_2018,595,0.0032162619119918676,0.0018479595858072735,0.16666666666666666,0,all,D_noEC(MG_98k),P2,2018_f2
GAH1_2018,438,0.2671569881728966,0.321973334995662,0.3181818181818182,0,all,D_noEC(MG_98k),P2,2018_f2
IAH3_2018,437,0.4539466110359855,0.47745305493044354,0.2727272727272727,0,all,D_noEC(MG_98k),P2,2018_f2
KSH1_2018,289,0.27254557024079906,0.28955876008714876,0.1724137931034483,0,all,D_noEC(MG_98k),P2,2018_f2
MNH1_2018,916,0.060140657084609056,0.03415576151472476,0.09782608695652174,0,all,D_noEC(MG_98k),P2,2018_f2
NEH2_2018,316,0.39151632514229173,0.42063157114128996,0.34375,0,all,D_noEC(MG_98k),P2,2018_f2
MNH1_2018,10,-0.5054668623941354,-0.4424242424242424,0.0,0,new,D_noEC(MG_98k),P2,2018_f2
DEH1_2019,814,0.03485959855835005,0.03989447824990241,0.08641975308641975,11,all,MG_2k,P1,2019_f2
GAH1_2019,458,0.2905441518700459,0.28271813186047956,0.1956521739130435,11,all,MG_2k,P1,2019_f2
IAH3_2019,570,0.291841770184023,0.2940395241857348,0.22807017543859648,11,all,MG_2k,P1,2019_f2
MNH1_2019,1014,-0.006840663695462574,-0.011758493027310904,0.0891089108910891,11,all,MG_2k,P1,2019_f2
NEH2_2019,339,0.03531776435282663,0.040079901678428086,0.08823529411764706,11,all,MG_2k,P1,2019_f2
TXH3_2019,445,0.32867309133209943,0.29965914924850784,0.2727272727272727,11,all,MG_2k,P1,2019_f2
DEH1_2019,166,-0.014532067899554102,0.02308643311341491,0.11764705882352941,11,new,MG_2k,P1,2019_f2
GAH1_2019,110,0.21439240922400302,0.20634763203570544,0.18181818181818182,11,new,MG_2k,P1,2019_f2
IAH3_2019,145,0.2474568649065942,0.2668949771689497,0.2857142857142857,11,new,MG_2k,P1,2019_f2
MNH1_2019,182,0.030665440420935164,0.01556934144562077,0.05555555555555555,11,new,MG_2k,P1,2019_f2
NEH2_2019,76,0.08250747863722027,0.07434039644565961,0.125,11,new,MG_2k,P1,2019_f2
TXH3_2019,112,0.28787686639898574,0.2943930023576041,0.18181818181818182,11,new,MG_2k,P1,2019_f2
DEH1_2019,814,0.03350337662909938,0.04055137772066633,0.1111111111111111,10,all,MG_2k,P2,2019_f2
GAH1_2019,458,0.28266357873445996,0.2720292127565801,0.17391304347826086,10,all,MG_2k,P2,2019_f2
IAH3_2019,570,0.30425623873174445,0.30589707149476897,0.2631578947368421,10,all,MG_2k,P2,2019_f2
MNH1_2019,1014,-0.006794864299480019,-0.007494969325057341,0.06930693069306931,10,all,MG_2k,P2,2019_f2
NEH2_2019,339,0.02453233529601045,0.024106958592202653,0.08823529411764706,10,all,MG_2k,P2,2019_f2
TXH3_2019,445,0.3439629832954953,0.31149904880443496,0.25,10,all,MG_2k,P2,2019_f2
DEH1_2019,166,-0.012779888517712773,0.044949022925987986,0.11764705882352941,10,new,MG_2k,P2,2019_f2
GAH1_2019,110,0.19633934553858942,0.17458242228884432,0.18181818181818182,10,new,MG_2k,P2,2019_f2
IAH3_2019,145,0.2936753039372146,0.29411509998425445,0.35714285714285715,10,new,MG_2k,P2,2019_f2
MNH1_2019,182,0.007365115842149269,-0.00267633824376873,0.05555555555555555,10,new,MG_2k,P2,2019_f2
NEH2_2019,76,0.07843120192595163,0.06958304853041695,0.125,10,new,MG_2k,P2,2019_f2
TXH3_2019,112,0.3150307402620148,0.28779854443571257,0.18181818181818182,10,new,MG_2k,P2,2019_f2
DEH1_2019,814,0.03485959855835005,0.03989447824990241,0.08641975308641975,11,all,MG_2k,P3,2019_f2
GAH1_2019,458,0.2905441518700459,0.28271813186047956,0.1956521739130435,11,all,MG_2k,P3,2019_f2
IAH3_2019,570,0.291841770184023,0.2940395241857348,0.22807017543859648,11,all,MG_2k,P3,2019_f2
MNH1_2019,1014,-0.006840663695462574,-0.011758493027310904,0.0891089108910891,11,all,MG_2k,P3,2019_f2
NEH2_2019,339,0.03531776435282663,0.040079901678428086,0.08823529411764706,11,all,MG_2k,P3,2019_f2
TXH3_2019,445,0.32867309133209943,0.29965914924850784,0.2727272727272727,11,all,MG_2k,P3,2019_f2
DEH1_2019,166,-0.014532067899554102,0.02308643311341491,0.11764705882352941,11,new,MG_2k,P3,2019_f2
GAH1_2019,110,0.21439240922400302,0.20634763203570544,0.18181818181818182,11,new,MG_2k,P3,2019_f2
IAH3_2019,145,0.2474568649065942,0.2668949771689497,0.2857142857142857,11,new,MG_2k,P3,2019_f2
MNH1_2019,182,0.030665440420935164,0.01556934144562077,0.05555555555555555,11,new,MG_2k,P3,2019_f2
NEH2_2019,76,0.08250747863722027,0.07434039644565961,0.125,11,new,MG_2k,P3,2019_f2
TXH3_2019,112,0.28787686639898574,0.2943930023576041,0.18181818181818182,11,new,MG_2k,P3,2019_f2
DEH1_2019,814,0.055683630668112716,0.03820261447325329,0.09876543209876543,1,all,D_noEC(MG_2k),P3,2019_f2
GAH1_2019,458,0.2257598209124866,0.21588362761741897,0.2608695652173913,1,all,D_noEC(MG_2k),P3,2019_f2
IAH3_2019,570,0.1897168414287007,0.20363915522896917,0.19298245614035087,1,all,D_noEC(MG_2k),P3,2019_f2
MNH1_2019,1014,0.1356015906244868,0.16817456758282798,0.07920792079207921,1,all,D_noEC(MG_2k),P3,2019_f2
NEH2_2019,339,0.09180190669214265,0.08012499653471904,0.11764705882352941,1,all,D_noEC(MG_2k),P3,2019_f2
TXH3_2019,445,0.2859573372147691,0.27829354017694824,0.29545454545454547,1,all,D_noEC(MG_2k),P3,2019_f2
DEH1_2019,166,0.018458704147648344,-0.014305718155392213,0.17647058823529413,1,new,D_noEC(MG_2k),P3,2019_f2
GAH1_2019,110,0.16785423262061638,0.18001938552397267,0.18181818181818182,1,new,D_noEC(MG_2k),P3,2019_f2
IAH3_2019,145,0.142488193474583,0.16312391749330812,0.21428571428571427,1,new,D_noEC(MG_2k),P3,2019_f2
MNH1_2019,182,0.20494846428699756,0.22165435325475177,0.05555555555555555,1,new,D_noEC(MG_2k),P3,2019_f2
NEH2_2019,76,0.15474353646705216,0.12057416267942585,0.125,1,new,D_noEC(MG_2k),P3,2019_f2
TXH3_2019,112,0.2709135920694615,0.2885929545221581,0.09090909090909091,1,new,D_noEC(MG_2k),P3,2019_f2
DEH1_2019,814,0.04946799802475925,0.03674940377613505,0.08641975308641975,0,all,D_noEC(MG_2k),P2,2019_f2
GAH1_2019,458,0.2316450956928573,0.22038053051637999,0.2608695652173913,0,all,D_noEC(MG_2k),P2,2019_f2
IAH3_2019,570,0.19694823862926003,0.2117022925829096,0.19298245614035087,0,all,D_noEC(MG_2k),P2,2019_f2
MNH1_2019,1014,0.13208767589138934,0.16512527031198707,0.07920792079207921,0,all,D_noEC(MG_2k),P2,2019_f2
NEH2_2019,339,0.09284971556703824,0.07825189666378149,0.08823529411764706,0,all,D_noEC(MG_2k),P2,2019_f2
TXH3_2019,445,0.2895107578526916,0.2826765295047655,0.29545454545454547,0,all,D_noEC(MG_2k),P2,2019_f2
DEH1_2019,166,0.01382908593415316,-0.008573461751663626,0.17647058823529413,0,new,D_noEC(MG_2k),P2,2019_f2
GAH1_2019,110,0.18133061994644833,0.188413768230282,0.18181818181818182,0,new,D_noEC(MG_2k),P2,2019_f2
IAH3_2019,145,0.15813351528532962,0.16907967249252084,0.21428571428571427,0,new,D_noEC(MG_2k),P2,2019_f2
MNH1_2019,182,0.1959762036923466,0.21444844440949865,0.05555555555555555,0,new,D_noEC(MG_2k),P2,2019_f2
NEH2_2019,76,0.1605815012732685,0.12863978127136022,0.125,0,new,D_noEC(MG_2k),P2,2019_f2
TXH3_2019,112,0.2782017437671194,0.2860388833840161,0.09090909090909091,0,new,D_noEC(MG_2k),P2,2019_f2
DEH1_2019,814,0.115867100247321,0.12147020131018507,0.12345679012345678,16,all,MG_98k,P1,2019_f2
GAH1_2019,458,0.19233976470400715,0.13399820096404494,0.13043478260869565,16,all,MG_98k,P1,2019_f2
IAH3_2019,570,0.05492604076967477,0.0016461471994292643,0.08771929824561403,16,all,MG_98k,P1,2019_f2
MNH1_2019,1014,-0.034013936982246355,-0.10956093597561681,0.0891089108910891,16,all,MG_98k,P1,2019_f2
NEH2_2019,339,0.1193413344447226,0.1482037523602414,0.17647058823529413,16,all,MG_98k,P1,2019_f2
TXH3_2019,445,0.08915148082026297,0.046699957376633947,0.1590909090909091,16,all,MG_98k,P1,2019_f2
DEH1_2019,166,0.07152912239353959,0.06450559288552793,0.29411764705882354,16,new,MG_98k,P1,2019_f2
GAH1_2019,110,0.17401722217165697,0.22090931632216035,0.09090909090909091,16,new,MG_98k,P1,2019_f2
IAH3_2019,145,-0.09253473273315693,-0.04698472681467485,0.14285714285714285,16,new,MG_98k,P1,2019_f2
MNH1_2019,182,-0.03308817799184518,-0.001824368910683556,0.1111111111111111,16,new,MG_98k,P1,2019_f2
NEH2_2019,76,0.2337099650348149,0.29738892686261104,0.25,16,new,MG_98k,P1,2019_f2
TXH3_2019,112,-0.018789320683965414,0.02390918098882701,0.09090909090909091,16,new,MG_98k,P1,2019_f2
DEH1_2019,814,0.08994216488658578,0.08010969698314208,0.12345679012345678,12,all,MG_98k,P2,2019_f2
GAH1_2019,458,0.26405688719048964,0.2631225920656931,0.17391304347826086,12,all,MG_98k,P2,2019_f2
IAH3_2019,570,0.22992162122383944,0.24066928653617214,0.17543859649122806,12,all,MG_98k,P2,2019_f2
MNH1_2019,1014,-0.0016494549104064614,-0.01694366402560093,0.07920792079207921,12,all,MG_98k,P2,2019_f2
NEH2_2019,339,0.09671744044780833,0.1108098284608916,0.08823529411764706,12,all,MG_98k,P2,2019_f2
TXH3_2019,445,0.29703384305707836,0.2576338720944959,0.29545454545454547,12,all,MG_98k,P2,2019_f2
DEH1_2019,166,0.027456375455550307,0.005715203924724361,0.29411764705882354,12,new,MG_98k,P2,2019_f2
GAH1_2019,110,0.19485391025607246,0.19714176227937696,0.09090909090909091,12,new,MG_98k,P2,2019_f2
IAH3_2019,145,0.17186991299097423,0.1713982050070855,0.21428571428571427,12,new,MG_98k,P2,2019_f2
MNH1_2019,182,0.016312135301478053,0.03051065409547431,0.1111111111111111,12,new,MG_98k,P2,2019_f2
NEH2_2019,76,0.21521854432601686,0.19696514012303487,0.25,12,new,MG_98k,P2,2019_f2
TXH3_2019,112,0.23840669813016627,0.24485768954795503,0.18181818181818182,12,new,MG_98k,P2,2019_f2
DEH1_2019,814,0.03467348763863497,0.029495553825165832,0.12345679012345678,8,all,MG_98k,P3,2019_f2
GAH1_2019,458,0.24665804235344055,0.2384349673733469,0.15217391304347827,8,all,MG_98k,P3,2019_f2
IAH3_2019,570,0.2859327116542349,0.29698405058997285,0.2631578947368421,8,all,MG_98k,P3,2019_f2
MNH1_2019,1014,-0.023074090211761933,-0.013386036404095613,0.0594059405940594,8,all,MG_98k,P3,2019_f2
NEH2_2019,339,0.024564577103910648,-0.0006745746945162314,0.08823529411764706,8,all,MG_98k,P3,2019_f2
TXH3_2019,445,0.29836362317055715,0.28455835792460976,0.25,8,all,MG_98k,P3,2019_f2
DEH1_2019,166,-0.039686007228832566,-0.021277558609812685,0.29411764705882354,8,new,MG_98k,P3,2019_f2
GAH1_2019,110,0.13550403988577275,0.14828122534544552,0.09090909090909091,8,new,MG_98k,P3,2019_f2
IAH3_2019,145,0.25478961257320776,0.238923004251299,0.2857142857142857,8,new,MG_98k,P3,2019_f2
MNH1_2019,182,-0.15173353468527767,-0.0810654792178205,0.05555555555555555,8,new,MG_98k,P3,2019_f2
NEH2_2019,76,0.11940502684352658,0.03857826384142174,0.125,8,new,MG_98k,P3,2019_f2
TXH3_2019,112,0.21219778498558223,0.2336590699422558,0.09090909090909091,8,new,MG_98k,P3,2019_f2
DEH1_2019,814,0.01631545714668499,0.00875291567972995,0.08641975308641975,0,all,D_noEC(MG_98k),P3,2019_f2
GAH1_2019,458,0.2611429117325387,0.2545256159025135,0.17391304347826086,0,all,D_noEC(MG_98k),P3,2019_f2
IAH3_2019,570,0.27579161952960846,0.28907286329144233,0.24561403508771928,0,all,D_noEC(MG_98k),P3,2019_f2
MNH1_2019,1014,0.02245572523000198,0.06948164587894978,0.06930693069306931,0,all,D_noEC(MG_98k),P3,2019_f2
NEH2_2019,339,0.044503671853441236,0.011556789024454102,0.11764705882352941,0,all,D_noEC(MG_98k),P3,2019_f2
TXH3_2019,445,0.3146703986528675,0.30570050072241833,0.2727272727272727,0,all,D_noEC(MG_98k),P3,2019_f2
DEH1_2019,166,-0.023388781075631568,0.0039469930249014466,0.23529411764705882,0,new,D_noEC(MG_98k),P3,2019_f2
GAH1_2019,110,0.1816867850388644,0.19907129815386698,0.0,0,new,D_noEC(MG_98k),P3,2019_f2
IAH3_2019,145,0.23937364928210497,0.21124232404345772,0.21428571428571427,0,new,D_noEC(MG_98k),P3,2019_f2
MNH1_2019,182,-0.023520989909088588,0.048967335535581163,0.05555555555555555,0,new,D_noEC(MG_98k),P3,2019_f2
NEH2_2019,76,0.1965211244263661,0.1279835953520164,0.25,0,new,D_noEC(MG_98k),P3,2019_f2
TXH3_2019,112,0.1942147946298653,0.23546998325759388,0.09090909090909091,0,new,D_noEC(MG_98k),P3,2019_f2
DEH1_2019,814,0.01631545714668499,0.00875291567972995,0.08641975308641975,0,all,D_noEC(MG_98k),P2,2019_f2
GAH1_2019,458,0.2611429117325387,0.2545256159025135,0.17391304347826086,0,all,D_noEC(MG_98k),P2,2019_f2
IAH3_2019,570,0.27579161952960846,0.28907286329144233,0.24561403508771928,0,all,D_noEC(MG_98k),P2,2019_f2
MNH1_2019,1014,0.02245572523000198,0.06948164587894978,0.06930693069306931,0,all,D_noEC(MG_98k),P2,2019_f2
NEH2_2019,339,0.044503671853441236,0.011556789024454102,0.11764705882352941,0,all,D_noEC(MG_98k),P2,2019_f2
TXH3_2019,445,0.3146703986528675,0.30570050072241833,0.2727272727272727,0,all,D_noEC(MG_98k),P2,2019_f2
DEH1_2019,166,-0.023388781075631568,0.0039469930249014466,0.23529411764705882,0,new,D_noEC(MG_98k),P2,2019_f2
GAH1_2019,110,0.1816867850388644,0.19907129815386698,0.0,0,new,D_noEC(MG_98k),P2,2019_f2
IAH3_2019,145,0.23937364928210497,0.21124232404345772,0.21428571428571427,0,new,D_noEC(MG_98k),P2,2019_f2
MNH1_2019,182,-0.023520989909088588,0.048967335535581163,0.05555555555555555,0,new,D_noEC(MG_98k),P2,2019_f2
NEH2_2019,76,0.1965211244263661,0.1279835953520164,0.25,0,new,D_noEC(MG_98k),P2,2019_f2
TXH3_2019,112,0.1942147946298653,0.23546998325759388,0.09090909090909091,0,new,D_noEC(MG_98k),P2,2019_f2
DEH1_2020,1143,0.3928506278415242,0.41476426900405916,0.21929824561403508,9,all,MG_2k,P1,2020_f2
GAH1_2020,399,0.2708303703765636,0.22445403710280729,0.275,9,all,MG_2k,P1,2020_f2
MNH1_2020,415,0.271853273218865,0.275483886863671,0.16666666666666666,9,all,MG_2k,P1,2020_f2
NEH2_2020,247,0.2181076690291923,0.14557379346811622,0.28,9,all,MG_2k,P1,2020_f2
NEH3_2020,247,0.4215810679970009,0.37342285235572736,0.36,9,all,MG_2k,P1,2020_f2
TXH3_2020,266,0.01428907273295572,0.0025035027679438156,0.07407407407407407,9,all,MG_2k,P1,2020_f2
DEH1_2020,1143,0.37735469919590947,0.4026335329144179,0.19298245614035087,0,all,MG_2k,P2,2020_f2
GAH1_2020,399,0.28114800230323134,0.2448702157403559,0.275,0,all,MG_2k,P2,2020_f2
MNH1_2020,415,0.259830407990561,0.2742978718510278,0.16666666666666666,0,all,MG_2k,P2,2020_f2
NEH2_2020,247,0.22740247646604034,0.14062534839792695,0.28,0,all,MG_2k,P2,2020_f2
NEH3_2020,247,0.43077457362650107,0.3710887853295406,0.28,0,all,MG_2k,P2,2020_f2
TXH3_2020,266,0.034467144102173254,0.02287582428617654,0.1111111111111111,0,all,MG_2k,P2,2020_f2
DEH1_2020,1143,0.414681122001818,0.4311524634236758,0.2631578947368421,11,all,MG_2k,P3,2020_f2
GAH1_2020,399,0.2614506470276101,0.20758963992896814,0.25,11,all,MG_2k,P3,2020_f2
MNH1_2020,415,0.2811887827761403,0.2799378231965416,0.19047619047619047,11,all,MG_2k,P3,2020_f2
NEH2_2020,247,0.19426263877817346,0.1387969560771747,0.16,11,all,MG_2k,P3,2020_f2
NEH3_2020,247,0.4014769781727337,0.3599392553282983,0.44,11,all,MG_2k,P3,2020_f2
TXH3_2020,266,0.008032688080248294,0.007980413191129191,0.1111111111111111,11,all,MG_2k,P3,2020_f2
DEH1_2020,1143,0.4388866373365273,0.4573260910467061,0.2719298245614035,1,all,D_noEC(MG_2k),P3,2020_f2
GAH1_2020,399,0.2747952055327958,0.22711810934371104,0.3,1,all,D_noEC(MG_2k),P3,2020_f2
MNH1_2020,415,0.285236228844107,0.28295415285532427,0.11904761904761904,1,all,D_noEC(MG_2k),P3,2020_f2
NEH2_2020,247,0.22542735538047298,0.13727833928463354,0.24,1,all,D_noEC(MG_2k),P3,2020_f2
NEH3_2020,247,0.4380748578559371,0.3756613588076588,0.36,1,all,D_noEC(MG_2k),P3,2020_f2
TXH3_2020,266,0.043471573855652396,0.05260543769854995,0.1111111111111111,1,all,D_noEC(MG_2k),P3,2020_f2
DEH1_2020,1143,0.42761742827839533,0.4469273580948876,0.2807017543859649,2,all,D_noEC(MG_2k),P2,2020_f2
GAH1_2020,399,0.26323080314935415,0.22329466883288623,0.25,2,all,D_noEC(MG_2k),P2,2020_f2
MNH1_2020,415,0.2845530815626614,0.2836350537448733,0.11904761904761904,2,all,D_noEC(MG_2k),P2,2020_f2
NEH2_2020,247,0.24609687446219108,0.15527080274067726,0.24,2,all,D_noEC(MG_2k),P2,2020_f2
NEH3_2020,247,0.4409743988969733,0.3676908105766443,0.32,2,all,D_noEC(MG_2k),P2,2020_f2
TXH3_2020,266,0.05116534612372032,0.05995240379940737,0.1111111111111111,2,all,D_noEC(MG_2k),P2,2020_f2
DEH1_2020,1143,0.4076285360664271,0.4227463871077098,0.2894736842105263,11,all,MG_98k,P1,2020_f2
GAH1_2020,399,0.2758004801166305,0.22141931461820377,0.25,11,all,MG_98k,P1,2020_f2
MNH1_2020,415,0.28614458988281194,0.2854753581833759,0.11904761904761904,11,all,MG_98k,P1,2020_f2
NEH2_2020,247,0.17126468563035513,0.1282781258660177,0.16,11,all,MG_98k,P1,2020_f2
NEH3_2020,247,0.4219866639329876,0.38210054883623146,0.4,11,all,MG_98k,P1,2020_f2
TXH3_2020,266,0.038087846617800375,0.04311042605453638,0.1111111111111111,11,all,MG_98k,P1,2020_f2
DEH1_2020,1143,0.38604584533444836,0.4089750580185228,0.2631578947368421,8,all,MG_98k,P2,2020_f2
GAH1_2020,399,0.2795070223382556,0.22943382325159634,0.275,8,all,MG_98k,P2,2020_f2
MNH1_2020,415,0.2881630226021757,0.2858064484445497,0.09523809523809523,8,all,MG_98k,P2,2020_f2
NEH2_2020,247,0.20942888316450714,0.11627492140142766,0.24,8,all,MG_98k,P2,2020_f2
NEH3_2020,247,0.4514534602436257,0.3794582989580712,0.28,8,all,MG_98k,P2,2020_f2
TXH3_2020,266,0.049963194496693536,0.049426406805650976,0.1111111111111111,8,all,MG_98k,P2,2020_f2
DEH1_2020,1143,0.38604584533444836,0.4089750580185228,0.2631578947368421,8,all,MG_98k,P3,2020_f2
GAH1_2020,399,0.2795070223382556,0.22943382325159634,0.275,8,all,MG_98k,P3,2020_f2
MNH1_2020,415,0.2881630226021757,0.2858064484445497,0.09523809523809523,8,all,MG_98k,P3,2020_f2
NEH2_2020,247,0.20942888316450714,0.11627492140142766,0.24,8,all,MG_98k,P3,2020_f2
NEH3_2020,247,0.4514534602436257,0.3794582989580712,0.28,8,all,MG_98k,P3,2020_f2
TXH3_2020,266,0.049963194496693536,0.049426406805650976,0.1111111111111111,8,all,MG_98k,P3,2020_f2
DEH1_2020,1143,0.44118745829476463,0.4665549590578678,0.2631578947368421,0,all,D_noEC(MG_98k),P3,2020_f2
GAH1_2020,399,0.2710699967533767,0.23443268976461254,0.25,0,all,D_noEC(MG_98k),P3,2020_f2
MNH1_2020,415,0.2938533673658788,0.2826244057595101,0.09523809523809523,0,all,D_noEC(MG_98k),P3,2020_f2
NEH2_2020,247,0.23135981521783247,0.12128229549240768,0.24,0,all,D_noEC(MG_98k),P3,2020_f2
NEH3_2020,247,0.45244188888583836,0.38469262941290766,0.24,0,all,D_noEC(MG_98k),P3,2020_f2
TXH3_2020,266,0.05651285305700742,0.06390674587677589,0.14814814814814814,0,all,D_noEC(MG_98k),P3,2020_f2
DEH1_2020,1143,0.44118745829476463,0.4665549590578678,0.2631578947368421,0,all,D_noEC(MG_98k),P2,2020_f2
GAH1_2020,399,0.2710699967533767,0.23443268976461254,0.25,0,all,D_noEC(MG_98k),P2,2020_f2
MNH1_2020,415,0.2938533673658788,0.2826244057595101,0.09523809523809523,0,all,D_noEC(MG_98k),P2,2020_f2
NEH2_2020,247,0.23135981521783247,0.12128229549240768,0.24,0,all,D_noEC(MG_98k),P2,2020_f2
NEH3_2020,247,0.45244188888583836,0.38469262941290766,0.24,0,all,D_noEC(MG_98k),P2,2020_f2
TXH3_2020,266,0.05651285305700742,0.06390674587677589,0.14814814814814814,0,all,D_noEC(MG_98k),P2,2020_f2
DEH1_2021,1138,0.3954042560948312,0.4191314043035477,0.24561403508771928,18,all,MG_2k,P1,2021_f2
GAH1_2021,399,0.3414110783599616,0.13862880340485031,0.4,18,all,MG_2k,P1,2021_f2
IAH3_2021,1148,0.25785882857408904,0.25980926455938663,0.19130434782608696,18,all,MG_2k,P1,2021_f2
MNH1_2021,416,0.2938618276993697,0.21588233372306148,0.30952380952380953,18,all,MG_2k,P1,2021_f2
NEH2_2021,247,0.14642845082838385,0.11051421145006801,0.2,18,all,MG_2k,P1,2021_f2
NEH3_2021,247,0.2816619843975698,0.13389151326540036,0.24,18,all,MG_2k,P1,2021_f2
TXH3_2021,264,0.24780368530750374,0.18915022067756274,0.5769230769230769,18,all,MG_2k,P1,2021_f2
DEH1_2021,1138,0.3954042560948312,0.4191314043035477,0.24561403508771928,18,all,MG_2k,P2,2021_f2
GAH1_2021,399,0.3414110783599616,0.13862880340485031,0.4,18,all,MG_2k,P2,2021_f2
IAH3_2021,1148,0.25785882857408904,0.25980926455938663,0.19130434782608696,18,all,MG_2k,P2,2021_f2
MNH1_2021,416,0.2938618276993697,0.21588233372306148,0.30952380952380953,18,all,MG_2k,P2,2021_f2
NEH2_2021,247,0.14642845082838385,0.11051421145006801,0.2,18,all,MG_2k,P2,2021_f2
NEH3_2021,247,0.2816619843975698,0.13389151326540036,0.24,18,all,MG_2k,P2,2021_f2
TXH3_2021,264,0.24780368530750374,0.18915022067756274,0.5769230769230769,18,all,MG_2k,P2,2021_f2
DEH1_2021,1138,0.3701363461460646,0.36830285850570654,0.2982456140350877,11,all,MG_2k,P3,2021_f2
GAH1_2021,399,0.3384481497532654,0.28940821289008595,0.275,11,all,MG_2k,P3,2021_f2
IAH3_2021,1148,0.35008748189985384,0.35942640316522856,0.21739130434782608,11,all,MG_2k,P3,2021_f2
MNH1_2021,416,0.3739503061117164,0.3351974867475022,0.21428571428571427,11,all,MG_2k,P3,2021_f2
NEH2_2021,247,0.14888701736126383,0.12657794398239136,0.16,11,all,MG_2k,P3,2021_f2
NEH3_2021,247,0.262435053323104,0.1904124075849613,0.2,11,all,MG_2k,P3,2021_f2
TXH3_2021,264,0.10497193471423744,0.23636277369064143,0.19230769230769232,11,all,MG_2k,P3,2021_f2
DEH1_2021,1138,0.36242637315195914,0.373189420718957,0.23684210526315788,2,all,D_noEC(MG_2k),P3,2021_f2
GAH1_2021,399,0.3144245219188607,0.2768283929502113,0.3,2,all,D_noEC(MG_2k),P3,2021_f2
IAH3_2021,1148,0.30707123229660577,0.32256754716563174,0.16521739130434782,2,all,D_noEC(MG_2k),P3,2021_f2
MNH1_2021,416,0.37113412854822975,0.3644980412512591,0.19047619047619047,2,all,D_noEC(MG_2k),P3,2021_f2
NEH2_2021,247,0.16401561347169075,0.155074107225335,0.08,2,all,D_noEC(MG_2k),P3,2021_f2
NEH3_2021,247,0.27562440613958544,0.21341622682257902,0.2,2,all,D_noEC(MG_2k),P3,2021_f2
TXH3_2021,264,0.04226471420714675,0.16887550734476942,0.15384615384615385,2,all,D_noEC(MG_2k),P3,2021_f2
DEH1_2021,1138,0.3956572838595408,0.4014216676558502,0.23684210526315788,0,all,D_noEC(MG_2k),P2,2021_f2
GAH1_2021,399,0.331540422700422,0.28049456318092425,0.3,0,all,D_noEC(MG_2k),P2,2021_f2
IAH3_2021,1148,0.3372664896599833,0.35458750303878694,0.1826086956521739,0,all,D_noEC(MG_2k),P2,2021_f2
MNH1_2021,416,0.3949654599725582,0.37249038961283487,0.2619047619047619,0,all,D_noEC(MG_2k),P2,2021_f2
NEH2_2021,247,0.15104102821685195,0.13125643043030924,0.12,0,all,D_noEC(MG_2k),P2,2021_f2
NEH3_2021,247,0.2631994271471188,0.18803374562412203,0.2,0,all,D_noEC(MG_2k),P2,2021_f2
TXH3_2021,264,0.07209177776343201,0.2107573636220554,0.2692307692307692,0,all,D_noEC(MG_2k),P2,2021_f2
DEH1_2021,1138,0.39991284741809163,0.39488894731862445,0.2894736842105263,13,all,MG_98k,P1,2021_f2
GAH1_2021,399,0.3715078013422912,0.2867099463605585,0.325,13,all,MG_98k,P1,2021_f2
IAH3_2021,1148,0.3531095119951306,0.3557500762262883,0.24347826086956523,13,all,MG_98k,P1,2021_f2
MNH1_2021,416,0.425391987929471,0.37691828528891924,0.3333333333333333,13,all,MG_98k,P1,2021_f2
NEH2_2021,247,0.1481971723135474,0.11757773056377552,0.16,13,all,MG_98k,P1,2021_f2
NEH3_2021,247,0.27752866768050344,0.18840483918748027,0.28,13,all,MG_98k,P1,2021_f2
TXH3_2021,264,0.11793636839678072,0.24514650448377234,0.23076923076923078,13,all,MG_98k,P1,2021_f2
DEH1_2021,1138,0.41548976477389954,0.44566659469220404,0.2719298245614035,18,all,MG_98k,P2,2021_f2
GAH1_2021,399,0.3803461705669435,0.1940192109095964,0.375,18,all,MG_98k,P2,2021_f2
IAH3_2021,1148,0.2786077986498742,0.2824147146336284,0.2,18,all,MG_98k,P2,2021_f2
MNH1_2021,416,0.3441589992447304,0.2703225809677979,0.2857142857142857,18,all,MG_98k,P2,2021_f2
NEH2_2021,247,0.17986141611857437,0.10534836607344786,0.24,18,all,MG_98k,P2,2021_f2
NEH3_2021,247,0.3110696508949454,0.13047363005953422,0.2,18,all,MG_98k,P2,2021_f2
TXH3_2021,264,0.2332141099560017,0.19485462380958826,0.5769230769230769,18,all,MG_98k,P2,2021_f2
DEH1_2021,1138,0.33341898539307946,0.33578386664438764,0.23684210526315788,8,all,MG_98k,P3,2021_f2
GAH1_2021,399,0.35549919979416916,0.29069424869487187,0.3,8,all,MG_98k,P3,2021_f2
IAH3_2021,1148,0.3274041455309252,0.33358741864155644,0.22608695652173913,8,all,MG_98k,P3,2021_f2
MNH1_2021,416,0.3977948561188223,0.38596368405456305,0.2619047619047619,8,all,MG_98k,P3,2021_f2
NEH2_2021,247,0.14203059222859551,0.11238560602923515,0.2,8,all,MG_98k,P3,2021_f2
NEH3_2021,247,0.3006738985463733,0.2240433590178921,0.28,8,all,MG_98k,P3,2021_f2
TXH3_2021,264,0.0858204480881392,0.22760871766370355,0.23076923076923078,8,all,MG_98k,P3,2021_f2
DEH1_2021,1138,0.38630928995719704,0.399163588498423,0.2631578947368421,0,all,D_noEC(MG_98k),P3,2021_f2
GAH1_2021,399,0.33384563411196494,0.29081600412288283,0.225,0,all,D_noEC(MG_98k),P3,2021_f2
IAH3_2021,1148,0.33058073599052584,0.3506310589100995,0.22608695652173913,0,all,D_noEC(MG_98k),P3,2021_f2
MNH1_2021,416,0.39046206114573234,0.3812598366659444,0.16666666666666666,0,all,D_noEC(MG_98k),P3,2021_f2
NEH2_2021,247,0.16313022009525643,0.13157894736842105,0.16,0,all,D_noEC(MG_98k),P3,2021_f2
NEH3_2021,247,0.268853109753302,0.19716535483233896,0.24,0,all,D_noEC(MG_98k),P3,2021_f2
TXH3_2021,264,0.04121399710168171,0.21042702803795083,0.23076923076923078,0,all,D_noEC(MG_98k),P3,2021_f2
DEH1_2021,1138,0.38630928995719704,0.399163588498423,0.2631578947368421,0,all,D_noEC(MG_98k),P2,2021_f2
GAH1_2021,399,0.33384563411196494,0.29081600412288283,0.225,0,all,D_noEC(MG_98k),P2,2021_f2
IAH3_2021,1148,0.33058073599052584,0.3506310589100995,0.22608695652173913,0,all,D_noEC(MG_98k),P2,2021_f2
MNH1_2021,416,0.39046206114573234,0.3812598366659444,0.16666666666666666,0,all,D_noEC(MG_98k),P2,2021_f2
NEH2_2021,247,0.16313022009525643,0.13157894736842105,0.16,0,all,D_noEC(MG_98k),P2,2021_f2
NEH3_2021,247,0.268853109753302,0.19716535483233896,0.24,0,all,D_noEC(MG_98k),P2,2021_f2
TXH3_2021,264,0.04121399710168171,0.21042702803795083,0.23076923076923078,0,all,D_noEC(MG_98k),P2,2021_f2
IAH1b_2014,234,-0.06002877363124139,-0.0644947540208247,0.2608695652173913,13,all,MG_2k,P1,2014_f3
ILH1_2014,239,0.14616173582639433,0.15317411483421817,0.16666666666666666,13,all,MG_2k,P1,2014_f3
MOH2_2014,247,0.2096272192296356,0.16494869989838726,0.32,13,all,MG_2k,P1,2014_f3
NCH1_2014,214,0.14150830144495982,0.07377514379911287,0.19047619047619047,13,all,MG_2k,P1,2014_f3
IAH1b_2014,153,-0.07273890664088443,-0.07669575007036307,0.26666666666666666,13,new,MG_2k,P1,2014_f3
ILH1_2014,138,0.1142710429431964,0.1085620871757053,0.0,13,new,MG_2k,P1,2014_f3
MOH2_2014,153,-0.0576726269164744,-0.02960945143607682,0.0,13,new,MG_2k,P1,2014_f3
NCH1_2014,102,-0.18759113133346644,-0.19514167293371257,0.1,13,new,MG_2k,P1,2014_f3
IAH1b_2014,234,0.12886537903757697,0.16727520493386627,0.34782608695652173,8,all,MG_2k,P2,2014_f3
ILH1_2014,239,0.22161915152507433,0.26596111247846416,0.125,8,all,MG_2k,P2,2014_f3
MOH2_2014,247,0.2591411320769435,0.2954462201014853,0.2,8,all,MG_2k,P2,2014_f3
NCH1_2014,214,0.31929402532149553,0.3366047185088361,0.19047619047619047,8,all,MG_2k,P2,2014_f3
IAH1b_2014,153,0.09829661278707279,0.13137120877058955,0.3333333333333333,8,new,MG_2k,P2,2014_f3
ILH1_2014,138,0.12917504070164643,0.17935381938815811,0.14285714285714285,8,new,MG_2k,P2,2014_f3
MOH2_2014,153,0.1293698121101075,0.1721616876415638,0.13333333333333333,8,new,MG_2k,P2,2014_f3
NCH1_2014,102,0.1726720850296377,0.20460726826537595,0.1,8,new,MG_2k,P2,2014_f3
IAH1b_2014,234,0.05820131977067681,0.08735462631910447,0.30434782608695654,10,all,MG_2k,P3,2014_f3
ILH1_2014,239,0.21624784253369544,0.2250835062058296,0.25,10,all,MG_2k,P3,2014_f3
MOH2_2014,247,0.28223202569974454,0.2752152501935101,0.28,10,all,MG_2k,P3,2014_f3
NCH1_2014,214,0.290427368330172,0.2669395201900383,0.19047619047619047,10,all,MG_2k,P3,2014_f3
IAH1b_2014,153,0.01526666648306247,0.05227976358007318,0.3333333333333333,10,new,MG_2k,P3,2014_f3
ILH1_2014,138,0.15190151691804993,0.1599195413583446,0.07142857142857142,10,new,MG_2k,P3,2014_f3
MOH2_2014,153,0.12289384050257457,0.12691153016230414,0.26666666666666666,10,new,MG_2k,P3,2014_f3
NCH1_2014,102,0.06528072766228156,0.0753685305709326,0.1,10,new,MG_2k,P3,2014_f3
IAH1b_2014,234,0.3758212512088567,0.4140396966440251,0.30434782608695654,0,all,D_noEC(MG_2k),P3,2014_f3
ILH1_2014,239,0.4098292572645324,0.4438126296543722,0.25,0,all,D_noEC(MG_2k),P3,2014_f3
MOH2_2014,247,0.4639830614968767,0.46674492015914015,0.36,0,all,D_noEC(MG_2k),P3,2014_f3
NCH1_2014,214,0.5890513075756767,0.5985367541042823,0.2857142857142857,0,all,D_noEC(MG_2k),P3,2014_f3
IAH1b_2014,153,0.35704178880458215,0.3853014890166593,0.4,0,new,D_noEC(MG_2k),P3,2014_f3
ILH1_2014,138,0.28671752679825857,0.29315576418585854,0.21428571428571427,0,new,D_noEC(MG_2k),P3,2014_f3
MOH2_2014,153,0.42476350114284434,0.3678078887057215,0.4,0,new,D_noEC(MG_2k),P3,2014_f3
NCH1_2014,102,0.5238074644160072,0.5339353467042878,0.1,0,new,D_noEC(MG_2k),P3,2014_f3
IAH1b_2014,234,0.4050682491250034,0.4500837062064348,0.30434782608695654,2,all,D_noEC(MG_2k),P2,2014_f3
ILH1_2014,239,0.4339815344370455,0.46716008579163876,0.2916666666666667,2,all,D_noEC(MG_2k),P2,2014_f3
MOH2_2014,247,0.47898059074812005,0.48795379327699495,0.4,2,all,D_noEC(MG_2k),P2,2014_f3
NCH1_2014,214,0.5994260316722162,0.6124382023503769,0.38095238095238093,2,all,D_noEC(MG_2k),P2,2014_f3
IAH1b_2014,153,0.38803761826710315,0.42456743462935403,0.3333333333333333,2,new,D_noEC(MG_2k),P2,2014_f3
ILH1_2014,138,0.3220200502873092,0.3324992180168908,0.2857142857142857,2,new,D_noEC(MG_2k),P2,2014_f3
MOH2_2014,153,0.4580441872438669,0.40987160414404994,0.4,2,new,D_noEC(MG_2k),P2,2014_f3
NCH1_2014,102,0.5551257151066372,0.5644469072835324,0.2,2,new,D_noEC(MG_2k),P2,2014_f3
IAH1b_2014,234,0.03823329449096821,0.017485348487083493,0.2608695652173913,12,all,MG_98k,P1,2014_f3
ILH1_2014,239,0.1846326799055833,0.18519830526352798,0.2916666666666667,12,all,MG_98k,P1,2014_f3
MOH2_2014,247,0.2756041154123182,0.24957395910644492,0.28,12,all,MG_98k,P1,2014_f3
NCH1_2014,214,0.2675613673048927,0.2394917210281904,0.23809523809523808,12,all,MG_98k,P1,2014_f3
IAH1b_2014,153,-0.012184741028386797,-0.030175706646294882,0.2,12,new,MG_98k,P1,2014_f3
ILH1_2014,138,0.14896208675109798,0.12723378897643547,0.2857142857142857,12,new,MG_98k,P1,2014_f3
MOH2_2014,153,0.07622638288264219,0.09408883170493075,0.13333333333333333,12,new,MG_98k,P1,2014_f3
NCH1_2014,102,0.022400622818152166,0.025586510678480757,0.0,12,new,MG_98k,P1,2014_f3
IAH1b_2014,234,0.35450706885922195,0.36585114577991945,0.2608695652173913,7,all,MG_98k,P2,2014_f3
ILH1_2014,239,0.404880839334632,0.4463714356035301,0.20833333333333334,7,all,MG_98k,P2,2014_f3
MOH2_2014,247,0.43258936705339823,0.4433309867903433,0.28,7,all,MG_98k,P2,2014_f3
NCH1_2014,214,0.5247440827761921,0.5102167012070248,0.2857142857142857,7,all,MG_98k,P2,2014_f3
IAH1b_2014,153,0.33659948503240994,0.3356318603996622,0.3333333333333333,7,new,MG_98k,P2,2014_f3
ILH1_2014,138,0.34158379250165066,0.3655000468048284,0.14285714285714285,7,new,MG_98k,P2,2014_f3
MOH2_2014,153,0.3447125821423986,0.34600203717850775,0.26666666666666666,7,new,MG_98k,P2,2014_f3
NCH1_2014,102,0.4060809374882992,0.39519708681319304,0.1,7,new,MG_98k,P2,2014_f3
IAH1b_2014,234,0.24314331954742882,0.23364731941117664,0.34782608695652173,9,all,MG_98k,P3,2014_f3
ILH1_2014,239,0.30704804975138,0.32942582890896943,0.20833333333333334,9,all,MG_98k,P3,2014_f3
MOH2_2014,247,0.3822030536556095,0.37976648181004463,0.28,9,all,MG_98k,P3,2014_f3
NCH1_2014,214,0.4261412056409564,0.4140710378331716,0.2857142857142857,9,all,MG_98k,P3,2014_f3
IAH1b_2014,153,0.2400894803897006,0.21582365003417633,0.4,9,new,MG_98k,P3,2014_f3
ILH1_2014,138,0.26383884862853335,0.25208623960875726,0.14285714285714285,9,new,MG_98k,P3,2014_f3
MOH2_2014,153,0.29774162970591816,0.294345489391929,0.2,9,new,MG_98k,P3,2014_f3
NCH1_2014,102,0.2778901089711462,0.2686498804078009,0.1,9,new,MG_98k,P3,2014_f3
IAH1b_2014,234,0.41690288004008874,0.4560000374629177,0.21739130434782608,0,all,D_noEC(MG_98k),P3,2014_f3
ILH1_2014,239,0.45594513585858903,0.5085193910200063,0.25,0,all,D_noEC(MG_98k),P3,2014_f3
MOH2_2014,247,0.4912865233485478,0.5066613683637162,0.28,0,all,D_noEC(MG_98k),P3,2014_f3
NCH1_2014,214,0.6036412695040138,0.622155624466206,0.23809523809523808,0,all,D_noEC(MG_98k),P3,2014_f3
IAH1b_2014,153,0.4327501561677398,0.4591693136584777,0.26666666666666666,0,new,D_noEC(MG_98k),P3,2014_f3
ILH1_2014,138,0.35730163188738157,0.39251442387822516,0.21428571428571427,0,new,D_noEC(MG_98k),P3,2014_f3
MOH2_2014,153,0.48108557883077396,0.44551887740742224,0.4,0,new,D_noEC(MG_98k),P3,2014_f3
NCH1_2014,102,0.548670373869439,0.560669716314864,0.2,0,new,D_noEC(MG_98k),P3,2014_f3
IAH1b_2014,234,0.4653721352761881,0.5142511279850337,0.17391304347826086,3,all,D_noEC(MG_98k),P2,2014_f3
ILH1_2014,239,0.43462411453483424,0.48399142083611685,0.25,3,all,D_noEC(MG_98k),P2,2014_f3
MOH2_2014,247,0.49182520829030163,0.5101055307275025,0.32,3,all,D_noEC(MG_98k),P2,2014_f3
NCH1_2014,214,0.6541872921203201,0.6723272038228064,0.23809523809523808,3,all,D_noEC(MG_98k),P2,2014_f3
IAH1b_2014,153,0.475918738607505,0.5170982268505487,0.13333333333333333,3,new,D_noEC(MG_98k),P2,2014_f3
ILH1_2014,138,0.33899635186579136,0.3831306265682471,0.21428571428571427,3,new,D_noEC(MG_98k),P2,2014_f3
MOH2_2014,153,0.5059895539705925,0.4522033693860319,0.3333333333333333,3,new,D_noEC(MG_98k),P2,2014_f3
NCH1_2014,102,0.6384050877059526,0.6556083935063981,0.2,3,new,D_noEC(MG_98k),P2,2014_f3
ILH1_2015,419,0.30022852735199074,0.2516748161848105,0.23809523809523808,14,all,MG_2k,P1,2015_f3
MOH2_2015,424,0.24511358132930422,0.21613132768161458,0.11904761904761904,14,all,MG_2k,P1,2015_f3
NCH1_2015,417,0.20938960107862745,0.17881376580078798,0.14285714285714285,14,all,MG_2k,P1,2015_f3
SDH1_2015,322,0.22359175407247678,0.23824995686804887,0.125,14,all,MG_2k,P1,2015_f3
WIH2_2015,404,0.12251042096976518,0.13765534960616752,0.15,14,all,MG_2k,P1,2015_f3
ILH1_2015,284,0.21713156843835785,0.18442989452747408,0.17857142857142858,14,new,MG_2k,P1,2015_f3
MOH2_2015,279,0.21172691264844304,0.19540441379615203,0.17857142857142858,14,new,MG_2k,P1,2015_f3
NCH1_2015,273,0.09128915000132984,0.09575909313428582,0.14814814814814814,14,new,MG_2k,P1,2015_f3
SDH1_2015,192,0.2837815106167444,0.2602746403383371,0.15789473684210525,14,new,MG_2k,P1,2015_f3
WIH2_2015,254,0.14573118366579887,0.14930938040583752,0.12,14,new,MG_2k,P1,2015_f3
ILH1_2015,419,0.30585161681070844,0.2647146159715616,0.21428571428571427,12,all,MG_2k,P2,2015_f3
MOH2_2015,424,0.25078421952533697,0.20565848820459537,0.11904761904761904,12,all,MG_2k,P2,2015_f3
NCH1_2015,417,0.2679009057392403,0.26798209265782635,0.19047619047619047,12,all,MG_2k,P2,2015_f3
SDH1_2015,322,0.24219256448277204,0.24797944762343327,0.09375,12,all,MG_2k,P2,2015_f3
WIH2_2015,404,0.14247734677614443,0.14853670341313546,0.125,12,all,MG_2k,P2,2015_f3
ILH1_2015,284,0.21369004128037944,0.1765858266136395,0.10714285714285714,12,new,MG_2k,P2,2015_f3
MOH2_2015,279,0.20416115731555354,0.1743930201460951,0.10714285714285714,12,new,MG_2k,P2,2015_f3
NCH1_2015,273,0.1522122662068803,0.18673349021841232,0.07407407407407407,12,new,MG_2k,P2,2015_f3
SDH1_2015,192,0.2506758052830411,0.25178543347389615,0.10526315789473684,12,new,MG_2k,P2,2015_f3
WIH2_2015,254,0.15555977730487458,0.13762192964132902,0.12,12,new,MG_2k,P2,2015_f3
ILH1_2015,419,0.27710628268858367,0.24743400807236232,0.16666666666666666,10,all,MG_2k,P3,2015_f3
MOH2_2015,424,0.24003464356497992,0.2232073110255744,0.11904761904761904,10,all,MG_2k,P3,2015_f3
NCH1_2015,417,0.25365149493247213,0.28059064424242763,0.21428571428571427,10,all,MG_2k,P3,2015_f3
SDH1_2015,322,0.23825975525799106,0.24363030882480197,0.09375,10,all,MG_2k,P3,2015_f3
WIH2_2015,404,0.0776759190481748,0.09868551855632837,0.125,10,all,MG_2k,P3,2015_f3
ILH1_2015,284,0.18703943314711635,0.1484976930910187,0.07142857142857142,10,new,MG_2k,P3,2015_f3
MOH2_2015,279,0.18696187798086175,0.1944142381946977,0.07142857142857142,10,new,MG_2k,P3,2015_f3
NCH1_2015,273,0.1554098020295603,0.20851631662464154,0.1111111111111111,10,new,MG_2k,P3,2015_f3
SDH1_2015,192,0.2076819025152534,0.21481999855039444,0.10526315789473684,10,new,MG_2k,P3,2015_f3
WIH2_2015,254,0.051108639874134984,0.06418724526382825,0.08,10,new,MG_2k,P3,2015_f3
ILH1_2015,419,0.2741472185289081,0.2577635145070509,0.21428571428571427,0,all,D_noEC(MG_2k),P3,2015_f3
MOH2_2015,424,0.2338770711701042,0.25048921214411096,0.16666666666666666,0,all,D_noEC(MG_2k),P3,2015_f3
NCH1_2015,417,0.32983077038753245,0.3435427128059069,0.2857142857142857,0,all,D_noEC(MG_2k),P3,2015_f3
SDH1_2015,322,0.26476296082720263,0.26696918940679615,0.09375,0,all,D_noEC(MG_2k),P3,2015_f3
WIH2_2015,404,0.09613652059671778,0.08732626745378413,0.15,0,all,D_noEC(MG_2k),P3,2015_f3
ILH1_2015,284,0.1746467578796844,0.14263965746606053,0.03571428571428571,0,new,D_noEC(MG_2k),P3,2015_f3
MOH2_2015,279,0.21710049843611912,0.21984826885035752,0.10714285714285714,0,new,D_noEC(MG_2k),P3,2015_f3
NCH1_2015,273,0.19168942132344352,0.25262221986322575,0.1111111111111111,0,new,D_noEC(MG_2k),P3,2015_f3
SDH1_2015,192,0.20182976524673385,0.21034226830693759,0.10526315789473684,0,new,D_noEC(MG_2k),P3,2015_f3
WIH2_2015,254,0.07247130587969232,0.05411414194357783,0.08,0,new,D_noEC(MG_2k),P3,2015_f3
ILH1_2015,419,0.2741472185289081,0.2577635145070509,0.21428571428571427,0,all,D_noEC(MG_2k),P2,2015_f3
MOH2_2015,424,0.2338770711701042,0.25048921214411096,0.16666666666666666,0,all,D_noEC(MG_2k),P2,2015_f3
NCH1_2015,417,0.32983077038753245,0.3435427128059069,0.2857142857142857,0,all,D_noEC(MG_2k),P2,2015_f3
SDH1_2015,322,0.26476296082720263,0.26696918940679615,0.09375,0,all,D_noEC(MG_2k),P2,2015_f3
WIH2_2015,404,0.09613652059671778,0.08732626745378413,0.15,0,all,D_noEC(MG_2k),P2,2015_f3
ILH1_2015,284,0.1746467578796844,0.14263965746606053,0.03571428571428571,0,new,D_noEC(MG_2k),P2,2015_f3
MOH2_2015,279,0.21710049843611912,0.21984826885035752,0.10714285714285714,0,new,D_noEC(MG_2k),P2,2015_f3
NCH1_2015,273,0.19168942132344352,0.25262221986322575,0.1111111111111111,0,new,D_noEC(MG_2k),P2,2015_f3
SDH1_2015,192,0.20182976524673385,0.21034226830693759,0.10526315789473684,0,new,D_noEC(MG_2k),P2,2015_f3
WIH2_2015,254,0.07247130587969232,0.05411414194357783,0.08,0,new,D_noEC(MG_2k),P2,2015_f3
ILH1_2015,419,0.08518593143751375,0.14006893597053427,0.07142857142857142,3,all,MG_98k,P1,2015_f3
MOH2_2015,424,0.09834014422033069,0.1348487496162656,0.07142857142857142,3,all,MG_98k,P1,2015_f3
NCH1_2015,417,0.1045679245502921,0.14287620393539516,0.16666666666666666,3,all,MG_98k,P1,2015_f3
SDH1_2015,322,-0.02466383163181331,0.047377217701355105,0.09375,3,all,MG_98k,P1,2015_f3
WIH2_2015,404,0.07680083834251875,0.09991038060807103,0.175,3,all,MG_98k,P1,2015_f3
ILH1_2015,284,0.01175211659084782,0.027212728628209643,0.03571428571428571,3,new,MG_98k,P1,2015_f3
MOH2_2015,279,0.06744762411982991,0.08685254561327896,0.07142857142857142,3,new,MG_98k,P1,2015_f3
NCH1_2015,273,0.05534005014180454,0.07689397290496115,0.2222222222222222,3,new,MG_98k,P1,2015_f3
SDH1_2015,192,-0.11786525941403886,-0.10645672255070512,0.05263157894736842,3,new,MG_98k,P1,2015_f3
WIH2_2015,254,0.09228221917234349,0.11292193775151137,0.28,3,new,MG_98k,P1,2015_f3
ILH1_2015,419,0.3627667637071868,0.33915526825115083,0.2619047619047619,12,all,MG_98k,P2,2015_f3
MOH2_2015,424,0.2873182001897497,0.25082563896694765,0.11904761904761904,12,all,MG_98k,P2,2015_f3
NCH1_2015,417,0.2803398430616357,0.2864027895914894,0.19047619047619047,12,all,MG_98k,P2,2015_f3
SDH1_2015,322,0.26844798808315107,0.29161406964373476,0.125,12,all,MG_98k,P2,2015_f3
WIH2_2015,404,0.15926921716286832,0.16482852431739325,0.125,12,all,MG_98k,P2,2015_f3
ILH1_2015,284,0.2928906547929598,0.26858873310477754,0.17857142857142858,12,new,MG_98k,P2,2015_f3
MOH2_2015,279,0.2506050319199812,0.24492811280929172,0.10714285714285714,12,new,MG_98k,P2,2015_f3
NCH1_2015,273,0.16783031076947824,0.2240841988547778,0.07407407407407407,12,new,MG_98k,P2,2015_f3
SDH1_2015,192,0.3224788213894195,0.3329500163401001,0.15789473684210525,12,new,MG_98k,P2,2015_f3
WIH2_2015,254,0.17231384003767983,0.16714189652688569,0.12,12,new,MG_98k,P2,2015_f3
ILH1_2015,419,0.31529272269019804,0.3018875111620296,0.2619047619047619,7,all,MG_98k,P3,2015_f3
MOH2_2015,424,0.25677522792418533,0.23733660786675168,0.07142857142857142,7,all,MG_98k,P3,2015_f3
NCH1_2015,417,0.25716668471439774,0.25148771715646284,0.2619047619047619,7,all,MG_98k,P3,2015_f3
SDH1_2015,322,0.17042093238488534,0.1561396540817232,0.15625,7,all,MG_98k,P3,2015_f3
WIH2_2015,404,0.11213106156953793,0.11899988434739907,0.175,7,all,MG_98k,P3,2015_f3
ILH1_2015,284,0.2259891833761259,0.20962070502882577,0.07142857142857142,7,new,MG_98k,P3,2015_f3
MOH2_2015,279,0.20827183398565796,0.19262617555725006,0.10714285714285714,7,new,MG_98k,P3,2015_f3
NCH1_2015,273,0.1636318517520349,0.1832327736198643,0.18518518518518517,7,new,MG_98k,P3,2015_f3
SDH1_2015,192,0.04689965546790126,0.028191389482422866,0.10526315789473684,7,new,MG_98k,P3,2015_f3
WIH2_2015,254,0.1594104722610826,0.13438957327074377,0.12,7,new,MG_98k,P3,2015_f3
ILH1_2015,419,0.31125370132244556,0.29332106572423605,0.2619047619047619,0,all,D_noEC(MG_98k),P3,2015_f3
MOH2_2015,424,0.23290364441887634,0.23090750230240628,0.07142857142857142,0,all,D_noEC(MG_98k),P3,2015_f3
NCH1_2015,417,0.29151499062644964,0.27431892890904497,0.21428571428571427,0,all,D_noEC(MG_98k),P3,2015_f3
SDH1_2015,322,0.17104225432176517,0.15623741984645276,0.125,0,all,D_noEC(MG_98k),P3,2015_f3
WIH2_2015,404,0.14022328295084496,0.13121101558725962,0.15,0,all,D_noEC(MG_98k),P3,2015_f3
ILH1_2015,284,0.2293789751849813,0.20991067307733358,0.10714285714285714,0,new,D_noEC(MG_98k),P3,2015_f3
MOH2_2015,279,0.20564826170193337,0.19097901402380402,0.10714285714285714,0,new,D_noEC(MG_98k),P3,2015_f3
NCH1_2015,273,0.16143336268677402,0.18433893046942657,0.18518518518518517,0,new,D_noEC(MG_98k),P3,2015_f3
SDH1_2015,192,0.06583328197837163,0.0501214166819657,0.10526315789473684,0,new,D_noEC(MG_98k),P3,2015_f3
WIH2_2015,254,0.19103749821105828,0.15638519450433772,0.12,0,new,D_noEC(MG_98k),P3,2015_f3
ILH1_2015,419,0.3079133827711252,0.28883865748813276,0.2619047619047619,1,all,D_noEC(MG_98k),P2,2015_f3
MOH2_2015,424,0.2360039076703781,0.24241040294078287,0.07142857142857142,1,all,D_noEC(MG_98k),P2,2015_f3
NCH1_2015,417,0.3015979630875327,0.28513603465991405,0.23809523809523808,1,all,D_noEC(MG_98k),P2,2015_f3
SDH1_2015,322,0.17654173237462925,0.16348700290422094,0.125,1,all,D_noEC(MG_98k),P2,2015_f3
WIH2_2015,404,0.13606298323301327,0.12877703334061638,0.15,1,all,D_noEC(MG_98k),P2,2015_f3
ILH1_2015,284,0.22712781694348533,0.2079951027623041,0.10714285714285714,1,new,D_noEC(MG_98k),P2,2015_f3
MOH2_2015,279,0.20440719219252762,0.19847716297008478,0.10714285714285714,1,new,D_noEC(MG_98k),P2,2015_f3
NCH1_2015,273,0.1622142282642214,0.18887502875254214,0.18518518518518517,1,new,D_noEC(MG_98k),P2,2015_f3
SDH1_2015,192,0.07826156420142345,0.06561544842366598,0.10526315789473684,1,new,D_noEC(MG_98k),P2,2015_f3
WIH2_2015,254,0.1936216770173973,0.15627498389405836,0.16,1,new,D_noEC(MG_98k),P2,2015_f3
GAH2_2016,89,0.22522788084394363,0.15257065032345934,0.4444444444444444,12,all,MG_2k,P1,2016_f3
ILH1_2016,216,0.19059222529600275,0.23743793091129922,0.13636363636363635,12,all,MG_2k,P1,2016_f3
NCH1_2016,233,0.4523627308167342,0.4711495770767637,0.34782608695652173,12,all,MG_2k,P1,2016_f3
WIH2_2016,418,0.5640362119009468,0.5638544970169734,0.4523809523809524,12,all,MG_2k,P1,2016_f3
GAH2_2016,20,0.08142752849019405,-0.015037593984962403,0.5,12,new,MG_2k,P1,2016_f3
NCH1_2016,62,0.13813707573236222,0.1906021001737554,0.0,12,new,MG_2k,P1,2016_f3
WIH2_2016,44,0.06703194367707892,0.08019732205778717,0.0,12,new,MG_2k,P1,2016_f3
GAH2_2016,89,0.2701006881463591,0.12953694245829078,0.4444444444444444,14,all,MG_2k,P2,2016_f3
ILH1_2016,216,0.23250887562697095,0.28675621286273945,0.18181818181818182,14,all,MG_2k,P2,2016_f3
NCH1_2016,233,0.44499992311747105,0.44379997191895965,0.17391304347826086,14,all,MG_2k,P2,2016_f3
WIH2_2016,418,0.5576957347883674,0.5566003626738557,0.35714285714285715,14,all,MG_2k,P2,2016_f3
GAH2_2016,20,0.08456903828851449,0.025563909774436087,0.5,14,new,MG_2k,P2,2016_f3
NCH1_2016,62,0.11312444302936597,0.20218579234972678,0.0,14,new,MG_2k,P2,2016_f3
WIH2_2016,44,0.13854236002546907,0.13234672304439746,0.0,14,new,MG_2k,P2,2016_f3
GAH2_2016,89,0.21995474053131658,0.18219271365338785,0.4444444444444444,11,all,MG_2k,P3,2016_f3
ILH1_2016,216,0.15833160988576872,0.1961014063039569,0.09090909090909091,11,all,MG_2k,P3,2016_f3
NCH1_2016,233,0.4582626448071109,0.47728850992133515,0.34782608695652173,11,all,MG_2k,P3,2016_f3
WIH2_2016,418,0.5566987141870192,0.5533416707955535,0.3333333333333333,11,all,MG_2k,P3,2016_f3
GAH2_2016,20,0.13976850715400016,0.06766917293233082,0.5,11,new,MG_2k,P3,2016_f3
NCH1_2016,62,0.14445758251228383,0.1743345672483695,0.3333333333333333,11,new,MG_2k,P3,2016_f3
WIH2_2016,44,0.024395224505699878,0.032135306553911204,0.0,11,new,MG_2k,P3,2016_f3
GAH2_2016,89,0.20737840140976724,0.16270003404834868,0.4444444444444444,0,all,D_noEC(MG_2k),P3,2016_f3
ILH1_2016,216,0.10382192743088552,0.15198799699924978,0.09090909090909091,0,all,D_noEC(MG_2k),P3,2016_f3
NCH1_2016,233,0.4819934779487458,0.4880883262561522,0.34782608695652173,0,all,D_noEC(MG_2k),P3,2016_f3
WIH2_2016,418,0.5717586260007055,0.5746242986882832,0.38095238095238093,0,all,D_noEC(MG_2k),P3,2016_f3
GAH2_2016,20,-0.007787810927728763,-0.021052631578947364,0.0,0,new,D_noEC(MG_2k),P3,2016_f3
NCH1_2016,62,0.14298101859701573,0.15267809926720557,0.3333333333333333,0,new,D_noEC(MG_2k),P3,2016_f3
WIH2_2016,44,0.021245947397155837,0.04679351656095841,0.0,0,new,D_noEC(MG_2k),P3,2016_f3
GAH2_2016,89,0.20737840140976724,0.16270003404834868,0.4444444444444444,0,all,D_noEC(MG_2k),P2,2016_f3
ILH1_2016,216,0.10382192743088552,0.15198799699924978,0.09090909090909091,0,all,D_noEC(MG_2k),P2,2016_f3
NCH1_2016,233,0.4819934779487458,0.4880883262561522,0.34782608695652173,0,all,D_noEC(MG_2k),P2,2016_f3
WIH2_2016,418,0.5717586260007055,0.5746242986882832,0.38095238095238093,0,all,D_noEC(MG_2k),P2,2016_f3
GAH2_2016,20,-0.007787810927728763,-0.021052631578947364,0.0,0,new,D_noEC(MG_2k),P2,2016_f3
NCH1_2016,62,0.14298101859701573,0.15267809926720557,0.3333333333333333,0,new,D_noEC(MG_2k),P2,2016_f3
WIH2_2016,44,0.021245947397155837,0.04679351656095841,0.0,0,new,D_noEC(MG_2k),P2,2016_f3
GAH2_2016,89,0.23488349719014423,0.18910452843037115,0.5555555555555556,11,all,MG_98k,P1,2016_f3
ILH1_2016,216,0.12269638873907344,0.1652043963371795,0.18181818181818182,11,all,MG_98k,P1,2016_f3
NCH1_2016,233,0.5184436509002335,0.5468175453375985,0.34782608695652173,11,all,MG_98k,P1,2016_f3
WIH2_2016,418,0.577725677742185,0.580656978111656,0.38095238095238093,11,all,MG_98k,P1,2016_f3
GAH2_2016,20,0.12990743263287394,-0.04060150375939849,0.5,11,new,MG_98k,P1,2016_f3
NCH1_2016,62,0.1383696914062659,0.15549847649265944,0.16666666666666666,11,new,MG_98k,P1,2016_f3
WIH2_2016,44,0.23508574280267636,0.18308668076109932,0.25,11,new,MG_98k,P1,2016_f3
GAH2_2016,89,0.297906206722406,0.17688117126319378,0.4444444444444444,14,all,MG_98k,P2,2016_f3
ILH1_2016,216,0.22524876608251998,0.291521689946296,0.18181818181818182,14,all,MG_98k,P2,2016_f3
NCH1_2016,233,0.4568336282276996,0.4707985640722062,0.17391304347826086,14,all,MG_98k,P2,2016_f3
WIH2_2016,418,0.5697330319589748,0.5754775426213253,0.35714285714285715,14,all,MG_98k,P2,2016_f3
GAH2_2016,20,0.187903386181308,-0.010526315789473682,0.5,14,new,MG_98k,P2,2016_f3
NCH1_2016,62,0.10055077987861073,0.18068041600564078,0.16666666666666666,14,new,MG_98k,P2,2016_f3
WIH2_2016,44,0.2543155884022096,0.2842847075405215,0.25,14,new,MG_98k,P2,2016_f3
GAH2_2016,89,0.19347298832222987,0.16569628872999664,0.3333333333333333,8,all,MG_98k,P3,2016_f3
ILH1_2016,216,0.030087347548923116,0.07933888233963252,0.0,8,all,MG_98k,P3,2016_f3
NCH1_2016,233,0.5291216294898669,0.5626264121158304,0.34782608695652173,8,all,MG_98k,P3,2016_f3
WIH2_2016,418,0.5643512162551894,0.5533916199878594,0.35714285714285715,8,all,MG_98k,P3,2016_f3
GAH2_2016,20,-0.06308427274377991,-0.015037593984962403,0.5,8,new,MG_98k,P3,2016_f3
NCH1_2016,62,0.08702927618412815,0.08453577094507819,0.16666666666666666,8,new,MG_98k,P3,2016_f3
WIH2_2016,44,0.12448043687493349,0.09739252995066947,0.0,8,new,MG_98k,P3,2016_f3
GAH2_2016,89,0.12593791953359612,0.08137555328566566,0.3333333333333333,0,all,D_noEC(MG_98k),P3,2016_f3
ILH1_2016,216,0.10544473907315763,0.184918848759809,0.045454545454545456,0,all,D_noEC(MG_98k),P3,2016_f3
NCH1_2016,233,0.5492843022687727,0.5650142492306174,0.391304347826087,0,all,D_noEC(MG_98k),P3,2016_f3
WIH2_2016,418,0.6031171348748102,0.5892827435645437,0.4523809523809524,0,all,D_noEC(MG_98k),P3,2016_f3
GAH2_2016,20,-0.3169836761150031,-0.22105263157894736,0.0,0,new,D_noEC(MG_98k),P3,2016_f3
NCH1_2016,62,0.15262691397337566,0.09632091863715343,0.16666666666666666,0,new,D_noEC(MG_98k),P3,2016_f3
WIH2_2016,44,0.14813394821929063,0.029316420014094426,0.0,0,new,D_noEC(MG_98k),P3,2016_f3
GAH2_2016,89,0.12593791953359612,0.08137555328566566,0.3333333333333333,0,all,D_noEC(MG_98k),P2,2016_f3
ILH1_2016,216,0.10544473907315763,0.184918848759809,0.045454545454545456,0,all,D_noEC(MG_98k),P2,2016_f3
NCH1_2016,233,0.5492843022687727,0.5650142492306174,0.391304347826087,0,all,D_noEC(MG_98k),P2,2016_f3
WIH2_2016,418,0.6031171348748102,0.5892827435645437,0.4523809523809524,0,all,D_noEC(MG_98k),P2,2016_f3
GAH2_2016,20,-0.3169836761150031,-0.22105263157894736,0.0,0,new,D_noEC(MG_98k),P2,2016_f3
NCH1_2016,62,0.15262691397337566,0.09632091863715343,0.16666666666666666,0,new,D_noEC(MG_98k),P2,2016_f3
WIH2_2016,44,0.14813394821929063,0.029316420014094426,0.0,0,new,D_noEC(MG_98k),P2,2016_f3
GAH2_2017,84,0.33399908363294867,0.33607370659107016,0.375,12,all,MG_2k,P1,2017_f3
ILH1_2017,173,0.03020665034233327,0.019846475471768082,0.11764705882352941,12,all,MG_2k,P1,2017_f3
NCH1_2017,145,0.20703964192322183,0.12634636902301918,0.07142857142857142,12,all,MG_2k,P1,2017_f3
WIH2_2017,279,0.5911123653391233,0.5991545933759904,0.21428571428571427,12,all,MG_2k,P1,2017_f3
NCH1_2017,10,-0.3978764857275113,-0.49090909090909085,0.0,12,new,MG_2k,P1,2017_f3
GAH2_2017,84,0.43004220562181433,0.42099827882960417,0.25,4,all,MG_2k,P2,2017_f3
ILH1_2017,173,0.06422382340025783,0.057638911422095124,0.0,4,all,MG_2k,P2,2017_f3
NCH1_2017,145,0.37611080220365256,0.3205758153991233,0.07142857142857142,4,all,MG_2k,P2,2017_f3
WIH2_2017,279,0.6357955594247522,0.6399219794671176,0.25,4,all,MG_2k,P2,2017_f3
NCH1_2017,10,0.1366923975360394,0.01818181818181818,0.0,4,new,MG_2k,P2,2017_f3
GAH2_2017,84,0.35024333079085884,0.36737875873240866,0.375,11,all,MG_2k,P3,2017_f3
ILH1_2017,173,0.0453480351030356,0.040091595551867844,0.058823529411764705,11,all,MG_2k,P3,2017_f3
NCH1_2017,145,0.23977463680007974,0.16099645823151615,0.07142857142857142,11,all,MG_2k,P3,2017_f3
WIH2_2017,279,0.6023978326336403,0.6086087811778228,0.21428571428571427,11,all,MG_2k,P3,2017_f3
NCH1_2017,10,-0.36878455685500877,-0.49090909090909085,0.0,11,new,MG_2k,P3,2017_f3
GAH2_2017,84,0.3586931521361252,0.35403462589855217,0.25,0,all,D_noEC(MG_2k),P3,2017_f3
ILH1_2017,173,0.058538173418313404,0.05907588617305811,0.058823529411764705,0,all,D_noEC(MG_2k),P3,2017_f3
NCH1_2017,145,0.2949706957747724,0.21531669748543872,0.07142857142857142,0,all,D_noEC(MG_2k),P3,2017_f3
WIH2_2017,279,0.650030855932693,0.6585037960415079,0.32142857142857145,0,all,D_noEC(MG_2k),P3,2017_f3
NCH1_2017,10,-0.21077308831299876,-0.23636363636363633,0.0,0,new,D_noEC(MG_2k),P3,2017_f3
GAH2_2017,84,0.4166595546691794,0.3761668522830819,0.25,4,all,D_noEC(MG_2k),P2,2017_f3
ILH1_2017,173,0.03832844071312406,0.04227718779405835,0.11764705882352941,4,all,D_noEC(MG_2k),P2,2017_f3
NCH1_2017,145,0.3916331637577471,0.31089425965833395,0.14285714285714285,4,all,D_noEC(MG_2k),P2,2017_f3
WIH2_2017,279,0.6457957909852785,0.6454419874238858,0.2857142857142857,4,all,D_noEC(MG_2k),P2,2017_f3
NCH1_2017,10,-0.046257078650161994,-0.05454545454545454,0.0,4,new,D_noEC(MG_2k),P2,2017_f3
GAH2_2017,84,0.349849060078834,0.3658803280348284,0.375,13,all,MG_98k,P1,2017_f3
ILH1_2017,173,0.01802266789070759,0.008128178147785901,0.11764705882352941,13,all,MG_98k,P1,2017_f3
NCH1_2017,145,0.22284340510690492,0.11815867398710059,0.07142857142857142,13,all,MG_98k,P1,2017_f3
WIH2_2017,279,0.5956101597484451,0.6020317386643681,0.25,13,all,MG_98k,P1,2017_f3
NCH1_2017,10,-0.44579677086678,-0.6,0.0,13,new,MG_98k,P1,2017_f3
GAH2_2017,84,0.4268527730861766,0.42840943606358206,0.25,7,all,MG_98k,P2,2017_f3
ILH1_2017,173,0.0673527571093069,0.06036684574771359,0.11764705882352941,7,all,MG_98k,P2,2017_f3
NCH1_2017,145,0.387562869831053,0.30724719261469036,0.07142857142857142,7,all,MG_98k,P2,2017_f3
WIH2_2017,279,0.6847762947352874,0.6866353921471119,0.39285714285714285,7,all,MG_98k,P2,2017_f3
NCH1_2017,10,0.10456075686629653,0.16363636363636364,0.0,7,new,MG_98k,P2,2017_f3
GAH2_2017,84,0.42242161504099174,0.4357193479801559,0.25,8,all,MG_98k,P3,2017_f3
ILH1_2017,173,0.07544698632932079,0.0686920284984541,0.058823529411764705,8,all,MG_98k,P3,2017_f3
NCH1_2017,145,0.3777106716796464,0.2942807178799231,0.07142857142857142,8,all,MG_98k,P3,2017_f3
WIH2_2017,279,0.675170385050798,0.679477616063831,0.39285714285714285,8,all,MG_98k,P3,2017_f3
NCH1_2017,10,-0.005399376158518679,-0.10303030303030303,0.0,8,new,MG_98k,P3,2017_f3
GAH2_2017,84,0.4108385494060059,0.3380986129391516,0.25,0,all,D_noEC(MG_98k),P3,2017_f3
ILH1_2017,173,0.05724091659753464,0.029606315272260365,0.058823529411764705,0,all,D_noEC(MG_98k),P3,2017_f3
NCH1_2017,145,0.38764977052808086,0.27934604722306006,0.07142857142857142,0,all,D_noEC(MG_98k),P3,2017_f3
WIH2_2017,279,0.6783360786936251,0.670072052956713,0.42857142857142855,0,all,D_noEC(MG_98k),P3,2017_f3
NCH1_2017,10,-0.1024387664579379,-0.19999999999999998,0.0,0,new,D_noEC(MG_98k),P3,2017_f3
GAH2_2017,84,0.4108385494060059,0.3380986129391516,0.25,0,all,D_noEC(MG_98k),P2,2017_f3
ILH1_2017,173,0.05724091659753464,0.029606315272260365,0.058823529411764705,0,all,D_noEC(MG_98k),P2,2017_f3
NCH1_2017,145,0.38764977052808086,0.27934604722306006,0.07142857142857142,0,all,D_noEC(MG_98k),P2,2017_f3
WIH2_2017,279,0.6783360786936251,0.670072052956713,0.42857142857142855,0,all,D_noEC(MG_98k),P2,2017_f3
NCH1_2017,10,-0.1024387664579379,-0.19999999999999998,0.0,0,new,D_noEC(MG_98k),P2,2017_f3
GAH2_2018,440,0.1511060225564142,0.13351904998537517,0.20454545454545456,5,all,MG_2k,P1,2018_f3
ILH1_2018,397,0.4582181966217847,0.45676007254809203,0.325,5,all,MG_2k,P1,2018_f3
NCH1_2018,640,0.10459380369244303,0.08259405244746611,0.1875,5,all,MG_2k,P1,2018_f3
WIH2_2018,819,-0.02462562107784808,-0.0316078520808334,0.0975609756097561,5,all,MG_2k,P1,2018_f3
GAH2_2018,440,0.07272014396265988,0.013341593145999824,0.22727272727272727,18,all,MG_2k,P2,2018_f3
ILH1_2018,397,0.3379703128612714,0.25669379196835573,0.225,18,all,MG_2k,P2,2018_f3
NCH1_2018,640,0.31380015428839025,0.29946492081824183,0.078125,18,all,MG_2k,P2,2018_f3
WIH2_2018,819,0.15578189676255472,0.17516459502474688,0.0975609756097561,18,all,MG_2k,P2,2018_f3
GAH2_2018,440,0.15807531582050963,0.12911249392929222,0.18181818181818182,11,all,MG_2k,P3,2018_f3
ILH1_2018,397,0.4875369076554699,0.4641886372916184,0.4,11,all,MG_2k,P3,2018_f3
NCH1_2018,640,0.11306337826266294,0.08392289837185768,0.15625,11,all,MG_2k,P3,2018_f3
WIH2_2018,819,-0.005480092977370486,-0.014311403259698771,0.0975609756097561,11,all,MG_2k,P3,2018_f3
GAH2_2018,440,0.12883371113292685,0.13232572071151194,0.1590909090909091,0,all,D_noEC(MG_2k),P3,2018_f3
ILH1_2018,397,0.5263705818691493,0.5237151569071997,0.425,0,all,D_noEC(MG_2k),P3,2018_f3
NCH1_2018,640,-0.045163505173461516,-0.07746545974492136,0.109375,0,all,D_noEC(MG_2k),P3,2018_f3
WIH2_2018,819,-0.0747771703044168,-0.07264811916665107,0.08536585365853659,0,all,D_noEC(MG_2k),P3,2018_f3
GAH2_2018,440,0.12300391159628216,0.13709720646703327,0.1590909090909091,4,all,D_noEC(MG_2k),P2,2018_f3
ILH1_2018,397,0.4967855730695532,0.5065168232040425,0.425,4,all,D_noEC(MG_2k),P2,2018_f3
NCH1_2018,640,0.004866431283566345,-0.02213723917324793,0.109375,4,all,D_noEC(MG_2k),P2,2018_f3
WIH2_2018,819,-0.058229255713734454,-0.05401884286596728,0.06097560975609756,4,all,D_noEC(MG_2k),P2,2018_f3
GAH2_2018,440,0.14358986028860501,0.1291727872747312,0.18181818181818182,6,all,MG_98k,P1,2018_f3
ILH1_2018,397,0.47980362545836663,0.46824765155594333,0.3,6,all,MG_98k,P1,2018_f3
NCH1_2018,640,0.11469550534182722,0.09475590632966757,0.203125,6,all,MG_98k,P1,2018_f3
WIH2_2018,819,-0.026985253498292998,-0.032462319966593274,0.04878048780487805,6,all,MG_98k,P1,2018_f3
GAH2_2018,440,0.03391786509919199,-0.01859035426214549,0.22727272727272727,18,all,MG_98k,P2,2018_f3
ILH1_2018,397,0.3628021168357622,0.2911922967237387,0.225,18,all,MG_98k,P2,2018_f3
NCH1_2018,640,0.25091857207599816,0.24573281224728227,0.125,18,all,MG_98k,P2,2018_f3
WIH2_2018,819,0.14145011741517918,0.16530059914053105,0.10975609756097561,18,all,MG_98k,P2,2018_f3
GAH2_2018,440,0.13914144548782695,0.12212438249507439,0.1590909090909091,8,all,MG_98k,P3,2018_f3
ILH1_2018,397,0.4742307071256681,0.4668682445254839,0.3,8,all,MG_98k,P3,2018_f3
NCH1_2018,640,0.12009824495815172,0.10370157221438843,0.171875,8,all,MG_98k,P3,2018_f3
WIH2_2018,819,-0.02823336193681464,-0.033075598416542173,0.08536585365853659,8,all,MG_98k,P3,2018_f3
GAH2_2018,440,0.13029067026273997,0.14027887785350926,0.1590909090909091,0,all,D_noEC(MG_98k),P3,2018_f3
ILH1_2018,397,0.4865636035398511,0.5039178611778666,0.4,0,all,D_noEC(MG_98k),P3,2018_f3
NCH1_2018,640,0.026794562847696317,0.004675290943397419,0.15625,0,all,D_noEC(MG_98k),P3,2018_f3
WIH2_2018,819,-0.07563483797056245,-0.07888750190431042,0.07317073170731707,0,all,D_noEC(MG_98k),P3,2018_f3
GAH2_2018,440,0.1273823740610083,0.13398491468950288,0.06818181818181818,4,all,D_noEC(MG_98k),P2,2018_f3
ILH1_2018,397,0.4675583624910894,0.48490189381031185,0.275,4,all,D_noEC(MG_98k),P2,2018_f3
NCH1_2018,640,0.07012537278373637,0.04453419130085308,0.15625,4,all,D_noEC(MG_98k),P2,2018_f3
WIH2_2018,819,-0.06051934276846019,-0.06753276897830503,0.0975609756097561,4,all,D_noEC(MG_98k),P2,2018_f3
GAH2_2019,394,0.16547559481264487,0.12508412005614472,0.15384615384615385,11,all,MG_2k,P1,2019_f3
GEH1_2019,227,0.19801370863842574,0.14553551826234337,0.21739130434782608,11,all,MG_2k,P1,2019_f3
ILH1_2019,453,0.4113215063012075,0.3885627656023497,0.26666666666666666,11,all,MG_2k,P1,2019_f3
NCH1_2019,516,0.25440086688724284,0.20376547623721747,0.2692307692307692,11,all,MG_2k,P1,2019_f3
TXH4_2019,583,0.330570173526607,0.29885982419069895,0.20689655172413793,11,all,MG_2k,P1,2019_f3
WIH2_2019,1114,0.23034824715313915,0.21261191910183438,0.14414414414414414,11,all,MG_2k,P1,2019_f3
GAH2_2019,82,0.11181021836019875,0.07308366256353327,0.0,11,new,MG_2k,P1,2019_f3
GEH1_2019,13,-0.054362979469656486,-0.12637362637362637,0.0,11,new,MG_2k,P1,2019_f3
ILH1_2019,109,0.35065128079260777,0.3396070799740525,0.2727272727272727,11,new,MG_2k,P1,2019_f3
NCH1_2019,94,0.22483387534945076,0.22784462610641054,0.2222222222222222,11,new,MG_2k,P1,2019_f3
TXH4_2019,146,0.25826678859128677,0.2423240434577232,0.2,11,new,MG_2k,P1,2019_f3
WIH2_2019,216,0.15188504775004616,0.13828338036890175,0.045454545454545456,11,new,MG_2k,P1,2019_f3
GAH2_2019,394,0.23913303884611473,0.1930424326087998,0.23076923076923078,8,all,MG_2k,P2,2019_f3
GEH1_2019,227,0.1866329376192496,0.169864107072875,0.13043478260869565,8,all,MG_2k,P2,2019_f3
ILH1_2019,453,0.44952720134395846,0.4196773120549281,0.28888888888888886,8,all,MG_2k,P2,2019_f3
NCH1_2019,516,0.2643324665038246,0.21646680068462276,0.2692307692307692,8,all,MG_2k,P2,2019_f3
TXH4_2019,583,0.29539478469461816,0.27081864279134144,0.20689655172413793,8,all,MG_2k,P2,2019_f3
WIH2_2019,1114,0.22949031465258274,0.22044485601743538,0.17117117117117117,8,all,MG_2k,P2,2019_f3
GAH2_2019,82,0.21664156622783204,0.12721890271111547,0.125,8,new,MG_2k,P2,2019_f3
GEH1_2019,13,0.07228168905427257,0.13186813186813187,0.0,8,new,MG_2k,P2,2019_f3
ILH1_2019,109,0.42755911031342775,0.37764804003336117,0.45454545454545453,8,new,MG_2k,P2,2019_f3
NCH1_2019,94,0.2642232289226396,0.27143110006715426,0.4444444444444444,8,new,MG_2k,P2,2019_f3
TXH4_2019,146,0.23590203385291847,0.21091263146732478,0.3333333333333333,8,new,MG_2k,P2,2019_f3
WIH2_2019,216,0.13189777433272604,0.11268888650734112,0.13636363636363635,8,new,MG_2k,P2,2019_f3
GAH2_2019,394,0.16547559481264487,0.12508412005614472,0.15384615384615385,11,all,MG_2k,P3,2019_f3
GEH1_2019,227,0.19801370863842574,0.14553551826234337,0.21739130434782608,11,all,MG_2k,P3,2019_f3
ILH1_2019,453,0.4113215063012075,0.3885627656023497,0.26666666666666666,11,all,MG_2k,P3,2019_f3
NCH1_2019,516,0.25440086688724284,0.20376547623721747,0.2692307692307692,11,all,MG_2k,P3,2019_f3
TXH4_2019,583,0.330570173526607,0.29885982419069895,0.20689655172413793,11,all,MG_2k,P3,2019_f3
WIH2_2019,1114,0.23034824715313915,0.21261191910183438,0.14414414414414414,11,all,MG_2k,P3,2019_f3
GAH2_2019,82,0.11181021836019875,0.07308366256353327,0.0,11,new,MG_2k,P3,2019_f3
GEH1_2019,13,-0.054362979469656486,-0.12637362637362637,0.0,11,new,MG_2k,P3,2019_f3
ILH1_2019,109,0.35065128079260777,0.3396070799740525,0.2727272727272727,11,new,MG_2k,P3,2019_f3
NCH1_2019,94,0.22483387534945076,0.22784462610641054,0.2222222222222222,11,new,MG_2k,P3,2019_f3
TXH4_2019,146,0.25826678859128677,0.2423240434577232,0.2,11,new,MG_2k,P3,2019_f3
WIH2_2019,216,0.15188504775004616,0.13828338036890175,0.045454545454545456,11,new,MG_2k,P3,2019_f3
GAH2_2019,394,0.11652855442716145,0.08077300985190591,0.1794871794871795,1,all,D_noEC(MG_2k),P3,2019_f3
GEH1_2019,227,0.15117799063928566,0.100519319037526,0.13043478260869565,1,all,D_noEC(MG_2k),P3,2019_f3
ILH1_2019,453,0.44302299512776405,0.42284431363726704,0.2222222222222222,1,all,D_noEC(MG_2k),P3,2019_f3
NCH1_2019,516,0.15217774443920892,0.09648021849314214,0.23076923076923078,1,all,D_noEC(MG_2k),P3,2019_f3
TXH4_2019,583,0.2683833652249619,0.24183365336610932,0.2413793103448276,1,all,D_noEC(MG_2k),P3,2019_f3
WIH2_2019,1114,0.36665983027328825,0.3673740325484322,0.22522522522522523,1,all,D_noEC(MG_2k),P3,2019_f3
GAH2_2019,82,0.057024887814732986,-0.00016325464459463873,0.0,1,new,D_noEC(MG_2k),P3,2019_f3
GEH1_2019,13,0.14210861929938978,0.12637362637362637,0.0,1,new,D_noEC(MG_2k),P3,2019_f3
ILH1_2019,109,0.3667632035953657,0.3632100824761375,0.2727272727272727,1,new,D_noEC(MG_2k),P3,2019_f3
NCH1_2019,94,0.01690491789282414,-0.0042553345206162866,0.2222222222222222,1,new,D_noEC(MG_2k),P3,2019_f3
TXH4_2019,146,0.20287262428399755,0.17422228220527705,0.2,1,new,D_noEC(MG_2k),P3,2019_f3
WIH2_2019,216,0.302900504408152,0.316319556079496,0.13636363636363635,1,new,D_noEC(MG_2k),P3,2019_f3
GAH2_2019,394,0.16234565084726163,0.12054428570251438,0.20512820512820512,4,all,D_noEC(MG_2k),P2,2019_f3
GEH1_2019,227,0.19318515192206023,0.1803756496617553,0.13043478260869565,4,all,D_noEC(MG_2k),P2,2019_f3
ILH1_2019,453,0.4452442239516117,0.4256634207380032,0.2,4,all,D_noEC(MG_2k),P2,2019_f3
NCH1_2019,516,0.17453661772633544,0.12026036243368335,0.17307692307692307,4,all,D_noEC(MG_2k),P2,2019_f3
TXH4_2019,583,0.23801312186704077,0.20738039103023262,0.2413793103448276,4,all,D_noEC(MG_2k),P2,2019_f3
WIH2_2019,1114,0.34332637239393865,0.33828888374687877,0.22522522522522523,4,all,D_noEC(MG_2k),P2,2019_f3
GAH2_2019,82,0.046464068746376375,0.023301879605141435,0.0,4,new,D_noEC(MG_2k),P2,2019_f3
GEH1_2019,13,0.21012488611270935,0.1868131868131868,0.0,4,new,D_noEC(MG_2k),P2,2019_f3
ILH1_2019,109,0.36246894898917786,0.3594569548697989,0.18181818181818182,4,new,D_noEC(MG_2k),P2,2019_f3
NCH1_2019,94,0.019495816592724726,0.006892341481609401,0.2222222222222222,4,new,D_noEC(MG_2k),P2,2019_f3
TXH4_2019,146,0.1820999339158246,0.16213355441373528,0.26666666666666666,4,new,D_noEC(MG_2k),P2,2019_f3
WIH2_2019,216,0.2797785991904264,0.2875766560687791,0.18181818181818182,4,new,D_noEC(MG_2k),P2,2019_f3
GAH2_2019,394,-0.03573528448741965,-0.07590189453081352,0.10256410256410256,16,all,MG_98k,P1,2019_f3
GEH1_2019,227,0.16629054739154045,0.07962139569812607,0.043478260869565216,16,all,MG_98k,P1,2019_f3
ILH1_2019,453,0.3695202423823074,0.314606530534502,0.24444444444444444,16,all,MG_98k,P1,2019_f3
NCH1_2019,516,0.2342404730757957,0.23520513450846645,0.3269230769230769,16,all,MG_98k,P1,2019_f3
TXH4_2019,583,0.24987163844281038,0.2068629165624047,0.1724137931034483,16,all,MG_98k,P1,2019_f3
WIH2_2019,1114,0.12276999566080816,0.0852803922618327,0.06306306306306306,16,all,MG_98k,P1,2019_f3
GAH2_2019,82,0.004668069776755195,0.005278566841893318,0.0,16,new,MG_98k,P1,2019_f3
GEH1_2019,13,0.27083708553998076,0.23076923076923078,0.0,16,new,MG_98k,P1,2019_f3
ILH1_2019,109,0.29121829095920754,0.3126586970623668,0.2727272727272727,16,new,MG_98k,P1,2019_f3
NCH1_2019,94,0.2155767909949923,0.295958877142693,0.1111111111111111,16,new,MG_98k,P1,2019_f3
TXH4_2019,146,0.19563767687931574,0.18562463246989871,0.2,16,new,MG_98k,P1,2019_f3
WIH2_2019,216,0.1546602356880228,0.08650257802545874,0.045454545454545456,16,new,MG_98k,P1,2019_f3
GAH2_2019,394,0.19461895605833465,0.1784547886335223,0.23076923076923078,11,all,MG_98k,P2,2019_f3
GEH1_2019,227,0.24599631439270142,0.22563088747950735,0.17391304347826086,11,all,MG_98k,P2,2019_f3
ILH1_2019,453,0.4370863618393276,0.4127263932213892,0.24444444444444444,11,all,MG_98k,P2,2019_f3
NCH1_2019,516,0.2590931954247535,0.20563062324375653,0.19230769230769232,11,all,MG_98k,P2,2019_f3
TXH4_2019,583,0.32010475345633516,0.2964853158368625,0.1896551724137931,11,all,MG_98k,P2,2019_f3
WIH2_2019,1114,0.24699798043226345,0.2288478515201971,0.14414414414414414,11,all,MG_98k,P2,2019_f3
GAH2_2019,82,0.05239886116492717,0.11792427161219403,0.0,11,new,MG_98k,P2,2019_f3
GEH1_2019,13,0.1510625251501615,0.21978021978021978,1.0,11,new,MG_98k,P2,2019_f3
ILH1_2019,109,0.3095240754908363,0.304633490872023,0.18181818181818182,11,new,MG_98k,P2,2019_f3
NCH1_2019,94,0.1793964802459635,0.18411365861355763,0.2222222222222222,11,new,MG_98k,P2,2019_f3
TXH4_2019,146,0.254195892203586,0.26099891066488007,0.2,11,new,MG_98k,P2,2019_f3
WIH2_2019,216,0.16685690718544977,0.15184867645482797,0.045454545454545456,11,new,MG_98k,P2,2019_f3
GAH2_2019,394,0.2311857023089621,0.2184833786617005,0.23076923076923078,8,all,MG_98k,P3,2019_f3
GEH1_2019,227,0.2175932766266384,0.21876237512028876,0.17391304347826086,8,all,MG_98k,P3,2019_f3
ILH1_2019,453,0.3847076685685184,0.37177056378301643,0.24444444444444444,8,all,MG_98k,P3,2019_f3
NCH1_2019,516,0.23801616558300706,0.20274616999172193,0.17307692307692307,8,all,MG_98k,P3,2019_f3
TXH4_2019,583,0.24923747642301997,0.23633461661349206,0.1724137931034483,8,all,MG_98k,P3,2019_f3
WIH2_2019,1114,0.22376729759530248,0.213719997931526,0.15315315315315314,8,all,MG_98k,P3,2019_f3
GAH2_2019,82,0.09876679433559195,0.15569051272842047,0.125,8,new,MG_98k,P3,2019_f3
GEH1_2019,13,0.02483025746532768,0.016483516483516484,0.0,8,new,MG_98k,P3,2019_f3
ILH1_2019,109,0.17695732394449165,0.1622741173199889,0.18181818181818182,8,new,MG_98k,P3,2019_f3
NCH1_2019,94,0.130964849487563,0.16248297685680863,0.0,8,new,MG_98k,P3,2019_f3
TXH4_2019,146,0.08465454890273907,0.11316553073756665,0.06666666666666667,8,new,MG_98k,P3,2019_f3
WIH2_2019,216,0.1297559998143416,0.11087533788208956,0.13636363636363635,8,new,MG_98k,P3,2019_f3
GAH2_2019,394,0.2180726669783816,0.18890343154893613,0.1794871794871795,0,all,D_noEC(MG_98k),P3,2019_f3
GEH1_2019,227,0.1934903969089126,0.17995194606140322,0.13043478260869565,0,all,D_noEC(MG_98k),P3,2019_f3
ILH1_2019,453,0.4173547419953464,0.39193689026288225,0.24444444444444444,0,all,D_noEC(MG_98k),P3,2019_f3
NCH1_2019,516,0.20348982429435974,0.16752464098606099,0.1346153846153846,0,all,D_noEC(MG_98k),P3,2019_f3
TXH4_2019,583,0.23627214748593123,0.22141978521993602,0.1896551724137931,0,all,D_noEC(MG_98k),P3,2019_f3
WIH2_2019,1114,0.3061521582614372,0.30158029286788124,0.15315315315315314,0,all,D_noEC(MG_98k),P3,2019_f3
GAH2_2019,82,0.11555510647611811,0.1775013332462642,0.0,0,new,D_noEC(MG_98k),P3,2019_f3
GEH1_2019,13,0.18860996475483333,0.1043956043956044,0.0,0,new,D_noEC(MG_98k),P3,2019_f3
ILH1_2019,109,0.2592734370194768,0.23014549161338152,0.2727272727272727,0,new,D_noEC(MG_98k),P3,2019_f3
NCH1_2019,94,0.08163733250969193,0.0837195525040773,0.1111111111111111,0,new,D_noEC(MG_98k),P3,2019_f3
TXH4_2019,146,0.12729353545825162,0.13529542190045601,0.06666666666666667,0,new,D_noEC(MG_98k),P3,2019_f3
WIH2_2019,216,0.24372556448289856,0.23353814644137222,0.22727272727272727,0,new,D_noEC(MG_98k),P3,2019_f3
GAH2_2019,394,0.23249883176720587,0.19363524601903764,0.1794871794871795,2,all,D_noEC(MG_98k),P2,2019_f3
GEH1_2019,227,0.20405418370835232,0.2069263740615427,0.13043478260869565,2,all,D_noEC(MG_98k),P2,2019_f3
ILH1_2019,453,0.41192602880458723,0.3896203906441946,0.2222222222222222,2,all,D_noEC(MG_98k),P2,2019_f3
NCH1_2019,516,0.20926875224078836,0.16417328957333263,0.1346153846153846,2,all,D_noEC(MG_98k),P2,2019_f3
TXH4_2019,583,0.22870933545853603,0.21048311828115876,0.20689655172413793,2,all,D_noEC(MG_98k),P2,2019_f3
WIH2_2019,1114,0.29502971889303015,0.2919907241570789,0.16216216216216217,2,all,D_noEC(MG_98k),P2,2019_f3
GAH2_2019,82,0.14208221884433772,0.19976926676897291,0.0,2,new,D_noEC(MG_98k),P2,2019_f3
GEH1_2019,13,0.2205265951545071,0.09890109890109891,0.0,2,new,D_noEC(MG_98k),P2,2019_f3
ILH1_2019,109,0.28358370174579856,0.2636456306181077,0.2727272727272727,2,new,D_noEC(MG_98k),P2,2019_f3
NCH1_2019,94,0.07739770153678222,0.08049734673804188,0.2222222222222222,2,new,D_noEC(MG_98k),P2,2019_f3
TXH4_2019,146,0.1362400682888139,0.1429805365698476,0.06666666666666667,2,new,D_noEC(MG_98k),P2,2019_f3
WIH2_2019,216,0.22835713148490963,0.22156610581216732,0.18181818181818182,2,new,D_noEC(MG_98k),P2,2019_f3
GAH2_2020,401,0.3118683834315849,0.2957118535616119,0.225,9,all,MG_2k,P1,2020_f3
GEH1_2020,392,0.1488456354611353,0.13431333369723594,0.05128205128205128,9,all,MG_2k,P1,2020_f3
NCH1_2020,720,0.22442695099439572,0.20884946605034083,0.2638888888888889,9,all,MG_2k,P1,2020_f3
WIH2_2020,1147,0.24376294920746777,0.25305392115398845,0.17391304347826086,9,all,MG_2k,P1,2020_f3
GAH2_2020,401,0.3067147834748598,0.29457225846634655,0.2,7,all,MG_2k,P2,2020_f3
GEH1_2020,392,0.14437634309735076,0.12427998082737907,0.05128205128205128,7,all,MG_2k,P2,2020_f3
NCH1_2020,720,0.23082914822453696,0.21604591797879638,0.2638888888888889,7,all,MG_2k,P2,2020_f3
WIH2_2020,1147,0.2529042926113023,0.2616037367686912,0.16521739130434782,7,all,MG_2k,P2,2020_f3
GAH2_2020,401,0.3197289244330785,0.2966755823443067,0.225,11,all,MG_2k,P3,2020_f3
GEH1_2020,392,0.152380259226505,0.14274617912216328,0.05128205128205128,11,all,MG_2k,P3,2020_f3
NCH1_2020,720,0.20427951663556926,0.18556730214754572,0.2222222222222222,11,all,MG_2k,P3,2020_f3
WIH2_2020,1147,0.23485954630726258,0.24293585352606675,0.1826086956521739,11,all,MG_2k,P3,2020_f3
GAH2_2020,401,0.32820912810563385,0.30898678252999917,0.275,0,all,D_noEC(MG_2k),P3,2020_f3
GEH1_2020,392,0.14754556765460622,0.13099976133832222,0.15384615384615385,0,all,D_noEC(MG_2k),P3,2020_f3
NCH1_2020,720,0.18654425053325663,0.1631317512802138,0.18055555555555555,0,all,D_noEC(MG_2k),P3,2020_f3
WIH2_2020,1147,0.2188362987579287,0.22466128974600874,0.1565217391304348,0,all,D_noEC(MG_2k),P3,2020_f3
GAH2_2020,401,0.32820912810563385,0.30898678252999917,0.275,0,all,D_noEC(MG_2k),P2,2020_f3
GEH1_2020,392,0.14754556765460622,0.13099976133832222,0.15384615384615385,0,all,D_noEC(MG_2k),P2,2020_f3
NCH1_2020,720,0.18654425053325663,0.1631317512802138,0.18055555555555555,0,all,D_noEC(MG_2k),P2,2020_f3
WIH2_2020,1147,0.2188362987579287,0.22466128974600874,0.1565217391304348,0,all,D_noEC(MG_2k),P2,2020_f3
GAH2_2020,401,0.31098792692283206,0.2811179272489455,0.225,10,all,MG_98k,P1,2020_f3
GEH1_2020,392,0.14695262278495116,0.12040740624162044,0.1282051282051282,10,all,MG_98k,P1,2020_f3
NCH1_2020,720,0.20593870050296637,0.19244051527075504,0.2361111111111111,10,all,MG_98k,P1,2020_f3
WIH2_2020,1147,0.2562573785210478,0.2632723703341945,0.1826086956521739,10,all,MG_98k,P1,2020_f3
GAH2_2020,401,0.28420030445988764,0.25997861037604764,0.225,6,all,MG_98k,P2,2020_f3
GEH1_2020,392,0.16403486576840628,0.1542270409657391,0.1282051282051282,6,all,MG_98k,P2,2020_f3
NCH1_2020,720,0.2345058045341142,0.21759893672630143,0.2222222222222222,6,all,MG_98k,P2,2020_f3
WIH2_2020,1147,0.2616995111392271,0.26397707698227885,0.20869565217391303,6,all,MG_98k,P2,2020_f3
GAH2_2020,401,0.29162447734544916,0.26781340807558596,0.225,8,all,MG_98k,P3,2020_f3
GEH1_2020,392,0.15645278393359735,0.14417018051827435,0.10256410256410256,8,all,MG_98k,P3,2020_f3
NCH1_2020,720,0.2240572637352538,0.2093972423347832,0.20833333333333334,8,all,MG_98k,P3,2020_f3
WIH2_2020,1147,0.260830130651991,0.265738215372859,0.2,8,all,MG_98k,P3,2020_f3
GAH2_2020,401,0.2807229303261605,0.2615507063288939,0.225,0,all,D_noEC(MG_98k),P3,2020_f3
GEH1_2020,392,0.17961214618162713,0.15939771195567506,0.05128205128205128,0,all,D_noEC(MG_98k),P3,2020_f3
NCH1_2020,720,0.21070597328817467,0.19429113298392167,0.16666666666666666,0,all,D_noEC(MG_98k),P3,2020_f3
WIH2_2020,1147,0.22994935338144482,0.2361243970136198,0.20869565217391303,0,all,D_noEC(MG_98k),P3,2020_f3
GAH2_2020,401,0.2807229303261605,0.2615507063288939,0.225,0,all,D_noEC(MG_98k),P2,2020_f3
GEH1_2020,392,0.17961214618162713,0.15939771195567506,0.05128205128205128,0,all,D_noEC(MG_98k),P2,2020_f3
NCH1_2020,720,0.21070597328817467,0.19429113298392167,0.16666666666666666,0,all,D_noEC(MG_98k),P2,2020_f3
WIH2_2020,1147,0.22994935338144482,0.2361243970136198,0.20869565217391303,0,all,D_noEC(MG_98k),P2,2020_f3
GAH2_2021,323,0.2246864259041585,0.1635885694934115,0.15625,18,all,MG_2k,P1,2021_f3
GEH1_2021,389,0.04137688612791767,0.031810976236260335,0.10256410256410256,18,all,MG_2k,P1,2021_f3
ILH1_2021,405,0.33109382976248025,0.20438039075602168,0.275,18,all,MG_2k,P1,2021_f3
NCH1_2021,787,0.24820457262242446,0.2012145321332362,0.17721518987341772,18,all,MG_2k,P1,2021_f3
WIH2_2021,1138,0.26295754590967074,0.268693280249587,0.11403508771929824,18,all,MG_2k,P1,2021_f3
GAH2_2021,323,0.24055179812800906,0.21107534531278482,0.21875,8,all,MG_2k,P2,2021_f3
GEH1_2021,389,0.05847637399983678,0.046298504797275694,0.10256410256410256,8,all,MG_2k,P2,2021_f3
ILH1_2021,405,0.4226708351072197,0.41504884337113135,0.275,8,all,MG_2k,P2,2021_f3
NCH1_2021,787,0.2584708399376523,0.21173722521214158,0.24050632911392406,8,all,MG_2k,P2,2021_f3
WIH2_2021,1138,0.3542403346163153,0.35877448491488345,0.18421052631578946,8,all,MG_2k,P2,2021_f3
GAH2_2021,323,0.2135165195557782,0.17971602943316195,0.1875,11,all,MG_2k,P3,2021_f3
GEH1_2021,389,0.06354719333637517,0.056915414548549086,0.1282051282051282,11,all,MG_2k,P3,2021_f3
ILH1_2021,405,0.4066918466917622,0.40935473280099266,0.25,11,all,MG_2k,P3,2021_f3
NCH1_2021,787,0.26412568958918814,0.21818964142596983,0.24050632911392406,11,all,MG_2k,P3,2021_f3
WIH2_2021,1138,0.34073787159903446,0.33848194042232965,0.19298245614035087,11,all,MG_2k,P3,2021_f3
GAH2_2021,323,0.21520915319675038,0.1849719607398015,0.1875,1,all,D_noEC(MG_2k),P3,2021_f3
GEH1_2021,389,0.06250139287350873,0.04675963980096971,0.10256410256410256,1,all,D_noEC(MG_2k),P3,2021_f3
ILH1_2021,405,0.43000563741209313,0.41056250601203736,0.25,1,all,D_noEC(MG_2k),P3,2021_f3
NCH1_2021,787,0.29747929502104,0.26101461723742625,0.189873417721519,1,all,D_noEC(MG_2k),P3,2021_f3
WIH2_2021,1138,0.3443468544279422,0.3534245443375312,0.19298245614035087,1,all,D_noEC(MG_2k),P3,2021_f3
GAH2_2021,323,0.2270601078259403,0.19673820311036497,0.1875,0,all,D_noEC(MG_2k),P2,2021_f3
GEH1_2021,389,0.05735256182546032,0.04564635144766599,0.1282051282051282,0,all,D_noEC(MG_2k),P2,2021_f3
ILH1_2021,405,0.4343956508546747,0.41900906055715204,0.225,0,all,D_noEC(MG_2k),P2,2021_f3
NCH1_2021,787,0.3019010111956054,0.2639631372164498,0.20253164556962025,0,all,D_noEC(MG_2k),P2,2021_f3
WIH2_2021,1138,0.34940318908245743,0.35751691685065373,0.17543859649122806,0,all,D_noEC(MG_2k),P2,2021_f3
GAH2_2021,323,0.24769639497620632,0.18691202061707188,0.21875,13,all,MG_98k,P1,2021_f3
GEH1_2021,389,0.07557770192588327,0.07607901921355709,0.10256410256410256,13,all,MG_98k,P1,2021_f3
ILH1_2021,405,0.4057935994078529,0.39197578673034084,0.3,13,all,MG_98k,P1,2021_f3
NCH1_2021,787,0.28364717217438,0.2418077124774129,0.17721518987341772,13,all,MG_98k,P1,2021_f3
WIH2_2021,1138,0.3657685795820951,0.36869994626576763,0.21929824561403508,13,all,MG_98k,P1,2021_f3
GAH2_2021,323,0.26408225956925074,0.23488755050794918,0.1875,8,all,MG_98k,P2,2021_f3
GEH1_2021,389,0.08033668914342793,0.06393121056297328,0.10256410256410256,8,all,MG_98k,P2,2021_f3
ILH1_2021,405,0.449171180116335,0.42778519664931297,0.275,8,all,MG_98k,P2,2021_f3
NCH1_2021,787,0.2847705760271542,0.23574362512985791,0.24050632911392406,8,all,MG_98k,P2,2021_f3
WIH2_2021,1138,0.3520262398789145,0.35770767398146147,0.20175438596491227,8,all,MG_98k,P2,2021_f3
GAH2_2021,323,0.26408225956925074,0.23488755050794918,0.1875,8,all,MG_98k,P3,2021_f3
GEH1_2021,389,0.08033668914342793,0.06393121056297328,0.10256410256410256,8,all,MG_98k,P3,2021_f3
ILH1_2021,405,0.449171180116335,0.42778519664931297,0.275,8,all,MG_98k,P3,2021_f3
NCH1_2021,787,0.2847705760271542,0.23574362512985791,0.24050632911392406,8,all,MG_98k,P3,2021_f3
WIH2_2021,1138,0.3520262398789145,0.35770767398146147,0.20175438596491227,8,all,MG_98k,P3,2021_f3
GAH2_2021,323,0.2632120612928374,0.24581160462415425,0.25,0,all,D_noEC(MG_98k),P3,2021_f3
GEH1_2021,389,0.06319051380218904,0.039500738794545014,0.1794871794871795,0,all,D_noEC(MG_98k),P3,2021_f3
ILH1_2021,405,0.44889595929420967,0.41430197852801676,0.25,0,all,D_noEC(MG_98k),P3,2021_f3
NCH1_2021,787,0.31064980670616715,0.2680541549887055,0.21518987341772153,0,all,D_noEC(MG_98k),P3,2021_f3
WIH2_2021,1138,0.37609035784809375,0.38306371597785616,0.24561403508771928,0,all,D_noEC(MG_98k),P3,2021_f3
GAH2_2021,323,0.2632120612928374,0.24581160462415425,0.25,0,all,D_noEC(MG_98k),P2,2021_f3
GEH1_2021,389,0.06319051380218904,0.039500738794545014,0.1794871794871795,0,all,D_noEC(MG_98k),P2,2021_f3
ILH1_2021,405,0.44889595929420967,0.41430197852801676,0.25,0,all,D_noEC(MG_98k),P2,2021_f3
NCH1_2021,787,0.31064980670616715,0.2680541549887055,0.21518987341772153,0,all,D_noEC(MG_98k),P2,2021_f3
WIH2_2021,1138,0.37609035784809375,0.38306371597785616,0.24561403508771928,0,all,D_noEC(MG_98k),P2,2021_f3
IAH1a_2014,429,0.474943212998634,0.40724789229462127,0.20930232558139536,13,all,MG_2k,P1,2014_f4
NEH1_2014,244,0.366878331875111,0.27029974102573634,0.125,13,all,MG_2k,P1,2014_f4
NYH1_2014,230,0.03290219888675752,-0.017585110920975738,0.21739130434782608,13,all,MG_2k,P1,2014_f4
TXH1_2014,213,0.21867887269816225,0.19100513857257456,0.38095238095238093,13,all,MG_2k,P1,2014_f4
IAH1a_2014,206,0.17736268320631204,0.15194294872454844,0.09523809523809523,13,new,MG_2k,P1,2014_f4
NEH1_2014,88,0.21364625957540967,0.2152971011940404,0.1111111111111111,13,new,MG_2k,P1,2014_f4
NYH1_2014,176,-0.1512430668970927,-0.19354831609068898,0.05555555555555555,13,new,MG_2k,P1,2014_f4
TXH1_2014,100,0.1347425253366223,0.13224122412241224,0.3,13,new,MG_2k,P1,2014_f4
IAH1a_2014,429,0.4643645012137409,0.40477579364777805,0.16279069767441862,11,all,MG_2k,P2,2014_f4
NEH1_2014,244,0.3471615281795321,0.2737576876530819,0.125,11,all,MG_2k,P2,2014_f4
NYH1_2014,230,0.06937482521866944,0.028408690227562445,0.2608695652173913,11,all,MG_2k,P2,2014_f4
TXH1_2014,213,0.2794139688969358,0.293566725693608,0.38095238095238093,11,all,MG_2k,P2,2014_f4
IAH1a_2014,206,0.19685519378057473,0.19464629513327636,0.14285714285714285,11,new,MG_2k,P2,2014_f4
NEH1_2014,88,0.22823067503819852,0.20355042090803424,0.2222222222222222,11,new,MG_2k,P2,2014_f4
NYH1_2014,176,-0.10281682007841435,-0.12946951353731015,0.1111111111111111,11,new,MG_2k,P2,2014_f4
TXH1_2014,100,0.19926116729926993,0.2174257425742574,0.4,11,new,MG_2k,P2,2014_f4
IAH1a_2014,429,0.4643645012137409,0.40477579364777805,0.16279069767441862,11,all,MG_2k,P3,2014_f4
NEH1_2014,244,0.3471615281795321,0.2737576876530819,0.125,11,all,MG_2k,P3,2014_f4
NYH1_2014,230,0.06937482521866944,0.028408690227562445,0.2608695652173913,11,all,MG_2k,P3,2014_f4
TXH1_2014,213,0.2794139688969358,0.293566725693608,0.38095238095238093,11,all,MG_2k,P3,2014_f4
IAH1a_2014,206,0.19685519378057473,0.19464629513327636,0.14285714285714285,11,new,MG_2k,P3,2014_f4
NEH1_2014,88,0.22823067503819852,0.20355042090803424,0.2222222222222222,11,new,MG_2k,P3,2014_f4
NYH1_2014,176,-0.10281682007841435,-0.12946951353731015,0.1111111111111111,11,new,MG_2k,P3,2014_f4
TXH1_2014,100,0.19926116729926993,0.2174257425742574,0.4,11,new,MG_2k,P3,2014_f4
IAH1a_2014,429,0.40663311665869584,0.3924995022365159,0.27906976744186046,0,all,D_noEC(MG_2k),P3,2014_f4
NEH1_2014,244,0.16096621118437623,0.1489692659091566,0.08333333333333333,0,all,D_noEC(MG_2k),P3,2014_f4
NYH1_2014,230,0.23699297719842624,0.26154369647819425,0.391304347826087,0,all,D_noEC(MG_2k),P3,2014_f4
TXH1_2014,213,0.4791165111722364,0.5190715798937514,0.42857142857142855,0,all,D_noEC(MG_2k),P3,2014_f4
IAH1a_2014,206,0.3369532656702171,0.35013573014581983,0.2857142857142857,0,new,D_noEC(MG_2k),P3,2014_f4
NEH1_2014,88,0.027079465400440567,0.0417738015568314,0.1111111111111111,0,new,D_noEC(MG_2k),P3,2014_f4
NYH1_2014,176,0.12465174034217595,0.19810697776799474,0.16666666666666666,0,new,D_noEC(MG_2k),P3,2014_f4
TXH1_2014,100,0.4418723933705546,0.482988298829883,0.5,0,new,D_noEC(MG_2k),P3,2014_f4
IAH1a_2014,429,0.40663311665869584,0.3924995022365159,0.27906976744186046,0,all,D_noEC(MG_2k),P2,2014_f4
NEH1_2014,244,0.16096621118437623,0.1489692659091566,0.08333333333333333,0,all,D_noEC(MG_2k),P2,2014_f4
NYH1_2014,230,0.23699297719842624,0.26154369647819425,0.391304347826087,0,all,D_noEC(MG_2k),P2,2014_f4
TXH1_2014,213,0.4791165111722364,0.5190715798937514,0.42857142857142855,0,all,D_noEC(MG_2k),P2,2014_f4
IAH1a_2014,206,0.3369532656702171,0.35013573014581983,0.2857142857142857,0,new,D_noEC(MG_2k),P2,2014_f4
NEH1_2014,88,0.027079465400440567,0.0417738015568314,0.1111111111111111,0,new,D_noEC(MG_2k),P2,2014_f4
NYH1_2014,176,0.12465174034217595,0.19810697776799474,0.16666666666666666,0,new,D_noEC(MG_2k),P2,2014_f4
TXH1_2014,100,0.4418723933705546,0.482988298829883,0.5,0,new,D_noEC(MG_2k),P2,2014_f4
IAH1a_2014,429,0.47896141130677244,0.40305208809881704,0.2558139534883721,12,all,MG_98k,P1,2014_f4
NEH1_2014,244,0.36499868639385485,0.29949320347446806,0.08333333333333333,12,all,MG_98k,P1,2014_f4
NYH1_2014,230,0.055410291505189294,0.007983548632874624,0.21739130434782608,12,all,MG_98k,P1,2014_f4
TXH1_2014,213,0.295994513208266,0.3254387903864733,0.42857142857142855,12,all,MG_98k,P1,2014_f4
IAH1a_2014,206,0.21516383096946595,0.1966559935755542,0.19047619047619047,12,new,MG_98k,P1,2014_f4
NEH1_2014,88,0.255959497221143,0.24428516079039136,0.1111111111111111,12,new,MG_98k,P1,2014_f4
NYH1_2014,176,-0.14010734151494283,-0.16848338102575391,0.05555555555555555,12,new,MG_98k,P1,2014_f4
TXH1_2014,100,0.2939899523257249,0.2989498949894989,0.3,12,new,MG_98k,P1,2014_f4
IAH1a_2014,429,0.4743654862107526,0.43896735735466447,0.37209302325581395,8,all,MG_98k,P2,2014_f4
NEH1_2014,244,0.28643995361179553,0.27078051621377147,0.125,8,all,MG_98k,P2,2014_f4
NYH1_2014,230,0.13611644731293593,0.09340835735367725,0.30434782608695654,8,all,MG_98k,P2,2014_f4
TXH1_2014,213,0.44652594269253204,0.47570043785903565,0.38095238095238093,8,all,MG_98k,P2,2014_f4
IAH1a_2014,206,0.3439071886574159,0.3486463019970006,0.23809523809523808,8,new,MG_98k,P2,2014_f4
NEH1_2014,88,0.1739733813760834,0.17243140431826992,0.1111111111111111,8,new,MG_98k,P2,2014_f4
NYH1_2014,176,-0.010422609251742033,-0.04195245432533569,0.1111111111111111,8,new,MG_98k,P2,2014_f4
TXH1_2014,100,0.45245366118653113,0.48586858685868584,0.3,8,new,MG_98k,P2,2014_f4
IAH1a_2014,429,0.4756152036252082,0.40292867315253755,0.2558139534883721,11,all,MG_98k,P3,2014_f4
NEH1_2014,244,0.3493265635065855,0.29264587437889544,0.08333333333333333,11,all,MG_98k,P3,2014_f4
NYH1_2014,230,0.07767917030542058,0.031869592340448616,0.21739130434782608,11,all,MG_98k,P3,2014_f4
TXH1_2014,213,0.34343955015785954,0.3803251531761544,0.38095238095238093,11,all,MG_98k,P3,2014_f4
IAH1a_2014,206,0.24569466788247588,0.23120660839364832,0.14285714285714285,11,new,MG_98k,P3,2014_f4
NEH1_2014,88,0.2448729855019434,0.22892818146595756,0.2222222222222222,11,new,MG_98k,P3,2014_f4
NYH1_2014,176,-0.10690768326959904,-0.13822804314329737,0.05555555555555555,11,new,MG_98k,P3,2014_f4
TXH1_2014,100,0.3649252878639564,0.3758535853585358,0.3,11,new,MG_98k,P3,2014_f4
IAH1a_2014,429,0.3895063740631623,0.3791814792466825,0.32558139534883723,2,all,D_noEC(MG_98k),P3,2014_f4
NEH1_2014,244,0.2074817606832889,0.20838547926760262,0.08333333333333333,2,all,D_noEC(MG_98k),P3,2014_f4
NYH1_2014,230,0.22917189328928458,0.21991522811724062,0.2608695652173913,2,all,D_noEC(MG_98k),P3,2014_f4
TXH1_2014,213,0.5028096855680437,0.5464098291033451,0.23809523809523808,2,all,D_noEC(MG_98k),P3,2014_f4
IAH1a_2014,206,0.37184937789954053,0.3737016407732671,0.2857142857142857,2,new,D_noEC(MG_98k),P3,2014_f4
NEH1_2014,88,0.08950802099660339,0.12449367757387905,0.1111111111111111,2,new,D_noEC(MG_98k),P3,2014_f4
NYH1_2014,176,0.11997526886483663,0.1647347567686551,0.16666666666666666,2,new,D_noEC(MG_98k),P3,2014_f4
TXH1_2014,100,0.47270142281178595,0.5099429942994299,0.4,2,new,D_noEC(MG_98k),P3,2014_f4
IAH1a_2014,429,0.42542690287751084,0.4098102723184227,0.32558139534883723,0,all,D_noEC(MG_98k),P2,2014_f4
NEH1_2014,244,0.22100969028507905,0.22015786278081356,0.08333333333333333,0,all,D_noEC(MG_98k),P2,2014_f4
NYH1_2014,230,0.23355509957666076,0.23010757990822542,0.30434782608695654,0,all,D_noEC(MG_98k),P2,2014_f4
TXH1_2014,213,0.5037396065455414,0.5484687351760004,0.2857142857142857,0,all,D_noEC(MG_98k),P2,2014_f4
IAH1a_2014,206,0.3721407268961296,0.37651714043522877,0.23809523809523808,0,new,D_noEC(MG_98k),P2,2014_f4
NEH1_2014,88,0.10667937347859043,0.13092177098376248,0.1111111111111111,0,new,D_noEC(MG_98k),P2,2014_f4
NYH1_2014,176,0.12966624439091665,0.17045784723750826,0.16666666666666666,0,new,D_noEC(MG_98k),P2,2014_f4
TXH1_2014,100,0.46364179955221235,0.508070807080708,0.4,0,new,D_noEC(MG_98k),P2,2014_f4
NEH1_2015,418,0.274150711515947,0.3057459446570298,0.14285714285714285,13,all,MG_2k,P1,2015_f4
NEH4_2015,422,0.27880695084102597,0.26489359145573543,0.16666666666666666,13,all,MG_2k,P1,2015_f4
NYH1_2015,368,-0.0053227117898414986,0.002084049687789853,0.08108108108108109,13,all,MG_2k,P1,2015_f4
OHH1_2015,426,0.3284102443507727,0.2768758761104831,0.20930232558139536,13,all,MG_2k,P1,2015_f4
TXH1_2015,297,0.2520642218262787,0.23295122456196285,0.2,13,all,MG_2k,P1,2015_f4
NEH1_2015,271,0.28196038812402835,0.30265120448520777,0.07407407407407407,13,new,MG_2k,P1,2015_f4
NEH4_2015,270,0.29428971453722214,0.25318717269207963,0.1111111111111111,13,new,MG_2k,P1,2015_f4
NYH1_2015,232,0.042782996023096424,0.040249745814345476,0.043478260869565216,13,new,MG_2k,P1,2015_f4
OHH1_2015,274,0.21034882056816573,0.2053855112894476,0.1111111111111111,13,new,MG_2k,P1,2015_f4
TXH1_2015,184,0.07717373328615124,0.04144015719211728,0.1111111111111111,13,new,MG_2k,P1,2015_f4
NEH1_2015,418,0.2840588970433507,0.2971675805877556,0.16666666666666666,12,all,MG_2k,P2,2015_f4
NEH4_2015,422,0.2927418788036642,0.2742693531720046,0.21428571428571427,12,all,MG_2k,P2,2015_f4
NYH1_2015,368,0.00455432169352588,0.006923716316893059,0.08108108108108109,12,all,MG_2k,P2,2015_f4
OHH1_2015,426,0.31999770023023943,0.2656512623344507,0.23255813953488372,12,all,MG_2k,P2,2015_f4
TXH1_2015,297,0.28098770973886245,0.26772577947074594,0.16666666666666666,12,all,MG_2k,P2,2015_f4
NEH1_2015,271,0.2715294828670405,0.2777739004916916,0.07407407407407407,12,new,MG_2k,P2,2015_f4
NEH4_2015,270,0.2749999425899647,0.24956023624165782,0.07407407407407407,12,new,MG_2k,P2,2015_f4
NYH1_2015,232,0.04759359031205102,0.036943890799152,0.043478260869565216,12,new,MG_2k,P2,2015_f4
OHH1_2015,274,0.18286011811491246,0.17178462038366957,0.07407407407407407,12,new,MG_2k,P2,2015_f4
TXH1_2015,184,0.12478876948626892,0.09559245631946986,0.1111111111111111,12,new,MG_2k,P2,2015_f4
NEH1_2015,418,0.2652122574931478,0.2756879464902802,0.16666666666666666,10,all,MG_2k,P3,2015_f4
NEH4_2015,422,0.2876129423524572,0.2784300155950027,0.16666666666666666,10,all,MG_2k,P3,2015_f4
NYH1_2015,368,-0.012289024819774334,-0.003212639045001989,0.08108108108108109,10,all,MG_2k,P3,2015_f4
OHH1_2015,426,0.29791958679913527,0.26627952591442233,0.2558139534883721,10,all,MG_2k,P3,2015_f4
TXH1_2015,297,0.28079647209916336,0.29719652538444485,0.16666666666666666,10,all,MG_2k,P3,2015_f4
NEH1_2015,271,0.2212456629487562,0.22715888671208423,0.07407407407407407,10,new,MG_2k,P3,2015_f4
NEH4_2015,270,0.22600039621885387,0.2239750619921747,0.037037037037037035,10,new,MG_2k,P3,2015_f4
NYH1_2015,232,0.003352764633558206,0.0029204922648758663,0.0,10,new,MG_2k,P3,2015_f4
OHH1_2015,274,0.1702463947256302,0.17149527435527906,0.1111111111111111,10,new,MG_2k,P3,2015_f4
TXH1_2015,184,0.1667119280992575,0.17768681011731616,0.2222222222222222,10,new,MG_2k,P3,2015_f4
NEH1_2015,418,0.31093227398013107,0.31990654242077643,0.16666666666666666,0,all,D_noEC(MG_2k),P3,2015_f4
NEH4_2015,422,0.3293104390007499,0.33311981658691026,0.19047619047619047,0,all,D_noEC(MG_2k),P3,2015_f4
NYH1_2015,368,0.019645799422671115,0.02362019296060749,0.08108108108108109,0,all,D_noEC(MG_2k),P3,2015_f4
OHH1_2015,426,0.33276579852977045,0.2998392010008718,0.20930232558139536,0,all,D_noEC(MG_2k),P3,2015_f4
TXH1_2015,297,0.34347540882031546,0.3402444543384141,0.23333333333333334,0,all,D_noEC(MG_2k),P3,2015_f4
NEH1_2015,271,0.24905204182319293,0.24936362681240584,0.07407407407407407,0,new,D_noEC(MG_2k),P3,2015_f4
NEH4_2015,270,0.27200188157798477,0.2609848726754204,0.037037037037037035,0,new,D_noEC(MG_2k),P3,2015_f4
NYH1_2015,232,0.014408462985985509,0.021197834280563297,0.043478260869565216,0,new,D_noEC(MG_2k),P3,2015_f4
OHH1_2015,274,0.2026928042495773,0.2018678569523612,0.14814814814814814,0,new,D_noEC(MG_2k),P3,2015_f4
TXH1_2015,184,0.20305636503704727,0.21387374544894147,0.2222222222222222,0,new,D_noEC(MG_2k),P3,2015_f4
NEH1_2015,418,0.3112518818521581,0.31965219584440163,0.16666666666666666,1,all,D_noEC(MG_2k),P2,2015_f4
NEH4_2015,422,0.331412849352044,0.3357854892017867,0.21428571428571427,1,all,D_noEC(MG_2k),P2,2015_f4
NYH1_2015,368,0.030122907226844332,0.02843602123972904,0.08108108108108109,1,all,D_noEC(MG_2k),P2,2015_f4
OHH1_2015,426,0.33208268578958455,0.29804001553936427,0.23255813953488372,1,all,D_noEC(MG_2k),P2,2015_f4
TXH1_2015,297,0.345709233826309,0.34111658943873713,0.23333333333333334,1,all,D_noEC(MG_2k),P2,2015_f4
NEH1_2015,271,0.25548632466210947,0.2577280131876662,0.07407407407407407,1,new,D_noEC(MG_2k),P2,2015_f4
NEH4_2015,270,0.27829931168143307,0.26786958941208,0.037037037037037035,1,new,D_noEC(MG_2k),P2,2015_f4
NYH1_2015,232,0.02130199541416861,0.026604444837388448,0.0,1,new,D_noEC(MG_2k),P2,2015_f4
OHH1_2015,274,0.20132177301878934,0.19882447342390683,0.14814814814814814,1,new,D_noEC(MG_2k),P2,2015_f4
TXH1_2015,184,0.2107217443908119,0.21649168769624935,0.2222222222222222,1,new,D_noEC(MG_2k),P2,2015_f4
NEH1_2015,418,0.04769919709386488,0.07597782436325612,0.07142857142857142,3,all,MG_98k,P1,2015_f4
NEH4_2015,422,0.09757385350793388,0.15151556038884778,0.14285714285714285,3,all,MG_98k,P1,2015_f4
NYH1_2015,368,0.0408034016579981,0.03453550854665045,0.10810810810810811,3,all,MG_98k,P1,2015_f4
OHH1_2015,426,0.2116351410498223,0.2532075300514146,0.16279069767441862,3,all,MG_98k,P1,2015_f4
TXH1_2015,297,0.1127297285723922,0.1699930558990962,0.1,3,all,MG_98k,P1,2015_f4
NEH1_2015,271,0.001690592287813726,-0.0007395148595607703,0.07407407407407407,3,new,MG_98k,P1,2015_f4
NEH4_2015,270,0.03605060054778187,0.04493950457169935,0.14814814814814814,3,new,MG_98k,P1,2015_f4
NYH1_2015,232,0.05683256375607121,0.06614304742172138,0.08695652173913043,3,new,MG_98k,P1,2015_f4
OHH1_2015,274,0.1780174202914082,0.1790815655371432,0.14814814814814814,3,new,MG_98k,P1,2015_f4
TXH1_2015,184,0.04999842100065541,0.0617422126331606,0.05555555555555555,3,new,MG_98k,P1,2015_f4
NEH1_2015,418,0.28844773456409484,0.30340400090615305,0.16666666666666666,12,all,MG_98k,P2,2015_f4
NEH4_2015,422,0.31048637534599,0.2994249418910075,0.21428571428571427,12,all,MG_98k,P2,2015_f4
NYH1_2015,368,-0.010092198498060985,0.003956925305540225,0.08108108108108109,12,all,MG_98k,P2,2015_f4
OHH1_2015,426,0.3813856874075353,0.33661570979487726,0.2558139534883721,12,all,MG_98k,P2,2015_f4
TXH1_2015,297,0.3067052650488853,0.30098783957844366,0.23333333333333334,12,all,MG_98k,P2,2015_f4
NEH1_2015,271,0.29532719323947826,0.3092842276976236,0.14814814814814814,12,new,MG_98k,P2,2015_f4
NEH4_2015,270,0.2944095647183294,0.28429597179293625,0.1111111111111111,12,new,MG_98k,P2,2015_f4
NYH1_2015,232,0.033270206958725505,0.022603783666385404,0.043478260869565216,12,new,MG_98k,P2,2015_f4
OHH1_2015,274,0.2898960959474823,0.28772108209600616,0.14814814814814814,12,new,MG_98k,P2,2015_f4
TXH1_2015,184,0.17262202281260955,0.14950010595056923,0.2222222222222222,12,new,MG_98k,P2,2015_f4
NEH1_2015,418,0.2816116166822284,0.28579082910535086,0.16666666666666666,11,all,MG_98k,P3,2015_f4
NEH4_2015,422,0.2961645772402945,0.2856624928573855,0.19047619047619047,11,all,MG_98k,P3,2015_f4
NYH1_2015,368,-0.0020701458973478907,0.006478974575316183,0.08108108108108109,11,all,MG_98k,P3,2015_f4
OHH1_2015,426,0.3689911301262694,0.3235676958276337,0.23255813953488372,11,all,MG_98k,P3,2015_f4
TXH1_2015,297,0.3094982373691462,0.3065935062579358,0.26666666666666666,11,all,MG_98k,P3,2015_f4
NEH1_2015,271,0.2686870363761135,0.2729922269541892,0.1111111111111111,11,new,MG_98k,P3,2015_f4
NEH4_2015,270,0.24423115152007221,0.24284988558750295,0.1111111111111111,11,new,MG_98k,P3,2015_f4
NYH1_2015,232,0.034460945675818984,0.020649100788215774,0.043478260869565216,11,new,MG_98k,P3,2015_f4
OHH1_2015,274,0.2744917617240835,0.2674292334578,0.2222222222222222,11,new,MG_98k,P3,2015_f4
TXH1_2015,184,0.18624281525488193,0.1686405578779064,0.16666666666666666,11,new,MG_98k,P3,2015_f4
NEH1_2015,418,0.30860184254888934,0.3049237545613069,0.21428571428571427,4,all,D_noEC(MG_98k),P3,2015_f4
NEH4_2015,422,0.33736691999291585,0.32810104198993667,0.23809523809523808,4,all,D_noEC(MG_98k),P3,2015_f4
NYH1_2015,368,0.05499657628113434,0.03260869565217391,0.02702702702702703,4,all,D_noEC(MG_98k),P3,2015_f4
OHH1_2015,426,0.3791069915499437,0.34443722271178695,0.2558139534883721,4,all,D_noEC(MG_98k),P3,2015_f4
TXH1_2015,297,0.35128347389193326,0.336679418894184,0.3,4,all,D_noEC(MG_98k),P3,2015_f4
NEH1_2015,271,0.2933477490310624,0.2820029728316502,0.1111111111111111,4,new,D_noEC(MG_98k),P3,2015_f4
NEH4_2015,270,0.2857985582080597,0.27813859329553586,0.07407407407407407,4,new,D_noEC(MG_98k),P3,2015_f4
NYH1_2015,232,0.0621833203839633,0.047509172786662786,0.043478260869565216,4,new,D_noEC(MG_98k),P3,2015_f4
OHH1_2015,274,0.2884295640576831,0.2877849598986448,0.14814814814814814,4,new,D_noEC(MG_98k),P3,2015_f4
TXH1_2015,184,0.210787197418785,0.1841979541908266,0.16666666666666666,4,new,D_noEC(MG_98k),P3,2015_f4
NEH1_2015,418,0.32892667105921636,0.33165281938784963,0.14285714285714285,1,all,D_noEC(MG_98k),P2,2015_f4
NEH4_2015,422,0.3341888402072805,0.3297133954839294,0.23809523809523808,1,all,D_noEC(MG_98k),P2,2015_f4
NYH1_2015,368,0.06300627279888808,0.05855493367159711,0.08108108108108109,1,all,D_noEC(MG_98k),P2,2015_f4
OHH1_2015,426,0.3922189765154561,0.3365199374344467,0.27906976744186046,1,all,D_noEC(MG_98k),P2,2015_f4
TXH1_2015,297,0.37218075528321176,0.36446177721345513,0.26666666666666666,1,all,D_noEC(MG_98k),P2,2015_f4
NEH1_2015,271,0.2998167758187251,0.29173996872814173,0.14814814814814814,1,new,D_noEC(MG_98k),P2,2015_f4
NEH4_2015,270,0.27909849719129604,0.2728442049722105,0.07407407407407407,1,new,D_noEC(MG_98k),P2,2015_f4
NYH1_2015,232,0.0705662223659936,0.05790627901031926,0.043478260869565216,1,new,D_noEC(MG_98k),P2,2015_f4
OHH1_2015,274,0.2765098702282297,0.26238901231809403,0.18518518518518517,1,new,D_noEC(MG_98k),P2,2015_f4
TXH1_2015,184,0.23037385583214479,0.21593496561422434,0.2222222222222222,1,new,D_noEC(MG_98k),P2,2015_f4
NEH1_2016,231,0.5961781843499908,0.5985172997916627,0.34782608695652173,12,all,MG_2k,P1,2016_f4
NEH4_2016,216,0.3431899437532539,0.3779028090355922,0.09090909090909091,12,all,MG_2k,P1,2016_f4
NYH1_2016,224,0.3787527162974703,0.376322869955157,0.22727272727272727,12,all,MG_2k,P1,2016_f4
OHH1_2016,229,0.5476168198144302,0.5419983412109161,0.08695652173913043,12,all,MG_2k,P1,2016_f4
TXH1_2016,218,0.44784522853006964,0.4532825920891612,0.36363636363636365,12,all,MG_2k,P1,2016_f4
NEH4_2016,35,0.037164630507358944,0.14537815126050418,0.5,12,new,MG_2k,P1,2016_f4
TXH1_2016,53,0.24658176371940665,0.17343976777939044,0.2,12,new,MG_2k,P1,2016_f4
NEH1_2016,231,0.5916974644478785,0.5910736190346385,0.4782608695652174,11,all,MG_2k,P2,2016_f4
NEH4_2016,216,0.3655668766884226,0.4021529191821765,0.13636363636363635,11,all,MG_2k,P2,2016_f4
NYH1_2016,224,0.3901603783921442,0.3771193679265429,0.22727272727272727,11,all,MG_2k,P2,2016_f4
OHH1_2016,229,0.5469202522843981,0.5358558252475694,0.21739130434782608,11,all,MG_2k,P2,2016_f4
TXH1_2016,218,0.44580685033039125,0.45301039168479884,0.36363636363636365,11,all,MG_2k,P2,2016_f4
NEH4_2016,35,0.07484235066341773,0.17310924369747901,0.5,11,new,MG_2k,P2,2016_f4
TXH1_2016,53,0.19266247668780656,0.1369940332204483,0.2,11,new,MG_2k,P2,2016_f4
NEH1_2016,231,0.5916974644478785,0.5910736190346385,0.4782608695652174,11,all,MG_2k,P3,2016_f4
NEH4_2016,216,0.3655668766884226,0.4021529191821765,0.13636363636363635,11,all,MG_2k,P3,2016_f4
NYH1_2016,224,0.3901603783921442,0.3771193679265429,0.22727272727272727,11,all,MG_2k,P3,2016_f4
OHH1_2016,229,0.5469202522843981,0.5358558252475694,0.21739130434782608,11,all,MG_2k,P3,2016_f4
TXH1_2016,218,0.44580685033039125,0.45301039168479884,0.36363636363636365,11,all,MG_2k,P3,2016_f4
NEH4_2016,35,0.07484235066341773,0.17310924369747901,0.5,11,new,MG_2k,P3,2016_f4
TXH1_2016,53,0.19266247668780656,0.1369940332204483,0.2,11,new,MG_2k,P3,2016_f4
NEH1_2016,231,0.5978483075454926,0.5791662610253315,0.5217391304347826,1,all,D_noEC(MG_2k),P3,2016_f4
NEH4_2016,216,0.4231869665170085,0.45410281141713993,0.22727272727272727,1,all,D_noEC(MG_2k),P3,2016_f4
NYH1_2016,224,0.43937738440263896,0.4147170617125775,0.2727272727272727,1,all,D_noEC(MG_2k),P3,2016_f4
OHH1_2016,229,0.5713389232369915,0.5528274359717407,0.43478260869565216,1,all,D_noEC(MG_2k),P3,2016_f4
TXH1_2016,218,0.46274595925699075,0.45859918722117554,0.5,1,all,D_noEC(MG_2k),P3,2016_f4
NEH4_2016,35,0.06098442161033585,0.12549019607843137,0.5,1,new,D_noEC(MG_2k),P3,2016_f4
TXH1_2016,53,0.18366428104969712,0.10788582486695694,0.2,1,new,D_noEC(MG_2k),P3,2016_f4
NEH1_2016,231,0.6080448610585218,0.594674740551802,0.5217391304347826,0,all,D_noEC(MG_2k),P2,2016_f4
NEH4_2016,216,0.42061433097679857,0.4545362531108967,0.22727272727272727,0,all,D_noEC(MG_2k),P2,2016_f4
NYH1_2016,224,0.42726765609572515,0.4054089259021995,0.22727272727272727,0,all,D_noEC(MG_2k),P2,2016_f4
OHH1_2016,229,0.5755595982383453,0.5604178949366962,0.43478260869565216,0,all,D_noEC(MG_2k),P2,2016_f4
TXH1_2016,218,0.47072352978749876,0.46652658963588267,0.5,0,all,D_noEC(MG_2k),P2,2016_f4
NEH4_2016,35,0.07346103158211952,0.12997198879551822,0.5,0,new,D_noEC(MG_2k),P2,2016_f4
TXH1_2016,53,0.1883208686089443,0.11578777616513465,0.2,0,new,D_noEC(MG_2k),P2,2016_f4
NEH1_2016,231,0.5901661083940735,0.5765756732023599,0.2608695652173913,12,all,MG_98k,P1,2016_f4
NEH4_2016,216,0.3524590467923678,0.3737934483620905,0.18181818181818182,12,all,MG_98k,P1,2016_f4
NYH1_2016,224,0.43928427862241753,0.43078795643818074,0.18181818181818182,12,all,MG_98k,P1,2016_f4
OHH1_2016,229,0.5854080194935961,0.5711890320066353,0.21739130434782608,12,all,MG_98k,P1,2016_f4
TXH1_2016,218,0.4982677812848694,0.48894200336022714,0.36363636363636365,12,all,MG_98k,P1,2016_f4
NEH4_2016,35,0.04534301796009545,0.2028011204481793,0.5,12,new,MG_98k,P1,2016_f4
TXH1_2016,53,0.32670325384829635,0.27866473149492016,0.2,12,new,MG_98k,P1,2016_f4
NEH1_2016,231,0.5754697122520879,0.551456414649818,0.391304347826087,8,all,MG_98k,P2,2016_f4
NEH4_2016,216,0.44612153506763036,0.4699341502042177,0.22727272727272727,8,all,MG_98k,P2,2016_f4
NYH1_2016,224,0.46502993831894635,0.44979073243647244,0.2727272727272727,8,all,MG_98k,P2,2016_f4
OHH1_2016,229,0.5738574741033895,0.5580436281514496,0.34782608695652173,8,all,MG_98k,P2,2016_f4
TXH1_2016,218,0.5307924170491028,0.5373670344460924,0.5454545454545454,8,all,MG_98k,P2,2016_f4
NEH4_2016,35,0.1974984803796918,0.28655462184873953,0.5,8,new,MG_98k,P2,2016_f4
TXH1_2016,53,0.290189683360438,0.25052410901467503,0.4,8,new,MG_98k,P2,2016_f4
NEH1_2016,231,0.5754697122520879,0.551456414649818,0.391304347826087,8,all,MG_98k,P3,2016_f4
NEH4_2016,216,0.44612153506763036,0.4699341502042177,0.22727272727272727,8,all,MG_98k,P3,2016_f4
NYH1_2016,224,0.46502993831894635,0.44979073243647244,0.2727272727272727,8,all,MG_98k,P3,2016_f4
OHH1_2016,229,0.5738574741033895,0.5580436281514496,0.34782608695652173,8,all,MG_98k,P3,2016_f4
TXH1_2016,218,0.5307924170491028,0.5373670344460924,0.5454545454545454,8,all,MG_98k,P3,2016_f4
NEH4_2016,35,0.1974984803796918,0.28655462184873953,0.5,8,new,MG_98k,P3,2016_f4
TXH1_2016,53,0.290189683360438,0.25052410901467503,0.4,8,new,MG_98k,P3,2016_f4
NEH1_2016,231,0.6425773173921537,0.6424735684106,0.391304347826087,0,all,D_noEC(MG_98k),P3,2016_f4
NEH4_2016,216,0.5365607607401476,0.5494385501137188,0.22727272727272727,0,all,D_noEC(MG_98k),P3,2016_f4
NYH1_2016,224,0.37800704425233966,0.34944266495836007,0.2727272727272727,0,all,D_noEC(MG_98k),P3,2016_f4
OHH1_2016,229,0.6101795697121651,0.5822079881686371,0.34782608695652173,0,all,D_noEC(MG_98k),P3,2016_f4
TXH1_2016,218,0.5644292019843868,0.5601588955381721,0.5454545454545454,0,all,D_noEC(MG_98k),P3,2016_f4
NEH4_2016,35,0.3849204776982336,0.40672268907563025,0.5,0,new,D_noEC(MG_98k),P3,2016_f4
TXH1_2016,53,0.4018224192745785,0.35453959038864696,0.4,0,new,D_noEC(MG_98k),P3,2016_f4
NEH1_2016,231,0.6494095183661309,0.646176911544228,0.391304347826087,2,all,D_noEC(MG_98k),P2,2016_f4
NEH4_2016,216,0.5402473225990359,0.5553435978042129,0.22727272727272727,2,all,D_noEC(MG_98k),P2,2016_f4
NYH1_2016,224,0.39686075679442656,0.3627290198590648,0.22727272727272727,2,all,D_noEC(MG_98k),P2,2016_f4
OHH1_2016,229,0.6038888325080883,0.5662206589189892,0.30434782608695654,2,all,D_noEC(MG_98k),P2,2016_f4
TXH1_2016,218,0.5690282647154563,0.5685183437010798,0.5454545454545454,2,all,D_noEC(MG_98k),P2,2016_f4
NEH4_2016,35,0.3503026080703702,0.3739495798319328,0.5,2,new,D_noEC(MG_98k),P2,2016_f4
TXH1_2016,53,0.4193813255841517,0.36792452830188677,0.2,2,new,D_noEC(MG_98k),P2,2016_f4
COH1_2017,209,0.38454229412258517,0.4053433408696567,0.38095238095238093,13,all,MG_2k,P1,2017_f4
NEH4_2017,92,0.18546476363723227,0.21306207375502598,0.2222222222222222,13,all,MG_2k,P1,2017_f4
NYH1_2017,204,0.4042926492335242,0.39946851743220413,0.15,13,all,MG_2k,P1,2017_f4
OHH1_2017,181,0.22513837055419075,0.2444761500010119,0.2777777777777778,13,all,MG_2k,P1,2017_f4
TXH1-Late_2017,133,0.12914708144285822,0.10988971750951326,0.15384615384615385,13,all,MG_2k,P1,2017_f4
COH1_2017,209,0.40170019318677097,0.4018796992481203,0.42857142857142855,9,all,MG_2k,P2,2017_f4
NEH4_2017,92,0.1423250857642756,0.15027164490100578,0.2222222222222222,9,all,MG_2k,P2,2017_f4
NYH1_2017,204,0.5086760866070158,0.4494109165954018,0.2,9,all,MG_2k,P2,2017_f4
OHH1_2017,181,0.27089179655490564,0.30274219334992813,0.3333333333333333,9,all,MG_2k,P2,2017_f4
TXH1-Late_2017,133,0.2287280121219803,0.2214270411442446,0.07692307692307693,9,all,MG_2k,P2,2017_f4
COH1_2017,209,0.40033785815337875,0.41222198853777803,0.38095238095238093,12,all,MG_2k,P3,2017_f4
NEH4_2017,92,0.1887415201591969,0.20705891419718583,0.2222222222222222,12,all,MG_2k,P3,2017_f4
NYH1_2017,204,0.4471369308950935,0.4277035288463577,0.15,12,all,MG_2k,P3,2017_f4
OHH1_2017,181,0.2472419342893221,0.27848744257584035,0.2222222222222222,12,all,MG_2k,P3,2017_f4
TXH1-Late_2017,133,0.15735837988058787,0.14592791340631087,0.15384615384615385,12,all,MG_2k,P3,2017_f4
COH1_2017,209,0.42792500016013985,0.418262001156738,0.47619047619047616,2,all,D_noEC(MG_2k),P3,2017_f4
NEH4_2017,92,0.12456351704474228,0.14354409895236075,0.1111111111111111,2,all,D_noEC(MG_2k),P3,2017_f4
NYH1_2017,204,0.5093141181294696,0.44348545137146533,0.2,2,all,D_noEC(MG_2k),P3,2017_f4
OHH1_2017,181,0.29768844892251783,0.32748467002610643,0.3333333333333333,2,all,D_noEC(MG_2k),P3,2017_f4
TXH1-Late_2017,133,0.1998592551479748,0.1812162699829628,0.07692307692307693,2,all,D_noEC(MG_2k),P3,2017_f4
COH1_2017,209,0.43631348318956065,0.409409012040591,0.47619047619047616,4,all,D_noEC(MG_2k),P2,2017_f4
NEH4_2017,92,0.11027693984437892,0.10445805880169914,0.0,4,all,D_noEC(MG_2k),P2,2017_f4
NYH1_2017,204,0.5196819444952281,0.43920814751468296,0.15,4,all,D_noEC(MG_2k),P2,2017_f4
OHH1_2017,181,0.27268566814294753,0.29801064497197094,0.2777777777777778,4,all,D_noEC(MG_2k),P2,2017_f4
TXH1-Late_2017,133,0.26444103165287397,0.24799787800573345,0.0,4,all,D_noEC(MG_2k),P2,2017_f4
COH1_2017,209,0.37862423900644265,0.38492822966507173,0.42857142857142855,13,all,MG_98k,P1,2017_f4
NEH4_2017,92,0.17262589568315861,0.19281778600349053,0.2222222222222222,13,all,MG_98k,P1,2017_f4
NYH1_2017,204,0.4491884121776025,0.4327851241421716,0.15,13,all,MG_98k,P1,2017_f4
OHH1_2017,181,0.2257290998998704,0.2526217796936029,0.16666666666666666,13,all,MG_98k,P1,2017_f4
TXH1-Late_2017,133,0.16856597803092666,0.15179910427357404,0.15384615384615385,13,all,MG_98k,P1,2017_f4
COH1_2017,209,0.42137469597766075,0.4099781797150218,0.5238095238095238,6,all,MG_98k,P2,2017_f4
NEH4_2017,92,0.12477590272289157,0.1462875197515791,0.0,6,all,MG_98k,P2,2017_f4
NYH1_2017,204,0.5072038718367192,0.4333462905767858,0.25,6,all,MG_98k,P2,2017_f4
OHH1_2017,181,0.3145090995662723,0.3333434521279825,0.3333333333333333,6,all,MG_98k,P2,2017_f4
TXH1-Late_2017,133,0.27940461902463554,0.28737209373501593,0.07692307692307693,6,all,MG_98k,P2,2017_f4
COH1_2017,209,0.39958716145898576,0.3989655081760345,0.5714285714285714,8,all,MG_98k,P3,2017_f4
NEH4_2017,92,0.1397599352910413,0.16167687743708212,0.1111111111111111,8,all,MG_98k,P3,2017_f4
NYH1_2017,204,0.5173104564161244,0.44416111272095044,0.2,8,all,MG_98k,P3,2017_f4
OHH1_2017,181,0.3088566945121554,0.33142695242142756,0.3333333333333333,8,all,MG_98k,P3,2017_f4
TXH1-Late_2017,133,0.2580269060839588,0.2711051713408351,0.07692307692307693,8,all,MG_98k,P3,2017_f4
COH1_2017,209,0.42182449030757085,0.42430990062569013,0.47619047619047616,0,all,D_noEC(MG_98k),P3,2017_f4
NEH4_2017,92,0.19807451572509258,0.21948907641386906,0.1111111111111111,0,all,D_noEC(MG_98k),P3,2017_f4
NYH1_2017,204,0.4583720931031599,0.38887985808284625,0.2,0,all,D_noEC(MG_98k),P3,2017_f4
OHH1_2017,181,0.2715286734109874,0.2934754012102078,0.3333333333333333,0,all,D_noEC(MG_98k),P3,2017_f4
TXH1-Late_2017,133,0.2612452846299124,0.24859468889319633,0.07692307692307693,0,all,D_noEC(MG_98k),P3,2017_f4
COH1_2017,209,0.42182449030757085,0.42430990062569013,0.47619047619047616,0,all,D_noEC(MG_98k),P2,2017_f4
NEH4_2017,92,0.19807451572509258,0.21948907641386906,0.1111111111111111,0,all,D_noEC(MG_98k),P2,2017_f4
NYH1_2017,204,0.4583720931031599,0.38887985808284625,0.2,0,all,D_noEC(MG_98k),P2,2017_f4
OHH1_2017,181,0.2715286734109874,0.2934754012102078,0.3333333333333333,0,all,D_noEC(MG_98k),P2,2017_f4
TXH1-Late_2017,133,0.2612452846299124,0.24859468889319633,0.07692307692307693,0,all,D_noEC(MG_98k),P2,2017_f4
NYH1_2018,373,0.18544397800654597,0.17042065078976104,0.13513513513513514,7,all,MG_2k,P1,2018_f4
OHH1_2018,381,0.26771559734032846,0.2866043015505966,0.2894736842105263,7,all,MG_2k,P1,2018_f4
SCH1_2018,385,0.16568597666985865,0.2671509671184214,0.15789473684210525,7,all,MG_2k,P1,2018_f4
TXH1-Late_2018,434,0.25224657625955205,0.24285843204185714,0.13953488372093023,7,all,MG_2k,P1,2018_f4
NYH1_2018,373,0.21228088581337856,0.18485656694402539,0.10810810810810811,10,all,MG_2k,P2,2018_f4
OHH1_2018,381,0.27446248121564704,0.28166106925491213,0.2631578947368421,10,all,MG_2k,P2,2018_f4
SCH1_2018,385,0.1530538810084534,0.24465815403114274,0.13157894736842105,10,all,MG_2k,P2,2018_f4
TXH1-Late_2018,434,0.24972970203562458,0.23823589501041986,0.11627906976744186,10,all,MG_2k,P2,2018_f4
NYH1_2018,373,0.21853470780905548,0.18596488753425414,0.16216216216216217,11,all,MG_2k,P3,2018_f4
OHH1_2018,381,0.25446129394112665,0.261357961728511,0.2631578947368421,11,all,MG_2k,P3,2018_f4
SCH1_2018,385,0.16765905742670956,0.24945027030698988,0.13157894736842105,11,all,MG_2k,P3,2018_f4
TXH1-Late_2018,434,0.24445926626881195,0.23264391627442677,0.11627906976744186,11,all,MG_2k,P3,2018_f4
NYH1_2018,373,0.3009959381367189,0.290793331392489,0.13513513513513514,1,all,D_noEC(MG_2k),P3,2018_f4
OHH1_2018,381,0.2663797432877508,0.2769782069254219,0.21052631578947367,1,all,D_noEC(MG_2k),P3,2018_f4
SCH1_2018,385,0.10330925237405722,0.1881695772848389,0.23684210526315788,1,all,D_noEC(MG_2k),P3,2018_f4
TXH1-Late_2018,434,0.21783121910707823,0.19958366412929754,0.18604651162790697,1,all,D_noEC(MG_2k),P3,2018_f4
NYH1_2018,373,0.3120395886335333,0.3057502252829906,0.10810810810810811,0,all,D_noEC(MG_2k),P2,2018_f4
OHH1_2018,381,0.2689719784735577,0.28419739818810225,0.21052631578947367,0,all,D_noEC(MG_2k),P2,2018_f4
SCH1_2018,385,0.10263417296898361,0.1909200657173318,0.23684210526315788,0,all,D_noEC(MG_2k),P2,2018_f4
TXH1-Late_2018,434,0.22069656598877882,0.2041453541609561,0.18604651162790697,0,all,D_noEC(MG_2k),P2,2018_f4
NYH1_2018,373,0.18813413110049762,0.16383616741676646,0.21621621621621623,7,all,MG_98k,P1,2018_f4
OHH1_2018,381,0.2304656029561557,0.23216549809377907,0.23684210526315788,7,all,MG_98k,P1,2018_f4
SCH1_2018,385,0.18128664554160143,0.28531954135816306,0.21052631578947367,7,all,MG_98k,P1,2018_f4
TXH1-Late_2018,434,0.2687736465246303,0.25617783295360325,0.16279069767441862,7,all,MG_98k,P1,2018_f4
NYH1_2018,373,0.18813413110049762,0.16383616741676646,0.21621621621621623,7,all,MG_98k,P2,2018_f4
OHH1_2018,381,0.2304656029561557,0.23216549809377907,0.23684210526315788,7,all,MG_98k,P2,2018_f4
SCH1_2018,385,0.18128664554160143,0.28531954135816306,0.21052631578947367,7,all,MG_98k,P2,2018_f4
TXH1-Late_2018,434,0.2687736465246303,0.25617783295360325,0.16279069767441862,7,all,MG_98k,P2,2018_f4
NYH1_2018,373,0.18661799841594984,0.16286092391806214,0.16216216216216217,8,all,MG_98k,P3,2018_f4
OHH1_2018,381,0.24425960817892375,0.2540277877677403,0.23684210526315788,8,all,MG_98k,P3,2018_f4
SCH1_2018,385,0.16734043268758356,0.2725450155913642,0.15789473684210525,8,all,MG_98k,P3,2018_f4
TXH1-Late_2018,434,0.266515739326585,0.25299756799170886,0.16279069767441862,8,all,MG_98k,P3,2018_f4
NYH1_2018,373,0.2485027079380043,0.22505347941676065,0.16216216216216217,0,all,D_noEC(MG_98k),P3,2018_f4
OHH1_2018,381,0.26834958577689344,0.2795949250856745,0.21052631578947367,0,all,D_noEC(MG_98k),P3,2018_f4
SCH1_2018,385,0.1692238997233499,0.2851453227292394,0.18421052631578946,0,all,D_noEC(MG_98k),P3,2018_f4
TXH1-Late_2018,434,0.22431314216082004,0.22420702835698414,0.13953488372093023,0,all,D_noEC(MG_98k),P3,2018_f4
NYH1_2018,373,0.2485027079380043,0.22505347941676065,0.16216216216216217,0,all,D_noEC(MG_98k),P2,2018_f4
OHH1_2018,381,0.26834958577689344,0.2795949250856745,0.21052631578947367,0,all,D_noEC(MG_98k),P2,2018_f4
SCH1_2018,385,0.1692238997233499,0.2851453227292394,0.18421052631578946,0,all,D_noEC(MG_98k),P2,2018_f4
TXH1-Late_2018,434,0.22431314216082004,0.22420702835698414,0.13953488372093023,0,all,D_noEC(MG_98k),P2,2018_f4
NEH1_2019,312,0.14679272213252095,0.15514173118212443,0.1935483870967742,12,all,MG_2k,P1,2019_f4
NYH1_2019,201,0.08155615673765554,0.0903162405792818,0.1,12,all,MG_2k,P1,2019_f4
OHH1_2019,373,0.20499486891181035,0.22376755641447665,0.21621621621621623,12,all,MG_2k,P1,2019_f4
SCH1_2019,448,0.12927563552255575,0.16098267269120467,0.044444444444444446,12,all,MG_2k,P1,2019_f4
TXH1_2019,573,0.19921897688871495,0.17604414969809629,0.21052631578947367,12,all,MG_2k,P1,2019_f4
NEH1_2019,76,0.033755195562026497,0.0415311004784689,0.125,12,new,MG_2k,P1,2019_f4
NYH1_2019,17,0.22864112602296102,0.10784313725490197,0.0,12,new,MG_2k,P1,2019_f4
OHH1_2019,32,0.026157346058689825,0.063049853372434,0.0,12,new,MG_2k,P1,2019_f4
SCH1_2019,106,0.13752953020431444,0.17424490515656094,0.09090909090909091,12,new,MG_2k,P1,2019_f4
TXH1_2019,143,0.1400622955251601,0.1909821399258019,0.0,12,new,MG_2k,P1,2019_f4
NEH1_2019,312,0.16283692899775476,0.16578964628644627,0.1935483870967742,13,all,MG_2k,P2,2019_f4
NYH1_2019,201,0.06434344770726017,0.07165656864193883,0.1,13,all,MG_2k,P2,2019_f4
OHH1_2019,373,0.20109681427705853,0.20608841271450207,0.21621621621621623,13,all,MG_2k,P2,2019_f4
SCH1_2019,448,0.1468398863709255,0.17629180751088494,0.022222222222222223,13,all,MG_2k,P2,2019_f4
TXH1_2019,573,0.19624201447477674,0.16795872802709572,0.19298245614035087,13,all,MG_2k,P2,2019_f4
NEH1_2019,76,0.03881447590542682,0.03696514012303486,0.125,13,new,MG_2k,P2,2019_f4
NYH1_2019,17,0.19867082274004175,0.08578431372549021,0.0,13,new,MG_2k,P2,2019_f4
OHH1_2019,32,0.045538075608993464,0.08614369501466275,0.0,13,new,MG_2k,P2,2019_f4
SCH1_2019,106,0.22273526485350756,0.23799783358944002,0.09090909090909091,13,new,MG_2k,P2,2019_f4
TXH1_2019,143,0.17361066012084167,0.2206039265898421,0.14285714285714285,13,new,MG_2k,P2,2019_f4
NEH1_2019,312,0.13548001388332767,0.15218154045291077,0.16129032258064516,11,all,MG_2k,P3,2019_f4
NYH1_2019,201,0.09002601623506816,0.08673415102704302,0.1,11,all,MG_2k,P3,2019_f4
OHH1_2019,373,0.20235273226038902,0.2399853950426505,0.13513513513513514,11,all,MG_2k,P3,2019_f4
SCH1_2019,448,0.1153468441754332,0.14874137051122446,0.044444444444444446,11,all,MG_2k,P3,2019_f4
TXH1_2019,573,0.19362884094425456,0.17381141868037622,0.22807017543859648,11,all,MG_2k,P3,2019_f4
NEH1_2019,76,0.04062834777459471,0.03431305536568694,0.125,11,new,MG_2k,P3,2019_f4
NYH1_2019,17,0.2693894900650416,0.16421568627450983,0.0,11,new,MG_2k,P3,2019_f4
OHH1_2019,32,-0.01961118857823546,-0.00879765395894428,0.0,11,new,MG_2k,P3,2019_f4
SCH1_2019,106,0.07039575328398236,0.11118724336851651,0.09090909090909091,11,new,MG_2k,P3,2019_f4
TXH1_2019,143,0.10985853259539888,0.1590621819495059,0.0,11,new,MG_2k,P3,2019_f4
NEH1_2019,312,0.1613209605153455,0.1669900012564611,0.1935483870967742,1,all,D_noEC(MG_2k),P3,2019_f4
NYH1_2019,201,0.1192212252263935,0.1134638687749372,0.15,1,all,D_noEC(MG_2k),P3,2019_f4
OHH1_2019,373,0.2937981182504735,0.33158837698834603,0.16216216216216217,1,all,D_noEC(MG_2k),P3,2019_f4
SCH1_2019,448,0.11351917482162072,0.13049412564834606,0.08888888888888889,1,all,D_noEC(MG_2k),P3,2019_f4
TXH1_2019,573,0.12539562445956898,0.0891090195150924,0.2982456140350877,1,all,D_noEC(MG_2k),P3,2019_f4
NEH1_2019,76,0.11653636323038828,0.11871496924128504,0.125,1,new,D_noEC(MG_2k),P3,2019_f4
NYH1_2019,17,0.3147767644610007,0.24264705882352944,0.5,1,new,D_noEC(MG_2k),P3,2019_f4
OHH1_2019,32,0.09507921893075864,0.12170087976539588,0.0,1,new,D_noEC(MG_2k),P3,2019_f4
SCH1_2019,106,0.15145253213485382,0.14752248280726502,0.09090909090909091,1,new,D_noEC(MG_2k),P3,2019_f4
TXH1_2019,143,0.12669132682661527,0.12931317508782297,0.07142857142857142,1,new,D_noEC(MG_2k),P3,2019_f4
NEH1_2019,312,0.1613209605153455,0.1669900012564611,0.1935483870967742,1,all,D_noEC(MG_2k),P2,2019_f4
NYH1_2019,201,0.1192212252263935,0.1134638687749372,0.15,1,all,D_noEC(MG_2k),P2,2019_f4
OHH1_2019,373,0.2937981182504735,0.33158837698834603,0.16216216216216217,1,all,D_noEC(MG_2k),P2,2019_f4
SCH1_2019,448,0.11351917482162072,0.13049412564834606,0.08888888888888889,1,all,D_noEC(MG_2k),P2,2019_f4
TXH1_2019,573,0.12539562445956898,0.0891090195150924,0.2982456140350877,1,all,D_noEC(MG_2k),P2,2019_f4
NEH1_2019,76,0.11653636323038828,0.11871496924128504,0.125,1,new,D_noEC(MG_2k),P2,2019_f4
NYH1_2019,17,0.3147767644610007,0.24264705882352944,0.5,1,new,D_noEC(MG_2k),P2,2019_f4
OHH1_2019,32,0.09507921893075864,0.12170087976539588,0.0,1,new,D_noEC(MG_2k),P2,2019_f4
SCH1_2019,106,0.15145253213485382,0.14752248280726502,0.09090909090909091,1,new,D_noEC(MG_2k),P2,2019_f4
TXH1_2019,143,0.12669132682661527,0.12931317508782297,0.07142857142857142,1,new,D_noEC(MG_2k),P2,2019_f4
NEH1_2019,312,0.18677901323316015,0.16371806593496904,0.06451612903225806,16,all,MG_98k,P1,2019_f4
NYH1_2019,201,0.04046779713911469,0.09971627013447613,0.1,16,all,MG_98k,P1,2019_f4
OHH1_2019,373,0.22873125697246413,0.3060529408895377,0.10810810810810811,16,all,MG_98k,P1,2019_f4
SCH1_2019,448,0.09758885707491485,0.12127381183710682,0.06666666666666667,16,all,MG_98k,P1,2019_f4
TXH1_2019,573,0.07140035249480986,-0.01569328485926571,0.08771929824561403,16,all,MG_98k,P1,2019_f4
NEH1_2019,76,0.14601950934391136,0.12046479835953519,0.125,16,new,MG_98k,P1,2019_f4
NYH1_2019,17,0.14629210640896426,0.08578431372549021,0.0,16,new,MG_98k,P1,2019_f4
OHH1_2019,32,0.0840096414766888,0.16532258064516128,0.0,16,new,MG_98k,P1,2019_f4
SCH1_2019,106,0.22574208626523107,0.24670378114215183,0.09090909090909091,16,new,MG_98k,P1,2019_f4
TXH1_2019,143,0.1374551892137705,0.12360057782592992,0.07142857142857142,16,new,MG_98k,P1,2019_f4
NEH1_2019,312,0.1878498110240182,0.19304299862737556,0.16129032258064516,13,all,MG_98k,P2,2019_f4
NYH1_2019,201,0.1001962732968915,0.10701788089256688,0.1,13,all,MG_98k,P2,2019_f4
OHH1_2019,373,0.2099109344186582,0.2276678385010441,0.13513513513513514,13,all,MG_98k,P2,2019_f4
SCH1_2019,448,0.1016808435690383,0.12779237231132567,0.044444444444444446,13,all,MG_98k,P2,2019_f4
TXH1_2019,573,0.17534782835833929,0.1281516101158205,0.22807017543859648,13,all,MG_98k,P2,2019_f4
NEH1_2019,76,0.07885617466630064,0.054217361585782636,0.125,13,new,MG_98k,P2,2019_f4
NYH1_2019,17,0.3056603314378911,0.31127450980392163,0.0,13,new,MG_98k,P2,2019_f4
OHH1_2019,32,-0.026356664183698586,-0.017961876832844573,0.0,13,new,MG_98k,P2,2019_f4
SCH1_2019,106,0.10294211352264761,0.09957931329823413,0.0,13,new,MG_98k,P2,2019_f4
TXH1_2019,143,0.13451503671918214,0.14453856003151777,0.0,13,new,MG_98k,P2,2019_f4
NEH1_2019,312,0.10183997584446577,0.1337562101972486,0.22580645161290322,8,all,MG_98k,P3,2019_f4
NYH1_2019,201,0.10967883922120089,0.08482192995418945,0.2,8,all,MG_98k,P3,2019_f4
OHH1_2019,373,0.25366919000112176,0.3092656384154596,0.13513513513513514,8,all,MG_98k,P3,2019_f4
SCH1_2019,448,0.06726314457690714,0.09180649659304685,0.13333333333333333,8,all,MG_98k,P3,2019_f4
TXH1_2019,573,0.17472881657144673,0.14305823426083805,0.21052631578947367,8,all,MG_98k,P3,2019_f4
NEH1_2019,76,-0.03936913002565307,-0.0734107997265892,0.125,8,new,MG_98k,P3,2019_f4
NYH1_2019,17,0.37136631154118027,0.34558823529411764,0.5,8,new,MG_98k,P3,2019_f4
OHH1_2019,32,0.16118285930062456,0.1818181818181818,0.0,8,new,MG_98k,P3,2019_f4
SCH1_2019,106,-0.04213231314139349,-0.023392195883819935,0.18181818181818182,8,new,MG_98k,P3,2019_f4
TXH1_2019,143,0.06445022385603802,0.05172116615778587,0.07142857142857142,8,new,MG_98k,P3,2019_f4
NEH1_2019,312,0.08424645830613879,0.08279406918754381,0.22580645161290322,0,all,D_noEC(MG_98k),P3,2019_f4
NYH1_2019,201,0.1412502349791457,0.11582828432096942,0.2,0,all,D_noEC(MG_98k),P3,2019_f4
OHH1_2019,373,0.2830814781795318,0.3376011288088222,0.08108108108108109,0,all,D_noEC(MG_98k),P3,2019_f4
SCH1_2019,448,0.12789228393983748,0.1359907870264591,0.08888888888888889,0,all,D_noEC(MG_98k),P3,2019_f4
TXH1_2019,573,0.19206727432461762,0.1661733213902256,0.24561403508771928,0,all,D_noEC(MG_98k),P3,2019_f4
NEH1_2019,76,-0.01695840302572235,-0.05525632262474368,0.125,0,new,D_noEC(MG_98k),P3,2019_f4
NYH1_2019,17,0.4193015298647603,0.4191176470588236,0.5,0,new,D_noEC(MG_98k),P3,2019_f4
OHH1_2019,32,0.13919596112936913,0.2111436950146627,0.0,0,new,D_noEC(MG_98k),P3,2019_f4
SCH1_2019,106,0.06234695161135543,0.05068896893971837,0.09090909090909091,0,new,D_noEC(MG_98k),P3,2019_f4
TXH1_2019,143,0.1412378401274449,0.1226238550182212,0.07142857142857142,0,new,D_noEC(MG_98k),P3,2019_f4
NEH1_2019,312,0.08424645830613879,0.08279406918754381,0.22580645161290322,0,all,D_noEC(MG_98k),P2,2019_f4
NYH1_2019,201,0.1412502349791457,0.11582828432096942,0.2,0,all,D_noEC(MG_98k),P2,2019_f4
OHH1_2019,373,0.2830814781795318,0.3376011288088222,0.08108108108108109,0,all,D_noEC(MG_98k),P2,2019_f4
SCH1_2019,448,0.12789228393983748,0.1359907870264591,0.08888888888888889,0,all,D_noEC(MG_98k),P2,2019_f4
TXH1_2019,573,0.19206727432461762,0.1661733213902256,0.24561403508771928,0,all,D_noEC(MG_98k),P2,2019_f4
NEH1_2019,76,-0.01695840302572235,-0.05525632262474368,0.125,0,new,D_noEC(MG_98k),P2,2019_f4
NYH1_2019,17,0.4193015298647603,0.4191176470588236,0.5,0,new,D_noEC(MG_98k),P2,2019_f4
OHH1_2019,32,0.13919596112936913,0.2111436950146627,0.0,0,new,D_noEC(MG_98k),P2,2019_f4
SCH1_2019,106,0.06234695161135543,0.05068896893971837,0.09090909090909091,0,new,D_noEC(MG_98k),P2,2019_f4
TXH1_2019,143,0.1412378401274449,0.1226238550182212,0.07142857142857142,0,new,D_noEC(MG_98k),P2,2019_f4
NEH1_2020,246,0.2500872159477022,0.18979894120183866,0.24,9,all,MG_2k,P1,2020_f4
OHH1_2020,398,0.5440051197197685,0.49091087666462146,0.325,9,all,MG_2k,P1,2020_f4
SCH1_2020,398,-0.007231720631665802,0.0076632666181230946,0.1,9,all,MG_2k,P1,2020_f4
TXH1_2020,246,0.238416805496293,0.22778347638057886,0.12,9,all,MG_2k,P1,2020_f4
NEH1_2020,246,0.2656517718149846,0.1999862964836374,0.28,2,all,MG_2k,P2,2020_f4
OHH1_2020,398,0.5403081525392728,0.4963292515728058,0.35,2,all,MG_2k,P2,2020_f4
SCH1_2020,398,0.016075092182421917,0.02920751367679099,0.075,2,all,MG_2k,P2,2020_f4
TXH1_2020,246,0.24331438495924276,0.25538235833486156,0.12,2,all,MG_2k,P2,2020_f4
NEH1_2020,246,0.22743932972483094,0.17934960693075488,0.28,11,all,MG_2k,P3,2020_f4
OHH1_2020,398,0.5235013578857588,0.4654977247451227,0.325,11,all,MG_2k,P3,2020_f4
SCH1_2020,398,-0.010373898351102648,0.009237585819287913,0.075,11,all,MG_2k,P3,2020_f4
TXH1_2020,246,0.23904172533525112,0.2063068418835886,0.16,11,all,MG_2k,P3,2020_f4
NEH1_2020,246,0.2674132207471374,0.2156397426157191,0.28,2,all,D_noEC(MG_2k),P3,2020_f4
OHH1_2020,398,0.5667436662422818,0.533739764588692,0.35,2,all,D_noEC(MG_2k),P3,2020_f4
SCH1_2020,398,0.009064209883438274,0.005123532474592427,0.125,2,all,D_noEC(MG_2k),P3,2020_f4
TXH1_2020,246,0.2250566750420856,0.23302628052307126,0.16,2,all,D_noEC(MG_2k),P3,2020_f4
NEH1_2020,246,0.2674132207471374,0.2156397426157191,0.28,2,all,D_noEC(MG_2k),P2,2020_f4
OHH1_2020,398,0.5667436662422818,0.533739764588692,0.35,2,all,D_noEC(MG_2k),P2,2020_f4
SCH1_2020,398,0.009064209883438274,0.005123532474592427,0.125,2,all,D_noEC(MG_2k),P2,2020_f4
TXH1_2020,246,0.2250566750420856,0.23302628052307126,0.16,2,all,D_noEC(MG_2k),P2,2020_f4
NEH1_2020,246,0.25700998008864345,0.1890863583509833,0.28,11,all,MG_98k,P1,2020_f4
OHH1_2020,398,0.560417791462523,0.5220098342177538,0.3,11,all,MG_98k,P1,2020_f4
SCH1_2020,398,-0.011190889925609689,0.006628567164909222,0.1,11,all,MG_98k,P1,2020_f4
TXH1_2020,246,0.24690387008368264,0.2261801649661543,0.16,11,all,MG_98k,P1,2020_f4
NEH1_2020,246,0.29459395532913335,0.21314973308371435,0.28,7,all,MG_98k,P2,2020_f4
OHH1_2020,398,0.5685549117495048,0.5248319421543176,0.3,7,all,MG_98k,P2,2020_f4
SCH1_2020,398,-0.0035195886960069675,-0.0016528353020571504,0.1,7,all,MG_98k,P2,2020_f4
TXH1_2020,246,0.24720762630038198,0.27388452369196914,0.12,7,all,MG_98k,P2,2020_f4
NEH1_2020,246,0.286752899467498,0.20354518029192514,0.28,8,all,MG_98k,P3,2020_f4
OHH1_2020,398,0.5719107515518126,0.5338857570203073,0.325,8,all,MG_98k,P3,2020_f4
SCH1_2020,398,-0.003059858633882434,0.005569884611786418,0.075,8,all,MG_98k,P3,2020_f4
TXH1_2020,246,0.24538811434025257,0.25778369805510826,0.12,8,all,MG_98k,P3,2020_f4
NEH1_2020,246,0.26410011349489987,0.19327076737676407,0.28,0,all,D_noEC(MG_98k),P3,2020_f4
OHH1_2020,398,0.5635193560756077,0.5219083818500211,0.25,0,all,D_noEC(MG_98k),P3,2020_f4
SCH1_2020,398,0.005981235500631355,0.004509108295973151,0.15,0,all,D_noEC(MG_98k),P3,2020_f4
TXH1_2020,246,0.23183277746132414,0.26086618314749616,0.12,0,all,D_noEC(MG_98k),P3,2020_f4
NEH1_2020,246,0.26410011349489987,0.19327076737676407,0.28,0,all,D_noEC(MG_98k),P2,2020_f4
OHH1_2020,398,0.5635193560756077,0.5219083818500211,0.25,0,all,D_noEC(MG_98k),P2,2020_f4
SCH1_2020,398,0.005981235500631355,0.004509108295973151,0.15,0,all,D_noEC(MG_98k),P2,2020_f4
TXH1_2020,246,0.23183277746132414,0.26086618314749616,0.12,0,all,D_noEC(MG_98k),P2,2020_f4
NEH1_2021,247,-0.02682932854083236,-0.030932565875591473,0.12,18,all,MG_2k,P1,2021_f4
SCH1_2021,418,-0.2984056379024269,-0.17512733350279353,0.023809523809523808,18,all,MG_2k,P1,2021_f4
TXH1_2021,267,0.11556590328153475,-0.01743552934756984,0.14814814814814814,18,all,MG_2k,P1,2021_f4
NEH1_2021,247,0.20220978503102305,0.2204085175545849,0.2,4,all,MG_2k,P2,2021_f4
SCH1_2021,418,-0.05065298830301915,-0.04688611893530127,0.023809523809523808,4,all,MG_2k,P2,2021_f4
TXH1_2021,267,0.12079783099873828,0.07597163649075982,0.14814814814814814,4,all,MG_2k,P2,2021_f4
NEH1_2021,247,0.21307151717857262,0.2241724104224002,0.2,11,all,MG_2k,P3,2021_f4
SCH1_2021,418,-0.11302563352744711,-0.08889126403199123,0.14285714285714285,11,all,MG_2k,P3,2021_f4
TXH1_2021,267,0.11741693286514818,0.06261167907164418,0.14814814814814814,11,all,MG_2k,P3,2021_f4
NEH1_2021,247,0.2222629148160663,0.20661593859117416,0.36,2,all,D_noEC(MG_2k),P3,2021_f4
SCH1_2021,418,-0.12497501168623584,-0.09432225419446266,0.09523809523809523,2,all,D_noEC(MG_2k),P3,2021_f4
TXH1_2021,267,0.07087472607742216,0.027591833157830956,0.07407407407407407,2,all,D_noEC(MG_2k),P3,2021_f4
NEH1_2021,247,0.2557809339388172,0.24387660658759375,0.28,4,all,D_noEC(MG_2k),P2,2021_f4
SCH1_2021,418,-0.11088223317251529,-0.07852146410977366,0.07142857142857142,4,all,D_noEC(MG_2k),P2,2021_f4
TXH1_2021,267,0.05562598591841822,0.027115840148938863,0.037037037037037035,4,all,D_noEC(MG_2k),P2,2021_f4
NEH1_2021,247,0.013422680184616998,-0.028676937705045234,0.16,18,all,MG_98k,P1,2021_f4
SCH1_2021,418,-0.28938647450079186,-0.15643335075531395,0.023809523809523808,18,all,MG_98k,P1,2021_f4
TXH1_2021,267,0.13435629064543314,-0.009259797772321311,0.14814814814814814,18,all,MG_98k,P1,2021_f4
NEH1_2021,247,0.23898941274912022,0.24301457040238064,0.28,9,all,MG_98k,P2,2021_f4
SCH1_2021,418,-0.11672030056348891,-0.07357797161209474,0.07142857142857142,9,all,MG_98k,P2,2021_f4
TXH1_2021,267,0.13568986512571282,0.08494520800342946,0.14814814814814814,9,all,MG_98k,P2,2021_f4
NEH1_2021,247,0.2387241278761382,0.2380175477121149,0.28,8,all,MG_98k,P3,2021_f4
SCH1_2021,418,-0.11551752438174942,-0.0698293988202479,0.07142857142857142,8,all,MG_98k,P3,2021_f4
TXH1_2021,267,0.13114518934396666,0.07765621042421635,0.18518518518518517,8,all,MG_98k,P3,2021_f4
NEH1_2021,247,0.227922268273677,0.22243480030125917,0.28,0,all,D_noEC(MG_98k),P3,2021_f4
SCH1_2021,418,-0.11008832049034582,-0.07238683095792771,0.07142857142857142,0,all,D_noEC(MG_98k),P3,2021_f4
TXH1_2021,267,0.10992534475863769,0.06363679779013233,0.18518518518518517,0,all,D_noEC(MG_98k),P3,2021_f4
NEH1_2021,247,0.22975695695098033,0.22694127861268767,0.32,4,all,D_noEC(MG_98k),P2,2021_f4
SCH1_2021,418,-0.08504650792109081,-0.05330886369995937,0.023809523809523808,4,all,D_noEC(MG_98k),P2,2021_f4
TXH1_2021,267,0.08983581081976438,0.0691835348659371,0.07407407407407407,4,all,D_noEC(MG_98k),P2,2021_f4
