dataset,target,env,n,cell_reml,reml,reml_x0.1,reml_x10,reml_x100,ridge_pc20,rf,gbm,knn10,knn30,mlp,dl_g,variant,rn_ridge,gxe_gbm
NUST,2016,Albany_MO_2016,53,0.17240892775532132,0.15301493938995425,0.1559583097655713,0.21563212012054686,0.2576457082218202,0.11160615342065702,0.22494607295297883,0.13837872779613253,-0.03959757253975236,0.08235555044721216,0.16035320525793098,0.11954922142060985,orig,,
NUST,2017,Albany_MO_2017,115,0.016413752856019464,0.22423317032702933,0.1550192153750357,0.15514942062605702,0.045090472990045774,0.15522044167206867,0.10047525024561631,0.1430051038642104,0.09166109356586864,0.1903845018188375,-0.03671393517434161,-0.05772432795277997,orig,,
NUST,2019,Albany_MO_2019,180,0.33951568017044614,0.2382513290244439,0.2655312301739105,0.18098874338326484,0.1833550934735448,0.08502192989589367,0.21650457169477105,0.26835644641213174,0.25437570348174593,0.16024097749385008,0.16010107402115017,0.34962205275167224,orig,,
NUST,2005,Ames_IA_2005,69,0.6013757339748205,0.4780531490820621,0.4393938024697543,0.5262129022342563,0.5632827577523907,0.40139217631020796,0.4097415720577622,0.3441528188899267,0.43188443671972393,0.543423048200491,-0.06288538328901848,0.5952004697238942,orig,,
NUST,2007,Ames_IA_2007,69,0.17546520107952002,0.2709625569773388,0.23259553050222512,0.21693812969785728,0.16932647684350183,0.2461701498693725,0.3069910218387313,0.36043080871478256,0.2664912722427304,0.1938466043824707,0.13561830358322338,0.1830289862988996,orig,,
NUST,2008,Ames_IA_2008,50,0.5021850861179318,0.2709984164639465,0.1598232730802789,0.3707438906790124,0.46222926784786195,0.3145079974166907,0.3148441641569437,0.2611535333565375,0.09417923361163827,0.3487489811024596,0.0924458535695724,0.44311578747347763,orig,,
NUST,2009,Ames_IA_2009,61,0.7750687583024728,0.7607097567412909,0.6710651613593263,0.8005077260775317,0.7915168227058893,0.7300349099439225,0.7597048910703427,0.7630897017514315,0.678090706880684,0.6858034433256207,0.5964671072081398,0.8037338737579447,orig,,
NUST,2010,Ames_IA_2010,61,0.5012296751470264,0.48263916857172007,0.38381594940824854,0.5670236728132606,0.5358191240808827,0.357133415788783,0.4772904607438057,0.39618400629599826,0.5589569315322207,0.5280396705755939,0.31400238275275894,0.46307021428192374,orig,,
NUST,2014,Ames_IA_2014,52,-0.0726317840054555,-0.013108734679409078,0.020922736133258787,-0.10486987743527262,-0.14803903300818005,-0.057003781097756084,-0.10773074135553452,-0.20282244210812092,-0.05905091411503182,-0.04709851130279821,-0.1506010006979668,-0.1508571974669455,orig,,
NUST,2015,Ames_IA_2015,68,-0.3836197158787834,-0.3801451071254273,-0.32598321133822167,-0.3601947436789592,-0.3545055491267607,-0.2432035214780443,-0.2841351762428553,-0.23581520506294082,-0.32898995753417964,-0.2500214861723426,-0.2196449104800141,-0.3587056256418066,orig,,
NUST,2017,Ames_IA_2017,80,0.2259195012224377,0.2216413887479272,0.18562319796937723,0.15916922576397943,0.11121920348117827,0.1466279097428117,0.16635411054993818,0.15234768751695177,0.21495003959134218,0.19448644468440976,0.1272064511941435,0.2503809278917621,orig,,
NUST,2019,Ames_IA_2019,220,0.268008281172337,0.07038827292259521,0.020741811805078794,0.1222622431293419,0.1703303452893744,0.11027043414176055,0.07553864809981874,0.022733778572199704,0.032045616359274616,0.09578914329604304,0.14996156941069846,0.24923195171060122,orig,,
NUST,2016,Arthur_IL_2016,38,0.14081580352921408,0.3231317544437875,-0.01445387718962384,0.49099382816873705,0.4531071500807837,0.36517939717723863,0.20333977228129904,0.1673145783768578,0.0798248217517862,0.26619223824223903,0.18592942021197942,0.3162333130578307,orig,,
NUST,2017,Arthur_IL_2017,32,0.469941348973607,0.5014662756598239,0.5201612903225806,0.45454545454545453,0.346041055718475,0.23093841642228732,0.5744134897360703,0.5062316715542522,0.43731671554252194,0.4666422287390029,0.5278592375366569,0.4787390029325513,orig,,
NUST,2019,Arthur_IL_2019,61,0.41929896767902547,0.3950760959336933,0.4521426431241156,0.3374806650807091,0.23120149308890767,0.3303671798192524,0.1404979449595524,0.18643149105304804,0.13325576224950986,0.17945971716003517,0.15681400594958508,0.25196017684445987,orig,,
NUST,2020,Arthur_IL_2020,50,0.4026030202194595,0.33459802479648987,0.26942657084947724,0.3815195505932705,0.3634137008231719,0.3335414500088448,0.32129478769750497,0.28128902414712803,0.33237271892324943,0.44044760806783534,0.525357800093125,0.41859572041426807,orig,,
NUST,2005,Ashland_KS_2005,44,-0.10919986334762827,-0.10405358185997371,-0.12139584550330267,-0.12971449229156615,-0.12083186944986107,-0.19295030728370466,-0.022911527171064677,-0.1542583226832927,-0.23838585878013008,-0.30679734951462667,0.13634121091950485,-0.023334509211145864,orig,,
NUST,2006,Ashland_KS_2006,39,-0.1471734401398964,-0.3141859409864088,-0.3361506153401622,-0.1751100766451312,-0.04079153808554212,-0.15628321291334252,0.022774431933615325,0.06781719731343232,-0.19400718757452212,0.09069284894453036,-0.013361000067720993,0.11063312934862912,orig,,
NUST,2007,Ashland_KS_2007,45,0.28142194271258414,0.2782591580602301,0.28682503316035557,0.1387671766220328,0.06912002292332023,0.048627814029943116,0.2931506024650636,0.39660001713580983,0.021153909622610215,0.19181602905096515,0.14753072576293041,0.2986195842597591,orig,,
NUST,2009,Ashland_KS_2009,35,0.06051691665437168,0.07522588945230924,0.06836170214660504,0.26966450129552194,0.44575191850511736,0.3803320109180998,-0.02563563830497689,0.028999720094054604,0.012889667282064936,-0.14597926733335698,0.3385865452630008,0.145969044337628,orig,,
NUST,2010,Ashland_KS_2010,49,0.48804513392646826,0.35642656230706415,0.3771976978825187,0.34387201844573284,0.3489244568289515,0.3309602314663962,0.371328703801002,0.2905407244006466,0.4477055814254112,0.5321407750011661,0.41236062764047504,0.4760519721077168,orig,,
NUST,2011,Ashland_KS_2011,58,0.21234309874662727,0.35952498579441994,0.22114201590709312,0.3356202353270004,0.18136229601729467,0.23360202097698363,0.19723726543967365,0.15911887955919388,0.3823244387984896,0.35487940365725085,0.037964558657394676,0.20591312082167143,orig,,
NUST,2013,Ashland_KS_2013,35,0.030254219557349644,0.1313817497444165,-0.05546606918847435,0.24945724551685058,0.026892639606533014,0.32397226775995247,0.07479515390566996,-0.20519644283109828,0.1505707686303281,0.3080047629935735,0.04159955189135576,0.08950206619049271,orig,,
NUST,2005,Aurora_SD_2005,83,0.47598755451836194,0.38251980058804347,0.3694731506009143,0.4584170862332016,0.5416406483795796,0.46902864145201717,0.30524752608663924,0.31799646400631604,0.3474217339273506,0.4826547444879972,0.030333723622528966,0.4578712891299589,orig,,
NUST,2006,Aurora_SD_2006,79,0.5380715614976819,0.39660639493901073,0.4093141589974561,0.4211698699102204,0.41957531330901693,0.36719838922521364,0.4334150908324389,0.35696157928924377,0.3723905400443456,0.47896341756299704,0.31258178258704833,0.5545040150215338,orig,,
NUST,2007,Aurora_SD_2007,99,0.5173168746900322,0.5041931579780287,0.48474878222753903,0.5157274330335831,0.5046446336236349,0.5333349832122232,0.4856208105293262,0.4784528615805929,0.36209018565265905,0.41773044394555237,0.39958686935087134,0.482009005364477,orig,,
NUST,2008,Aurora_SD_2008,83,0.16482011426254217,0.2391686602644264,0.220085551887831,0.2386438223002736,0.21523604909905916,0.21837458012469288,0.2329020949724421,0.18553022032801128,0.22714175797800187,0.2759807950701031,0.253948097334969,0.15157320404732574,orig,,
NUST,2009,Aurora_SD_2009,93,-0.32755868005276556,-0.1217153859871724,-0.047890833802357466,-0.2791828946696084,-0.36719787618797745,-0.34882940246599525,-0.1667114318918332,-0.15112583416428613,-0.24700721133571565,-0.24813477422736302,-0.12558007704646845,-0.3224554972640426,orig,,
NUST,2010,Aurora_SD_2010,94,0.23172666285394372,0.30361691726580214,0.07262006803087513,0.3351000651673467,0.29532883586964154,0.1947952033807295,0.1570261093576633,0.12336785076910337,0.3631515664336168,0.33319001995498326,0.18532930396575975,0.20304715538981008,orig,,
NUST,2005,Beemer_NE_2005,61,0.5881777441595178,0.5170220927688838,0.5016063570718421,0.5387046026686683,0.5424329366880214,0.45615241253802563,0.5397887281636574,0.5241627332442872,0.3723141222131551,0.6067801990697799,-0.16317410803849958,0.596163253903097,orig,,
NUST,2006,Beemer_NE_2006,42,0.7606158858038186,0.6133711527433522,0.5755267441912124,0.6499189648568746,0.6489465175279117,0.6107779598661177,0.630956241942098,0.5437601314450908,0.537096317147439,0.6445705045475787,0.2764181532577057,0.7605348485264051,orig,,
NUST,2007,Beemer_NE_2007,51,0.5746996415710143,0.37328325537947216,0.3172161013710874,0.43002918849207467,0.4583116511678136,0.3917912989544757,0.41613684282575175,0.3159037951029331,0.6177482131404411,0.44830629296658164,0.3183021479378358,0.5903568129083033,orig,,
NUST,2008,Beemer_NE_2008,49,0.6152158415544206,0.4342790103234364,0.43361567732681966,0.45795489574113984,0.5013776942119711,0.26482294249543353,0.3059495882856685,0.29839779724726306,0.30383977637157844,0.4401979816778622,0.22099193910360745,0.5889376497653745,orig,,
NUST,2009,Beemer_NE_2009,62,0.6507990595542038,0.44064126115177815,0.3127684013136771,0.5348143206228556,0.526049350123809,0.39686678205021825,0.5263515904858452,0.574785608502128,0.429249685537168,0.4091126678703372,0.3848779143561202,0.7060334857162988,orig,,
NUST,2010,Beemer_NE_2010,78,0.2390434222049572,0.4234541291456347,0.33276635109930375,0.3185390814992309,0.22646019264755948,0.23113938353825006,0.4139971932953778,0.38082531407941445,0.3944454634230105,0.28289943798484474,0.1963363204810052,0.23683029137827918,orig,,
NUST,2011,Beemer_NE_2011,77,0.5887642243409472,0.6140700303082219,0.5172112363514018,0.6151874295327509,0.5781949422642259,0.6229697864847646,0.5443837563173013,0.5432937860757271,0.5093509858145533,0.552317978004293,0.519590639405987,0.614648448730331,orig,,
NUST,2012,Beemer_NE_2012,85,0.6553311263902724,0.5655653614709285,0.5433633347022861,0.5725621269490746,0.5845328500087519,0.44536952993294354,0.5602689272681978,0.45300147663466434,0.5810059424441799,0.500073291310963,0.547154878006086,0.606676244664449,orig,,
NUST,2011,Beresford_SD_2011,41,-0.09895470383275264,0.21254355400696867,0.006445993031358886,0.12108013937282232,-0.10993031358885018,-0.04163763066202092,0.0026132404181184675,-0.006795609094276906,0.16241178563037367,-0.03197142620372899,0.1015679442508711,-0.09756097560975611,orig,,
NUST,2012,Beresford_SD_2012,35,0.24136723934139442,0.23436296658047176,0.3163129578832668,0.2562162975945505,0.26209988671372547,0.1854731427092317,0.3981228637308433,0.3440498780165205,0.24257495334712822,0.3045457796449167,0.33900680162865615,0.3308818452259859,orig,,
NUST,2013,Beresford_SD_2013,48,0.14452075677632395,0.04169494410376288,0.13909172759614646,0.06617986570636322,0.048155488828174046,0.1447922082353328,-0.10336871559057881,-0.05304161509033377,-0.07581188237528724,-0.017861990757265432,-0.19701946894863995,-0.009555091357112326,orig,,
NUST,2016,BooneCounty_IA_2016,181,0.5809281050064922,0.5698820822674602,0.47781738871488894,0.5646434179471993,0.5217818949390298,0.49449267350020476,0.5018664704678968,0.47204342336595917,0.49075084602428914,0.5035728075409829,0.5429875061994873,0.6051370687302556,orig,,
NUST,2012,Boone_IA_2012,35,0.23560723021451424,0.21851800186363984,0.26642387150297625,0.27258719976066864,0.22187981727692657,0.2954195294425746,0.40565905986993644,0.34150441573304735,0.22413672395108028,0.269785686916263,0.36895924160822263,0.2947191512314732,orig,,
NUST,2013,Boone_IA_2013,48,0.4530575727739931,0.4518090316556368,0.5126618400763948,0.3508943386545761,0.09445484982347807,0.1358738443150377,0.42189832921153547,0.32581494749454903,0.12391398948081682,0.21757776579028262,0.38878484737686786,0.2866216132574507,orig,,
NUST,2014,Boone_IA_2014,62,0.353406376028572,0.4297947410866292,0.35098854449359884,0.42823322488695914,0.35476640626699435,0.4212064019884434,0.46840448841073135,0.4570010999783306,0.30288794571603395,0.3018713503686802,0.38088402399373533,0.4603954214511328,orig,,
NUST,2015,Boone_IA_2015,192,0.5546211724567669,0.5251526944181536,0.42304306158268856,0.5465944880474001,0.5082430781075041,0.5383584044989211,0.5008403522665038,0.4669694056877721,0.4876178724461717,0.521989886571032,0.38892626176370376,0.5367891826102712,orig,,
NUST,2016,Boone_IA_2016,67,0.11915428642277832,0.049369905310660454,0.07004380260324099,0.03835446968758666,-0.022230426239319222,0.03280684087741544,0.04605729242401146,0.09862007762541793,0.03468369593124487,-0.03161980413577782,0.04036997511862009,0.18392983720628836,orig,,
NUST,2020,Boone_IA_2020,39,0.05143001936433344,-0.1181473082641282,-0.1214882347188979,-0.1187547494377227,-0.13495318073357573,-0.15955454826415258,-0.015084789144263155,0.0654011663570067,-0.0582131124694719,-0.1515565728118251,-0.1660339207824938,-0.009010377408318261,orig,,
NUST,2010,Bristol_SD_2010,26,0.4154556395136092,0.19114378805605556,0.20311164598443116,0.3894682908691365,0.4414429881580818,0.3046674689766467,0.25337664928360853,0.07317490276206778,0.1812275629154015,0.36046511627906974,0.03898102296670901,0.296118999027807,orig,,
NUST,2011,Bristol_SD_2011,27,0.3523126281315812,0.143489545252897,-0.022897267859504845,0.2515646495497599,0.27843077717157894,0.1770722047801708,0.10502213524892888,-0.024423752383471834,-0.009158907143801938,0.2668294947894298,0.14287895144331023,0.2469851959778589,orig,,
NUST,2016,Britton_MI_2016,38,0.34885375113768763,0.1591070747033243,0.1534168629532742,0.27126990246873517,0.2799146472428498,0.2827597531178748,0.3063960173103906,0.21830716233365335,0.25108134857204384,0.03348653972422849,0.23800404916074994,0.4586091816242312,orig,,
NUST,2017,Britton_MI_2017,48,0.3458009925885937,0.37647250919966985,0.3383638283837841,0.41691548243020404,0.4139297595742585,0.36599533626880676,0.3949297050364237,0.28804082679357584,0.3017019109786982,0.28136366477027963,0.3325552402822174,0.3620324677509154,orig,,
NUST,2019,Britton_MI_2019,56,-0.026079229039588103,-0.1553474390366028,-0.13798407291325973,-0.18867279724577501,-0.2156748823588479,-0.21635847945031808,0.001845712146969538,-0.013979560520565575,-0.028950831544865253,-0.11241754169227428,-0.05991728506736297,0.023584099655721877,orig,,
NUST,2020,Britton_MI_2020,46,0.47412570520490366,0.6024178174497585,0.5522111927539356,0.5520878349537002,0.5066921644670592,0.4543884571672337,0.5439462201381613,0.5761426059996104,0.5983037805099053,0.5322272291157947,0.3664343455993669,0.4334176311272094,orig,,
NUST,2013,Brownstown_IL_2013,32,0.17548365280219821,0.10507014948344784,0.00018336849822591243,0.3258458213474464,0.5134317950325548,0.3825066872992533,0.4448519766960635,0.3986431151431336,0.27083527187967266,0.3346475092622902,-0.035390120157601096,0.24094620666884894,orig,,
NUST,2011,BurkeyFarms_IA_2011,41,0.06255172767614693,0.2748617003039604,0.4206995723511331,0.1203990078669012,0.02273816284606455,-0.12048612726477885,0.5283791481278985,0.5333507607553837,0.19397847754055766,0.13983881520566038,0.29489916181581804,0.09722524803144844,orig,,
NUST,2005,Butlerville_IN_2005,44,0.3380912136224794,0.5200888188707317,0.497955880045034,0.40660464208928854,0.30143793913406297,0.2842390949510368,0.35331641994843693,0.45058508500502814,0.1550453493521981,-0.028482797589117797,0.13163459635984162,0.3973003493345367,orig,,
NUST,2012,Butlerville_IN_2012,39,-0.22622602387391225,-0.17298446299799375,-0.27936636505234796,-0.14606002346758631,-0.07328306097749998,-0.0878586974150138,-0.3465762441808839,-0.39495925957763117,-0.3848372898293577,-0.16802469782133977,-0.2044637889151243,-0.29950908485141226,orig,,
NUST,2013,Butlerville_IN_2013,51,-0.11810756413388561,-0.23607937244692767,-0.16249971754972536,-0.32961513300813133,-0.253546621395464,-0.26042491631820375,-0.24861415990481514,-0.21897413902064078,-0.10747822154578471,-0.24531076826428883,-0.23662239573030186,-0.3126004034624068,orig,,
NUST,2014,Butlerville_IN_2014,75,0.19392835874553627,0.22718866557850753,0.21310495994777973,0.20893675211969565,0.2572054523268263,0.18488064482518995,0.17526389229350106,0.12968389952496395,0.07188533642073384,0.13941445977892133,-0.008734742684107928,0.11853074274265024,orig,,
NUST,2015,Butlerville_IN_2015,71,0.0891392928337465,-0.03833190809216413,-0.050690007945149676,-0.05826919537194678,-0.026376242969804974,-0.02137934506452724,-0.032848734887379494,0.09571239343397762,0.22479333328239384,0.08660730765355543,0.019015041022097164,0.2671831249083741,orig,,
NUST,2017,Butlerville_IN_2017,74,0.3259089226212513,0.16427989633469084,0.07637171417993334,0.22707145501666048,0.18821177341725284,0.24824879674194736,0.1269011477230655,0.18267308404294705,0.02567956815744711,0.1694496071842617,-0.10551647537948905,0.3057386153276564,orig,,
NUST,2014,Carbondale_IL_2014,36,-0.10014803559284265,-0.17802664938933338,-0.02136834692597928,-0.3324966271674969,-0.39750274281580733,-0.3031473313896458,-0.07002638992610077,-0.01428847294448012,-0.10041194727898801,-0.27688743516735803,0.03063654559266909,-0.2257836175190823,orig,,
NUST,2015,Carbondale_IL_2015,35,-0.05336508171921396,-0.22648644918627026,-0.12031654907297845,-0.23348974075047157,-0.2502976405045547,-0.3465228665966807,-0.0396386302533794,0.16597801007157098,-0.020449611367467816,-0.3253729260727928,-0.1333426713823929,0.06709153318504853,orig,,
NUST,2013,Carlisle_IA_2013,27,0.4886242687047395,0.4819056850100493,0.32188123700924715,0.44006723200220604,0.45655830107099094,0.28095895450522523,0.2940907317266651,0.29775541374195064,0.29683924323812927,0.4761032718191806,0.32035428616954487,0.49259434088796555,orig,,
NUST,2005,Casselton_ND_2005,33,0.04814041104099139,0.03426661202570568,0.04981195309102582,0.0892603454718382,0.06786460723139759,0.1243627285225611,-0.08458002773174182,0.011366485940234079,0.1994149665691067,0.04864187365600172,0.1733389105885697,0.02858336905558864,orig,,
NUST,2006,Casselton_ND_2006,34,0.3162322396824747,0.2298341664616825,0.18548825277313433,0.4316845322164536,0.490251721674088,0.5001913230180729,0.30231679780089576,0.12921481747180422,0.30962766375541495,0.5582997616444464,0.2049087046298434,0.26500506352501385,orig,,
NUST,2007,Casselton_ND_2007,29,-0.4195097950283367,-0.32122182778446917,-0.33526296596216454,-0.34807242535234273,-0.39413721200548363,-0.5387363016599954,-0.3594038701975004,-0.3249168641470206,-0.49956891621695065,-0.4961202156119026,-0.38650080352287747,-0.1758837308574471,orig,,
NUST,2008,Casselton_ND_2008,41,0.2406132947539495,0.3442808620085477,0.2790312755600653,0.3452391336386322,0.2901820727101397,0.3442808620085477,0.3109155861610593,0.29932921099731014,0.3234743218645826,0.24653715573992657,0.31535848190054205,0.3319104464201838,orig,,
NUST,2009,Casselton_ND_2009,35,0.6044263961805165,0.36139515692832735,0.3553719043128552,0.4906849746976476,0.5144978338750956,0.3961339161989573,0.35088948376180623,0.2709062920540253,0.34856022629400113,0.3573329633039392,0.26320213173190976,0.5003501940108471,orig,,
NUST,2010,Casselton_ND_2010,34,0.6272831944393458,0.5800535387176698,0.5794421515885867,0.5540695857316346,0.5065342364454171,0.4583875000301164,0.5571265213770504,0.45395494334426334,0.5014902926304808,0.4774534004838856,0.3902178351373415,0.6100115080427457,orig,,
NUST,2012,Casselton_ND_2012,53,0.45351181503792376,0.33396500390817235,0.3383598107928748,0.3490041137062827,0.3387226847558319,0.3602128872287349,0.41448270435542817,0.4398838817624242,0.2754616572136464,0.3202564319742379,0.3447302648092326,0.33775502085461306,orig,,
NUST,2013,Casselton_ND_2013,49,0.2890527344741846,0.34803684057341805,0.20236242628854653,0.41809322264456633,0.3803352308509394,0.4511569776206072,0.35956833536444466,0.3351276893250564,0.3593132137982714,0.35436385541451226,0.3713549517216444,0.37308977837162177,orig,,
NUST,2014,Casselton_ND_2014,51,0.42496097118058224,0.2171640614093935,0.25716677661795856,0.283096138399076,0.31097133361228424,0.2682987539271294,0.20051134738591844,0.16458130680265975,-0.11565010990166275,0.07131867144599921,0.1748987491867693,0.3495259867318515,orig,,
NUST,2015,Casselton_ND_2015,53,0.7289843976412325,0.5275974684770293,0.5186066205884173,0.5620691050006317,0.5579163815363848,0.48732008264418875,0.5423940656748796,0.5448937632941351,0.5004838319490363,0.527204918966113,0.5781961864151824,0.7082610980235347,orig,,
NUST,2016,Casselton_ND_2016,55,0.35953597611493654,0.3652010853331265,0.4212387580455408,0.299889953582019,0.2730077474192703,0.2261713667491391,0.3698558566015756,0.41387772441171433,0.14495525640100668,0.21759919454033902,0.2048099358117603,0.3393292171201187,orig,,
NUST,2017,Casselton_ND_2017,39,0.11591415503838377,-0.040898968240617506,-0.14638591107904184,0.2566309022028846,0.21279611693509404,0.3097793139017069,0.04504960610662077,0.08625227955694582,0.16754404068866824,0.3486382522677934,-0.06802996697449248,0.13717351971791267,orig,,
NUST,2019,Casselton_ND_2019,47,0.05498699055158594,0.020757444382775343,-0.0701936977177974,0.17623590662590322,0.2840127209141852,0.30176351597132184,0.016594391470352434,0.03388360462834436,-0.0019671945077261634,0.3035858959206327,0.1899971093086345,0.27117664110088124,orig,,
NUST,2005,CharlesCity_IA_2005,25,0.3807692307692308,0.16076923076923075,0.13307692307692306,0.24923076923076923,0.3876923076923077,0.04461538461538461,0.0723076923076923,0.1392307692307692,0.30567867863559367,0.15579919503434764,0.31076923076923074,0.3738461538461539,orig,,
NUST,2006,Chatham_ONT_2006,26,0.7046349482307207,0.3420558001120004,0.2955362112967683,0.49221829636116854,0.5968873711954407,0.5106893095672165,0.3444501907127844,0.24799045508120027,0.30613994110024034,0.6092013799994725,0.15016249624916814,0.6971097206282567,orig,,
NUST,2007,Chatham_ONT_2007,26,0.2991964482093893,0.3436484919433558,0.5351342187973649,0.2632928744242626,0.31389981652139354,0.11660113010217343,0.45683023406599327,0.5635151390275127,0.20998632010943913,0.3000855827258413,0.5009403390020061,0.30637716296641465,orig,,
NUST,2008,Chatham_ONT_2008,31,0.3601532640276455,0.07904819680785949,0.11312764900308463,0.1288566269393424,0.2597297895115383,0.03629764139136406,-0.0465819731189172,-0.056664651283185,0.04194817002268455,0.17886671063411066,0.0429522089797808,0.3710425564450548,orig,,
NUST,2009,Chatham_ONT_2009,27,0.2800000130528533,0.09251908828245861,0.06961832385610749,0.20335878810599814,0.28946566234907845,0.25343512631828596,0.24519085112479955,0.16580153444678225,-0.0467246913371988,0.4100763549945277,0.09251908828245861,0.22381680432687184,orig,,
NUST,2010,Chatham_ONT_2010,52,0.1810032018725064,-0.0010672358600973253,-0.0519957311039417,0.09148345792754273,0.07547492002608286,0.030907150508418545,-0.045614634260855644,-0.1640803432677573,0.10812253197537433,0.03182837022216844,-0.004012806833965943,0.1699039489274942,orig,,
NUST,2011,Chatham_ONT_2011,41,0.2850422521487773,0.3107413549555894,0.34628452087145156,0.31988849324275986,0.3548218499394773,0.1545430792518126,0.40613293995036664,0.36560076813867215,0.25444406102681116,0.12532671197072662,0.25533583161615714,0.377471906650566,orig,,
NUST,2012,Chatham_ONT_2012,35,0.1976467311728178,0.2070317992015767,0.30424429490245236,0.19890741195280037,0.18125788103304483,0.08278470455218663,0.23966942383890238,0.21193444667928657,0.25943825797337544,0.25942008939196215,0.19498529397063244,0.2891161255426619,orig,,
NUST,2013,Chatham_ONT_2013,48,0.04879769860089935,0.10899419220312115,0.08190848408093118,0.1467730556360755,-0.02855126747950285,0.23177549836022276,-0.11311947039407595,-0.16370840820946883,0.004560879734347146,0.18260279556189404,0.09851815679714386,0.042826901219254275,orig,,
NUST,2014,Chatham_ONT_2014,62,0.26073160083658314,0.39184033395309553,0.34759176613025417,0.3225335276648431,0.3119561807749209,0.32915696155067536,0.4128691069366313,0.37550054253797893,0.2624175107858385,0.31895281692172256,0.30694453308183867,0.35816911302017634,orig,,
NUST,2015,Chatham_ONT_2015,68,0.21179120792008238,0.14499919020828714,0.06299332907942964,0.18613574298591468,0.2189113629948179,0.04312179708800956,0.28453895856302375,0.2952860022817264,0.02844325684400844,0.036192876282341926,0.12745650250404597,0.23145276214790436,orig,,
NUST,2016,Chatham_ONT_2016,67,0.4023547029020265,0.33233225324259036,0.40141681315167216,0.3662958352660615,0.3745372920085372,0.35813419892787135,0.5333798965366396,0.45860813282221763,0.39460397948053716,0.41684626511478917,0.29314043473842033,0.38090296925030415,orig,,
NUST,2017,Chatham_ONT_2017,80,0.09758841976821236,0.11378673782246045,0.10605092746370233,0.0788232191858309,-0.0034225100375111714,0.08062824160287448,0.16755061981582944,0.1619011340689788,0.2240936742413962,0.13520245206710083,0.03347496118880789,-0.010935622825335351,orig,,
NUST,2019,Chatham_ONT_2019,94,0.2892876373721985,0.13043556825795596,0.12662791609643473,0.12407021426497646,0.0677863236800611,0.11367322857156269,0.2481259782371198,0.29412848547128617,0.19851161488449381,0.19707309365778578,0.03325734895537425,0.39358985104149735,orig,,
NUST,2020,Chatham_ONT_2020,104,0.00638023195350674,-0.09303615825180399,-0.006694975837500803,-0.08022234792377457,-0.03792397070023363,-0.046688787673153015,-0.000645491694292906,-0.08516222650985085,-0.005622712775080356,-0.20114268044061176,-0.14753486196169097,0.06029212503221838,orig,,
NUST,2011,ClayCenter_NE_2011,28,0.008487338155830245,0.20451747104532883,0.07337440728266148,0.24339495550106738,0.09281314951053075,0.3203285691071415,0.2841889356694128,0.2579055658965191,0.10294319827716686,0.29103356321443713,-0.03915126955753952,0.08542095176190442,orig,,
NUST,2012,ClayCenter_NE_2012,38,0.19117969035463955,0.2994090628564933,0.2970015338422964,0.23801707299447114,0.15583278710074802,0.06719194612349669,0.36375574741775724,0.3971328542054877,0.35850295684132755,0.22269643381321783,0.038958196775187005,0.2209455036210746,orig,,
NUST,2015,ClayCenter_NE_2015,81,0.14712791973516698,0.15976599006476336,0.07759029773398304,0.22946172912100923,0.25256940731078065,0.10325043695546915,0.0649409333290251,0.10904429761595433,0.10016207284970093,0.13385738118532273,0.020566511233418214,0.1361952547851676,orig,,
NUST,2016,ClayCenter_NE_2016,87,0.04410967285149981,0.288517360151401,0.1536274287722587,0.2846349798549674,0.18006589177684573,0.2148706109131841,0.37669113801054577,0.31635019917794654,0.25108793320902295,0.23206791518400643,0.18896073489731344,0.20041649084242402,orig,,
NUST,2006,Columbia_MO_2006,27,0.23321123321123322,0.1349206349206349,-0.015262515262515262,0.10805860805860806,0.17643467643467645,-0.2277167277167277,-0.02564102564102564,-0.08363858363858362,0.5263318638638179,0.45054945054945056,-0.2216117216117216,-0.02869352869352869,orig,,
NUST,2007,Columbia_MO_2007,28,0.29068017242240696,0.34432736055309604,0.2953332448623137,0.19816614391132079,-0.02572875349124883,0.5003421423617325,0.36074996916453145,0.5745175912567159,0.10537840525671063,0.29697550572345727,0.6662104893372304,0.2318324915647634,orig,,
NUST,2008,Columbia_MO_2008,30,0.3381911245757468,0.2669929930861159,0.23740126968573805,0.3435309844374691,0.4225164115587784,0.2340638572721616,0.17154299805782947,0.17310045718416514,0.42990654205607487,0.18645010683847094,0.3072644362099383,0.4587829597863091,orig,,
NUST,2009,Columbia_MO_2009,31,0.11451612903225807,0.2145161290322581,0.12943548387096776,0.09919354838709678,-0.24233870967741936,0.030645161290322586,0.3366935483870968,0.36011694910302305,0.4668279990055988,0.43673757657175144,0.15443548387096775,0.2028225806451613,orig,,
NUST,2010,Columbia_MO_2010,49,0.34414309226463524,0.2236113627377864,0.20830250632032044,0.22315209704526243,0.29668563737049075,0.2168754659141014,0.2927053347019496,0.2768351535491765,0.3916194559281376,0.418616522505628,0.24591126358589518,0.381292583837686,orig,,
NUST,2011,Columbia_MO_2011,54,-0.005756328186469817,0.023482769290499382,0.03926502007989345,-0.07670021398130643,-0.21424214839708855,-0.06412015900425319,-0.03964623386707688,-0.017840805240184596,0.0006099769362444979,-0.004650808203637865,-0.03903629180758339,-0.04563129032585676,orig,,
NUST,2012,Columbia_MO_2012,60,0.18611308264238527,0.14189837240137662,0.09507135369861132,0.1701335362007888,0.13806328125539347,0.19339419771664315,0.08848500151311851,0.10149096279080051,0.07582852864236804,0.16413078484185867,0.1894479445084576,0.14642822643612483,orig,,
NUST,2013,Columbia_MO_2013,85,0.12908458421367888,-0.015165728591947735,-0.08021615078047613,0.003039008757793651,0.0416959818955161,-0.02433161352702955,0.08876641657812709,0.08841463421388088,0.1612547027614295,0.09669129150600698,0.04077743905553989,0.1376055348143093,orig,,
NUST,2015,Columbia_MO_2015,35,0.09400392635738448,0.36536846488831404,0.085177924329791,0.5264780257094649,0.48444944462568634,0.39156628043053593,0.25371253447574266,0.23578033987999714,0.076071731761639,0.2899972094780714,0.06010087094980319,0.23283833920413266,orig,,
NUST,2019,Columbia_MO_2019,106,0.5166931599453559,0.4873752706810533,0.5074781024673684,0.31380066971104303,0.16241979656527294,0.18154015912894858,0.4274295331889288,0.4662597398498637,0.33805091262451525,0.2637232525984336,0.3471743934585496,0.5231522652962471,orig,,
NUST,2020,Columbia_MO_2020,168,0.16677697141805595,0.12489069707922419,0.13823735978169122,0.0798154979266808,0.04247091055467888,0.06502116459449706,0.17265623518174814,0.17755477802058858,0.1508600671461805,0.05275519307889899,0.07570785905949506,0.21166868084917548,orig,,
NUST,2005,Cotesfield_NE_2005,61,0.6805928320860379,0.6632732662514541,0.6340547620572324,0.6699895559033385,0.6521411483638818,0.5741634389803888,0.5939950029131185,0.5696984121186017,0.5736046674577074,0.44973027305760244,0.03347567991844765,0.6348215825292979,orig,,
NUST,2006,Cotesfield_NE_2006,42,0.3510961696253943,0.2811524959442504,0.3211087313148228,0.26259270304392374,0.29071605735140565,0.16355310948846852,0.27191312305937165,0.26551039974441176,0.23500567661651922,0.26623982391953377,0.1830044208250555,0.2890951147400234,orig,,
NUST,2007,Cotesfield_NE_2007,51,0.6278706714014034,0.5022965371211227,0.492929385482918,0.5176369448764434,0.4919790947370131,0.4689911090741726,0.49415118787050993,0.4471344219183616,0.5687845059674899,0.4445047859396088,0.38296717059964513,0.5999502242479139,orig,,
NUST,2008,Cotesfield_NE_2008,49,0.43457182807077654,0.3738389478119129,0.37511484865768735,0.38899664985971333,0.35623151614022547,0.2808002581380402,0.31912831954510457,0.2532407998693122,0.313114055258385,0.30963561725254274,0.16382566859743897,0.4447790348369721,orig,,
NUST,2009,Cotesfield_NE_2009,62,0.5375055111228817,0.3892967338676618,0.30336838246667447,0.4493609537068631,0.46739281173825425,0.33794623313301553,0.4412264702653277,0.4398917098244565,0.3967688328245868,0.4260331943557157,0.26017754933282533,0.5896115366353796,orig,,
NUST,2010,Cotesfield_NE_2010,78,0.516341977477153,0.34840121184167444,0.2883446835282039,0.4489127483831491,0.48085690305146384,0.2769631557366429,0.512696807197933,0.45865950080431733,0.42093648235056974,0.4285750419005027,0.3801556743801298,0.5283558123682452,orig,,
NUST,2011,Cotesfield_NE_2011,77,0.4287507832335335,0.4190488736846788,0.44794426282882877,0.35761659276083324,0.3131034955624293,0.14543661970051452,0.46963552401529257,0.4410409465853298,0.37758596888778584,0.2549348280026053,0.24561080772527463,0.47674762844067253,orig,,
NUST,2012,Cotesfield_NE_2012,85,0.648582359632486,0.5992739573197153,0.571502558315971,0.6080099287163894,0.6072965887701285,0.4712440946360211,0.5922089603177072,0.5209824552725656,0.6433754016339335,0.5742093413997279,0.5763395894584247,0.629527388465244,orig,,
NUST,2013,Cotesfield_NE_2013,139,0.4104990926193425,0.363607317691722,0.36329451221738707,0.3558966627493664,0.30188186030617653,0.33731825189868914,0.41147996121386415,0.3841251224832758,0.2874430784775669,0.29043047734966904,0.3486217011462629,0.42628012879953897,orig,,
NUST,2014,Cotesfield_NE_2014,108,0.5136177319278007,0.49464936888339917,0.509173361581134,0.4595135964535887,0.46108079671516783,0.45060103812710073,0.5291515922712947,0.48585705589025757,0.3697441767845353,0.4322312042589647,0.48219274674349216,0.4800205785997837,orig,,
NUST,2015,Cotesfield_NE_2015,144,0.6764279149289566,0.5862073824252859,0.5478483329892673,0.601381794741473,0.6241785810366426,0.567916096383446,0.6366561238880802,0.5784744810092236,0.5447990504421772,0.5653986484880609,0.45023050056030406,0.6458138244475908,orig,,
NUST,2016,Cotesfield_NE_2016,127,0.6460892637247267,0.6285125891278174,0.5042718647395635,0.6939476192063448,0.6644861831361586,0.6585628437970001,0.5809383898855162,0.5316182409665884,0.642942412985076,0.6287844838177626,0.654616880349994,0.728181122429592,orig,,
NUST,2017,Cotesfield_NE_2017,114,0.42423186920143974,0.4799026320489487,0.4168280020144447,0.4797527725927569,0.4441024230413727,0.4961117548511118,0.5906042173634716,0.5641155459176579,0.6044492149645816,0.5969432599161597,0.3811695519519151,0.4123484193509783,orig,,
NUST,2019,Cotesfield_NE_2019,141,0.6319975855093581,0.6004550718260937,0.5860173509524769,0.5659586582457811,0.5204835833814384,0.5194711234891892,0.5541366371360722,0.5695076191365825,0.5189130064849706,0.49373580576294834,0.5306231658541328,0.6242018583897564,orig,,
NUST,2010,Crawfordsville_IA_2010,27,0.6376546706596851,0.4800733440024066,0.3988395593302436,0.6639182251025647,0.6859063171942781,0.6007024603388892,0.4006719003378864,0.492899731055906,0.4472799719894958,0.5151191443702403,0.31791116482602116,0.5594747876669268,orig,,
NUST,2012,Crawfordsville_IA_2012,29,0.2926468799140716,0.2552038447735507,0.24411873568589643,0.37073531504265805,0.4712403041040564,0.3911811829154425,0.30841236839429104,0.2879665005215065,0.23204828356822849,0.3106293902118218,0.07685675634106932,0.2859958144614791,orig,,
NUST,2013,Crawfordsville_IA_2013,41,0.2886642949535558,0.07048880610245295,0.2299381449992254,-0.1460311978092845,-0.1327873182943613,-0.3595016242011383,0.24379194001812526,0.3028666131175852,-0.10281432781321939,-0.1751328804276025,0.06456391263525048,0.28291366305891813,orig,,
NUST,2014,Crawfordsville_IA_2014,63,0.1651583190612773,0.2504981190994809,0.29882133076668316,0.19470917527703782,0.11325827751905615,0.22329980870755836,0.2631730598646487,0.16611854184651728,0.3330532730604886,0.3602995945916731,0.21701034946423647,0.22349185326460633,orig,,
NUST,2015,Crawfordsville_IA_2015,72,0.13281664592457607,0.009808493222032857,0.034940747166356395,0.04550497675139834,0.07333858620605223,-0.05811130246627336,-0.034281487785859106,-0.07883777420922475,-0.1893215206634891,-0.07804987885204508,0.10040037980061176,0.13429595965642366,orig,,
NUST,2016,Crawfordsville_IA_2016,72,-0.15597990095452352,0.03335075408037956,0.044526633581760365,-0.018219095647574755,0.027015075629237058,-0.13139296605148573,-0.05102311605450548,-0.06753768907309265,-0.10691859396356979,0.005676381962571834,-0.054898492975128166,-0.022110552970357713,orig,,
NUST,2017,Crawfordsville_IA_2017,61,0.2672871997198509,0.3514292525006745,0.2781024415763426,0.3826850370345945,0.30533886972349794,0.28272999004794663,0.5708487048556209,0.48239525180445464,0.34716786593930876,0.39616305138596336,0.31102414356004016,0.2817780372195024,orig,,
NUST,2017,Crookston_MN_2017,39,-0.3400809716599191,-0.26497975708502025,-0.247165991902834,-0.22368421052631582,-0.12651821862348178,-0.315587044534413,-0.444331983805668,-0.3036437246963563,-0.010526315789473684,-0.08320680273421367,-0.22469635627530365,-0.30242914979757085,orig,,
NUST,2020,Crookston_MN_2020,49,-0.2324489795918367,-0.19969387755102036,-0.1692857142857143,-0.3912244897959184,-0.3905102040816326,-0.37867346938775504,-0.21255102040816323,-0.26301691378236414,-0.21787919799022212,-0.390865029310527,-0.06622448979591836,-0.46714285714285714,orig,,
NUST,2017,Danvers_MN_2017,34,0.11321619556913674,0.12757830404889228,-0.0802139037433155,0.32223071046600454,0.34484339190221536,0.31153552330022916,0.09304812834224599,0.1605805958747135,0.11932773109243698,0.28189457601222306,0.199694423223835,0.27425515660809774,orig,,
NUST,2019,Danvers_MN_2019,41,0.42787456445993044,0.506445993031359,0.45574912891986075,0.471602787456446,0.4069686411149827,0.3973867595818817,0.3489547038327527,0.38397212543554016,0.45983621537940395,0.4622756647978623,0.41898954703832764,0.47247386759581883,orig,,
NUST,2015,DeKalb_IL_2015,38,0.0927993001835915,0.1432479763447185,0.039614795597240716,0.08032392256457095,-0.03337710678773043,0.2641715927396107,-0.0957539948828332,0.056358065559610405,-0.00771672509000932,-0.028016415910616852,-0.014773473496208554,0.007441453316608752,orig,,
NUST,2005,DeWitt_NE_2005,30,-0.1381842456608812,-0.20404984423676015,-0.21473075211392972,-0.08411214953271029,-0.04049844236760125,-0.04583889630618603,0.06809078771695595,-0.0961495683730091,-0.1781895599801911,-0.4306391519710988,0.26835781041388523,-0.0816644414775256,orig,,
NUST,2006,DeWitt_NE_2006,25,0.14197769423390116,0.025394384334518908,0.07772220659958816,0.046556371279951325,-0.050788768669037816,0.07041170201843878,0.36475570225945336,0.40861872974634966,-0.29940350756309747,-0.07887649679661175,0.5178915350645825,0.08003078699363533,orig,,
NUST,2007,DeWitt_NE_2007,29,0.29584924476161617,0.2970809235491333,0.2475674362909444,0.1433674108669947,0.10690971875648746,0.09434659512381265,0.20667570054537548,0.3892104968554151,0.10225452831080306,-0.003202759300320276,0.20642936478787208,0.3502894471698736,orig,,
NUST,2010,DeWitt_NE_2010,35,0.36582812748595794,0.3153690754189292,0.3529330364021617,0.24318459815637436,0.2511739480669872,0.2953256186256373,0.47123148069264004,0.45455196070381665,0.2281267728461385,0.4126017273548596,0.21332965901671572,0.3183125201228393,orig,,
NUST,2016,EastLansing_MI_2016,127,0.6547361332182228,0.6637411571708717,0.5471181875615999,0.6981822979032373,0.6630703209688037,0.6790414955263319,0.603931276220569,0.5476249764828127,0.713072276462631,0.7055347000462344,0.6377308749081623,0.7104126085741249,orig,,
NUST,2017,EastLansing_MI_2017,138,0.6014105929110154,0.6066552204254007,0.5554715830766958,0.5725708497093608,0.5574306124225131,0.5326801717364285,0.49239677459393827,0.4915314224703196,0.5418743959892809,0.5465578774844345,0.5193437027283638,0.5947708990443056,orig,,
NUST,2019,EastLansing_MI_2019,189,0.3772134678074846,0.20047647868730029,0.17033328180715293,0.2146392928487376,0.23522181248165672,0.1717313430983949,0.33412331680812446,0.2949376052572232,0.22715934628485307,0.1803706692695238,0.3230872538371444,0.3929849856797598,orig,,
NUST,2012,Eldora_IA_2012,25,0.09619084975196555,-0.14621009162298765,-0.16352444457834145,-0.09080416216585546,-0.018083879753369524,-0.06233167063927368,-0.13620624324878322,-0.2697191427045114,-0.1435167478299326,-0.22470182502059152,-0.08118507719065893,-0.07772220659958816,orig,,
NUST,2013,Eldora_IA_2013,28,-0.29208870516816116,-0.05967698006247341,-0.15001369300107992,-0.050095813538681803,-0.11497399828549923,-0.0662469228216448,-0.16479606420921555,-0.1760197164228,0.01998357589247963,-0.08677799394405537,0.09745415092770887,-0.2655351865165101,orig,,
NUST,2015,Elora_ONT_2015,34,0.17984567246314517,-0.15692566322824988,-0.1650240664912462,0.022308808988631433,0.12453205017626451,0.03438001385234296,-0.19329207788095043,-0.25395370232264003,-0.2996409207308647,-0.21300328582296038,-0.06524562628866863,0.2551761028151678,orig,,
NUST,2016,Elora_ONT_2016,27,0.39719127313621067,0.2860631997914138,0.17096626668430284,0.3355212983679443,0.3309418447960433,0.19935887883008885,0.28636849669620723,0.18470462740000573,-0.2057701138307502,0.0741871478647957,0.06472294381620036,0.39383300718348335,orig,,
NUST,2017,Elora_ONT_2017,35,-0.284213478064952,-0.4248494228541151,-0.40790027014546104,-0.03571928876617189,0.02759490151739554,-0.06331419028356743,-0.3811458224813872,-0.3468272901374181,0.051968063263724606,-0.224992995236761,-0.3340804066953724,-0.2749684856784134,orig,,
NUST,2019,Flora_IL_2019,46,0.08222050984414553,-0.00030840401291877545,-0.012336160516751018,0.06081727134758252,-0.0045643793911978765,0.08986892936453117,-0.06340786505610023,0.0163454126846951,0.038365459207095665,0.06494988512069412,0.012274479714167263,0.0033307633395227745,orig,,
NUST,2020,Flora_IL_2020,39,-0.03371127827753869,-0.06468920966770936,0.03553350953578402,0.04788418806389128,0.1313018856635666,0.08999797714333901,0.18394412201287624,0.14719579163826202,-0.06448673952790433,0.10943511056462257,0.1244179009101953,0.08230411183074761,orig,,
NUST,2020,Glyndon_MN_2020,33,-0.4495320855614973,-0.3609625668449198,-0.40641711229946526,-0.3933823529411765,-0.3723262032085562,-0.30314171122994654,-0.3733288770053476,-0.464276762713981,-0.34687333289176847,-0.42548936102186785,-0.47827540106951877,-0.5297459893048129,orig,,
NUST,2005,Goehner_NE_2005,91,0.12341127022010025,0.1367820853907493,0.13578664054481054,0.10990507455040353,0.08821234046770667,0.07572548032025121,0.18450769308443585,0.2195565785662699,0.01107071321026992,0.04394484197929956,-0.041338833562143656,0.15368075709540518,orig,,
NUST,2006,Goehner_NE_2006,67,0.3512955333862673,0.1952329167083919,0.16861387430354777,0.2955631604951656,0.2787616359787648,0.42468746589377604,0.2848277445927623,0.2696624730577686,0.19773115029868618,0.2707000968996366,0.31890969693719534,0.3563639267676994,orig,,
NUST,2013,Goehner_NE_2013,53,-0.08689516242059264,0.02455645193231597,-0.15971774401297795,0.1479838728926102,0.19169355088050927,0.07653225905999296,-0.08995967858948593,-0.042741936039827476,-0.09964111529016371,-0.015120967938618208,-0.023951613214771243,0.02435483902646773,orig,,
NUST,2011,Harrisburg_IL_2011,30,0.2666073365412819,0.49738513954070535,0.38166242251110055,0.45287640222162656,0.27573162769169307,0.39412486896044263,0.38166242251110055,0.36875488868856765,0.1254173189309968,0.401691354304686,0.3275843066684198,0.33960166574457107,orig,,
NUST,2007,Harrow_ONT_2007,28,0.5999453254537672,0.47179634676259286,0.5076671078919599,0.3934830820068752,0.2426068271803002,0.3877328073220148,0.43510411782110275,0.35405262702497536,0.5753012910900798,0.18674701595594215,0.5065718174757962,0.46933194332622413,orig,,
NUST,2010,Harrow_ONT_2010,41,0.2305380146172084,0.19525158380845203,0.22687868105185588,0.11291657858802043,0.02753212872979511,0.056196908325056465,0.25298423316941965,0.11740873228716821,0.17572984749455334,0.028540305010893243,0.01768677889920382,-0.04896536818400269,orig,,
NUST,2011,Harrow_ONT_2011,41,0.391582817844071,0.3439202007188581,0.39027579909292254,0.39663662368184494,0.4386354928854146,0.18071712599212353,0.4855138987599385,0.44672970881510643,0.28326142877814436,0.13820748879234593,0.11135799759784663,0.48333553417469105,orig,,
NUST,2012,Harrow_ONT_2012,35,0.5705079159067684,0.47565677173464604,0.477618242958294,0.38234678352396145,0.3330297927579539,0.3114536092978256,0.39943960418717994,0.33821368099188087,0.31091496246709205,0.35488618639288905,0.4511383814390457,0.42619967588123514,orig,,
NUST,2017,Holdrege_NE_2017,61,0.09788859957195356,0.25527189094209607,0.19072676086237197,0.20228195211384245,0.16045057325840467,0.23525523241266094,0.44058384911484094,0.37603786569812464,0.46129437433793186,0.3986725899114426,0.21521213179798218,0.09207134081835286,orig,,
NUST,2020,Holdrege_NE_2020,98,0.06604266839334759,0.09013121842135176,0.09675588847934444,0.1299047427926302,0.0923436924445697,0.10049222789607563,0.1961068113317428,0.10951427614637364,0.18797980086550478,0.17486195990418593,0.04254071090175855,0.09787168949969932,orig,,
NUST,2014,Hooper_NE_2014,118,0.6902109308849095,0.6596094747536166,0.646859781072468,0.6295777557217964,0.6081103539865367,0.5994182110586841,0.640172674475452,0.6353456779308734,0.5809828359589454,0.5928883564980372,0.5831259213103015,0.6790134055837346,orig,,
NUST,2015,Hooper_NE_2015,144,0.34650519640922633,0.3734692441552293,0.3261349506051356,0.3819903414529152,0.37259904719063075,0.3604524641559104,0.43520298632275695,0.438078856660726,0.363805820024729,0.33472672346367777,0.26253018447908305,0.38618055085519715,orig,,
NUST,2005,Hoytville_OH_2005,54,-0.28422477407493196,-0.14618199935488252,-0.1441614892581792,-0.19638976911635866,-0.3018375224650625,-0.22521063011839054,-0.058804468380468454,-0.02218875697026973,-0.2745423468750241,-0.330225907981083,-0.08030574563595254,-0.254679579264648,orig,,
NUST,2006,Hoytville_OH_2006,38,0.11587701061385274,-0.11062479483532114,-0.05854032169821643,-0.1852500273552905,-0.08742750848014005,-0.18393697341065762,0.11128132180763758,0.17474559579822738,-0.21208141952334947,-0.2476200897253529,-0.12791333843965422,0.05854032169821643,orig,,
NUST,2007,Hoytville_OH_2007,51,0.4228436979939298,0.09865146207478243,0.16969861595432756,0.07638700366157464,0.20368359210944756,-0.023441035483824445,-0.12222825645137034,-0.04706308282466685,-0.007670724540596884,0.336870687505389,0.16856729184796537,0.3929314886217136,orig,,
NUST,2008,Hoytville_OH_2008,37,-0.03948070487473666,0.15069061830567657,0.15436599923996136,-0.08145118393076302,-0.05821329157205916,-0.24364218774049198,-0.15673721274595154,0.049202680249296436,-0.3262983186322292,-0.33967633473309466,-0.37263620246635837,-0.14582963061839666,orig,,
NUST,2009,Hoytville_OH_2009,43,0.4089107067954311,0.35235038927192647,0.28514253533879,0.3962242804350189,0.38852180728762575,0.3895034950417052,0.32901642650188245,0.39146687054986423,0.339538572156119,0.42612799971313353,0.45074570800774305,0.5035303034001727,orig,,
NUST,2010,Hoytville_OH_2010,68,0.052292010844104175,0.004342556111346487,-0.04061005770061385,0.07023488005142592,0.09508766271943966,-0.058877425606365885,-0.0675250059233321,-0.056530121566628413,0.2191348011459432,0.04929799278538325,0.16355688808823018,-0.013905723635674353,orig,,
NUST,2011,Hoytville_OH_2011,65,0.3320803381484504,0.25034421016719305,0.2973534110462531,0.16637891505917424,0.15490526073025443,0.02640033224635262,0.1812618838172588,0.11377991479058815,0.26565983302006385,0.3178162429821616,-0.05039666072855062,0.33889896700677985,orig,,
NUST,2012,Hoytville_OH_2012,64,-0.035877006289268355,-0.093458800046454,-0.1655562428064451,-0.0064793827567727795,0.11246193675359678,0.027291251752908665,-0.1246422605225124,-0.11042425101030076,-0.01291327045955035,0.04029580795731481,0.026627286735430182,0.08230876682190155,orig,,
NUST,2013,Hoytville_OH_2013,89,0.23568269812233156,0.208390971972646,0.20420272204574477,0.1953324854119418,0.1631033914622507,0.15415654050051658,0.0828115757904371,0.09044747047423873,0.04902269594502246,0.1160286371241165,0.1284652025342811,0.2363466889644013,orig,,
NUST,2014,Hoytville_OH_2014,125,-0.09506106487832083,-0.1565588759515099,-0.19364620995752835,-0.10705584177828736,-0.008510638322978305,-0.1887671869767018,-0.21785083403999153,-0.19827359803250671,-0.09907564035257496,-0.0843247081936371,-0.09089484626245131,-0.03790460107963297,orig,,
NUST,2015,Hoytville_OH_2015,140,0.1488433435136024,0.05824618520358629,0.0045400270512369586,0.10449935097124605,0.19258593555543363,0.04150975600169976,-0.037229971348871856,-0.06180866307760604,0.015377348135066188,0.002382642042598685,-0.05046734309315764,0.15405256530360548,orig,,
NUST,2016,Hoytville_OH_2016,138,0.461194747413853,0.30204200934262926,0.168390697733173,0.31562724413961346,0.32966227578617846,0.26177035029234247,0.10548535254128881,0.08706879726860406,0.1941154041836074,0.12786917067108908,0.2776707830866614,0.43226847184360223,orig,,
NUST,2017,Hoytville_OH_2017,140,0.09296121440886061,0.16764594617683734,0.12753958483244252,0.20832959771232973,0.209705035326725,0.25381088060868584,0.24947273011559637,0.2698725258771131,0.23568631138438223,0.26674611721887986,0.1259454766911163,0.10206884185553228,orig,,
NUST,2005,InghamCounty_MI_2005,56,-0.058856703624250106,-0.005024352748411594,0.04959412134656614,-0.021293685457553897,-0.030522088464840502,-0.027206699236296795,-0.02426728198212403,0.011861017588169015,-0.020596178217897013,0.10046145957955904,-0.048090233449082406,-0.04344185267504175,orig,,
NUST,2006,InghamCounty_MI_2006,56,0.6748696939958295,0.574143384134816,0.628488424066615,0.5146030951026189,0.4959412134656615,0.4646671810520791,0.5372981306464645,0.5224301480236138,0.3537956736570861,0.3794582599514661,0.4791250124301614,0.6454413421837044,orig,,
NUST,2007,InghamCounty_MI_2007,64,0.28543625168732417,0.26407318231268323,0.16309661645827128,0.3042806312107212,0.30102923158457007,0.30407455658652854,0.1461984972744717,0.1027625459307485,0.3807272263622429,0.32794843492971526,0.20160967400183613,0.251960573846247,orig,,
NUST,2008,InghamCounty_MI_2008,49,-0.2523281051274916,-0.05944635843751824,-0.19349406969533833,-0.022706978115618552,-0.06388570022641445,0.060875112116703226,-0.11057532938549529,-0.10756474127578408,-0.10149512733368533,-0.049751244185905825,0.09011353562288173,-0.2376323529987317,orig,,
NUST,2009,InghamCounty_MI_2009,62,0.5027010030231852,0.5241830908734321,0.4483535873363943,0.5324183109520144,0.4933073116185638,0.4434678604396207,0.5491909610203196,0.5591135197694372,0.38401289554789425,0.49986148680709636,0.5372284853710029,0.5152427143355216,orig,,
NUST,2010,InghamCounty_MI_2010,78,0.28816238962435864,0.2443657534484028,0.18995826605915586,0.2823827007036506,0.2843935771552755,0.33455166525052266,0.1543199346208735,0.06929347006947763,0.33250913877720634,0.20083600042649052,0.05142279026608041,0.311142028068399,orig,,
NUST,2011,InghamCounty_MI_2011,77,0.4059295383004403,0.4680252535844235,0.37411255100693214,0.46514594770951506,0.41880095588735955,0.38676046083187215,0.44253222120338526,0.4657366825330304,0.38530873825966877,0.4628249212397118,0.4455955922940412,0.44263740132666957,orig,,
NUST,2012,InghamCounty_MI_2012,85,0.49949920145691723,0.39230382144669784,0.36705378845249487,0.3999648221693973,0.4449047996230891,0.22331230805592914,0.37219369454961204,0.26480288084748715,0.4817536437962507,0.4139774178790285,0.46937309784966963,0.49615728532533154,orig,,
NUST,2013,InghamCounty_MI_2013,139,0.6619126843341874,0.5088318861046863,0.5242311280097207,0.5346678457895258,0.5463535734684767,0.5678057095001419,0.5287378417245284,0.5168175057460956,0.4462794221728347,0.5390372332279227,0.42145034918911933,0.5666393710970037,orig,,
NUST,2014,InghamCounty_MI_2014,118,0.025774240792507216,0.11037598568660344,0.10568643982043095,0.09066820570695644,0.05418909035545267,0.09731538131165576,0.10946291211452935,0.1290997080949042,0.12033589074921074,0.06850028039111812,0.15486458241234108,0.03715844208912688,orig,,
NUST,2015,InghamCounty_MI_2015,144,0.3277602391336678,0.35032323285538236,0.3166957714251034,0.3391100599869136,0.3339757129118352,0.3244646112655157,0.2915063230548065,0.23805284665672952,0.3281118752257706,0.3777155047225824,0.19799489182517804,0.2781208491342204,orig,,
NUST,2019,Ivesdale_IL_2019,40,0.49118198874296437,0.34540337711069424,0.3587242026266417,0.2200750469043152,0.1626641651031895,0.1857410881801126,0.31144465290806755,0.19981238273921204,0.5143768475099121,0.39241990755680506,0.251594746716698,0.32908067542213887,orig,,
NUST,2013,Jackson_TN_2013,28,0.5715067796779527,0.47954017145391437,0.4639386932730507,0.29341727385764627,0.05747913014002398,0.04105652152858856,0.2811003173990697,0.3320104040945195,0.16915286869778487,0.17709046285997865,0.4078281138506464,0.4122074761470291,orig,,
NUST,2014,Jackson_TN_2014,41,0.40824149845463026,0.4515398391998183,0.38349958945737994,0.24637365719797147,-0.006882432432333715,0.16099664727788235,0.3136298323595111,0.32608790625601386,0.3200906093346975,0.1438341258959869,0.2755586554869815,0.45807379404064147,orig,,
NUST,2015,Jackson_TN_2015,35,-0.045244432437151066,-0.19918756323724088,-0.05210813890594488,-0.22650231347019587,-0.2386888943433604,-0.2381285917744793,-0.27020591384292386,-0.15226222309344645,0.12438717029161035,-0.18672083107963583,-0.13405238960480984,-0.27987113315612333,orig,,
NUST,2016,Jackson_TN_2016,37,0.5518672237952501,0.4375815087063949,0.44872555146402193,0.2947243648453259,0.09472436343982919,0.16218138821737965,0.5375222325859644,0.4340248993156629,0.39807897825239574,0.3644555107476746,0.31404860920163646,0.55815056705221,orig,,
NUST,2010,Kanawha_IA_2010,29,0.5927568546483366,0.5424981687180537,0.5489036875130898,0.5989160073358714,0.605075160023406,0.45356000391005313,0.602611498948392,0.4634146482101086,0.3124307033689115,0.6630528570707735,0.4740083908326682,0.49839863547530555,orig,,
NUST,2011,Kanawha_IA_2011,25,0.39815349842111064,0.4212348606484214,0.30275053454822615,0.3523754633369443,0.32313907118235063,0.4039238389779384,0.4016157027552073,0.263896908132253,0.22065941843166118,0.3743027574528895,0.34121947159374405,0.3781496511574413,orig,,
NUST,2012,Kanawha_IA_2012,26,0.30569328537050744,0.5012822777999597,0.32586767444976916,0.5741152417640739,0.5231663608689894,0.5088049313549386,0.5016242165979132,0.5361600351912257,0.5378697291809936,0.3911779848589044,0.749871783912218,0.35835186025536,orig,,
NUST,2013,Kanawha_IA_2013,60,0.5783119152544114,0.5633900673545642,0.4830010431939351,0.6226328601338456,0.6315248365359891,0.6372212589186123,0.5625286571406065,0.5499965278988354,0.5547759652149876,0.5812573824376214,0.5245710328739562,0.6291629053041697,orig,,
NUST,2014,Kanawha_IA_2014,33,0.7400350990991749,0.640929224264981,0.6324057847767114,0.6559705880678097,0.6053313299316195,0.6031586884934332,0.6588117345638996,0.6367510676530841,0.6398128029416681,0.6145232744777926,0.6225453351726348,0.7117907604027519,orig,,
NUST,2015,Kanawha_IA_2015,52,0.454017596920583,0.41456750668599407,0.3670480798125119,0.40905986421817814,0.42776023166704163,0.3965502576827511,0.3902741069636119,0.4282298755984058,0.39249424191187887,0.3933054450660533,0.26581846515211116,0.4915464165268641,orig,,
NUST,2016,Kanawha_IA_2016,43,0.45730260395578975,0.4137176018939313,0.2528987641301592,0.49922578618166746,0.44332820988049726,0.44589647689974016,0.47694229292647117,0.4369830795976617,0.3815963567845147,0.4641764950955283,0.4341882007826032,0.522340189354854,orig,,
NUST,2017,Kanawha_IA_2017,34,0.5160058079082764,0.4654289875299408,0.2955153190685835,0.5887386372136776,0.5859882361054901,0.557261824531088,0.4044617629651192,0.4156161674594349,0.214989686623318,0.5341890152346266,0.35694094381810293,0.5853770358592262,orig,,
NUST,2005,Lafayette_IN_2005,100,0.6258198872279426,0.5171718514584059,0.4960363429259393,0.5250451584415394,0.5668420968085554,0.4143327799874007,0.5381933410635253,0.42816378251369247,0.4567753050527873,0.5545913638836015,-0.12681305119479971,0.6206770335049661,orig,,
NUST,2006,Lafayette_IN_2006,95,0.4135908537804556,0.3111310198182934,0.2500988624202433,0.40422605715217674,0.39166267154099565,0.44841837846081073,0.3793512535520999,0.3997536318566087,0.2992251914933751,0.3599427475354953,0.29063765320573715,0.4693736857142238,orig,,
NUST,2007,Lafayette_IN_2007,108,0.6176077596124315,0.417893100089935,0.3450002266250992,0.5505455538459985,0.5381649122216938,0.5722867036625917,0.49595926205188307,0.5519031848051853,0.4994688506125752,0.5368136739486643,0.621875960803419,0.6008493535969242,orig,,
NUST,2008,Lafayette_IN_2008,89,0.6121262435595896,0.45727297971422476,0.3726318933300533,0.5230756145075109,0.5566409170935301,0.4776266795577885,0.474783460926358,0.403353977284642,0.4630717374582336,0.5830896604703399,0.36497052576033046,0.6189363480660098,orig,,
NUST,2009,Lafayette_IN_2009,96,0.7885371281801875,0.6958709927102099,0.6344394900787074,0.7443067175961059,0.740243841359353,0.6932664109490861,0.7238092017572629,0.7409517616469294,0.6397026410870301,0.6326734794847357,0.6929069244039311,0.817906500642858,orig,,
NUST,2010,Lafayette_IN_2010,134,0.5252338719685246,0.5361150124269649,0.4787190540243646,0.5723896372190836,0.5565006283122024,0.46534146121687575,0.5156078354931437,0.5049187165024979,0.5176638571559653,0.5301422824723794,0.4173552078222276,0.525887289066877,orig,,
NUST,2011,Lafayette_IN_2011,134,0.7143917059506117,0.581591236969899,0.5193433551716156,0.6105030836721225,0.5869581216505844,0.5437063182039645,0.5477364695255201,0.5371575075308158,0.5065715968367249,0.6705617417171451,0.40428453006562187,0.6413502010584594,orig,,
NUST,2012,Lafayette_IN_2012,144,0.4503154489152057,0.34136381967207036,0.24798015383057234,0.41048019158841387,0.485068560967344,0.4025284126829951,0.2923268449816414,0.24694523693992523,0.27264953922965457,0.3595777134569299,0.31746829200860466,0.46186230804852285,orig,,
NUST,2013,Lafayette_IN_2013,223,0.5350726502949603,0.5014682487993591,0.4407509038991758,0.5117094613765629,0.47232188874844466,0.46470875085225094,0.49670611471091564,0.4493136549444683,0.37797233799272745,0.45342537350187223,0.4811557259405738,0.5827275387664291,orig,,
NUST,2014,Lafayette_IN_2014,239,0.24577482307223797,0.3509862100010527,0.29077788986239855,0.363331495621879,0.2889033297950095,0.382546505475599,0.3160103913650338,0.3202643725559298,0.2902624859474931,0.26724462471989735,0.3378146235767817,0.27803395805608055,orig,,
NUST,2015,Lafayette_IN_2015,262,0.5925539289550618,0.30826137405459647,0.25100150887934985,0.340688324177584,0.40184996600480183,0.2905734311082471,0.2651509958042536,0.25880306041673284,0.18936006099128644,0.23384807661269902,0.1958338233864043,0.5753841099198291,orig,,
NUST,2016,Lafayette_IN_2016,251,0.49778014072943144,0.4856530161284172,0.3947029966433834,0.5545935945822489,0.5801698369666906,0.5254281634743718,0.5471378414131209,0.4735198203761636,0.47698359624526215,0.5008166652703429,0.43800358562475783,0.547083201051965,orig,,
NUST,2017,Lafayette_IN_2017,252,0.7259927952191094,0.6550123804185043,0.5731516739469692,0.6828851838513218,0.6821645552772315,0.6523342066907586,0.6766300522086307,0.6316762434962743,0.5633088218080271,0.5828912824899849,0.4593167301342015,0.693880206190135,orig,,
NUST,2019,Lafayette_IN_2019,369,0.5420975323149235,0.3519663619080374,0.29519408061295654,0.36318391562294,0.4000114642744548,0.30428047347453496,0.3742357150363513,0.3631158464933651,0.32772674114720923,0.2945827794751653,0.3021712858139157,0.5119152025832832,orig,,
NUST,2020,Lafayette_IN_2020,403,0.5319382315725836,0.44309534878389917,0.3715699695447664,0.47175907479586465,0.4880462536687653,0.42601234746077987,0.44009284021466033,0.3985897964463389,0.4277986418522072,0.4372340507639559,0.35596759584444193,0.519066186179466,orig,,
NUST,2005,Lamberton_MN_2005,43,0.40084579825869054,0.28032019652152584,0.2741277783871603,0.33386195819549186,0.38770578904674396,0.22987464391474263,0.24475155089608439,0.334315061961421,0.09048680092558826,0.5505418605727543,-0.14068871932101365,0.48882344614327505,orig,,
NUST,2006,Lamberton_MN_2006,48,0.6457145968368173,0.5187537325125642,0.5165825334646933,0.5724366289711732,0.5885035019254181,0.47299571257868417,0.5410628027294381,0.4618140374821488,0.4132334587860365,0.5659230318275603,0.41817293661994287,0.6231341267389595,orig,,
NUST,2007,Lamberton_MN_2007,43,0.5751935094479778,0.45218048241755154,0.45776855117154264,0.4826883172366382,0.5026996445313362,0.45875023892562217,0.4275627741229421,0.4752879018597311,0.3123277346825306,0.4169152377133103,0.48669058269557774,0.6088729508571674,orig,,
NUST,2008,Lamberton_MN_2008,33,-0.08440581765900117,-0.13822497268117617,-0.15042620968930903,-0.03593515009244604,-0.0561591182840087,0.06668895296226034,-0.3163964610465133,-0.3250877531618956,-0.11266193102448632,-0.14457630153472478,-0.15744609947481011,-0.07939161066935753,orig,,
NUST,2009,Lamberton_MN_2009,37,0.4186625680910267,0.49596871207158444,0.45944985878015526,0.5158880865941821,0.4341949375104332,0.3826179856215642,0.5744605331070587,0.5296419404312138,0.5174294667655736,0.35566491343386275,0.2574104886223786,0.4602798327185968,orig,,
NUST,2010,Lamberton_MN_2010,43,0.5815902757651894,0.6013743126712502,0.5568979854282358,0.5741901398232278,0.5120441002289988,0.3915276006027664,0.5134033088714,0.41063203318762664,0.322031338723032,0.4740419108532849,0.44846334040112434,0.5325077414562601,orig,,
NUST,2011,Lamberton_MN_2011,47,-0.09662310692576481,-0.12842604457338339,-0.18035156822349518,-0.08702440210848358,-0.09055163701121945,0.03648664301026787,-0.1206776924919636,-0.13293627936704566,0.010671834096702205,-0.03246884679863573,-0.2537874424279963,0.013241586766008463,orig,,
NUST,2012,Lamberton_MN_2012,66,0.12220911695096101,0.0753003561397534,0.09183428518402416,0.12104005126096207,0.16613258501806422,0.2987380361408015,0.12166633645203294,0.15429579490682488,-0.17171875359871203,0.08183459829992606,-0.008183459829992606,0.07795163011528672,orig,,
NUST,2013,Lamberton_MN_2013,111,0.48669248473795335,0.4421242027273923,0.45478779058625607,0.419930014442523,0.41921039267923343,0.378227055672377,0.49674524973610196,0.5087067675820004,0.392405008289103,0.36941688741965706,0.40683202076313685,0.4685220352148921,orig,,
NUST,2014,Lamberton_MN_2014,64,0.43426098842395444,0.47760237351841045,0.4320401144914863,0.5652925504395759,0.526049479096788,0.5821437175972725,0.5140063895248473,0.5033141407984283,0.5428021871605819,0.46574385796820916,0.42185156913119426,0.44886838604163165,orig,,
NUST,2015,Lamberton_MN_2015,144,0.010678756133746047,0.040669301210905624,0.11561753018421998,0.025213841401978104,0.013576529250957526,0.052264412782549334,0.0877731860010839,0.10025450973964178,0.007140983945210593,-0.0009957337186105252,0.1288162637721846,0.07926876448094591,orig,,
NUST,2016,Lamberton_MN_2016,127,0.014003345619708103,-0.014838273130506596,0.0012685039023710475,0.005082804320124175,-0.031627640023089675,-0.006099365184149009,0.05586397439795267,0.08167934711779949,-0.026293585875015933,0.033750163075218435,0.056473325002324916,0.00225869863447593,orig,,
NUST,2017,Lamberton_MN_2017,94,0.26725620241424586,0.21341771786647984,0.21187885619059763,0.11621656769127266,0.044619763897880145,0.03937462973501405,0.0564466022237917,0.05014666146618945,0.05081892596793654,0.02959259607117828,0.13479850304511784,0.2691996474415337,orig,,
NUST,2012,LenaweeCounty_MI_2012,36,0.11399501644723103,0.03117151862172871,0.06479038787904769,0.009016554973227313,-0.023056619145824127,0.06388873238172496,0.12314037934864729,0.13138408675274085,-0.2180214486054999,0.056289064618576225,-0.1080698517505388,0.00399304577385781,orig,,
NUST,2013,LenaweeCounty_MI_2013,43,0.246648797961653,0.29113016415865656,0.25359665142536153,0.21493033649689663,0.2195370654239208,0.09953555288225922,0.015028509122586941,0.04221576180666382,0.37592054107400075,0.2113133473240718,0.02590341019621769,0.09500434410157975,orig,,
NUST,2014,LenaweeCounty_MI_2014,34,0.5565576861564477,0.48089274392974035,0.4998471941037034,0.4367166463468748,0.39697344436921034,0.4400795326680618,0.5027515050174558,0.5568634030947374,0.37457923425106154,0.4305152318660617,0.40583923557961243,0.5168144841787832,orig,,
NUST,2015,LenaweeCounty_MI_2015,38,0.15959718756540484,-0.09588966824917326,0.025176511069988413,-0.07947020450787647,-0.05385584107145348,-0.191013094857086,-0.041814900994502496,0.05068141141480276,-0.03525483159166159,-0.11724138563266323,-0.08111215088200614,0.011712550802125044,orig,,
NUST,2010,Lincoln_NE_2010,35,0.48571428571428577,0.3941176470588236,0.36302521008403366,0.3633053221288516,0.4064425770308124,0.23865546218487396,0.2705882352941177,0.3022408963585434,0.5314185965212114,0.38434064104336774,0.4366946778711485,0.2873949579831933,orig,,
NUST,2011,Lincoln_NE_2011,28,-0.038866840380397165,0.2630354479264907,-0.023812782486581363,0.40947037471178993,0.38237307050292146,0.4247981427491297,0.23949637558343326,0.34295880983547644,0.34159025911785684,0.22088408582380645,0.46804434542590956,0.19816614391132079,orig,,
NUST,2012,Lincoln_NE_2012,38,0.1465229525637904,0.15943535615044258,0.28440116035346613,0.22399737408370346,0.22355966548754577,0.28779340197368836,0.20528533159796175,0.12026043679432834,-0.056245554606264576,0.045412266851361474,0.0017508343846308037,0.1886524049439691,orig,,
NUST,2014,Lincoln_NE_2014,75,0.3419661861021234,0.4131961009791236,0.2634098469867259,0.4980688136126734,0.45292950466425685,0.41284044931706554,0.2877790988709483,0.21940862335689532,0.25871708514716896,0.374970660341117,0.19609210039236497,0.37817152529964,orig,,
NUST,2016,Lincoln_NE_2016,72,0.3383155810497134,0.23974271580731865,0.12714773988117706,0.2532502536219372,0.21867738897737787,0.21731055479375574,0.36106935010648156,0.35323819425443487,0.30231156061289094,0.2863276408655923,0.24689849476863446,0.3409206061996755,orig,,
NUST,2007,Manhattan_KS_2007,28,0.2784775883096674,0.3608981921259996,0.2935378315319208,0.19906903313778584,0.24780945665707865,0.13992335066493614,0.3075027843380103,0.4641293138494456,-0.0772179743395538,0.17250824054581165,0.41812711637056255,0.37869666138866276,orig,,
NUST,2008,Manhattan_KS_2008,41,0.22988806154477512,0.2834618235190217,0.3337253367859164,0.14059845825436418,0.047127488175719344,-0.03545450589189976,0.14904830363892013,0.36726338289987565,-0.09461166537703657,-0.15958883241759303,0.07151879444041696,0.22440001763521816,orig,,
NUST,2010,Manhattan_KS_2010,57,0.5288779423829201,0.4707331312151938,0.47847929056251076,0.4546898304749349,0.44509626073934566,0.3601802042959549,0.4639917038334284,0.38500680705764856,0.585954847453608,0.45865880165406836,0.4418227791741615,0.540027226129686,orig,,
NUST,2011,Manhattan_KS_2011,40,-0.10912503232444035,-0.05160685105627015,-0.01679568425285883,-0.19028853444021068,-0.3072015097422336,-0.2813980842140985,0.03180858637831924,0.060239269778409876,-0.2355011271631161,-0.03631245701595736,-0.1656110765714851,-0.06905934977711788,orig,,
NUST,2012,Manhattan_KS_2012,51,0.2186170703134284,0.21078830749740207,0.11634537109828698,0.24947959193498878,0.3210245284213333,0.2622861808190087,0.2831025443760729,0.14150601922378195,0.11580757580759544,0.09154674668682791,0.20676079367875266,0.3440582872268673,orig,,
NUST,2013,Manhattan_KS_2013,35,0.09483120978313087,0.03165709514178371,0.1458187435513135,-0.20885278255044035,-0.2667040227874168,-0.23378624686565053,-0.2375682892055982,-0.21319512745926913,-0.1284493639159985,-0.22608208654353504,-0.19120325163068483,-0.07690152757893479,orig,,
NUST,2014,Manhattan_KS_2014,79,0.3986537489026137,0.21594809805139592,0.3466781906657916,0.06665530606670673,0.040984005757231844,0.04394186539459666,0.08076295758812987,0.05395963692361413,0.055366544010513705,0.007899797961521671,-0.04001022480665907,0.24956788536992117,orig,,
NUST,2015,Manhattan_KS_2015,106,-0.06886075196616466,0.02067283714913102,0.06544970864421445,0.05430461584044214,0.028154963195063155,-0.019050450221999603,-0.10368160927487645,-0.12895960683207613,-0.024544962189611334,-0.12894952989464054,-0.02181153107935369,-0.0736775280603809,orig,,
NUST,2016,Manhattan_KS_2016,108,0.22057870848448335,0.31830351305115706,0.18843728036654697,0.31164847005712154,0.23146401502805602,0.276286706173997,0.20919320185903975,0.24114407756483486,0.2123160259892759,0.20792414162685643,0.3279978670188465,0.2588225776012454,orig,,
NUST,2017,Manhattan_KS_2017,100,0.511237994931732,0.21096405833464374,0.20633144219417426,0.26549931155302015,0.36606068627062055,0.253911770403737,0.22785698865300638,0.1941924102551932,0.1355202439136711,0.03752621615772613,0.11833573871769182,0.5971034150793715,orig,,
NUST,2019,Manhattan_KS_2019,40,0.2610368357064428,0.1628899880612454,0.18625381699399315,0.11907107998255786,0.11400422551521497,0.16026273018928985,0.39277505185735795,0.3583392076070831,0.04602608695108561,0.10908323359966772,0.1771522450804328,0.24461647400672049,orig,,
NUST,2020,Manhattan_KS_2020,123,0.2297329341457213,0.30675238536841504,0.23995575625248922,0.37603216054813,0.35198756697460887,0.3593434840804567,0.2436288775078863,0.24585725923526067,0.2872295324145077,0.25125890814025637,0.26747675431531504,0.2758710779569292,orig,,
NUST,2007,Mead_NE_2007,51,0.6407384784101073,0.5987013282375798,0.537704473089499,0.6314170005462315,0.5845833617641367,0.6795628862120758,0.6857621214904787,0.5019118080879175,0.6453233177971854,0.493856772265759,0.6681599132912179,0.5566189281725092,orig,,
NUST,2013,Mead_NE_2013,139,0.4334121696429619,0.4477723998482208,0.40037939488731406,0.45269916312853764,0.4032751251418676,0.3448667265428828,0.41837269406935085,0.37040769300877907,0.26558020646019576,0.32395607730425946,0.4700981226132664,0.43642408660525983,orig,,
NUST,2016,Mead_NE_2016,127,0.40069018401399037,0.39843449094933303,0.3542082595244855,0.43273274341817547,0.4531277240884933,0.4169751161522116,0.44387645305188544,0.39868056655638645,0.3973434853194478,0.4505445901098545,0.3378588790129883,0.4149479218655326,orig,,
NUST,2019,Mead_NE_2019,141,0.4888581131220234,0.5780638449787223,0.4624934580703386,0.5804291079349707,0.5476621890804452,0.555883885926554,0.5741103240011741,0.5418678299650024,0.5640162850147131,0.5288663754887555,0.3787374633055931,0.5344295595822303,orig,,
NUST,2020,Mead_NE_2020,153,0.42876541259884254,0.43153982335232577,0.39194248146912786,0.4325953057041943,0.4084699948043404,0.35020066750594303,0.3277976357453286,0.399521849976832,0.3197876974528146,0.339054438796448,0.28102636460704916,0.43730309206729084,orig,,
NUST,2016,Monmouth_IL_2016,38,0.42749262269606636,0.4392032500971107,0.4674400899986942,0.3608405471144216,0.2817117283204492,0.30874467194715904,0.37889899123752735,0.3569005229421076,0.27258791357180606,0.23800142607187746,0.34617490158414177,0.4737879067207556,orig,,
NUST,2017,Moorhead_MN_2017,29,-0.06453201970443348,-0.29162561576354673,-0.1679802955665024,-0.25467980295566495,-0.26206896551724135,-0.17881773399014775,-0.16551724137931031,-0.05467980295566501,-0.12709359605911327,-0.1805641102500122,-0.3487684729064039,-0.056157635467980284,orig,,
NUST,2020,Moorhead_MN_2020,33,-0.2553475935828877,-0.2359625668449198,-0.23328877005347595,-0.3405748663101605,-0.30848930481283426,-0.25935828877005346,-0.21891711229946526,-0.28812567995640864,-0.36029852236024523,-0.4835258422618789,-0.33990641711229946,-0.4385026737967915,orig,,
NUST,2005,Morris_MN_2005,30,0.09456001838466604,0.2916898449465816,0.2988096580955447,0.26766047556883116,0.18578262435575563,0.2309489390194903,0.12303927098051842,0.20335966306725825,0.17443542214959573,-0.04138391392834796,0.26944042885607195,0.04182890225015815,orig,,
NUST,2006,Morris_MN_2006,25,0.06385843549555978,0.23812272031175602,0.15541450566389245,0.32352376055280585,0.29351798965730186,0.3950759834574692,0.1527216800707062,0.26428159750270824,0.09234320892651018,0.08732448709332571,-0.0019234468522758967,-0.1250240453979333,orig,,
NUST,2007,Morris_MN_2007,38,0.16811690007134175,0.27494118032500686,0.3055874902338452,0.28632409543400394,0.3180649164110151,0.16122148034185313,0.27505063143182407,0.2801948334522363,0.3518721261221809,0.24664732644098933,0.23214579755945045,0.08767033656064112,orig,,
NUST,2008,Morris_MN_2008,37,0.12946058182264514,0.1634854783273147,0.19430942638032547,0.16123295904651777,0.17949022058560873,0.17273266274321794,0.21315945615120513,0.2500296401684603,0.08892050522470915,0.17640782578030767,0.0510966215801832,0.20154119880814725,orig,,
NUST,2009,Morris_MN_2009,34,0.3620663473441676,0.5431759385652899,0.6053798234825867,0.2992511220345632,0.1664374218057402,0.22543176966342218,0.3995109463730072,0.4244230673595414,0.22154269615993505,0.1956289255384274,0.1867644898499674,0.3950787285287772,orig,,
NUST,2010,Morris_MN_2010,26,0.40663477070245946,0.46580030083830937,0.5253078282581815,0.26196991956104626,0.07010944322456197,0.1655266854667707,0.5092339559091356,0.5379617277670049,0.18741451164419495,0.052334531293882665,0.05848153556780535,0.4206566593473719,orig,,
NUST,2011,Morris_MN_2011,27,0.3159822964611668,0.2613341505031486,0.10776980739206948,0.4048236957560456,0.42497329147240986,0.47809495290646115,0.12425584025091295,-0.03205617500330678,0.36940925480001147,0.5260265669590246,0.10532743215372228,0.16821859454116225,orig,,
NUST,2012,Morris_MN_2012,42,0.20929680083686591,0.26600163176127256,0.2963415556035159,0.22049174599790755,0.1835808760828789,0.2456398112147403,0.3251401464163405,0.3650525595991847,0.2643791759408317,0.1553501448072086,0.22698156927967086,0.21302844922387978,orig,,
NUST,2013,Morris_MN_2013,42,-0.16763944308269452,-0.24408238061991935,-0.20695526991785257,-0.22106032944221857,-0.17169262110693764,-0.19212063834912285,-0.2957198686487764,-0.2846141608623503,-0.3758917299683049,-0.25948445711204315,-0.21960118535349107,-0.2151426895268236,orig,,
NUST,2014,Morris_MN_2014,37,0.3124814974174838,0.3675067022758187,0.29801366338145613,0.3780611057939045,0.3251704993999015,0.300978383470806,0.41292621404465985,0.38233030272256846,0.30652910082548634,0.3909872853834702,0.45063745358119106,0.3769938065617386,orig,,
NUST,2015,Morris_MN_2015,41,0.19861492244110923,-0.07517749038012161,-0.19295265491537583,0.018816150547052452,0.04085543799336852,0.06820854573306516,-0.22901694346389306,-0.20453852539110723,-0.03449777855213869,-0.00548828295147661,-0.04468835754924958,0.15079053980068424,orig,,
NUST,2016,Morris_MN_2016,48,0.2485072210932253,0.20133536108230074,-0.03642384127425823,0.4669417028929498,0.4630876153661654,0.3798176116184573,0.28216263329894825,0.1518293353861405,0.12320178075805102,0.23534201954397396,0.055857127676917605,0.46102486429549205,orig,,
NUST,2019,Morris_MN_2019,76,0.3682346990733574,0.38249326720275706,0.4293838603799778,0.32981995655790836,0.2943717617740794,0.2660186742377659,0.3019726859159263,0.2992248698142874,0.19046577441729584,0.2583974736047451,0.3425474032774397,0.3198950088475112,orig,,
NUST,2007,NorthBend_NE_2007,29,0.2344827586206896,0.33300492610837434,0.3236453201970443,0.1532019704433497,0.0817733990147783,-0.000985221674876847,0.2379310344827586,0.531527093596059,0.2628726367039797,-0.010592437572647372,0.28620689655172404,0.2866995073891625,orig,,
NUST,2010,NorthBend_NE_2010,35,0.5209778079574265,0.3933599582534159,0.4021853419321784,0.36996568723193424,0.37388807997805096,0.2580374085123904,0.4283813220580292,0.4080689310513535,0.344730945088895,0.5253572480806994,0.37514884907501705,0.39251944552210516,orig,,
NUST,2014,Novelty_MO_2014,122,0.09501479661710685,0.10656118293389079,0.16747547571502358,0.05949991002681583,0.07142632909300736,-0.03131800318378971,0.17007952620661654,0.11749951685162253,0.12270863155443144,0.09989573897254185,0.00970240132400618,0.1312996626040237,orig,,
NUST,2016,Novelty_MO_2016,123,0.1633619786896298,-0.002857004660764927,-0.0412685616799882,0.08463312000726443,0.09568063464358569,0.11072666596088722,-0.0035212743674439056,-0.05776566759925836,-0.04098512637443484,-0.019152603319841775,0.05972945522725592,0.2235170824667965,orig,,
NUST,2017,Novelty_MO_2017,49,0.432049006155232,0.4146976404461865,0.38106661102777195,0.36361317846161445,0.3041592341938557,0.18851748508592334,0.4527685781489745,0.42847666615631086,0.3521306570365108,0.3607553064624775,0.36294974389038626,0.3269711767583949,orig,,
NUST,2015,Onaga_KS_2015,58,0.16238251497722359,-0.05353269724523854,-0.13201655395363138,-0.03698063338435444,-0.034027105260479217,0.044087560432429215,-0.16764348694787634,-0.06888489030579835,-0.08885197105991319,-0.018921039543575692,-0.07596105143591607,0.3176273369884154,orig,,
NUST,2016,Onaga_KS_2016,37,0.09143196755555218,0.12534836537771554,0.10672992321659788,0.2593537134163329,0.27405872505950857,0.07150904855512058,0.14384821873525916,0.0855025273768523,0.0863531239574533,0.0878202142870019,0.19733176914713207,0.08941595789479423,orig,,
NUST,2017,Onaga_KS_2017,40,0.11531785445119275,0.032840723399444646,0.03518648935654783,0.017358668082563596,-0.04381890807868757,0.04006568254732246,0.12404410381161661,0.1924466391207456,0.1847611930819318,-0.07694473251761508,0.020361248507655676,0.13952615912849767,orig,,
NUST,2008,Ottawa_KS_2008,30,0.4515411401020542,0.37943698564514666,0.3028819574563311,0.40658731540978466,0.3482808695217915,0.14532102734679223,0.35762770435879804,0.32268834556332116,0.23892722603802144,0.461555605998847,0.29041951100698904,0.46889954765649494,orig,,
NUST,2011,Ottawa_KS_2011,25,0.06124814666653572,0.0704931499369562,0.22573216318610015,-0.04391376553449731,0.07434523463296473,0.0,0.16294318264116103,0.31086323496788887,0.2084779813189332,0.16294318264116103,-0.18490006540840973,0.1906781924524225,orig,,
NUST,2012,Ottawa_KS_2012,39,-0.1830700838694745,-0.0956865206065561,-0.10824221219937404,-0.03300931821982781,0.02318752721576862,-0.0948764759876646,-0.2443297081731427,-0.044046176152224226,-0.08019847600028773,-0.053057922537391944,0.04840016597876593,-0.26053060055097227,orig,,
NUST,2013,Ottawa_KS_2013,69,0.1324722306957327,-0.041837182222207676,0.16301885457151052,-0.24155948617555892,-0.1667458349965456,-0.25538950667434107,-0.22769292665300184,-0.192779889436129,-0.16840836057830147,-0.22654194740409395,-0.1554187376263409,-0.11140748348952943,orig,,
NUST,2014,Ottawa_KS_2014,104,0.15423727177096608,-0.03869136583358282,0.02677771168212248,-0.12894276468091972,-0.0860045252671477,-0.10621452165126406,-0.12408767051261298,-0.09302040310376676,-0.1346315970911089,-0.1845789426887247,-0.15994067360164727,0.1431719252818802,orig,,
NUST,2015,Ottawa_KS_2015,106,0.3720917362750188,0.18637590197403642,0.1318623740750097,0.11408085637876555,0.05688170962677816,0.19629203312342958,0.16575760488901775,0.19256844525788006,0.14264047960206605,0.14718501372201406,0.18183604721509172,0.4188910381630084,orig,,
NUST,2016,Ottawa_KS_2016,108,0.3493045805245336,0.324041191766431,0.15360502427446793,0.37572085257123916,0.2856911484885268,0.37045665408402373,0.21202095355069928,0.24693140288492066,0.2374253251416194,0.1774372594858665,0.2316294974180103,0.2744148065706635,orig,,
NUST,2017,Ottawa_KS_2017,40,0.5144947953967812,0.1748756926731583,0.03133502218499725,0.07017543890532318,-0.054414110381132946,-0.04240547912460706,0.44047284179210205,0.4834412255068587,0.3165548626647718,0.20471923839197748,0.1592081815806597,0.42489914813129503,orig,,
NUST,2019,Ottawa_KS_2019,119,0.3180631694292086,0.2713552644834156,0.14311863310967324,0.3116816075457944,0.2538807532323477,0.19792813029026946,0.2839118421624996,0.30508637729574795,0.08591294795589978,0.17351179552596743,0.24189395786428286,0.34790551796883545,orig,,
NUST,2020,Ottawa_KS_2020,43,-0.15418903719757326,0.043741035050168985,0.0048349330625402686,0.022965932047066272,-0.0008310041201241085,0.19974317214619486,0.00982095778328492,-0.08846416587866648,0.23480299064075494,0.13688904233317134,-0.003248470651394243,-0.10659516486319248,orig,,
NUST,2005,Ottawa_ONT_2005,30,0.2922323904036102,0.45648791524585264,0.40974853825822266,0.4680614752618373,0.4231026459689741,0.48764749990427264,0.43734702752710897,0.3817049120656447,0.38793682899732873,0.1635878194567049,-0.022924551570123266,0.20053418412311713,orig,,
NUST,2006,Ottawa_ONT_2006,25,0.08468054857160838,0.21324101776668655,0.17244038981854795,0.2655889932473172,0.2655889932473172,0.2409546518446675,0.21401084093551936,0.3494997186500927,-0.06429259974810023,0.16243268862372154,0.05388762181829624,-0.05542726815596185,orig,,
NUST,2007,Ottawa_ONT_2007,43,0.5183507082229939,0.4681317074991753,0.42463374596997305,0.4142878766479232,0.3646730142786768,0.21764084223465452,0.39774958919150777,0.3681468098174673,0.10823671596524877,0.21978851963746224,0.2766953663940923,0.5144238089182742,orig,,
NUST,2008,Ottawa_ONT_2008,27,0.5254159731494378,0.5773164469643155,0.5217524102919171,0.5022134083851396,0.4921386105269574,0.39902305456497106,0.5718211026780343,0.5809800098218362,0.6039694656488549,0.5883071355368777,0.5535032883904305,0.4231415100436495,orig,,
NUST,2013,Ottawa_ONT_2013,25,0.7392307692307692,0.6592307692307691,0.6130769230769231,0.6992307692307692,0.7046153846153845,0.7238461538461537,0.6423076923076922,0.6123076923076923,0.633076923076923,0.7676923076923077,0.6123076923076923,0.7246153846153846,orig,,
NUST,2014,Ottawa_ONT_2014,28,0.5137539393944048,0.42671411375379714,0.43410428762894304,0.3541809257199573,0.35253866485881374,0.1647735064014021,0.4185028094480794,0.3544546358634812,0.42688808679269713,0.3836572679989051,0.5772546926919551,0.5605583739369958,orig,,
NUST,2015,Ottawa_ONT_2015,26,0.6629059829059828,0.5596581196581196,0.5548717948717948,0.5719658119658119,0.5131623931623931,0.4639316239316239,0.545982905982906,0.576068376068376,0.3716874733755499,0.42837606837606834,0.4981196581196581,0.669059829059829,orig,,
NUST,2016,Ottawa_ONT_2016,30,0.4503281816719154,0.3944821472847362,0.35220825671276784,0.308821895336274,0.22449660835324245,0.11525197534884002,0.22427411419233736,0.21937924265242523,-0.07899421450823321,0.25253087262728463,-0.014017132137021085,0.5515630248837344,orig,,
NUST,2017,Ottawa_ONT_2017,32,0.1013748871295919,-0.23831347788149992,-0.25536205745302265,0.11530705968266419,0.13088909477491611,0.26104491731019686,-0.0938588466733292,-0.10009166071022997,-0.1360220004523638,0.0297946461312798,-0.28524290121816454,0.15105408136488915,orig,,
NUST,2019,Palmyra_NE_2019,38,0.10537834452496651,0.05996607767360503,0.17563057420827752,0.008754171923154018,-0.010833287754903099,-0.01707063525015034,-0.0036110959183010324,0.028779340197368837,-0.12507523135206305,-0.01816490674054459,-0.0368769492262863,-0.00853531762507517,orig,,
NUST,2020,Palmyra_ONT_2020,50,0.35232538606520436,0.2935004442729357,0.28423251466811295,0.3615452953093804,0.3487718793773449,0.36207351927649467,0.1796921895401383,0.255036135394889,0.3186150928911859,0.20466277707644828,0.26622487942558176,0.25402770782130724,orig,,
NUST,2008,Phillips_NE_2008,49,0.5945504674290543,0.45004592539686394,0.4222879907692116,0.37371160517081986,0.3654454555206734,0.13904480121388368,0.2616593543577232,0.24420859398519168,0.2793723697429493,0.34141239079709934,0.14123890266423123,0.5576589476941413,orig,,
NUST,2009,Phillips_NE_2009,62,0.39145764189490356,0.46396192335498,0.38201370110034694,0.48662738126191607,0.4518988629800662,0.37413115851715695,0.5494610673483663,0.41132769332665087,0.44797582409509323,0.5868412779999923,0.26221416414113075,0.4425808413961037,orig,,
NUST,2010,Phillips_NE_2010,78,0.47539615429056836,0.5065066472158644,0.3635627848034173,0.5011445134758945,0.4686934871156062,0.3341848681101399,0.5449682266811041,0.5086344822446702,0.5704692049129418,0.4833944609524567,0.46813703927466604,0.43740594260455656,orig,,
NUST,2011,Phillips_NE_2011,104,0.29451430007645585,0.48156584976364714,0.41999242517106916,0.41593269755757484,0.33112653478264736,0.2708974615154315,0.5482392738286307,0.5496214974304304,0.418783310132238,0.3550573489496539,0.46926930291856894,0.3430283117940875,orig,,
NUST,2012,Phillips_NE_2012,122,0.4160730956022746,0.3855097606972589,0.3676885837978373,0.40507571441902324,0.4315150313803197,0.3864118896224475,0.3410939552633399,0.2965591877733521,0.34008945374441907,0.3405889292573275,0.3429676076464239,0.4181417135772492,orig,,
NUST,2013,Phillips_NE_2013,108,0.5772489206638919,0.6035292970867856,0.5486677608782543,0.6320008957599117,0.5819219402888436,0.5856994169071787,0.5657926391164821,0.5147847959523809,0.5440293441642698,0.5977382723390489,0.4923390584673935,0.593492546475396,orig,,
NUST,2014,Phillips_NE_2014,118,0.6536735196043773,0.5918863744304398,0.5699661447736261,0.5574903859419574,0.5379294479143176,0.5443608915040625,0.595071052914402,0.5432315417261175,0.5077742070810282,0.5553952630669888,0.4356727817761763,0.5980840801498021,orig,,
NUST,2017,Phillips_NE_2017,114,0.7377224797457054,0.7026765409312336,0.6136502169879879,0.7041953467853219,0.6884605181369662,0.6746859615776204,0.6489351145901696,0.6362378976499907,0.6210956485111623,0.6177069178861891,0.5262520529203252,0.7029722018041628,orig,,
NUST,2019,Phillips_NE_2019,275,0.601470415979233,0.6227872065798661,0.5379432871707444,0.5976139135300726,0.5067707338585254,0.5445019667680184,0.6074157250216395,0.5668539283709397,0.5562550948974072,0.5900190127781854,0.47025499020004713,0.6036200980132492,orig,,
NUST,2005,PineTree_AR_2005,30,0.6756395995550611,0.4553948832035596,0.42380422691879865,0.6093437152391545,0.6845383759733037,0.6662958843159065,0.364182424916574,0.4473859844271412,0.5869395964676447,0.5501668520578421,0.15595105672969967,0.5884315906562848,orig,,
NUST,2017,Pontiac_IL_2017,48,0.6464745165035721,0.5899147813065342,0.5806871853530827,0.5322151666093641,0.43109157095477496,0.4640395165062165,0.5672800312324796,0.5539271570880734,0.49960645967647827,0.4850458672943678,0.39325842754562385,0.6157520499761983,orig,,
NUST,2019,Pontiac_IL_2019,56,0.54317696515481,0.5627958663628932,0.5918140669302501,0.31386824005893654,0.1795778866677178,0.1547979156296334,0.5286507752359328,0.54252755901726,0.32036777598182475,0.23939160986309393,0.4736221498961869,0.4997009332093708,orig,,
NUST,2020,Pontiac_IL_2020,46,0.49685419059418306,0.3271033858126571,0.38995806243779335,0.30384900594251346,0.24364668564208855,0.17129287241217214,0.5852455071828193,0.5504564614354426,0.28313234769008644,0.3029854480693517,0.29330126334889395,0.5899950754852094,orig,,
NUST,2006,PortagevilleClay_MO_2006,27,0.24545871145389192,0.33704778289191134,0.255533509312074,0.19264234692463408,0.15234315549190555,-0.0870096178661184,0.10624332286810247,0.004274156667107572,0.4476335877862595,0.40207602361290506,-0.21584491168893233,0.015264845239669894,orig,,
NUST,2008,PortagevilleClay_MO_2008,26,-0.08582663828635055,-0.11249786452673038,-0.16994358258293313,-0.04479398253192,0.01094204153451481,-0.024961532250611908,-0.10258163938607634,-0.04650367652168794,0.2520519835841313,0.13301419240394566,0.17575654214814412,0.12583347764692032,orig,,
NUST,2010,PortagevilleClay_MO_2010,39,0.16286249324972027,0.08036843980129144,0.020851257681443365,0.07055012914546614,0.15516979624103241,-0.02753175771530386,-0.08138063677611877,-0.10334531112987223,0.2240218659548226,-0.04524520477478245,0.07115744733036257,-0.03542689411895718,orig,,
NUST,2011,PortagevilleClay_MO_2011,42,0.2107865001999707,-0.006240123227757687,0.12699055971293888,0.053648851646436214,0.048219134032673035,0.09716763311794113,0.07747477669787466,0.13493253473008504,-0.10807634648416822,0.12350581557276252,0.013452733192308778,0.15551683732554544,orig,,
NUST,2012,PortagevilleClay_MO_2012,39,-0.06903882247936384,-0.09637090762515305,-0.19486764409497856,-0.028243154650648843,-0.1113529394828449,0.1177304260168624,-0.16571341993947009,-0.19213443558039967,-0.15265475703648193,0.08270486505225845,-0.06195272633045553,0.004352887634329392,orig,,
NUST,2014,PortagevilleClay_MO_2014,75,0.22840722425900087,-0.06725892851871923,0.11098861258524692,-0.2786238100608364,-0.2715963331809195,-0.3486425169494016,-0.14426243530210062,-0.0704597024012725,-0.24398952991179101,-0.31718957893017824,-0.28411491547712786,-0.034724840210277844,orig,,
NUST,2015,PortagevilleClay_MO_2015,71,0.07383929209973862,0.008569583979778887,0.03399324212722466,-0.07853495455441198,-0.10000084006149021,-0.12867792148110255,0.09532194782986926,0.20151100019769685,0.1065244568288757,0.05042806071858143,-0.0741076156685771,0.16802086476204434,orig,,
NUST,2016,PortagevilleClay_MO_2016,77,0.024940836733795477,-0.05995267027206503,-0.10610044936306245,-0.040665265164802004,-0.008703655201777861,-0.016776229663849774,-0.17225874690890264,-0.14254536208108096,-0.11865944611864042,-0.11475226870061785,-0.0360636347711128,0.07181172917237263,orig,,
NUST,2019,PortagevilleClay_MO_2019,46,0.48766346751553213,0.3959412848447003,0.45959783663777254,0.27911424114694955,0.13008882532130753,0.2564766883290644,0.33752776299582493,0.45151740225318693,0.24734764795563927,0.2616580355680353,0.3199481920064591,0.3905748894900518,orig,,
NUST,2020,PortagevilleClay_MO_2020,39,0.36411505619172024,0.278149071011862,0.3920615955434764,-0.0048602677133488805,-0.2212434365347355,-0.06480356951131841,0.3450790076477705,0.3943904738227894,0.29698260840108887,0.14651682044199646,-0.07968813938344935,0.40330096463059567,orig,,
NUST,2005,PortagevilleLoam_MO_2005,45,0.6076358036062027,0.3853476976355502,0.4296867300357426,0.4609151124394442,0.5051223795130387,0.47567282901840874,0.41631254938605605,0.42290081571595095,0.5599815519431265,0.5067202540975484,0.10448990399213243,0.5253483571458158,orig,,
NUST,2006,PortagevilleLoam_MO_2006,27,0.605006105006105,0.5018315018315018,0.4053724053724054,0.48473748473748474,0.452991452991453,0.09829059829059829,0.17765567765567764,0.06349206349206347,0.36299801979935015,0.4053724053724054,0.006715506715506716,0.23626373626373626,orig,,
NUST,2007,PortagevilleLoam_MO_2007,45,0.09835957594307848,0.28598721980502595,0.22900059342139376,0.3220897299301479,0.19362276871849143,0.45055669114180436,0.19546742252050497,0.2662889524192386,0.07534427109983435,0.34064630910862964,0.39133012799858424,0.01620660126054743,orig,,
NUST,2008,PortagevilleLoam_MO_2008,26,0.2876689278941923,0.23499233467694425,0.11048402343617611,0.3581324227172644,0.3420558001120004,0.3581324227172644,0.2791175328913923,0.21959982367190423,0.5278823435846879,0.5452369453785286,0.40054734193115243,0.3465025255134564,orig,,
NUST,2011,PortagevilleLoam_MO_2011,25,0.20846153846153848,-0.25461538461538463,0.06461538461538462,-0.26615384615384613,-0.3576923076923077,-0.20076923076923076,-0.16461538461538464,-0.07461538461538461,-0.362831885264414,0.007692307692307692,-0.2569230769230769,-0.2530769230769231,orig,,
NUST,2013,PortagevilleLoam_MO_2013,51,-0.0565209523538547,-0.026427731124620612,-0.020454339843028285,-0.17793465544864426,-0.26350801085387987,-0.1387455884042582,-0.2540048883604375,-0.20309530357413924,-0.06113952126458047,-0.12648203509129213,-0.1001448098951805,-0.20807312964213284,orig,,
NUST,2014,PortagevilleLoam_MO_2014,40,0.3738212629239641,-0.017171006805995342,0.12648370040700394,-0.15247478721170724,-0.1894440586956535,-0.21581046805349335,0.28261788251179215,0.32212058122940984,-0.27879698113193097,-0.25315506209057614,0.0657752774371734,0.193478776141871,orig,,
NUST,2015,PortagevilleLoam_MO_2015,49,0.3836713897782829,0.11756601703007899,0.13006761172294765,0.026482969982036024,0.0003061615026824974,-0.05531317815130452,0.12588340451962016,0.14828422113255624,0.09067483171113296,0.026176808479353525,0.2738614641494939,0.6878428426933441,orig,,
NUST,2016,PortagevilleLoam_MO_2016,53,0.8072821192869148,0.593697713619726,0.5864397953603163,0.40487087357074636,0.08475635656266396,0.3447107955538602,0.5297473894007036,0.4975706184506533,0.4205093057675535,0.3523387122553398,0.5688191826971933,0.8255075584716552,orig,,
NUST,2019,PortagevilleLoam_MO_2019,46,0.3253877703603851,0.27623423492118354,0.37022418223529024,0.18717814310912972,0.15837676161589628,0.1453637177292319,0.2045083105600904,0.2864719850879432,0.18360109787014142,0.2606925900897171,0.1499275340686308,0.2854852139875326,orig,,
NUST,2020,PortagevilleLoam_MO_2020,39,0.016198431295853053,-0.08443432312963403,0.01883067638142917,-0.22060238621039874,-0.20389775393655032,-0.32204506220067847,-0.001417362738387142,-0.05446722523230589,-0.22819540088032986,-0.21786890092922356,-0.15135409242062695,0.04029359784843446,orig,,
NUST,2008,Queenstown_MD_2008,26,0.26808001759561284,0.16994358258293313,0.27389297716082384,0.009916225140654045,0.10907847654719449,-0.3607454318410351,-0.2078987891557814,0.03556163498717313,-0.5858413132694937,-0.4007522712016049,-0.10531714976970503,0.25884767005086595,orig,,
NUST,2011,Ridgetown_ONT_2011,25,0.5923076923076923,0.5661538461538461,0.2869230769230769,0.5423076923076924,0.5146153846153847,0.6484615384615384,0.5507692307692308,0.46307692307692305,0.6955696919196496,0.6746153846153846,0.4715384615384615,0.5423076923076924,orig,,
NUST,2012,Ridgetown_ONT_2012,26,0.7839316239316239,0.7333333333333333,0.6314529914529914,0.6745299145299145,0.6423931623931624,0.6280341880341881,0.6786324786324787,0.5863247863247864,0.20136752136752134,0.5117948717948718,0.5562393162393161,0.6923076923076923,orig,,
NUST,2014,Ridgetown_ONT_2014,33,0.5258671289408295,0.5340576849859983,0.5791893203369276,0.4830756524599483,0.3981613163181996,0.41905559194362996,0.5183451897156747,0.4782281805148485,0.4570377863926924,0.333305484776864,0.3089009708463614,0.5101546336705061,orig,,
NUST,2015,Ridgetown_ONT_2015,52,0.33020237865185154,0.31333789202559326,0.3018102682557458,0.30586628402661814,0.29954743840462766,0.3302450735547028,0.28746478089771355,0.2948509990909861,0.24592264042341153,0.21522500527333638,0.21791478415296744,0.32909231117771803,orig,,
NUST,2016,Ridgetown_ONT_2016,43,0.18214771390353457,0.2227760182485187,0.11282283771636843,0.29285606737890013,0.20465186761135104,0.16583597833008373,0.2267029175532383,0.12664250257720874,0.18625377643504532,0.351910591538338,0.24837638102351794,0.2859084763013192,orig,,
NUST,2017,Ridgetown_ONT_2017,34,0.3970970206264324,0.5437738731856379,0.5391902215431627,0.3533995416348357,0.18380443086325438,0.26783804430863256,0.34270435446906033,0.3307868601986249,0.43559969442322377,0.34087089381207025,0.30084033613445377,0.44110007639419396,orig,,
NUST,2019,Riley_KS_2019,40,0.4284105911420815,0.3908800969553026,0.3762432042224588,0.34546819898930015,0.2829799261683132,0.3578532620709372,0.3333646146140639,0.2817601851072429,0.5147548725627257,0.4040347213370574,0.3954775824931831,0.43798086715971024,orig,,
NUST,2007,Rippey_IA_2007,28,0.43459222769567596,0.5090311986863711,0.5112205801860974,0.4176245210727969,0.1992337164750958,0.3415435139573071,0.35577449370552816,0.3820470717022441,0.32567049808429116,0.030103995621236997,0.2545155993431856,0.25779967159277506,orig,,
NUST,2005,Rohwer_AR_2005,30,0.6803871440477853,0.5219713014833566,0.5500055657573988,0.6329958877749997,0.6723773542552018,0.6345533469013354,0.4541105824073021,0.5413282934821,0.7196261682242993,0.6574702454745605,0.1352764498302987,0.6087440242363442,orig,,
NUST,2019,Romney_IN_2019,66,0.21590648157812337,0.27986640225446197,0.39901889155620507,0.1109070034443169,0.06214382632293082,0.15307379187976206,0.15712347354138403,0.06498277841561426,0.19401505118741613,0.13767404976197806,0.0590126291618829,0.059221375639286096,orig,,
NUST,2020,Romney_IN_2020,126,0.2895328886434165,0.42590470600447783,0.34219241206459095,0.48618643671777434,0.468647260788204,0.4645286891187496,0.297563053508041,0.32614108139944115,0.35015133653735037,0.43689556295777787,0.3572148497343854,0.34611300432386033,orig,,
NUST,2005,Rosemount_MN_2005,30,-0.18422516522941998,0.06274335337523723,0.05584603438717924,0.064523306662478,0.1490710878064147,0.0972299483155272,0.06118589424890156,-0.0004449883218101931,0.27166537046512296,0.260318168258963,0.19890977984915634,-0.23539882223759218,orig,,
NUST,2006,Rosemount_MN_2006,25,0.028082324043228094,0.14964416510706477,0.05347182249326993,0.3196768668482541,0.3335256841846405,0.44508560161664246,0.03385266460005579,0.049240239418262964,0.12408618699499807,0.22119638801172814,-0.035776111452331685,-0.16080015685026497,orig,,
NUST,2007,Rosemount_MN_2007,38,0.21867134156342563,0.1708438259161699,0.20313013510596495,0.1950311965295418,0.2254569387490775,0.04596694867699638,0.24450038891526168,0.24822152285578045,0.12781214097641147,0.17558839627805148,0.0650103988431806,0.18747948353260666,orig,,
NUST,2008,Rosemount_MN_2008,37,0.5940371061351001,0.7185110557343527,0.7071305803424209,0.659949026113371,0.6197617223856121,0.5013336503383233,0.7113982586143953,0.6562740809347263,0.5583876704208655,0.5118842993995932,0.5569320144926562,0.6240294006575866,orig,,
NUST,2009,Rosemount_MN_2009,34,0.22874169216425516,0.2652609068785217,0.42371457072243124,0.20841928397598133,0.11826724765205979,0.2276720917332934,0.23088089302617873,0.2938345183913579,0.10172730527357961,0.022156008927065464,0.17128886901545093,0.21269768569982844,orig,,
NUST,2010,Rosemount_MN_2010,26,0.37504273504273505,0.6075213675213674,0.5473504273504273,0.5015384615384615,0.25196581196581197,0.5138461538461538,0.4673504273504273,0.4605128205128205,0.41948717948717945,0.23730552577978994,0.3941880341880341,0.3668376068376068,orig,,
NUST,2012,Rosemount_MN_2012,42,0.32644461082037873,0.45100900179131276,0.4112975173568575,0.41429613965088774,0.3616176398908962,0.41478240272559536,0.4822108824183846,0.5592835797595416,0.4651916748036181,0.3576464914474507,0.44736202873100556,0.31363968318641156,orig,,
NUST,2013,Rosemount_MN_2013,42,-0.1332630899666611,-0.15117741045488015,-0.2514489690246854,-0.042313462872625975,0.0035666520429033385,0.036639243713461576,-0.20102947878182453,-0.2567989470890404,0.1242653995857004,0.05414826283316887,-0.2626352867956095,-0.22688770609287373,orig,,
NUST,2014,Rosemount_MN_2014,37,0.49617555415360615,0.3962051927407262,0.1758671957002385,0.5776460622089425,0.605514431048832,0.6131041144775679,0.2951675320956802,0.23456865346936737,0.25096365925584413,0.42478509440205964,0.4176697661876197,0.5903350641913604,orig,,
NUST,2015,Rosemount_MN_2015,41,-0.04434957021773616,-0.05689640344240021,-0.04190990820182926,-0.08024745416608055,-0.062124250619343575,-0.06979175981219385,-0.0013069617942358396,0.09819639614025275,0.0027883066056065453,-0.15431534370403727,-0.00017426157256477862,-0.027097674533823075,orig,,
NUST,2016,Rosemount_MN_2016,48,0.3516256858026986,-0.00037995983337741436,-0.07800032579476349,0.3776800743771499,0.46414807645861,0.4101395001428204,0.15887749032795598,0.06475601160275077,-0.2154489197698404,-0.016285760840456184,-0.061227813149960494,0.37393475601957255,orig,,
NUST,2017,Rosemount_MN_2017,44,0.3640015506682131,0.33475457225053473,0.2195989993963508,0.37034426887927585,0.3457486171497102,0.3507523170717709,0.3377145074156974,0.34433912421391855,0.22087532595672701,0.24511082153418104,0.2915536137685184,0.3812678391316617,orig,,
NUST,2019,Rosemount_MN_2019,76,0.34670567414686865,0.35068388286011887,0.2929520086468691,0.38847003022583565,0.38916724206217845,0.3951003780812527,0.38513435006764646,0.41082182144976725,0.32005632532721245,0.41143458676359224,0.3445046720752766,0.4210886075104234,orig,,
NUST,2020,Rosemount_MN_2020,77,0.3611877909600612,0.3829955045096751,0.33485816453457795,0.3648552726239203,0.33838105014717385,0.3145621369754436,0.38554565305013627,0.3644872099479774,0.33643778720547035,0.3434813472280962,0.36427688841886724,0.4114940717041073,orig,,
NUST,2005,SCharleston_OH_2005,44,-0.22860868396225048,-0.38289399587634515,-0.37288553799977986,-0.2460177620996563,-0.15234705422673173,-0.07023541038026286,-0.27512686845896245,-0.34609149221117924,-0.15492861880558523,-0.18575960706316472,-0.2724485487455154,-0.25891598598283555,orig,,
NUST,2006,SCharleston_OH_2006,27,0.540903540903541,0.5146520146520146,0.4877899877899878,0.36385836385836384,0.19658119658119658,0.16117216117216115,0.568986568986569,0.452991452991453,0.5593893390543372,0.3687423687423687,0.026251526251526252,0.5445665445665445,orig,,
NUST,2008,SCharleston_OH_2008,34,0.3048827160414716,0.443799201696458,0.3585237352547832,0.4879651690829168,0.3666233763325767,0.33055705002391134,0.27049744731498987,0.3718193724956895,0.2242262138760461,0.10942156625849309,0.24467028991598802,0.378849249657548,orig,,
NUST,2009,SCharleston_OH_2009,26,-0.3768165553448537,-0.3436484919433558,-0.3279193072374907,-0.30090614219915723,-0.26466062961607695,-0.12959480442440977,-0.2434604241429545,-0.4004103324036513,0.0728454172366621,0.10873653774924091,-0.07180714757025344,-0.31116430613776486,orig,,
NUST,2010,SCharleston_OH_2010,34,0.6245415720841445,0.4517114967165968,0.4413202985512623,0.5255195660380163,0.5586797131244512,0.49648533587017013,0.48945599593479683,0.46072738924240164,0.29590278099316847,0.5056926735936748,0.10712102814557996,0.6068154105079858,orig,,
NUST,2011,SCharleston_OH_2011,37,0.23334124440757303,0.378586683634848,0.1618449179961063,0.3653071006197828,0.27460280591866826,0.29475931585224935,0.1560351004270153,0.05359260288222715,0.369797227786743,0.35878587681774193,0.03189471277725465,0.2549205668070539,orig,,
NUST,2012,SCharleston_OH_2012,29,0.33649464474968166,0.2192388241780503,0.23155561205322164,0.21825348114803658,0.21308043024046464,0.13573100238438843,0.333784951417144,0.24707476477593757,0.3724596653451821,0.20913905812040975,0.2901835223390373,0.32738022172205483,orig,,
NUST,2013,SCharleston_OH_2013,41,-0.011326015157128177,-0.06612650387892527,-0.12171110134236972,0.0018295870638437824,0.0541906263671825,-0.024481617378100135,-0.1247604131154427,-0.16657954600330058,-0.2023871785385289,-0.18147761209459995,0.05584596704399355,-0.05610733662454266,orig,,
NUST,2014,SCharleston_OH_2014,63,0.30150862434028225,0.19726119535295272,0.30006841118365324,0.10928817503553101,0.06063297389408112,0.1556870422315955,0.15482291433761805,0.1268347719937944,0.01759460406348435,0.0650256240217996,0.055448206530216704,0.2886907272462841,orig,,
NUST,2015,SCharleston_OH_2015,84,0.29708083273586916,0.12445196029845153,0.08867872982620117,0.11939935854196895,0.09572604610378008,0.1475481218345973,0.15186156541828785,0.18061785597622473,0.0931242757384112,-0.011340508952425818,0.1909458194864697,0.31586355068832445,orig,,
NUST,2016,SCharleston_OH_2016,84,0.5253960143355855,0.2782044340232195,0.25184907711517124,0.296419296519408,0.2558585743628037,0.3002667938782471,0.2303840918500686,0.2533273261004095,0.3182957267621264,0.19140383754876503,0.20223661117224537,0.42980595495453167,orig,,
NUST,2017,SCharleston_OH_2017,75,0.2452062588904694,0.056756756756756746,0.08637268847795164,0.07448079658605973,0.17533428165007112,-0.05755334281650071,0.014239077091946863,-0.019360023898241437,-0.13994509169398367,-0.22203571860958898,-0.07778093883357041,0.29695590327169274,orig,,
NUST,2014,SaginawCounty_MI_2014,25,0.11579150050700898,0.141565688327506,0.12656280287975402,0.09463358513197413,0.00577034055682769,0.05308713312281476,0.08809386583423608,0.007309098038648408,0.028868362415659012,0.01904578684109273,0.11309867491382274,-0.016541642929572713,orig,,
NUST,2017,SaginawCounty_MI_2017,28,0.6911181123979074,0.6243328373780701,0.4934993887736345,0.7414807788063094,0.6092787794842542,0.6766114747911395,0.5570001420711848,0.5947721418774863,0.38565759222520857,0.530723968292888,0.5835500259930054,0.7083618514399146,orig,,
NUST,2019,SaginawCounty_MI_2019,41,0.6915269168619739,0.6332389607852875,0.6177303566273649,0.6546722002394951,0.586451767342566,0.6064038479727023,0.5821825448496548,0.5512524635234609,0.4141867460687239,0.5030717620565418,0.48128949083350686,0.6516227556017014,orig,,
NUST,2020,Saginaw_County_MI_2020,29,0.6069713064884449,0.4948885368243855,0.48873014288679967,0.4532577938063062,0.44217268471865195,0.3773863804952506,0.13228230177934044,0.22342653205560853,0.3712737127371274,0.4438970350211759,0.408178350183179,0.5601675125627936,orig,,
NUST,2020,Savoy_IL_2020,43,0.08306588688365175,0.13101755794830527,0.01623560516362284,0.1464225042430916,0.13282990457122132,0.17474042022615469,-0.029903719278114634,-0.12512743142382815,0.27099697962492636,0.09401548106376949,-0.10481404635864422,-0.061695299621766814,orig,,
NUST,2019,Shelly_MN_2019,44,0.12727272727272726,0.23495419309372795,-0.046511627906976744,0.43481324876673716,0.46102889358703314,0.2692036645525017,0.022832980972515855,0.002818985871583451,-0.11968829976348513,0.32407474695655564,0.08456659619450317,0.23706835799859058,orig,,
NUST,2020,Shelly_MN_2020,49,-0.09663511827425755,-0.30123217438818195,-0.24684303179031575,-0.3549070130494908,-0.37281563317317845,-0.18811704386335146,-0.2616393276190036,-0.3690494412980254,-0.29938714526960125,-0.4418076617568087,-0.4372050308828474,-0.38955075397252187,orig,,
NUST,2006,StBrunoMontarville_QUE_2006,26,0.5807113882697865,0.4965800564003121,0.40663477070245946,0.6648427201392609,0.6446648803819479,0.6409029102577032,0.5752394317254305,0.41586869737106036,0.5277920378200062,0.6614227472990384,0.6836525707604849,0.6699726793995948,orig,,
NUST,2006,StHyacinthe_QUE_2006,42,0.41636953135095034,0.22471637026784458,0.246191248782442,0.21085899583012316,0.198298217831019,-0.012398703444277036,0.30972447427468514,0.25186385820139234,0.24928076522754014,0.1517828205956267,0.28395462005716815,0.4280388992985052,orig,,
NUST,2007,StHyacinthe_QUE_2007,44,0.5750528541226215,0.5281183932346722,0.5078224101479916,0.5619450317124735,0.5123326286116983,0.4718816067653277,0.47794221282593374,0.4527131782945736,0.4622973925299506,0.5127554615926709,0.36772374911909794,0.5509513742071881,orig,,
NUST,2008,StHyacinthe_QUE_2008,30,0.03048509198748439,-0.03960836769176804,-0.06608811912615228,-0.0832220759366362,-0.1406319571977382,-0.24833111429220858,-0.06297285425151884,-0.07142857319695248,-0.011015911940901346,-0.1978193195392235,0.08789497324858636,-0.031152648746334412,orig,,
NUST,2009,StHyacinthe_QUE_2009,42,0.10815194659120658,0.3299688325533814,0.17706435633822726,0.3396976433411961,0.21792536164704893,0.369694809936958,0.22335728100357885,0.21784428822381718,0.16068752484540588,0.4125993677752179,0.3781264459530641,0.13433866229507443,orig,,
NUST,2010,StHyacinthe_QUE_2010,33,0.15910420378103307,0.2707445484509176,0.1965404870236291,0.12350630944767169,0.0529790258388524,0.08774128884983441,0.22094092163710688,0.1973761183460085,0.07538024402473675,0.03476516797593181,0.24032756831630836,0.17347706252595835,orig,,
NUST,2011,StHyacinthe_QUE_2011,32,0.4742344381724417,0.4788190711787491,0.39904645686899964,0.36933803498812745,0.28369709043030444,0.3465982552768425,0.3658537139033338,0.3082707233441123,0.2239354042232564,0.2185953017407388,0.3130387416706721,0.47276735561042327,orig,,
NUST,2012,StHyacinthe_QUE_2012,31,0.6775559726387956,0.6418632919372876,0.6281508496338835,0.506553750972814,0.40391208726056776,0.4172212224374013,0.6827989652842149,0.7918935430215924,0.3978624803620071,0.4025005123175703,0.6462996703295655,0.7426900735799656,orig,,
NUST,2013,StHyacinthe_QUE_2013,69,0.42494565125308964,0.4693844121684454,0.3772726548599304,0.4723811049275402,0.43488590040520875,0.47435453674450495,0.49355895192626437,0.4796901116570395,0.4414618636463828,0.502512485169901,0.4864874879154738,0.5022566699343686,orig,,
NUST,2014,StHyacinthe_QUE_2014,51,0.041000113397360934,0.06602556892577219,0.0609118682481764,0.11394954253262123,0.06819776036404297,0.09114153243077806,-0.02715239297838472,-0.05389750006209367,-0.15414563958196198,-0.1578947374888472,0.051544292670633665,0.04520873430901056,orig,,
NUST,2015,StHyacinthe_QUE_2015,70,0.5967245248982458,0.47214445753736406,0.45816419436020894,0.44959056612891224,0.4437989927726691,0.46724524140519447,0.4158734608193029,0.4024356108567808,0.41542943645598324,0.40527370274026153,0.30231662975580254,0.4882768763725794,orig,,
NUST,2016,StHyacinthe_QUE_2016,57,0.26967020674293307,0.23307673758274422,0.11405882902985355,0.34279232049438224,0.35274289182492075,0.33747670584223793,0.06595899888484001,0.07581233336198563,0.21831590916482446,0.19818155320746583,0.39209140516457475,0.22215379771827687,orig,,
NUST,2017,StHyacinthe_QUE_2017,49,0.5041073530721228,0.5289045366341726,0.39843869637046636,0.47303433910239384,0.40782693047626295,0.44905352372345686,0.36741670541218185,0.3437420281019121,0.4108222569390637,0.3736925358198611,0.3867034037382206,0.44930863878067956,orig,,
NUST,2019,StHyacinthe_QUE_2019,48,0.5355591874375134,0.5498914353324454,0.46503801313631427,0.5870792755143711,0.600108591782491,0.5603148883469413,0.6500000153258336,0.5637893726851068,0.5117263964304107,0.5099891542613281,0.453420206130574,0.5581976244533718,orig,,
NUST,2020,StHyacinthe_QUE_2020,77,0.4044722275330401,0.48386015596751847,0.4313949759075742,0.46383899103860465,0.39323250592160125,0.4615384632233978,0.4267939202771607,0.43411617166613314,0.45833388250738544,0.40133036383112913,0.23056547057663773,0.46486436915052537,orig,,
NUST,2007,StMathieudeBeloeil_QUE_2007,29,0.5668185780153863,0.4993225804594471,0.4372459695685834,0.5453873671125881,0.542431338022547,0.34634807504981874,0.5089296750020808,0.4254218532084189,0.30983489098863626,0.38743071039327615,0.4951348725818888,0.5296218786323686,orig,,
NUST,2008,StMathieudeBeloeil_QUE_2008,35,0.5192604057105852,0.4193864728075241,0.49222580676207073,0.37274128394817024,0.3500490299084846,0.42456927156967456,0.5427931136035925,0.5343885750703755,0.4907193400003964,0.4032777739521917,0.4391371383605839,0.5062333709840989,orig,,
NUST,2009,StMathieudeBeloeil_QUE_2009,35,0.6003642025561284,0.26250175352080835,0.15814540006669828,0.5013307235063891,0.5090348838285045,0.5357893314925785,0.1770556117664364,0.08782742767211678,0.3615918247041889,0.34332539908191106,0.2364476840678359,0.5666059727810404,orig,,
NUST,2010,StMathieudeBeloeil_QUE_2010,34,0.7750954927425514,0.6519480519480519,0.5996944232238349,0.6763941940412529,0.5990832696715049,0.6012223071046601,0.6299465240641711,0.4820473644003056,0.6400305576776164,0.5513026221300151,0.3998472116119175,0.7665393430099312,orig,,
NUST,2011,StMathieudeBeloeil_QUE_2011,31,0.537205092592188,0.3968542125455803,0.2784835708970764,0.3403912148256807,0.2873563276816321,0.4313369718673762,0.4164146081842598,0.35753176770493594,0.34845735735709493,0.4404113822152172,0.2766686888275082,0.613631793077338,orig,,
NUST,2012,StMathieudeBeloeil_QUE_2012,46,0.5195534261172942,0.46761658831713243,0.4330742733906592,0.49648409436282803,0.44207994835363257,0.4798914466570756,0.46237355837293564,0.5046262114526396,0.303663957826836,0.38274118592636946,0.4218480210395554,0.4695904348843595,orig,,
NUST,2013,StMathieudeBeloeil_QUE_2013,44,0.49989428554623705,0.6182958645280047,0.5150468685706895,0.5914440778660681,0.543590106360937,0.5793924885768524,0.5928536204729938,0.5429558121878203,0.4668405114138268,0.5979984509882731,0.42194657938324,0.595320320035114,orig,,
NUST,2014,StMathieudeBeloeil_QUE_2014,42,0.19230925220089598,0.10875643339806255,0.23380201963741465,0.07715061445227685,0.07787997950487191,-0.021232627086656027,0.05486446006742797,0.1064872976788779,-0.1901982321494687,-0.06418672522902742,0.14887151129079051,0.10786498722266857,orig,,
NUST,2015,StMathieudeBeloeil_QUE_2015,44,0.3270958893424457,0.086267047738667,0.11213306613743398,0.030165274862867218,0.0020439088108017505,0.007259400259054493,0.05962575358407866,0.05130915911254049,-0.17113053326972225,-0.1542798754084494,0.06314973429235754,0.3342848099873346,orig,,
NUST,2016,StMathieudeBeloeil_QUE_2016,30,0.610814434347771,0.41655541752241443,0.4541611149376324,0.3351134929427116,0.221406325018591,0.11437472468297064,0.45838897441034915,0.42656876890516476,-0.1953933471537653,0.04873164339605169,0.16110369780247225,0.7158433644068415,orig,,
NUST,2017,StMathieudeBeloeil_QUE_2017,35,0.13586385634550535,-0.14594859619795525,-0.20295538953055386,0.1756425524301688,0.1728412358044883,0.29876041812882775,-0.09594509442955791,-0.15239162443702042,-0.17592268409273681,0.14652938328301876,-0.14342741123484276,0.07409482474924983,orig,,
NUST,2007,StPauls_ONT_2007,25,0.09734513994898913,0.312812643393392,0.3793767114217521,0.21700655704043428,0.14082340403687757,0.033474415713684015,0.34397847871302883,0.32858794275271425,0.11996920931243255,0.05390835979167054,0.1608311007852864,0.1262023948745788,orig,,
NUST,2009,StPauls_ONT_2009,27,0.5934065934065934,0.39133089133089133,0.35470085470085466,0.28876678876678874,0.16361416361416362,0.37973137973137966,0.18803418803418803,0.1172161172161172,0.3146480221091438,0.3492063492063492,0.04884004884004883,0.5927960927960928,orig,,
NUST,2010,StPauls_ONT_2010,26,0.5095759531931578,0.6166211030921231,0.6330369727251914,0.4603283442939533,0.240082093383622,0.35567717538314375,0.5396717141871161,0.5297537929504708,0.4172366865071494,0.17786899524718291,0.39227088477352484,0.5023940102286905,orig,,
NUST,2011,StPauls_ONT_2011,27,0.6307434053031602,0.5583880388671247,0.6255533579216723,0.4420699181408402,0.3672721764664577,0.4576400602853035,0.5452602719610087,0.5238894886254708,0.30163334193587715,0.27171424526612414,0.30957106146050545,0.4811479219543951,orig,,
NUST,2013,StPauls_ONT_2013,37,0.2301672148489691,0.2585082577901868,0.18664770539530004,0.24036524703702233,0.21902052850388765,0.23728212102668067,0.22044350973942997,0.24534568136142043,0.27131508891006767,0.22743983414751298,0.055140522877264626,0.2301672148489691,orig,,
NUST,2014,StPauls_ONT_2014,28,0.2519167957176932,0.20372401740648236,0.20920046948730178,0.19989050094990873,0.15005478701445205,0.08214678121229127,0.2042716626145643,0.2601314738389223,0.18400878991553243,0.19715227490949902,0.25629795738234873,0.3165389302713623,orig,,
NUST,2015,StPauls_ONT_2015,52,0.6921697650250603,0.6643326883660214,0.6885833931855524,0.6029801129687224,0.5391085383031974,0.5490564506675473,0.624071394977258,0.6361113575813209,0.5565707535693737,0.5169071888205283,0.4962001609376543,0.6085304503393897,orig,,
NUST,2016,StPauls_ONT_2016,43,0.35558408317038126,0.4300385121374647,0.34576757630859545,0.3371592549067217,0.24027788334001982,0.2800724919258748,0.2516046220266958,0.32688967849746886,0.4066913386720998,0.24163709198242095,0.334516349213164,0.3422185315201037,orig,,
NUST,2017,StPauls_ONT_2017,34,0.43261002950090854,0.3462713976859974,0.15418704336503591,0.4642420592100883,0.4587408366519701,0.4396393694362818,0.42542787782780966,0.431845970812281,0.1635085593662918,0.3042481698114831,0.25336186114888953,0.42848411258231983,orig,,
NUST,2019,StPauls_ONT_2019,40,0.4467067070581363,0.43422781774103225,0.3784012076381987,0.3917245330745051,0.37887033881553334,0.3554137799487965,0.38065303728940536,0.4349784276247679,0.3040908291483763,0.2829799261683132,0.28673297558699107,0.4117095212289649,orig,,
NUST,2007,StevensCreek_NE_2007,40,0.22685054983030944,0.11070456939609807,0.11267473546162185,0.02120273956230353,0.0670794636595001,-0.22375457458448636,0.16296087884832403,0.2342621269339465,0.034343624060365736,-0.060233616428803635,0.030772117594847603,0.3105356988992243,orig,,
NUST,2015,StevensCreek_NE_2015,72,0.24372517835825314,0.17889473112639687,0.10634637350979588,0.2672969629916611,0.2875886357115527,0.22983293966571247,0.19006962220430862,0.22780698818971698,0.14038670269009992,0.1538115223759763,0.10483494939278336,0.1802132074837908,orig,,
NUST,2017,StevensCreek_NE_2017,61,0.3479031154053311,0.39925432389641213,0.32085250454725905,0.3557300761228182,0.28428261714089187,0.3163044057519625,0.40938718879297953,0.30705361298695766,0.4250469367115262,0.35851127151887463,0.19942884368678324,0.29657834934910643,orig,,
NUST,2020,StevensCreek_NE_2020,246,0.6455462688936521,0.5500385518708458,0.37663966096562224,0.6570025840355578,0.665730648502134,0.6209928189172326,0.6083027653623881,0.4397171067757909,0.6022639380741402,0.6536387222928634,0.590776908645688,0.60870621918511,orig,,
NUST,2005,Tekamah_NE_2005,30,0.06698564634770314,-0.0861244024470469,-0.0810058979088503,-0.12084121583655419,-0.11661288600065266,-0.21030377341720752,-0.10281517811507923,0.14468558798569922,-0.0065796958230440235,0.1380692787182487,-0.006008679240491644,0.046289084519343035,orig,,
NUST,2006,Tekamah_NE_2006,25,0.29395923684200675,0.23432090999578808,0.08503271118073755,0.27318201329558217,0.0742593360085174,-0.042708737289872706,0.08503271118073755,-0.07002693861943092,0.11583606140937318,-0.0834936575847061,0.14505580142596405,0.14505580142596405,orig,,
NUST,2005,Urbana_IL_2005,68,0.5392419844320734,0.4446947243912911,0.4667614784004056,0.4248613702256596,0.4235251480970799,0.38158686214723164,0.3452797980249688,0.30579364461139347,0.44610024069628323,0.4502796716240308,-0.11260534766415806,0.4774512554290425,orig,,
NUST,2006,Urbana_IL_2006,60,0.05677128950196958,-0.11479304793570058,-0.11193086349189106,0.01228238372974574,0.12299056648835895,0.207022078702728,0.14863907368871035,0.29260973003217794,-0.15549534552291877,0.07616745204351374,-0.04587831569640321,0.20682756131334287,orig,,
NUST,2007,Urbana_IL_2007,77,0.08240877075226623,0.42417709596971237,0.3969923236111724,0.4341150495011708,0.2637895681425629,0.5389236520227562,0.5365574726105041,0.45332053906394976,0.3384996615595752,0.2577511355249069,0.45784257082958696,0.10691187311025384,orig,,
NUST,2008,Urbana_IL_2008,62,0.5556227238858557,0.37582168921738535,0.2680770714401454,0.47117492037788794,0.5092053955634028,0.39743105856120764,0.5242664711666729,0.43609117737562175,0.457309090871814,0.49026571520611334,0.41906561365018596,0.5790454668809079,orig,,
NUST,2009,Urbana_IL_2009,60,0.36991135816421555,0.389529553691855,0.34117876018180876,0.428515854435875,0.47069775360153604,0.41092616921066855,0.39172479086846057,0.4463896194062672,0.26020202604200554,0.41540577816884267,0.3086114440934329,0.37696946250418784,orig,,
NUST,2010,Urbana_IL_2010,101,0.569127900830827,0.5122459805181372,0.4256591868084868,0.5975106161373739,0.6433726108682893,0.46436288949923255,0.46852584840069633,0.4682404478055778,0.6844079555015559,0.6093438297059249,0.37546959973758276,0.5563722787250732,orig,,
NUST,2011,Urbana_IL_2011,102,0.18813510471662848,0.14234821133248235,0.11021199852501018,0.1534768523328528,0.16974570403918707,0.0859981566735944,0.09764138422428685,0.09534661481490792,0.2381352267228086,0.2245476139528728,-0.007424748797503251,0.22311568054401237,orig,,
NUST,2012,Urbana_IL_2012,114,0.35495251046754,0.11214078868632504,-0.055396018595834415,0.2885477634558631,0.4509406836563007,0.4413252600877907,0.10135887733865294,0.09429919609184886,-0.06269163316836433,0.2657673623696535,0.08126126497683893,0.40791429588533124,orig,,
NUST,2013,Urbana_IL_2013,155,0.22740584947564432,0.24029849218001723,0.18096107498893751,0.2525208012554664,0.1810593691027941,0.2029451175355892,0.19175409096617663,0.11626904566104598,0.013190122767229992,0.09763763427133036,0.25246762575124887,0.30949754833507176,orig,,
NUST,2014,Urbana_IL_2014,196,0.24354042140792553,0.3392710926174382,0.22819562162320825,0.3719745228311719,0.3376644908845901,0.4101464555701059,0.3321912068066135,0.28541338971624575,0.29503846243950993,0.3274172177293016,0.3249527328287071,0.2932390840396744,orig,,
NUST,2015,Urbana_IL_2015,200,0.36450832151126655,0.1760063124351354,0.09956505079865713,0.20157598795663526,0.22399248768709393,0.16393663954516516,0.08961949632929314,0.11410236126058874,0.1109375176218772,0.11453255319238707,0.13067603525074986,0.3557950857442529,orig,,
NUST,2016,Urbana_IL_2016,202,0.3485118172091439,0.3457724102968479,0.22494440028482696,0.40014559719012077,0.3852299160245528,0.4350248063269595,0.2835631947020195,0.24091201952859512,0.26149786781332796,0.23764681657474587,0.2949110222196569,0.43110970391549847,orig,,
NUST,2017,Urbana_IL_2017,196,0.35709652382383855,0.41068004801285896,0.3480566300328442,0.37337932969755033,0.326493646421198,0.28145674255203057,0.36169710048965303,0.37713680535449173,0.2527493675711862,0.23519300650530214,0.24228015064856953,0.3470087227395475,orig,,
NUST,2019,Urbana_IL_2019,294,0.2804087487108456,0.19200027589677732,0.22557766865900578,0.05970030493364982,-0.018587915351116768,-0.012518266684071461,0.15007941836761848,0.14403290926212964,0.13092072431130983,0.03871560172335892,0.10369309769401237,0.22057716218305912,orig,,
NUST,2020,Urbana_IL_2020,293,0.48527649024017677,0.38587034458564834,0.35057638127095725,0.33179679439436977,0.3011797177537428,0.23257456588896433,0.41801362345725884,0.3418707310021635,0.3450504647831085,0.32079233729358164,0.2878403572103547,0.4467369021123,orig,,
NUST,2011,Volga_SD_2011,91,-0.5890784576429634,-0.4059485179279891,-0.32695347501054134,-0.48608229987136375,-0.5512850631181442,-0.45907905485794986,-0.39358165284222335,-0.35904296618653636,-0.27514245125720216,-0.46586741949467897,-0.37387270816271895,-0.5048276961443146,orig,,
NUST,2012,Volga_SD_2012,94,0.12154404774920104,0.27351384660242567,0.3115478418082154,0.20450497726152572,0.10936218682272661,0.23209118427058825,0.24416466565145345,0.3456079203416676,0.193484874275324,0.18469319632416337,0.2850526555582855,0.09552573149995167,orig,,
NUST,2013,Volga_SD_2013,143,0.011185817775777812,0.14042910802601413,0.12844503614736022,0.05150278013877666,-0.006970871947223855,0.0009665236052818474,0.11225833084276743,0.09281294297938995,0.02278953516667868,0.05232063623797355,0.13259226376153138,-0.008977793573477881,orig,,
NUST,2005,Wanatah_IN_2005,42,0.7883945317926128,0.7462517319846195,0.7211281397913927,0.7363643827988979,0.7105113959936099,0.5908096357697519,0.6418672586140515,0.671529306171216,0.460017023034178,0.6339911705479645,-0.15333495622446786,0.8093848878508249,orig,,
NUST,2006,Wanatah_IN_2006,56,0.5924596719307841,0.5810773912665627,0.5183552140327894,0.6117377689116277,0.5399576205786994,0.5733524800650188,0.5556467101428966,0.4964793593027543,0.5007947259437561,0.4106166294873657,0.4258955467753747,0.5914000602172981,orig,,
NUST,2007,Wanatah_IN_2007,50,0.7060462021713525,0.5876674857822636,0.46102867234695843,0.6884214602180885,0.678768672390824,0.6143207059023221,0.6234932555292251,0.6135523247817439,0.6677392261292678,0.6438211421161327,0.679104839131077,0.6968256287244132,orig,,
NUST,2008,Wanatah_IN_2008,45,0.5196362858411504,0.425869809205092,0.3553637445525393,0.44115710546620623,0.3975355963073372,0.4762783507557489,0.2633763929123863,0.22291777263512705,0.40509374738890497,0.44260676287027745,0.3079204113283916,0.5392725543144783,orig,,
NUST,2009,Wanatah_IN_2009,35,0.7660200312923389,0.5972407045950874,0.5367322654803882,0.6459836138819286,0.6496253254953133,0.4175362430576819,0.6409412439557036,0.6035436670028687,0.4434484218452267,0.5633447734243532,0.4990545568649852,0.7517333165013682,orig,,
NUST,2010,Wanatah_IN_2010,41,0.6320236978421085,0.5988326532000903,0.5083195419584705,0.6210471318975042,0.6036240113505128,0.4072654427859211,0.5218224603823887,0.42869588105872036,0.5321252781979183,0.48566948524738185,0.3424514343511135,0.555100620627142,orig,,
NUST,2011,Wanatah_IN_2011,38,0.732614762818952,0.6226404780343296,0.5331290701200797,0.6846856715396837,0.6951906778474686,0.5237183353026892,0.4915467534850982,0.5045685842207898,0.557452396585686,0.6277084701247537,0.4031296170612426,0.7183892334438267,orig,,
NUST,2012,Wanatah_IN_2012,65,0.4542841866120187,0.3450951268451734,0.3023024569045243,0.424648404977943,0.4142015733989694,0.4234682189836656,0.38054441726587457,0.3538372453213019,0.04681609064219296,0.27477871375900964,0.22185311162795154,0.4717684235642757,orig,,
NUST,2013,Wanatah_IN_2013,77,0.5523279965725663,0.2762823204792078,0.2739816111723384,0.32146825126612366,0.3967343128765669,0.24659659696542952,0.3114503055984979,0.3026155818601192,0.019026455584666917,0.12323994736806243,0.3665753005910898,0.5386420629242743,orig,,
NUST,2014,Wanatah_IN_2014,52,0.2848665957771781,0.46322305271664305,0.37191035252671595,0.4889220922277867,0.4424759875963511,0.5184631808352806,0.16892209193620467,0.24431163309347972,0.42090318691995676,0.3799013853882587,0.33105656380219034,0.25861259361878386,orig,,
NUST,2015,Wanatah_IN_2015,92,0.6045748133812927,0.4075943726295341,0.2985572711875417,0.49681705593416686,0.5270743121019121,0.5132019073383001,0.2578186425317337,0.2004023005934497,0.31620565620842433,0.39257900711785165,0.3292538201728015,0.5695624051362425,orig,,
NUST,2016,Wanatah_IN_2016,68,0.45112523826830725,0.5160816225378785,0.5105270213558494,0.49874973981182186,0.46353242303916276,0.5293668542309793,0.45486648167613436,0.46103189810842105,0.4221316565371102,0.401878258716296,0.32636622340321214,0.47341999490270603,orig,,
NUST,2017,Wanatah_IN_2017,107,0.31628574508997376,0.3210664498522945,0.30614144225927054,0.322237134727494,0.2927985736398425,0.34587125406990965,0.33150464846756655,0.3338215269025847,0.3171535143984683,0.3426432987027279,0.3008562164001065,0.29830422133743323,orig,,
NUST,2019,Wanatah_IN_2019,156,0.4020957468666529,0.4116925605727742,0.3491647042088792,0.41412337405762506,0.4158524442477596,0.37289437499012185,0.29764663115803447,0.2980891719745222,0.29406074860001025,0.3317088282072911,0.36557032447724863,0.4094039923503659,orig,,
NUST,2020,Wanatah_IN_2020,139,0.5741989565768628,0.5472203623769575,0.49831747081996525,0.5618224091797057,0.5608660700777047,0.5354918017545207,0.5430799503302105,0.5419850761246487,0.5027053676029548,0.5748581155373541,0.5438307212140243,0.5884747755550965,orig,,
NUST,2005,Waseca_MN_2005,43,0.3602658018275407,0.3438797865274828,0.37702937508382117,0.32621007417626824,0.41199124183002767,0.16552140800795834,0.3049913170365619,0.317224194818172,0.25912918862711537,0.4141212009748172,-0.09053839790216335,0.37129049414923865,orig,,
NUST,2006,Waseca_MN_2006,48,0.20990636519572667,0.2959967440942068,0.28687746057910923,0.27319853530646293,0.24214954619553572,0.19899579384730642,0.16414710327175522,0.21207762317551176,0.20876645475633948,0.20290405821091964,0.12131903962049369,0.09184421254491067,orig,,
NUST,2007,Waseca_MN_2007,43,0.6448689892280859,0.6536283338124487,0.6123234934017036,0.6442648964981298,0.6740164634484654,0.5982028258389809,0.5358302514710184,0.5724533732246041,0.5959374781016457,0.6732613475360203,0.4779883725777264,0.65800800610463,orig,,
NUST,2008,Waseca_MN_2008,33,-0.0023397677026622513,0.047129606582196774,-0.032923874101747394,0.14640260768086658,0.1353722742254588,0.3167042711817833,0.09425921316439355,-0.00952619707512488,0.1796757479525322,0.28695579610507754,0.09091668787487604,0.05749143497970103,orig,,
NUST,2009,Waseca_MN_2009,37,0.48170772011757845,0.48016606567111647,0.47767570079606253,0.5772902957982207,0.5701749675837806,0.5506078149940712,0.5596205640656948,0.4080640730981259,0.6236585179956535,0.4724857984056928,0.09439668764490212,0.5228580349577556,orig,,
NUST,2010,Waseca_MN_2010,43,0.353043350953161,0.4578613554714471,0.20457635031702953,0.4119468405239557,0.3277450573554478,0.2180184287062622,0.31030056236717396,0.29844434715869345,0.3388211327105161,0.262621305917936,0.18328047331835756,0.3518350742440164,orig,,
NUST,2011,Waseca_MN_2011,47,-0.23225956670550918,-0.22219652770980236,-0.24081893320760464,-0.21375282832260004,-0.23202823247572282,-0.08617200059542048,-0.2015499477013694,-0.2507663050884183,-0.1852419658869906,-0.2119661157354314,-0.3027008396754569,-0.1906772389014103,orig,,
NUST,2012,Waseca_MN_2012,66,0.5514786526346831,0.5048801157169995,0.5154232434694325,0.4544401223509047,0.424480937549437,0.2636825812143119,0.46786434243964603,0.4350866977439635,0.5327675518855336,0.39168241537305665,0.4842114098260914,0.5270728776988534,orig,,
NUST,2013,Waseca_MN_2013,111,0.5441821084049198,0.5778183404489765,0.47861646590109214,0.5463364770370136,0.5102826133915642,0.4756415943480174,0.5778402790297515,0.5647034568617492,0.5083556934349232,0.5224794166359475,0.5874011125314473,0.5548969112553747,orig,,
NUST,2015,Waseca_MN_2015,144,-0.030296240426255207,0.043270008547235804,0.050156796550736515,0.04172465109912024,0.009943340251333957,0.07472175031636026,0.08603561563871479,0.06856845446963743,0.031160542324437848,0.008834067838146322,0.08290671895898014,-0.0016337784204394719,orig,,
NUST,2016,Waseca_MN_2016,127,0.5221780369530713,0.5462931638531773,0.4745658943987199,0.5869889052156981,0.5445823725376207,0.5673587466445599,0.48427404922706657,0.4476385078018085,0.49572071185648825,0.5691978021598714,0.5446087374722782,0.5926397895439663,orig,,
NUST,2017,Waseca_MN_2017,94,0.224008322828911,0.2240444462119383,0.22091616124177385,0.19928547948502487,0.1418637498248241,0.19254485621213016,0.40346206503194654,0.3613999978349549,0.25876811149370327,0.2375201840876396,0.14085229510005962,0.27622106065657465,orig,,
NUST,2020,Waseca_MN_2020,76,0.5088895727364671,0.3698964423364117,0.3344065075947432,0.40340408103126124,0.4011210228256146,0.4094056532005958,0.35656721029745686,0.3298814042051083,0.34992549263220274,0.34245873084699385,0.2569465806893912,0.46965378201667174,orig,,
NUST,2007,Watertown_SD_2007,25,0.4030800711983206,0.07006740492654667,-0.0007699714827093039,0.2814245769302506,0.2972089923257913,0.42656420142095436,-0.10356116442440137,-0.08123199142583157,0.11934557981994211,0.2791146624821227,-0.09278156366647113,0.30567867863559367,orig,,
NUST,2010,Watertown_SD_2010,29,0.25896268862472,0.30701000002512,0.10324012039368,0.39743750404536,0.34199829858335995,0.3286928892724799,0.2537883627816,0.15867932585568,0.519467733860372,0.3790044471903473,0.24836764046975995,0.40335101929463996,orig,,
NUST,2011,Watertown_SD_2011,25,0.07999999999999999,0.12,0.2538461538461539,0.061538461538461535,0.07538461538461538,-0.020769230769230772,0.15615384615384614,0.003076923076923077,-0.15298679650531904,0.03153846153846154,0.09076923076923075,0.16692307692307692,orig,,
NUST,2012,Watertown_SD_2012,51,0.2863931629171669,0.4781969278417802,0.496616968503488,0.3707089755775148,0.26435247544234697,0.29978955612568164,0.3659116185501413,0.4767486691165354,0.2628196467598942,0.28897287377150926,0.41370415648322095,0.20370664132271935,orig,,
NUST,2013,Watertown_SD_2013,95,0.4924197891139661,0.41767456250034557,0.35613696231428404,0.437734476300761,0.4292723563479689,0.39235819536283595,0.3380928388748315,0.32588610835566734,0.28793006342538946,0.39914538643867986,0.3547021115365153,0.45903326126051824,orig,,
NUST,2020,Williamston_MI_2020,219,0.5842319145180285,0.4887204538430281,0.44550859018700156,0.48359160859959444,0.47048386142755344,0.4118568986348803,0.588412454670785,0.505592857971432,0.5098029752304221,0.4724011721916238,0.436202632399573,0.5810739443124481,orig,,
NUST,2006,Woodstock_ONT_2006,25,0.3215384615384615,0.09538461538461537,0.1992307692307692,0.023846153846153843,0.07769230769230769,-0.16999999999999998,0.3823076923076923,0.2323076923076923,0.22042700927081776,0.29923076923076924,0.23846153846153845,0.4815384615384616,orig,,
NUST,2007,Woodstock_ONT_2007,29,0.6566502463054186,0.6078817733990146,0.5911330049261082,0.5995073891625615,0.5724137931034481,0.25467980295566495,0.524630541871921,0.5305418719211822,0.41528042386695246,0.4386397772758048,0.5660098522167486,0.6625615763546797,orig,,
NUST,2008,Woodstock_ONT_2008,36,0.4874501263188937,0.5779379633408589,0.5775518132539942,0.5359763205682263,0.49633157831678215,0.4853906591889485,0.5516797574340582,0.5218174840498534,0.46276630075898795,0.42605226250740375,0.4614493538033361,0.499678212402943,orig,,
NUST,2009,Woodstock_ONT_2009,27,0.35658678479868877,0.3547550033699284,0.42436269766282314,0.14043657620496305,0.021676080240331252,0.18439933049521237,0.29247443479207524,0.22958327240463522,0.2667278224829725,0.20393833240198983,0.146542514300831,0.5058769712426604,orig,,
NUST,2010,Woodstock_ONT_2010,26,0.411965811965812,0.4051282051282051,0.2526495726495726,0.4769230769230769,0.4167521367521367,0.4926495726495726,0.40239316239316236,0.24854700854700856,0.3839316239316239,0.33680971598428394,0.11247863247863246,0.43247863247863244,orig,,
NUST,2011,Woodstock_ONT_2011,27,0.5884868536212706,0.48526497685739445,0.5976485586594845,0.4095282152081598,0.3365399650703893,0.33684535523832987,0.5402352070866777,0.529851941376702,0.28920448903961776,0.15208430363435016,0.29867158424577206,0.43731872049074183,orig,,
NUST,2012,Woodstock_ONT_2012,35,0.49877442520241705,0.44190769770110244,0.3543665531485861,0.4853281053991506,0.4605364532618779,0.4686602714763515,0.3584284622558229,0.4084319640242202,0.33727852173193495,0.4214580863336347,0.3180895028460234,0.5916380713437264,orig,,
NUST,2013,Woodstock_ONT_2013,37,0.30446381416914037,0.44970064141103944,0.32426344694415843,0.3840180272951112,0.3191653379062795,0.3440630797191765,0.4358290424009968,0.4109313005880999,0.33374830096811925,0.42598850635113755,0.237595593300217,0.356749071976224,orig,,
NUST,2014,Woodstock_ONT_2014,28,0.501505630616749,0.624418309736247,0.6162058812872828,0.5286066444983311,0.4144538890577281,0.29290994801305753,0.6074459576083875,0.6630167234463789,0.6279770287307982,0.4886394927133718,0.607719705223353,0.6630167234463789,orig,,
NUST,2015,Woodstock_ONT_2015,42,0.569379170665252,0.6088507231369926,0.6120116893513621,0.5839682455008031,0.52139732453944,0.49643379648749736,0.6507537880813251,0.6291943774910109,0.48662669618137694,0.5203436691346502,0.5994488749096376,0.6675312241422087,orig,,
NUST,2016,Woodstock_ONT_2016,51,0.41140530584964785,0.5320208328121684,0.37035529348379187,0.4351210792561622,0.3419778317931726,0.3722561760850774,0.41896357714523547,0.3763294959449749,0.2279752926959965,0.20497850717195326,0.29323377080306584,0.48472506332780296,orig,,
NUST,2017,Woodstock_ONT_2017,45,0.3517359517482224,0.12728111233893347,-0.19401805167606578,0.3516041907623643,0.3747282437804625,0.40002635306521944,-0.033599051393817844,0.009091508024209532,0.10837341086829481,0.2637283000409718,-0.001317609858581092,0.32584491802710397,orig,,
NUST,2019,Woodstock_ONT_2019,58,-0.24023626910115634,-0.16111119750067301,-0.06875759526713848,-0.17855439952146387,-0.19464398445422157,-0.16474135241858012,-0.12416360380231359,-0.16489517254222025,-0.19587755813312835,-0.2663549260952506,-0.08629308936211338,-0.21104120963425949,orig,,
NUST,2020,Woodstock_ONT_2020,66,0.5980459718978797,0.4070687473744809,0.33556710832849923,0.5591115027531334,0.5397382119400908,0.5865848332595602,0.27308407017824426,0.26826162386594593,0.29210551116066236,0.39124444302503447,0.27588150656719657,0.5185486751133255,orig,,
NUST,2012,Wooster_OH_2012,35,0.3495132107700401,0.3230370597337526,0.32765987975596145,0.2916579177648191,0.23450305203569027,0.265041681273313,0.3412481689121514,0.23100091565522896,0.2784393414827706,0.20480493552937823,0.20956784100680562,0.38733628367902245,orig,,
NUST,2013,Wooster_OH_2013,48,-0.037997014646239634,-0.03647713406039005,-0.07056588434301646,0.04890758599465988,0.10052924446405116,0.27021305558425845,-0.2940426119124001,-0.22982765716025516,-0.0017646739841744772,0.1074801868916062,-0.34826977995753355,-0.16968381112020725,orig,,
NUST,2014,Wooster_OH_2014,62,0.02911068861111379,0.024049055037728084,-0.1317787487041163,0.12714521349265875,0.24343687439760986,0.1766283476802354,-0.020095440754038758,0.05766809367917399,-0.05263820719233486,0.09473803498654532,0.08856599640595778,0.2177509726819212,orig,,
NUST,2015,Wooster_OH_2015,68,0.729464312905623,0.6348670097483823,0.5526765361012721,0.6930454964358862,0.7085635770385571,0.5507677930997136,0.7634972006234116,0.7076282929677935,0.5399893111266603,0.4631418217175266,0.6087744929170772,0.7672765117664974,orig,,
NUST,2016,Wooster_OH_2016,67,0.356338239831448,0.46150162247756615,0.4003392376938182,0.4210526326058998,0.32997755131616874,0.43542030537728604,0.2452681472682045,0.232716388694313,0.3648999224634046,0.3756186149770538,0.29661262232483865,0.31217760116050697,orig,,
NUST,2017,Wooster_OH_2017,80,0.07742661408134642,0.09255797326678666,0.10154771183784218,0.04038935999459881,0.05219205457224275,-0.011779253277589035,-0.07072240226564401,-0.050445677718152435,0.09763358689154819,0.07292673921959299,0.07543410357667962,-0.03914697109168892,orig,,
NUST,2019,Wooster_OH_2019,61,-0.07810682178741406,-0.10851401374933897,0.09582231623479638,-0.1759915388683236,-0.1603913273400317,-0.10851401374933897,-0.2534637757800105,-0.2839238498149127,-0.1541044727999312,-0.16658954224276884,-0.2810153358011634,-0.2479111581173981,orig,,
NUST,2020,Wooster_OH_2020,69,0.46108878333942277,0.2963463646328097,0.3993788819875777,0.16401169163317503,0.0998903909389843,0.08699305809280235,0.2337961271465108,0.3028863719400804,0.08762057901209956,0.08944181076195881,-0.034892217756667884,0.26130800146145416,orig,,
NUST,2015,Worms_NE_2015,144,0.494329389736448,0.4890320632084145,0.39908201184468844,0.5481064981925093,0.5651801272449272,0.5089995276934454,0.4707325733130148,0.4524953812637339,0.4962606002475897,0.4947478852822449,0.3122287663154464,0.4820647524828104,orig,,
NUST,2016,Worms_NE_2016,127,0.37617419032903754,0.3990889192926047,0.3626661597421022,0.3895562514266564,0.3386587186967899,0.33032715526385903,0.37727862050281213,0.3630440682100516,0.40173901106576015,0.4078634380816198,0.3983360318797132,0.40349785141868094,orig,,
NUST,2013,Wymore_NE_2013,53,0.02931215234108913,-0.10027417176380835,0.06112410309366042,-0.1828884773303718,-0.1438190473186588,-0.2586888162591855,0.03523909373605489,0.12801387026541677,-0.15007459388837446,-0.26888960655120137,0.04624627061241986,0.06221272498253168,orig,,
NUST,2014,Wymore_NE_2014,75,0.14679460308474276,0.16002446846596288,0.14130349766845138,0.19742373307588523,0.20378260385589106,0.2429885275017435,0.1433662186149857,0.06779950366332822,0.046816985636646394,0.17639820508293538,0.1745488690619046,0.18334032799265088,orig,,
NUST,2015,Wymore_NE_2015,81,0.2564004130502025,0.17872590455129075,0.14704852793898376,0.23490948695636285,0.2604094927997102,0.16363821287427036,0.1248009586248145,0.1773820158465262,0.10012592039766241,0.1276807201350242,0.17818383179642774,0.3185129162115888,orig,,
NUST,2016,Wymore_NE_2016,87,0.1458789009418079,0.2342975363474067,0.24599008522654325,0.23134478043404716,0.2055263930805055,0.18843868524856383,0.35040281516283944,0.3860910625601106,0.1395815110154763,0.27569079979950206,0.19068059251611458,0.22522054594707927,orig,,
NUST,2017,Wymore_NE_2017,61,0.33961765262143473,0.35196594316754265,0.3505645311783698,0.2896163305171734,0.26692932133396013,0.12721119018699178,0.47212343169508286,0.3465764110460628,0.38357395949018985,0.32127133548559267,0.09632724295389962,0.28850577762009294,orig,,
NUST,2019,Wymore_NE_2019,80,0.2661071977116408,0.20602679357713277,0.24104830109837935,0.14075411105175717,0.21169962143532667,0.09535976746749074,0.15205288389328386,0.1796786179051909,-0.08126021906291195,0.05201654965839773,0.2093320362548408,0.19062576918525928,orig,,
NUST,2016,Albany_MO_2016,53,0.26879812947702547,0.18308269175868794,0.1673184696759645,0.24702656956738187,0.23868080493535182,0.19062210231999044,0.19348465927107322,0.10845462251285412,-0.046530381877266026,0.06120350772335266,0.23916461737778832,0.2710156031715262,detrend,,
NUST,2017,Albany_MO_2017,115,0.3339468508721225,0.31526119869728564,0.22594409693758155,0.30013434260811234,0.2605456952427589,0.26492514497123626,0.33802316775298846,0.2935144561786315,0.28394784084843705,0.31107630335043207,0.1446323136455177,0.37358678909015175,detrend,,
NUST,2019,Albany_MO_2019,180,0.11885600936758926,0.08423545679652716,0.11363360446860823,0.0627645411470325,0.06955695981194043,0.048393668091680477,0.09540148523794578,0.13346968927009642,0.12119339933728171,0.08520746160094965,0.0561820063669536,0.0844206484596116,detrend,,
NUST,2005,Ames_IA_2005,69,-0.032262484358790866,-0.011637147529190137,0.01139965472247197,-0.03414415813509633,-0.03344994839238169,-0.035587383652845195,-0.14355526732241145,-0.008641558047215614,-0.1308030416781714,-0.04069756836450712,-0.05367337431830553,0.02992409364648892,detrend,,
NUST,2007,Ames_IA_2007,69,0.008001461454146878,0.0886737303617099,0.0886737303617099,0.008805261234928755,-0.01607599561563756,0.03160394592619657,0.15476799415418344,0.16678845451223967,0.03885712198532912,0.06589391573087938,-0.034051881622214106,0.013226160029229085,detrend,,
NUST,2008,Ames_IA_2008,50,0.1735894357743097,0.07687875150060022,0.08869147659063625,0.05421368547418968,0.10521008403361343,0.024729891956782712,0.10271308523409363,0.0751500600240096,-0.11842105276812233,0.05690276110444177,-0.07639855942376951,0.10569027611044417,detrend,,
NUST,2009,Ames_IA_2009,61,0.19402689090657707,0.3237483309157985,0.2551858168628203,0.24727984243094972,0.192784145761768,0.1653379870317289,0.2307804175296545,0.19918296118823184,0.23994870237563876,0.1881065073111399,0.1761260725441142,0.198707016239156,detrend,,
NUST,2010,Ames_IA_2010,61,0.3188386638678055,0.36585269143099663,0.30728347261633504,0.3948861010285128,0.3205309573233984,0.266721313852592,0.3067983500993243,0.22009360629620564,0.4279915383481706,0.3672916227220303,0.19887092311741295,0.23102449877367864,detrend,,
NUST,2014,Ames_IA_2014,52,0.04444159852264922,0.034921448214723406,0.04755806028264288,-0.04896687176318795,-0.07428278715601311,-0.01396004103449212,-0.1177851780249656,-0.1895491810187921,-0.04607862104766887,-0.025359147916321923,-0.11279030095757853,-0.041410519276628,detrend,,
NUST,2015,Ames_IA_2015,68,-0.008971092107325088,0.06945915782671487,0.0429467175350669,0.13964363799402196,0.14949275188206398,0.19303117974761402,0.09118065318445094,0.10807302874824393,0.13955219617338635,0.13926321839973108,0.18732403817295407,0.0736965672901748,detrend,,
NUST,2017,Ames_IA_2017,80,0.20390773347687413,0.18373614013815476,0.16220492749246773,0.12210787879301459,0.07790853046046918,0.10597998080691474,0.12666729181379424,0.10898051996711935,0.1594162979705461,0.13678399382071124,0.1007876415570294,0.23207295067207606,detrend,,
NUST,2019,Ames_IA_2019,220,0.13266878166152946,0.02517144418836603,0.031017169776235046,0.02671993598665637,0.043196609997576955,0.02620602604486569,0.056349774319153854,0.005140226413393214,-0.04112184606526158,0.02485646295648668,0.062287913536906284,0.13535779289203947,detrend,,
NUST,2016,Arthur_IL_2016,38,0.08759925569468993,0.20552975367366627,-0.1031481235804974,0.4068985427018348,0.3985766134108392,0.32028477863371013,0.03076923856275984,0.0019709832531305234,-0.0629619650305584,0.1952368411295402,0.171913539300829,0.25776080988162514,detrend,,
NUST,2017,Arthur_IL_2017,32,0.3544721407624633,0.38269794721407624,0.41532258064516125,0.3284457478005865,0.2723607038123167,0.1598240469208211,0.438782991202346,0.34934017595307915,0.2448680351906158,0.27126099706744866,0.3720674486803519,0.3779325513196481,detrend,,
NUST,2019,Arthur_IL_2019,61,0.21293811246702918,0.12300858055341111,0.22330340988253589,0.06819413784334637,0.04886497353024586,0.1147057657869083,-0.031783386462854724,0.0022475772457093606,-0.11328088848745774,-0.07520526754851946,-0.03432182664624412,0.010471065756481254,detrend,,
NUST,2020,Arthur_IL_2020,50,0.23517829440725646,0.1640533089024276,0.10690359063723769,0.22336415096756174,0.3020290572855291,0.18143834924864508,0.16064353579584909,0.12030255819689145,0.15470329727570384,0.26019930551327664,0.3463561076710504,0.27383839793959086,detrend,,
NUST,2005,Ashland_KS_2005,44,-0.08604954373008483,-0.05588639490414191,-0.0436238063627539,-0.17569329444643855,-0.1873920858135099,-0.292822157410731,-0.07674689035385945,-0.08633752735283257,-0.21024055977643116,-0.16092764737463577,0.08351245644565974,-0.009373128023014975,detrend,,
NUST,2006,Ashland_KS_2006,39,0.1769320311998204,0.16650640235909875,0.17581861452751035,0.14808441741724102,0.11660509150011049,-0.029050053177544888,0.3191457061630628,0.30558226670037636,0.14597357917164672,0.17065640995589088,-0.09848676565070096,0.34971405480284873,detrend,,
NUST,2007,Ashland_KS_2007,45,0.32491188791960085,0.28354030121775387,0.28841529710300334,0.1349188050404182,0.10158437371695549,0.03083105505806431,0.3050166344419611,0.38894561765558056,-0.029715038853735082,0.07661901311021806,0.21390691404601458,0.32873283064047204,detrend,,
NUST,2009,Ashland_KS_2009,35,0.23826866741669958,0.37021992238820517,0.2924779409559487,0.4259700279918774,0.4231685151474718,0.3700798467459849,0.30872671545350144,0.2962807319728342,0.15816755393667692,0.18547313906951893,0.5010505722219485,0.3085866398112811,detrend,,
NUST,2010,Ashland_KS_2010,49,0.2763547315135391,0.29288703081383205,0.25043371903036377,0.2605878164401116,0.20466374226381195,0.28931523775512685,0.33079906285123234,0.2529849997865818,0.3564265493104646,0.4351431347197168,0.49729564500202217,0.3161036856954163,detrend,,
NUST,2011,Ashland_KS_2011,58,0.2841410708304771,0.3301905655834515,0.17389298185608826,0.30112124524840755,0.1493763169809242,0.1912115293149557,0.1747850562367404,0.1498992571350996,0.3956686254064017,0.411307811851717,0.11264746144648774,0.224895027480959,detrend,,
NUST,2013,Ashland_KS_2013,35,-0.023811191318284446,0.07871699718162269,-0.11009174338924456,0.20183486288028166,0.008123818214473515,0.30688423634330125,-0.004482106601088836,-0.2883955466138098,0.1575740601945294,0.29679949649085136,-0.036277050302562765,-0.0060228307452131246,detrend,,
NUST,2005,Aurora_SD_2005,83,0.28188659048811654,0.2975032272447462,0.3110208536846247,0.3338685809824625,0.36895353842696066,0.31505095349278717,0.17258062824329232,0.23477923196893438,0.1493644848137125,0.25270648247000976,-0.005856238783736142,0.2712760933369387,detrend,,
NUST,2006,Aurora_SD_2006,79,0.2787521756800401,0.2380992952865665,0.22626857680080106,0.3055538650891506,0.3044584281923205,0.2988473569763351,0.3556883604007428,0.24846943124322507,0.26122995466509386,0.3386725739366482,0.09996470259628722,0.29500115631635376,detrend,,
NUST,2007,Aurora_SD_2007,99,0.16760823384982618,0.24387362901756493,0.20608725499267977,0.2493467781193691,0.23517843394735405,0.26575385672624635,0.22164707774989922,0.18280936434952627,0.1722929828053269,0.21592571178471193,0.20024922928408867,0.15445412295769345,detrend,,
NUST,2008,Aurora_SD_2008,83,0.17549328311014853,0.18874895062812694,0.15334802700331202,0.23571578526229445,0.2258186399974855,0.3125734679496706,0.18887489521262082,0.13390008408105225,0.22487641569097963,0.28684928656680037,0.30816540749238563,0.18357472728183766,detrend,,
NUST,2009,Aurora_SD_2009,93,0.20066695016336936,0.10585409160041816,0.03135560976788762,0.13101765851621283,0.09717031102230224,0.1263549756456609,0.10960661877463834,0.0356900397643527,0.04887365292424578,0.1206794935911412,0.07096230314350395,0.17748782107728156,detrend,,
NUST,2010,Aurora_SD_2010,94,0.29760532913211446,0.4126535729925677,0.2606864314853601,0.3550138537311575,0.26799073784952226,0.25996394816546275,0.26185057552155,0.18608347606801426,0.3857422051416522,0.2961172764580082,0.20766338063809392,0.25801324320173996,detrend,,
NUST,2005,Beemer_NE_2005,61,0.131041776837652,0.11692226335272342,0.09968270756213643,0.1612374405076679,0.18413537810682176,0.20417768376520354,0.15304071919619247,0.1401449047387896,0.1048790171801787,0.2983539373214541,-0.02797461660497091,0.14648334214701214,detrend,,
NUST,2006,Beemer_NE_2006,42,0.1892954095796297,0.1194441069008451,0.15842145793158224,0.18021960227101733,0.2225193470486572,0.1938333132339359,0.20582634432031652,0.1628783275920615,0.19108589951377633,0.3414772499865409,-0.10477695401817688,0.2106883839499303,detrend,,
NUST,2007,Beemer_NE_2007,51,0.29040723981900457,0.1697737556561086,0.19855203619909503,0.1871493212669683,0.22171945701357465,0.20597285067873303,0.3301357466063349,0.16180995475113122,0.41829000666829325,0.25133496346942275,0.28117647058823525,0.31040723981900453,detrend,,
NUST,2008,Beemer_NE_2008,49,0.30142857142857143,0.2868367346938775,0.32724489795918366,0.29142857142857137,0.3092857142857142,0.13122448979591836,0.26897959183673464,0.3313265306122448,0.13240133681187877,0.26357142857142857,0.20479591836734692,0.2654081632653061,detrend,,
NUST,2009,Beemer_NE_2009,62,0.2964026242686841,0.33070172148652155,0.22382553309261377,0.29859353576497766,0.23855752418838094,0.12969188742427554,0.39202206049197996,0.3857263378014812,0.29500868830025007,0.2825555920208977,0.2078092145679848,0.3532152258277453,detrend,,
NUST,2010,Beemer_NE_2010,78,0.1838541205629813,0.3515598325724908,0.23190733317315593,0.27325838718243783,0.1777842410753803,0.1873948835974152,0.3323785858422377,0.301497878696189,0.4210379890732982,0.26958875025724066,0.10479394023697819,0.1882800743560237,detrend,,
NUST,2011,Beemer_NE_2011,77,0.24174986366752368,0.3568738539888859,0.29221355387575726,0.3005474896902975,0.2055090733825276,0.2821576218597899,0.3001268493968191,0.2968484012026392,0.3172947366859039,0.25483249752435116,0.323419805648184,0.2956706912877826,detrend,,
NUST,2012,Beemer_NE_2012,85,0.1398614382496071,0.1754790545718189,0.1772672641155678,0.13478018708704187,0.11215884777677566,0.07349248075702472,0.18394129208486015,0.1911039018967069,0.1869820982220751,0.15428437424181135,0.214164964865272,0.09638742589912137,detrend,,
NUST,2011,Beresford_SD_2011,41,0.09006968641114985,0.24547038327526138,0.09686411149825785,0.17160278745644603,0.010627177700348435,-0.011498257839721256,0.039547038327526145,0.00731834825537513,0.21773983491969087,0.007840404246146074,0.07595818815331011,0.055923344947735196,detrend,,
NUST,2012,Beresford_SD_2012,35,0.07074315488531875,0.15143237709114765,0.23786510296093313,0.21671219922294674,0.24893185392319092,0.15885690621772566,0.25327450303496296,0.26083911761675943,0.23557019003938554,0.3308818452259859,0.19191707364928057,0.18855502272403768,detrend,,
NUST,2013,Beresford_SD_2013,48,0.07957876498966106,0.010259472430454256,0.102649007227455,0.017641949946548323,0.002659863222710363,0.07409618977550296,-0.018510476713147626,0.04657474785888758,-0.06521326102618683,-0.05428439613034472,-0.13896428265588834,0.041037889721817024,detrend,,
NUST,2016,BooneCounty_IA_2016,181,0.23749769797004486,0.3358586522959386,0.25981272097015734,0.3365608980657694,0.2963568218022012,0.2925025651202337,0.27306229749777144,0.27377466208272944,0.26172762178193765,0.30076472984049435,0.3361865019060613,0.29018232081155654,detrend,,
NUST,2012,Boone_IA_2012,35,0.09469113414091059,0.09048886487430213,0.15520381158007238,0.1557641141489535,0.11598263175839345,0.2172573210836573,0.25998039196084327,0.228043145534619,0.13616305980028126,0.20899285819266064,0.14763972690017715,0.17005182965542226,detrend,,
NUST,2013,Boone_IA_2013,48,0.2678644123981551,0.2808912531226854,0.33679811123212805,0.18536108780946295,-0.01677205743283281,0.03034168318755191,0.33701522524420363,0.25407767263136044,0.03523726918856377,0.11393366986918525,0.25755149682456857,0.24582734017249125,detrend,,
NUST,2014,Boone_IA_2014,62,0.16942835563166259,0.23593553268624357,0.16099219345321328,0.2554268447045115,0.215235457131959,0.24369176537568352,0.2675396626383447,0.30146438512066304,0.1954438426334525,0.1458989146037422,0.23520523804990018,0.3058675397595383,detrend,,
NUST,2015,Boone_IA_2015,192,0.16757438385660647,0.2719251954640231,0.21941026994718107,0.2588810261107429,0.21680601387040996,0.25530186948439926,0.24254338837912426,0.21917544607567535,0.23392703490030103,0.27325753408331155,0.170323603406401,0.18603984800511816,detrend,,
NUST,2016,Boone_IA_2016,67,0.12078099590548348,0.0561303389198951,0.06596761481307259,0.044397441911399424,-0.02222865181541526,0.04581416927126881,0.01969450569283202,0.06734443435998791,0.03814303389034128,-0.023715454454754065,0.03106823238474108,0.18605022399185991,detrend,,
NUST,2020,Boone_IA_2020,39,0.05143001936433344,-0.1181473082641282,-0.1214882347188979,-0.1187547494377227,-0.13495318073357573,-0.15955454826415258,-0.015084789144263155,0.0654011663570067,-0.0582131124694719,-0.1515565728118251,-0.1660339207824938,-0.009010377408318261,detrend,,
NUST,2010,Bristol_SD_2010,26,0.4154556395136092,0.19114378805605556,0.20311164598443116,0.3894682908691365,0.4414429881580818,0.3046674689766467,0.25337664928360853,0.07317490276206778,0.1812275629154015,0.36046511627906974,0.03898102296670901,0.296118999027807,detrend,,
NUST,2011,Bristol_SD_2011,27,0.31440781440781446,0.1343101343101343,-0.052503052503052504,0.23809523809523808,0.2686202686202686,0.1752136752136752,0.06593406593406594,-0.06227106227106227,0.018315018315018316,0.2863247863247863,0.16544566544566544,0.2295482295482295,detrend,,
NUST,2016,Britton_MI_2016,38,0.4210756695037083,0.16961208101110914,0.2302347215789507,0.2749904255360756,0.2996115340699463,0.26656453506003985,0.34447666517611064,0.2732395911514448,0.20673422856695103,0.032720507769752674,0.23121956592030554,0.49099961773990103,detrend,,
NUST,2017,Britton_MI_2017,48,0.3250827774424764,0.3488574070166632,0.31216414310764434,0.38945882921184977,0.38413939154456594,0.3434836893731826,0.37192639690029194,0.2643977640544836,0.28508617190578706,0.2577756069584773,0.30809314489288625,0.33360473370536975,detrend,,
NUST,2019,Britton_MI_2019,56,0.09997436591227153,-0.013945142322121977,0.00847645905854473,-0.10397334054876238,-0.15999316473003178,-0.1733230801850013,0.10448602960472274,0.09860719509637722,0.018901459523946347,-0.05543877658451433,0.040741690313650485,0.12284029780810389,detrend,,
NUST,2020,Britton_MI_2020,46,0.446945635292212,0.48919177302853945,0.524160473899339,0.39217983921942534,0.3523389560403487,0.30207530311318537,0.44330691685944795,0.4782756177302475,0.4897619341309979,0.3538191126909645,0.27364396078260583,0.4088932747326294,detrend,,
NUST,2013,Brownstown_IL_2013,32,0.19138405454483534,0.11109074430476072,0.01026581135489538,0.3233730576792045,0.5081576620673214,0.3767186131126787,0.4483959745370376,0.4038496859791879,0.2720440009047276,0.32722273693729026,-0.03428047720295422,0.24087993072022373,detrend,,
NUST,2011,BurkeyFarms_IA_2011,41,0.13572610906106206,0.22292882739875336,0.29941632660004514,0.1681331132784658,0.1344193750200377,-0.007491941835206248,0.3292098627354002,0.3473033035750113,0.2283896862846822,0.25500958355114134,0.2260649890972118,0.223712867823368,detrend,,
NUST,2005,Butlerville_IN_2005,44,0.11353465597802348,0.1924662603823601,0.16314880731789222,0.15440995111598352,0.1246696501707781,0.20261460952006052,0.04855703163802494,0.16160975528166946,0.015868542754007717,-0.11186691913427375,-0.022763310913036367,0.113957503858761,detrend,,
NUST,2012,Butlerville_IN_2012,39,-0.1396761133603239,-0.062145748987854244,-0.154251012145749,-0.02307692307692308,0.0674089068825911,0.049595141700404854,-0.2516194331983806,-0.32267206477732796,-0.3396761133603239,-0.15303643724696359,-0.11518218623481782,-0.2,detrend,,
NUST,2013,Butlerville_IN_2013,51,0.07997103648461344,0.019868299386952632,0.010228327247041674,0.035889661534973666,0.00823697149983002,0.06910909604527715,0.10653753247582344,0.0825054892537919,0.035619724812710855,0.12862347803580726,0.025254011521456877,0.15134303678808564,detrend,,
NUST,2014,Butlerville_IN_2014,75,0.1597615881214634,0.2601193482672139,0.22715989677781578,0.26902423244173407,0.32852763579959016,0.25939387048302776,0.1589507600097259,0.10139618913095814,0.12993442109905115,0.1999046921797636,0.006756900931145499,0.12747071419788383,detrend,,
NUST,2015,Butlerville_IN_2015,71,-0.07800330325999862,-0.10853727042174786,-0.1282560762329599,-0.027364873370661593,0.06415318965450445,0.06128591431971087,-0.0026995984146302183,0.0841067431539452,0.23650829589043001,0.10156191054295177,0.061973389692380663,0.13035203773500198,detrend,,
NUST,2017,Butlerville_IN_2017,74,0.42142910033320985,0.2879674194742687,0.19691965938541278,0.3032210292484264,0.19253609774157718,0.3257904479822288,0.2534912995186967,0.30920399851906694,0.09346237291905923,0.18030492636500492,-0.038933728248796734,0.3505516475379488,detrend,,
NUST,2014,Carbondale_IL_2014,36,-0.10014803559284265,-0.17802664938933338,-0.02136834692597928,-0.3324966271674969,-0.39750274281580733,-0.3031473313896458,-0.07002638992610077,-0.01428847294448012,-0.10041194727898801,-0.27688743516735803,0.03063654559266909,-0.2257836175190823,detrend,,
NUST,2015,Carbondale_IL_2015,35,-0.0460816584924446,-0.21892289429693285,-0.11443378415904934,-0.22620631752370224,-0.2449751389157617,-0.33755865339450297,-0.04131942022878771,0.16093564014534606,-0.004482106601088836,-0.3166888445331831,-0.128580433118736,0.05896771497057501,detrend,,
NUST,2013,Carlisle_IA_2013,27,0.21804857990949,0.3921209756355535,0.23392886864239404,0.3148572631466165,0.28920448903961776,0.08856314870273405,0.12429379835176811,0.13284472305410105,0.2534738393905836,0.3313483322154015,0.3044739974366408,0.22629411444388248,detrend,,
NUST,2005,Casselton_ND_2005,33,-0.19404981049920864,-0.08123015323222686,-0.07203744041788021,-0.03108808333579053,-0.009861273746299146,-0.011365535843192236,-0.13521644848738998,-0.13020224149774637,0.1972254749259829,0.056827679215961185,0.0033428046597624226,-0.16028748343560817,detrend,,
NUST,2006,Casselton_ND_2006,34,0.0330174293352905,-0.07780496079473548,-0.08254357333822625,0.048914710126356294,0.11311526716719893,0.10394375901850712,-0.06450627397913236,-0.17716296573889673,0.02040972423796848,0.12733110479767124,-0.07321920672038959,0.03897890963194017,detrend,,
NUST,2007,Casselton_ND_2007,29,-0.2871921182266009,-0.196551724137931,-0.23152709359605908,-0.293103448275862,-0.31330049261083737,-0.4275862068965517,-0.29113300492610833,-0.25369458128078815,-0.4211822660098521,-0.3911330049261083,-0.3009852216748768,-0.167487684729064,detrend,,
NUST,2008,Casselton_ND_2008,41,0.16612221802420846,0.32823729287635944,0.2546278150418256,0.30227797406607415,0.26473278478005746,0.2886014201962258,0.28102269289255194,0.27797377960946473,0.3377471905218225,0.3117731611476886,0.2986192781263695,0.24539396338447572,detrend,,
NUST,2009,Casselton_ND_2009,35,0.2962392331657153,0.2617830386698448,0.27508929264182735,0.2110792077450274,0.2266265150175543,0.20925835193833506,0.22340500089802173,0.16877932669725149,0.3275886355331506,0.2294278316432348,0.3157083837141949,0.30660410468073324,detrend,,
NUST,2010,Casselton_ND_2010,34,0.15831296028362457,0.24617970947579074,0.22707824226010243,0.18902811956645135,0.22784230094872995,0.10330073470244228,0.19880807078088375,0.10650978119467792,0.2739914457418329,0.23970352327944355,0.24220660429492757,0.07640586886275318,detrend,,
NUST,2012,Casselton_ND_2012,53,0.24875020158039027,0.289791969037252,0.21383647798742136,0.30890179003386553,0.3149492017416545,0.26705370101596515,0.22407676181261085,0.2701177229479116,0.24681502983389778,0.29979035639412993,0.2543944525076601,0.23076923076923075,detrend,,
NUST,2013,Casselton_ND_2013,49,0.08760874582386141,0.19139219894310086,0.02010357941444461,0.2826746953198557,0.25359083677611605,0.32002449260760557,0.14996045659658047,0.1390922778776041,0.2666530609641816,0.21608796654866225,0.17429905400949947,0.16286960784494214,detrend,,
NUST,2014,Casselton_ND_2014,51,0.10226244343891402,-0.08090497737556561,0.11402714932126697,-0.026244343891402712,-0.01583710407239819,-0.03158371040723982,0.08778280542986426,0.11276018099547512,-0.1414863816089922,-0.12339645696499736,-0.007873303167420815,0.07638009049773754,detrend,,
NUST,2015,Casselton_ND_2015,53,0.3328965670843901,0.10421916263935428,0.1801761848492357,0.07898078901759964,0.08329469632994428,0.020682564964792555,0.1185316588625538,0.1295381700426481,0.06237274469566967,0.04620408821513527,0.1631624569444746,0.27056665395462537,detrend,,
NUST,2016,Casselton_ND_2016,55,0.22537701191507833,0.22065084118338707,0.22176924799775677,0.2133270804312243,0.21137888791587067,0.21184789722512246,0.26582004542825305,0.32888375870303416,0.11662727979817014,0.14836195699235094,0.24013276633692354,0.20795151219441518,detrend,,
NUST,2017,Casselton_ND_2017,39,0.13048539908489734,0.03451941123968192,0.00040491977993761786,0.19810700233447953,0.14597358066751123,0.07531507906839692,0.1289669499101313,0.1638912809297508,0.23151288417933302,0.21776765403754542,-0.0592195178158766,0.029862833770399312,detrend,,
NUST,2019,Casselton_ND_2019,47,0.06174838112858465,0.06325161887141535,-0.06845513413506013,0.2676919518963922,0.3666743755781684,0.33903792784458836,-0.016766882516188714,0.0869012171159008,0.012554603721827443,0.3823376482794126,0.11840888066604996,0.27590194264569845,detrend,,
NUST,2005,CharlesCity_IA_2005,25,0.41692307692307695,0.19153846153846155,0.15846153846153843,0.27153846153846156,0.3984615384615384,0.04923076923076923,0.09307692307692307,0.17307692307692307,0.2925891634295355,0.16118484622072016,0.2923076923076923,0.4115384615384615,detrend,,
NUST,2006,Chatham_ONT_2006,26,0.144322853857391,-0.22229823461446482,-0.18673051707615043,-0.027017785437758034,0.12414501410007803,0.0670314676683617,-0.2093023378216192,-0.16757866917090425,-0.14534884570945777,0.2558139684486457,-0.1757866039874383,0.12619699780421156,detrend,,
NUST,2007,Chatham_ONT_2007,26,0.3778423717387145,0.35664216626559203,0.4920499302552128,0.19080184925810198,0.1812275629154015,-0.047529492915548706,0.4096426799483982,0.5443665663421118,0.2602599179206566,0.2556031132225809,0.31355787772343996,0.4157975783115628,detrend,,
NUST,2008,Chatham_ONT_2008,31,0.2554693026391546,0.1707833459631918,0.2750277259666985,0.1383203959040727,0.180865007472235,0.0699667308727598,0.21957858766696084,0.22824881656473803,-0.008267795926598103,0.062304668125886975,0.0699667308727598,0.382498237653099,detrend,,
NUST,2009,Chatham_ONT_2009,27,0.4316239316239316,0.1855921855921856,0.163003663003663,0.32844932844932845,0.4297924297924298,0.3199023199023199,0.36080586080586086,0.3076923076923077,0.03541444095603416,0.5347985347985348,0.2588522588522589,0.37301587301587297,detrend,,
NUST,2010,Chatham_ONT_2010,52,0.11961324200714024,0.13882307744725914,0.11773494698632862,0.054299801510736045,-0.06377665366119468,0.07355232547405519,0.030181430096051225,-0.10864461045891141,-0.02988515572521789,-0.07078512598915894,0.08196196454450724,0.026039999152161153,detrend,,
NUST,2011,Chatham_ONT_2011,41,-0.051393728222996524,0.18188153310104532,0.03344947735191638,0.25069686411149833,0.1973867595818816,0.1865853658536586,0.11672473867595821,0.1205784998266569,0.10499259747027911,0.14931614308771524,0.2172473867595819,0.093205574912892,detrend,,
NUST,2012,Chatham_ONT_2012,35,0.1907563025210084,0.2067226890756303,0.3070028011204482,0.19635854341736697,0.1913165266106443,0.07030812324929972,0.2221288515406163,0.2016806722689076,0.24805658720401028,0.2607843137254902,0.19187675070028015,0.28347338935574234,detrend,,
NUST,2013,Chatham_ONT_2013,48,0.10779710699548853,0.1916573941596526,0.16050153342681756,0.20604119745965485,-0.00635058485320854,0.23920536280418833,0.009335902519246741,-0.052433033916234606,0.10131393575633282,0.24453129240623137,0.21537709997890156,0.10692865094718652,detrend,,
NUST,2014,Chatham_ONT_2014,62,0.04983568577975276,0.18340237470133366,0.13553090493513356,0.14288412385766402,0.1828987295696535,0.1320809357831244,0.187381171241607,0.192822966507177,0.16815262694718836,0.15447185183611617,0.13044408910516384,0.19221616450573661,detrend,,
NUST,2015,Chatham_ONT_2015,68,0.047811730583403884,-0.0030347565520004857,-0.08644284543402642,0.04326913901500064,0.09585249939714743,-0.0916916382126436,0.07157444698114354,0.09732216137516024,-0.028897817395358922,-0.026415994656926553,-0.01587998397021638,0.053384994188335595,detrend,,
NUST,2016,Chatham_ONT_2016,67,0.4898879549532293,0.4893292232734456,0.4551268625895419,0.5425085063671464,0.554122143425508,0.5320123326683521,0.5502509310727208,0.5099823407225939,0.4872884739156688,0.5170315092018962,0.4621309632896878,0.4821255755448054,detrend,,
NUST,2017,Chatham_ONT_2017,80,0.0408825856535581,0.10651976445514222,0.10072962761085962,0.022937849806196446,-0.07564684856882568,0.02621970874627565,0.016350690076466043,-0.01098250652447934,0.15004043746870196,0.08147310310519443,-0.0251765464403219,-0.07889354473454689,detrend,,
NUST,2019,Chatham_ONT_2019,94,0.17238389739043203,-0.16745657894867702,-0.12746727165378846,-0.15765251571486244,-0.1700213854689454,-0.15784758550654482,-0.062234488353779614,-0.0015244342979623287,-0.08612001171827763,-0.08476866169664456,-0.0880703985410464,0.21032135946910593,detrend,,
NUST,2020,Chatham_ONT_2020,104,-0.0002187150756104022,-0.08653648674516938,-0.004379636026247323,-0.0659239244973988,-0.02181816242064744,-0.028614333306687747,-0.0021498091578290757,-0.08239690385068957,0.012125350411279127,-0.18272310938739286,-0.14198876018346526,0.059714550155679086,detrend,,
NUST,2011,ClayCenter_NE_2011,28,-0.06951286261631089,0.13081554460864805,0.03393541324575808,0.157088122605364,-0.0005473453749315818,0.1839080459770115,0.21455938697318008,0.20963327859879585,0.0990695128626163,0.2818828680897646,0.0071154898741105635,-0.03393541324575808,detrend,,
NUST,2012,ClayCenter_NE_2012,38,0.0025166867272130434,0.08283181967392493,0.15286136338767917,0.007987744829850093,-0.0395010395010395,-0.10712331764963343,0.06598096071780282,0.11543932596564176,0.05810263705000547,-0.0395010395010395,-0.09311740890688258,-0.006893533209322683,detrend,,
NUST,2015,ClayCenter_NE_2015,81,0.25204532783189776,0.24554093227494558,0.16210173302091813,0.31859116640328544,0.3349763711830383,0.22152209659849187,0.15926735231814904,0.19401392372221485,0.20361357369312086,0.21187842679703844,0.12423847207914603,0.20869398313894724,detrend,,
NUST,2016,ClayCenter_NE_2016,87,0.1288849804633079,0.29534280787918726,0.12273371398429123,0.2991702625772421,0.19163701153665433,0.23300997422515163,0.29005727520092106,0.26863264187919045,0.19469897529509814,0.19203798298121244,0.2734807511633932,0.33074676383619434,detrend,,
NUST,2006,Columbia_MO_2006,27,0.21733821733821732,0.040903540903540904,-0.06105006105006105,0.04151404151404151,0.07997557997557997,-0.08608058608058607,0.16788766788766787,0.1800976800976801,0.24851168050182593,0.3125763125763126,-0.029914529914529916,0.1111111111111111,detrend,,
NUST,2007,Columbia_MO_2007,28,0.23426382047071703,0.18117131910235357,0.1839080459770115,0.03831417624521073,-0.05582922824302135,0.043787629994526546,0.060207991242473995,0.29009304871373837,-0.20415982484948003,0.04542966611932129,0.46360153256704983,0.22495894909688013,detrend,,
NUST,2008,Columbia_MO_2008,30,0.42380422691879865,0.3939933259176863,0.3548387096774193,0.4629588431590656,0.5474972191323693,0.36907675194660733,0.3508342602892102,0.2796440489432703,0.5471131416656324,0.2849833147942158,0.36017797552836484,0.48609566184649605,detrend,,
NUST,2009,Columbia_MO_2009,31,-0.20403225806451616,-0.10725806451612906,-0.17862903225806454,-0.11088709677419356,-0.2907258064516129,-0.004435483870967742,0.10443548387096775,0.06633733272950425,0.2879612883714882,0.28894041884917804,0.12217741935483874,-0.13588709677419356,detrend,,
NUST,2010,Columbia_MO_2010,49,0.14868105534940954,0.052451655764994165,0.006530945464901997,0.11322006239544948,0.22460329637889523,0.1059747947703238,0.10964845159433119,0.07439155068614932,0.2499298328625275,0.325415858761098,0.16092657809610075,0.17766212584991212,detrend,,
NUST,2011,Columbia_MO_2011,54,0.16569784065979923,0.22691494029164594,0.2444109855787055,0.084392689031699,-0.1587222931924095,0.02496712344885404,0.062170043274932724,0.08927176048429948,0.12583387345703462,0.1565114639404499,0.012083325394330885,0.0506966018121769,detrend,,
NUST,2012,Columbia_MO_2012,60,0.11575437621561546,0.21166990830786336,0.08752431230897473,0.21267018616282302,0.1697693803834399,0.20461239233120315,0.08374548485690471,0.06446235065295917,0.11172858377705022,0.11314253959433176,0.26307307585440404,0.13070297304806894,detrend,,
NUST,2013,Columbia_MO_2013,85,0.16956390037843286,0.17537791067781439,0.13073217444609309,0.10228749548558953,0.011334877222323639,0.08233420299594742,0.09678617145441004,0.128797428161593,0.047098829369344716,0.13359520808931794,0.09379610901472811,0.14018116261332322,detrend,,
NUST,2015,Columbia_MO_2015,35,0.07872251092779844,0.21949853135918176,-0.0009805294955419735,0.39669421876783845,0.35215016454178877,0.3084465641690608,0.1906429490618037,0.17481440149091185,0.011626278304283399,0.14763972690017715,-0.05028715555708121,0.09483120978313087,detrend,,
NUST,2019,Columbia_MO_2019,106,0.2839350671921756,0.25840126563546567,0.25764552959886217,0.2313358390445726,0.143317781981486,0.13305488660441062,0.29334649996801104,0.32189820743089104,0.2081796654601191,0.21196143682412283,0.2292097016615948,0.3082798440512961,detrend,,
NUST,2020,Columbia_MO_2020,168,0.20557273034576876,0.10576773414768696,0.1029597300071577,0.09834341675585045,0.09673631208776926,0.08574346307074457,0.19926452816436344,0.16713382373345823,0.154970356920261,0.04936468748176962,0.06588496420759639,0.1841716640886119,detrend,,
NUST,2005,Cotesfield_NE_2005,61,0.07414066631411952,0.18852459016393439,0.18910629296668427,0.1852987837123215,0.15854045478582757,0.18900052882072974,0.13654151242728713,0.16600560602832473,0.19595398822620377,-0.06631850348331178,0.11348492860920148,0.03490216816499206,detrend,,
NUST,2006,Cotesfield_NE_2006,42,0.14384116740909633,0.10040518671541991,0.14505672657029994,0.10137763404438281,0.1448946520154728,0.03565640206197317,0.14935170227321945,0.12698541370707261,0.12682847775718475,0.1560777962985462,0.15826580278871272,0.11547812031434493,detrend,,
NUST,2007,Cotesfield_NE_2007,51,0.3313122171945701,0.3268778280542986,0.4025339366515837,0.27547511312217193,0.23357466063348417,0.27330316742081445,0.3772850678733031,0.32054298642533935,0.3447589312857774,0.23097112955490343,0.33475113122171946,0.2862443438914027,detrend,,
NUST,2008,Cotesfield_NE_2008,49,0.3027272504210657,0.3010434480843229,0.33808709949266497,0.2964002355799714,0.28257264669338644,0.21909840102950548,0.31951424947525925,0.26348955354363446,0.3031431782699272,0.26364262648333836,0.11215144048971892,0.27762328830962724,detrend,,
NUST,2009,Cotesfield_NE_2009,62,0.336615462206961,0.3895995972023561,0.34799798550445077,0.3764039286008413,0.3567615211405713,0.25630823478285697,0.47277763802449957,0.42420045342083174,0.4141578212091239,0.41352824894047335,0.09098463865891748,0.40088139020517777,detrend,,
NUST,2010,Cotesfield_NE_2010,78,0.11661977176389107,0.12247478741414933,0.09655085202963656,0.12334734914172561,0.08872308812572759,0.07419303848826166,0.2642171554519093,0.29717237631522453,0.21890116286684488,0.19221746584214502,0.16271379345976866,0.11424235720179918,detrend,,
NUST,2011,Cotesfield_NE_2011,77,0.346642480175215,0.3366918390356056,0.31915662730477495,0.3222325190176793,0.29632404651283123,0.1848689788473787,0.3362712042714478,0.31707493417141325,0.2879021935313795,0.21263366831657632,0.19441213005921013,0.40948794290767504,detrend,,
NUST,2012,Cotesfield_NE_2012,85,0.24083058514575842,0.25444240877263674,0.2813045072294123,0.2611945768459841,0.24709417376372614,0.23285696843396184,0.2766923171706279,0.3118309516015355,0.1933278937830127,0.28039574944240603,0.23861243441833468,0.20788078667495197,detrend,,
NUST,2013,Cotesfield_NE_2013,139,0.25318856819849966,0.3015826380282709,0.28733476252945045,0.2881904840781486,0.21495367821711117,0.24707339880218926,0.3015156102307227,0.2708503928524397,0.2327927715395065,0.196114836753845,0.24437888134075322,0.2818652942495206,detrend,,
NUST,2014,Cotesfield_NE_2014,108,0.3127276018367064,0.3048965505752133,0.3495678393405919,0.28770062900952587,0.29097785727467623,0.28185115762928653,0.3435468850860132,0.3091271977249884,0.2569897348847367,0.2509526894451427,0.2828943451148504,0.2858524246972027,detrend,,
NUST,2015,Cotesfield_NE_2015,144,0.3151415650541574,0.32076819589842104,0.3020074010548335,0.318806913146992,0.3365750095487701,0.30137239557383805,0.34837284872258145,0.31012180653666793,0.27850382965559367,0.29956413664454645,0.24311064269250418,0.31086934463454874,detrend,,
NUST,2016,Cotesfield_NE_2016,127,0.39004727953003215,0.388594327635604,0.29418467722123987,0.42242818727400117,0.4079836191461279,0.3574525300757943,0.31198919660497826,0.32343705145059354,0.3084967703840201,0.29619317258362504,0.35893477535519075,0.3886236210205723,detrend,,
NUST,2017,Cotesfield_NE_2017,114,0.23889235406903964,0.28685875369672276,0.2733918720989818,0.2730597565227368,0.24182064140593187,0.28124519042019075,0.3642052312522294,0.33664368861384525,0.37288959364248336,0.39365980698008035,0.22266729311248312,0.21843079442038174,detrend,,
NUST,2019,Cotesfield_NE_2019,141,0.3974742069437904,0.5149150220471765,0.5027869343721906,0.46635558029025204,0.39448606532813896,0.43518558157455367,0.34882914508326557,0.4047604777601781,0.3778055329912829,0.40016267819684054,0.4240506871013313,0.3976968192131512,detrend,,
NUST,2010,Crawfordsville_IA_2010,27,0.324530609795382,0.3480384714644736,0.3059074986029847,0.39352771027868994,0.4323004171874515,0.38314761551571436,0.3223935314618282,0.3996336483745579,0.4505042087641958,0.3919083969465649,0.2991909666975299,0.21553961478413897,detrend,,
NUST,2012,Crawfordsville_IA_2012,29,0.3147783251231526,0.26502463054187186,0.23842364532019697,0.37339901477832504,0.457142857142857,0.405911330049261,0.30049261083743833,0.2581280788177339,0.2118226600985221,0.3394088669950738,0.10394088669950736,0.3305418719211822,detrend,,
NUST,2013,Crawfordsville_IA_2013,41,0.2014288234098488,0.03075448731127882,0.20064471466820144,-0.18775048202777864,-0.18705349647964767,-0.3969332696605844,0.11038508618524154,0.16771214751901337,-0.16405297339132582,-0.23906604300892093,0.013852587769102922,0.13338560927356335,detrend,,
NUST,2014,Crawfordsville_IA_2014,63,0.057341734210582224,0.14802280237616602,0.1893789380165315,0.11835583566026829,0.059885988637673776,0.15927992809603336,0.15839183928657685,0.12786078616147825,0.2502730274649397,0.28270027021022914,0.1521272128198703,0.12582058213975386,detrend,,
NUST,2015,Crawfordsville_IA_2015,72,0.10518614993130666,0.03297719252661418,0.05870293998764913,0.07245013628713967,0.11353093926397986,-0.015628391582578734,-0.050406386431465354,-0.05820450363059157,-0.14110685920079766,-0.021384527576985304,0.08450908040949981,0.088689514371918,detrend,,
NUST,2016,Crawfordsville_IA_2016,72,0.11518703425678398,0.15642862315525566,0.23540666786063294,0.08217768454584352,0.10629557279056379,-0.11623214274738852,0.1636639896286717,0.12317809456186797,-0.010049120101966777,0.08137375493768619,0.03813842061098431,0.16789265936757933,detrend,,
NUST,2017,Crawfordsville_IA_2017,61,0.2481821307618177,0.29445516814016637,0.2211851186685068,0.337158571206471,0.29249847970245335,0.2282450620856606,0.4393881301863451,0.36815315258978654,0.20744090115817868,0.26156510704720026,0.21010603143334788,0.26375631305658764,detrend,,
NUST,2017,Crookston_MN_2017,39,-0.16052631578947368,-0.21902834008097166,-0.16761133603238867,-0.18299595141700403,-0.1091093117408907,-0.2576923076923077,-0.3910931174089069,-0.4074898785425102,-0.1076923076923077,0.06731450586162055,-0.3133603238866397,-0.2251012145748988,detrend,,
NUST,2020,Crookston_MN_2020,49,-0.2773469387755102,-0.32020408163265307,-0.2990816326530612,-0.4154081632653061,-0.3877551020408163,-0.30959183673469387,-0.29622448979591837,-0.3547029262104744,-0.30336510283019436,-0.3695840896026683,-0.11948979591836732,-0.3494897959183673,detrend,,
NUST,2017,Danvers_MN_2017,34,0.12452253628724218,0.3152024446142093,0.11627196333078686,0.41359816653934295,0.3674560733384262,0.3842627960275019,0.1868601986249045,0.2210847975553858,0.388540870893812,0.4255156608097784,0.3017570664629488,0.36653934300993124,detrend,,
NUST,2019,Danvers_MN_2019,41,0.33989547038327533,0.41811846689895477,0.3736933797909408,0.3921602787456447,0.33972125435540074,0.3252613240418119,0.3045296167247387,0.3587108013937283,0.3605157747707415,0.3624324850281016,0.35104529616724744,0.3857142857142858,detrend,,
NUST,2015,DeKalb_IL_2015,38,0.19938717563031103,0.21810024205884185,0.1455460722219065,0.16655723452762533,0.04256949029648242,0.3269862133827493,0.09290873332060046,0.18417596958606666,0.08543126145747906,0.07036935715049467,0.07824469296140087,0.13088203186270686,detrend,,
NUST,2005,DeWitt_NE_2005,30,-0.07387627948375615,-0.15620827770360485,-0.14241210502892748,-0.07632398753894083,-0.017578994214508235,-0.054072096128170904,0.11726746773475748,0.015802359616860294,0.07537931323317221,0.018036076168386247,0.06742323097463286,-0.06453048509123277,detrend,,
NUST,2006,DeWitt_NE_2006,25,0.10461538461538461,0.07769230769230769,0.08538461538461539,0.010769230769230769,0.03846153846153846,-0.05307692307692308,0.27076923076923076,0.23846153846153845,-0.055010579975090644,0.05538461538461539,0.31999999999999995,-0.03230769230769231,detrend,,
NUST,2007,DeWitt_NE_2007,29,0.3354679802955664,0.40147783251231517,0.360591133004926,0.26206896551724135,0.22068965517241376,0.17980295566502458,0.2699507389162561,0.3463054187192117,0.12466125039570171,0.19091021206515615,0.20591133004926104,0.30147783251231525,detrend,,
NUST,2010,DeWitt_NE_2010,35,0.19124344430568244,0.18788092220800007,0.22220666862184052,0.1001751374934527,0.1431873993263058,0.010928196817467567,0.25499125907424325,0.27362523569889946,0.2441485634197617,0.24954463639201935,0.2331348654393081,-0.007985989981995529,detrend,,
NUST,2016,EastLansing_MI_2016,127,0.4272111713130532,0.4299178761196773,0.36880317657357353,0.4506077636187969,0.4358204845453782,0.4131943071358923,0.3834498476050896,0.3749870010830796,0.42095056481888765,0.40783568754678845,0.34381302645960093,0.40958829672793307,detrend,,
NUST,2017,EastLansing_MI_2017,138,0.3093425147353975,0.3210529079663689,0.30104546482287065,0.3046802759017762,0.3115046793658771,0.28988074988829277,0.25510802832313495,0.27322500439795616,0.2939446625518056,0.30823816286445654,0.2803827510891426,0.29597682123293956,detrend,,
NUST,2019,EastLansing_MI_2019,189,0.12274751004974882,0.11867968572240796,0.08605621454397212,0.11762029166556062,0.10237283827690873,0.07275601986215961,0.15959344864771632,0.15015044373663994,0.11821873790600175,0.10747180758278443,0.22842739974069193,0.16510638600897812,detrend,,
NUST,2012,Eldora_IA_2012,25,-0.16929589556345936,-0.27318201329558217,-0.24201617797594532,-0.2670257989114564,-0.2935744734429988,-0.29165065644795957,-0.21469797664638712,-0.2689496159064957,-0.3997691715691688,-0.33936131792493446,-0.23201232960174092,-0.29780687083208535,detrend,,
NUST,2013,Eldora_IA_2013,28,-0.019433420190198582,0.08567127492298814,0.03311892736639477,0.11742165157176328,0.13904475291015325,0.09497741980280153,0.056657999709452206,0.05830026057059575,0.16285753539673462,-0.026002463634772755,0.2923224332835505,-0.007937594162193789,detrend,,
NUST,2015,Elora_ONT_2015,34,0.07655283084455032,-0.18351287394072846,-0.1491328600883855,-0.029643211943797935,0.06249522518048121,-0.07655283084455032,-0.12086484869868125,-0.19100007695746093,-0.21560088686958187,-0.17938727227844728,-0.05882802370289796,0.21758728766993948,detrend,,
NUST,2016,Elora_ONT_2016,27,0.07692307692307693,0.13308913308913306,0.21550671550671552,0.07387057387057387,0.03724053724053724,-0.03540903540903541,0.21611721611721613,0.25579975579975583,0.027472527472527472,0.022588522588522588,0.08180708180708181,0.03174603174603174,detrend,,
NUST,2017,Elora_ONT_2017,35,-0.2585615245503123,-0.4315428261860845,-0.4346242744743331,-0.013026122309414431,0.043000210204196025,0.028013166256805225,-0.3839204435495156,-0.3693535970959769,0.03907836692824329,-0.18981578809607114,-0.35926885724352703,-0.2448350730844777,detrend,,
NUST,2019,Flora_IL_2019,46,0.12224003970455058,0.039903786926762976,0.02510176395547532,0.08449488112776705,0.005057357848523283,0.10916491941324649,-0.023066485796923268,0.050881953963801324,0.07178981141074514,0.09559639835623278,0.04132231412817804,0.039657086543908183,detrend,,
NUST,2020,Flora_IL_2020,39,0.08310978483219605,0.054562940346594,0.13230753809461662,0.15265475703648193,0.1909196762405868,0.1724958262534252,0.2722073220630636,0.23556208197870918,0.0023282887346413026,0.21329149408214018,0.1901098366807116,0.2130890341921714,detrend,,
NUST,2020,Glyndon_MN_2020,33,-0.44318181818181823,-0.3602941176470589,-0.411764705882353,-0.3739973262032086,-0.3455882352941177,-0.2914438502673797,-0.37566844919786097,-0.46009860610208414,-0.3458664436816327,-0.3987290238506812,-0.46858288770053474,-0.5063502673796791,detrend,,
NUST,2005,Goehner_NE_2005,91,-0.04292170174103258,0.0030419462087336634,-0.005677768708971471,0.0032728792978783654,-0.007190778603367795,0.02627859290267301,0.03788895303967217,0.05798549865234966,-0.067225753432321,-0.08206049123393709,0.05417371742935893,-0.03663872907430258,detrend,,
NUST,2006,Goehner_NE_2006,67,0.04218255829244871,0.05808582175464438,0.12844329599266432,0.01873671818193441,-0.030050583154412377,-0.008380640720354049,0.016302341591736328,0.0519599724661951,-0.0004789033114406912,-0.08705889395929695,0.1891430794958001,0.013349163433135379,detrend,,
NUST,2013,Goehner_NE_2013,53,-0.2449753053567854,-0.13635722230359584,-0.21429291441265874,-0.1141014012771071,-0.09172462470156136,-0.17385344251126708,-0.22013909928374725,-0.03854450163283194,-0.23607443102997075,-0.21102711458811962,-0.12252797119474504,-0.1983267819371342,detrend,,
NUST,2011,Harrisburg_IL_2011,30,0.13640409772502138,0.38673788229378003,0.27970628195815966,0.33578104970156164,0.19203382762918997,0.3366711253800283,0.27992880087777633,0.26101469271035904,0.0004450873511475291,0.28148643331509304,0.23653761155252484,0.21895861690280755,detrend,,
NUST,2007,Harrow_ONT_2007,28,0.5254655771546232,0.32009862412389495,0.36746993462298294,0.2669770389399466,0.1588171103437631,0.1911281776205977,0.3069551391299284,0.2116648729236705,0.5057503496636732,0.21248634073579342,0.3378970933865581,0.4008762923159814,detrend,,
NUST,2010,Harrow_ONT_2010,41,0.19460777926905176,0.16455420547862076,0.19051352428890608,0.09399364092717406,0.0209939457492576,0.013850777486024722,0.24570955658158378,0.13629235996166916,0.1669861487408964,0.01799250702582578,0.005139596677204142,-0.06812143392497694,detrend,,
NUST,2011,Harrow_ONT_2011,41,0.23129192526130918,0.20402474160526785,0.13511629984191736,0.357522433624261,0.39933792293704007,0.24880216141103545,0.24819235219189073,0.22192210592211586,0.16129313594542039,0.12715629900679565,0.020907744656389532,0.3777332534587709,detrend,,
NUST,2012,Harrow_ONT_2012,35,0.4844877104114464,0.396386302533794,0.4238392054654631,0.305483578030461,0.28265284753116476,0.24091322980852498,0.27620981929209953,0.23124868744992713,0.2686650791427371,0.3444218791274203,0.300021010610384,0.3347573367688225,detrend,,
NUST,2017,Holdrege_NE_2017,61,0.05677040642932267,0.1940294561613273,0.13844892783601934,0.134799968317041,0.13205002780998482,0.17805864783188582,0.287848539761001,0.2662453561320521,0.32669628219366437,0.23935375545807283,0.1091514847416134,0.06277268042068561,detrend,,
NUST,2020,Holdrege_NE_2020,98,0.10937514945772259,0.125308026082313,0.1242305326251078,0.17754414380350922,0.14226739055666696,0.15082358120500644,0.2606386540269134,0.1688540634356354,0.226008728456207,0.2191519680740483,0.07785368405877298,0.1458760372831648,detrend,,
NUST,2014,Hooper_NE_2014,118,0.37670277337752767,0.45373569305461486,0.46599566135480847,0.4067847986645977,0.35130634217122875,0.3904673907512034,0.41915432879053016,0.42702529969850334,0.41096871149135883,0.36232889725994827,0.41082032591265066,0.41896442162591596,detrend,,
NUST,2015,Hooper_NE_2015,144,0.22968618598285948,0.262167791496656,0.2082427801156408,0.2900154832320056,0.2943600285871669,0.27311757301389655,0.3040598992760494,0.29973544895028287,0.30316146955973605,0.28141911241075107,0.14944472410638035,0.2562980334104273,detrend,,
NUST,2005,Hoytville_OH_2005,54,0.04635294566950148,0.13963062498962495,0.10917338519527324,0.11935121125921805,0.004993615035118993,0.055158480578757114,0.13902071780976308,0.16373132064352058,0.0427495505717688,-0.024437666953584014,-0.044675700924881365,0.0205081289228551,detrend,,
NUST,2006,Hoytville_OH_2006,38,0.028121238647554437,-0.1075610022978444,-0.006455848561111719,-0.3502571397308239,-0.16796148375095743,-0.3631688368530474,0.06860706860706861,0.124630703578072,-0.1356970898911008,-0.04737936316883685,-0.3618557829084145,-0.02658934237881606,detrend,,
NUST,2007,Hoytville_OH_2007,51,0.4204524886877828,0.22244343891402715,0.2686877828054299,0.17167420814479634,0.23285067873303167,0.06968325791855202,0.1081447963800905,0.1513122171945701,0.2084709717506109,0.2624493767499027,0.27782805429864255,0.42099547511312213,detrend,,
NUST,2008,Hoytville_OH_2008,37,-0.02335368387719312,0.15019856584976485,0.16774346541232618,-0.020508565029210196,0.030822120853148272,-0.11688696600463154,-0.12921581434589083,0.0641337206982816,-0.29069353882631893,-0.23744887718790766,-0.2325884658226035,-0.10289846500204887,detrend,,
NUST,2009,Hoytville_OH_2009,43,0.2295379039565086,0.19933554817275748,0.14889761401389306,0.18695258230141953,0.179855028692238,0.13153125943823618,0.1120507399577167,0.1451223195409242,0.13320244695530956,0.3023255813953489,0.1774388402295379,0.2173059498640894,detrend,,
NUST,2010,Hoytville_OH_2010,68,0.15836236103216733,0.1110464284060684,0.05607672854194378,0.13421768383490426,0.14481080307955327,0.03311542682786674,0.0781226141395633,0.08373415788670024,0.2877923095274967,0.13183939544878526,0.25104738274751076,0.09020375054092115,detrend,,
NUST,2011,Hoytville_OH_2011,65,0.24980605121739502,0.3272325965295489,0.32244670507502965,0.21171560005197473,0.11514548892174391,0.0005681880265639289,0.2856237502765596,0.23589575492104603,0.2740157140234559,0.3118764819837181,0.08791617041794945,0.2633988570836552,detrend,,
NUST,2012,Hoytville_OH_2012,64,0.19393981031846758,0.24792518072703168,0.1952448001883947,0.28544936312721686,0.2913561593805712,0.2136520257221036,0.29602664944136303,0.31642570161864486,0.38266842198145845,0.3332074134547252,0.356376707285712,0.3341231958195864,detrend,,
NUST,2013,Hoytville_OH_2013,89,0.10357639909423318,0.0591086879775111,0.08019339709621719,0.05225637031882786,0.02976714888498795,0.0454551258352404,-0.03594700307157681,-0.017535123449549665,-0.07801792756899951,-0.02353632169512737,0.030916295324642906,0.13967662169109732,detrend,,
NUST,2014,Hoytville_OH_2014,125,0.11938757799455188,0.0844008117001114,0.05447403873961399,0.066348279319875,0.07555273592491045,-0.009815834063113569,0.053831938796205306,0.052234449796327936,0.0526824337612475,0.0838327032724394,0.10648413415571714,0.1307671865609909,detrend,,
NUST,2015,Hoytville_OH_2015,140,0.09188844632632992,0.04704524010053693,0.020157247524716437,0.06543561238116886,0.08583996003284265,0.03933484144875235,0.05450197844500242,0.007983739500188729,0.015817774687527396,-0.0025694067842621806,-0.03830051967839101,0.08430487782820488,detrend,,
NUST,2016,Hoytville_OH_2016,138,0.20966038753619537,0.24123684743541546,0.134641751027976,0.23055382098071908,0.16604240561900807,0.26424907732147757,0.13763044126717183,0.14823812258978764,0.20141421014530106,0.1591724811931654,0.27541385598432544,0.19777640533985116,detrend,,
NUST,2017,Hoytville_OH_2017,140,0.06578476939582051,0.13343479634697392,0.0900724782669606,0.17680367453562265,0.1623386349945592,0.20351643689898335,0.23490244014440997,0.23078050071177258,0.19020024819288528,0.22683180701026007,0.15182934096064374,0.0883624766159989,detrend,,
NUST,2005,InghamCounty_MI_2005,56,0.3137837932042167,0.190642195675103,0.1580026659386879,0.2344919513314596,0.2094056530837856,0.2144297482369301,0.17245975607324662,0.13818915139493598,0.03035430468322021,0.2138670041947542,0.0061861307667969954,0.3031545850911014,detrend,,
NUST,2006,InghamCounty_MI_2006,56,0.19628148615312233,0.23688437759486178,0.3113571894227659,0.1375645101456238,0.12385932540813434,0.13995693640902596,0.2649782974308128,0.2406780820982566,0.12509185366763248,0.08646912066296354,0.28692026401801535,0.18585734314829871,detrend,,
NUST,2007,InghamCounty_MI_2007,64,0.1220266032051296,0.1579477552555702,0.12621625956282917,0.13679342479374285,0.09508001559304001,0.13919732598258688,0.10286407658548731,0.07367384786380995,0.18034044210575229,0.13968450217732586,0.21131436164790737,0.08997458735387605,detrend,,
NUST,2008,InghamCounty_MI_2008,49,0.09428571428571428,0.22795918367346937,0.10928571428571428,0.15132653061224488,0.07744897959183673,0.11326530612244898,0.10316326530612244,0.11387755102040815,0.005000127555901394,0.02183673469387755,0.10989795918367347,0.06306122448979591,detrend,,
NUST,2009,InghamCounty_MI_2009,62,0.26210022672626987,0.3682951398800632,0.32213548234842865,0.33868043324765607,0.30478468909185674,0.3005791992894656,0.4138504156436894,0.4058927223649134,0.2286354650831592,0.3847945705992591,0.40360110816121525,0.3074540419005601,detrend,,
NUST,2010,InghamCounty_MI_2010,78,0.18670291805704706,0.24599917806581797,0.165065916377583,0.29264961593580213,0.2936612817069051,0.3574215169306677,0.18156986230064442,0.19230623318051956,0.35543696141052844,0.23097205803749704,0.08393032153512742,0.21629414186180798,detrend,,
NUST,2011,InghamCounty_MI_2011,77,0.17768225681141125,0.2641901307535506,0.24681231441082024,0.19487604181617013,0.11743828381690818,0.027985908467226053,0.2714199333167137,0.27763171732043324,0.2536415752112755,0.1901988879267297,0.22129768391063906,0.244801114788704,detrend,,
NUST,2012,InghamCounty_MI_2012,85,0.025054232059348792,-0.06681779985250665,-0.06185385683918793,-0.08547167231791104,-0.050255037239169596,-0.10020715669603038,-0.05060681272830242,-0.07482069223027836,-0.029676461105416357,0.02956868416988668,0.05547304032797312,0.005560007036571554,detrend,,
NUST,2013,InghamCounty_MI_2013,139,0.29352491303831774,0.3373386031976434,0.3189842194822502,0.3611445628431108,0.3496605053510693,0.3454377682576922,0.3197170542794078,0.3154876144287395,0.2751482761682973,0.30726178347671235,0.25989494545656505,0.3403950605223735,detrend,,
NUST,2014,InghamCounty_MI_2014,118,-0.014761737810217815,0.035081952846351384,0.04067695094760168,0.023910217081518064,0.004846320156892388,0.03740468051762762,0.010342711894739448,0.0358745213488989,0.0380083640040502,-0.039361235895865355,0.11077146697716884,-0.0007048528939564665,detrend,,
NUST,2015,InghamCounty_MI_2015,144,0.20072241340586364,0.29814071488155985,0.24862475195611522,0.2728592600069598,0.23326216372653752,0.257195247547894,0.21978247218382893,0.21015498229397847,0.20930220874969996,0.23580843064512427,0.21310893974296202,0.2105046344001847,detrend,,
NUST,2019,Ivesdale_IL_2019,40,0.4804878048780489,0.3375234521575985,0.3480300187617262,0.21482176360225144,0.15609756097560978,0.18048780487804877,0.29962476547842404,0.1887429643527205,0.5087480656659225,0.3933580378641366,0.24221388367729837,0.31688555347091935,detrend,,
NUST,2013,Jackson_TN_2013,28,0.5715067796779527,0.47954017145391437,0.4639386932730507,0.29341727385764627,0.05747913014002398,0.04105652152858856,0.2811003173990697,0.3320104040945195,0.16915286869778487,0.17709046285997865,0.4078281138506464,0.4122074761470291,detrend,,
NUST,2014,Jackson_TN_2014,41,0.339939890518559,0.39073049948122424,0.3404626069058248,0.22476804652431623,0.029184998289010056,0.16866315429111484,0.2230256585667634,0.23583221005477678,0.3186966382543069,0.14592499144505028,0.16247767704180224,0.35039421826387596,detrend,,
NUST,2015,Jackson_TN_2015,35,0.014988093717570166,0.08936825973653988,0.0736797878078683,0.12060512795166276,0.1355932216692329,-0.027174674590734697,-0.15758509749781716,-0.03011626307736062,0.2428911636099689,0.15002101281792196,0.09987393290306101,0.025493766884091315,detrend,,
NUST,2016,Jackson_TN_2016,37,0.09804386553784573,-0.0641375226795339,0.0017783046953660047,-0.1645524611445343,-0.14333135844649997,-0.20912863217504216,-0.06401896903317618,-0.16609365854718486,-0.13221866569896373,-0.030232971776401114,-0.11464137602792844,-0.03651452307818197,detrend,,
NUST,2010,Kanawha_IA_2010,29,0.6201970443349754,0.5374384236453201,0.5019704433497535,0.6064039408866995,0.630541871921182,0.4344827586206896,0.6137931034482758,0.4413793103448275,0.3729523368601889,0.6966375222196924,0.4458128078817733,0.5275862068965517,detrend,,
NUST,2011,Kanawha_IA_2011,25,0.37122524248924804,0.41892672442569034,0.2827466872845568,0.34006540348237857,0.31313714755051597,0.38853626415973114,0.38161185549153787,0.24927871205495625,0.21911769323737887,0.3666089700437859,0.33198692670281976,0.38122716612108276,detrend,,
NUST,2012,Kanawha_IA_2012,26,0.385706964091647,0.5942896308433355,0.40246196519137284,0.6452385117384202,0.5908702428637996,0.5799282013292848,0.5877927936822174,0.6284835106386943,0.5898444264699388,0.45683023406599327,0.8018464812011633,0.44383655974375696,detrend,,
NUST,2013,Kanawha_IA_2013,60,0.5914111457406535,0.608527724662672,0.5323367191364142,0.6565430629374251,0.644261361827795,0.6591550084222787,0.5551217754936466,0.538005196571628,0.5274740546699317,0.5933839981813407,0.5275018413240258,0.6450949614506207,detrend,,
NUST,2014,Kanawha_IA_2014,33,0.6854946524064172,0.5762032085561497,0.5558155080213903,0.5828877005347594,0.5290775401069518,0.520053475935829,0.5852272727272728,0.5491310160427808,0.5826021579629006,0.5414438502673797,0.5611631016042781,0.644385026737968,detrend,,
NUST,2015,Kanawha_IA_2015,52,0.42640937762881576,0.39319487064090836,0.3434584944957772,0.389139114646241,0.4131748054356907,0.3801737592896079,0.3595534419693518,0.39507332604896483,0.3731722436777611,0.3754349286011019,0.24300382233312168,0.46683886107039446,detrend,,
NUST,2016,Kanawha_IA_2016,43,0.4174596030094276,0.4127775307614926,0.20314152172492045,0.5492372816005004,0.5552031478519014,0.5462165898276391,0.46307204877963276,0.40031717719843984,0.39947129909365564,0.512384841971593,0.43452651152609373,0.5644917750534498,detrend,,
NUST,2017,Kanawha_IA_2017,34,0.498281000766624,0.4724577903619753,0.3245473307661176,0.5801818337659832,0.5618458263780669,0.5312858140648732,0.41393536678220927,0.4217281699220737,0.23821529598134522,0.5412178180666612,0.3434945384002977,0.5856826359823581,detrend,,
NUST,2005,Lafayette_IN_2005,100,0.12497037159779562,0.18269100947348926,0.1910499707543752,0.16792931187766785,0.1471609235121646,0.21158433220677392,0.17481810408905119,0.127756991685069,0.07812124949556419,0.18295507740415465,-0.10678828065660094,0.125522435085119,detrend,,
NUST,2006,Lafayette_IN_2006,95,0.10437539588406818,0.13357503054029649,0.08497429634737957,0.13328807344036708,0.08099889067030919,0.11357202098912186,0.15896723440721788,0.1496726239509688,0.19244525011023472,0.1382783273976755,0.0431415503406019,0.13610865176406314,detrend,,
NUST,2007,Lafayette_IN_2007,108,0.17066356727297746,0.15464420876178445,0.1251872616808396,0.1777753431448809,0.13882015019081118,0.24337230599282586,0.22073180316686677,0.2817558893657646,0.16946996871169348,0.13139555378315634,0.32285461824907524,0.138181852825215,detrend,,
NUST,2008,Lafayette_IN_2008,89,0.21326546250047437,0.2236503856365237,0.22227991627184834,0.19063994963521294,0.15350108107571867,0.14384820989844005,0.2363676603621447,0.2573928735966052,0.16606299983551345,0.243424300755411,0.11431076458525069,0.24671002233780034,detrend,,
NUST,2009,Lafayette_IN_2009,96,0.1148550577297441,0.12660915097680012,0.0907025325983151,0.12215304061135532,0.09772921500105602,0.09793947287218051,0.18759071611487318,0.1394557015756785,0.19897040420905737,0.15192251606120047,0.15947720399193768,0.13570449953092711,detrend,,
NUST,2010,Lafayette_IN_2010,134,0.2280347588459534,0.26565899776446716,0.2180943985139327,0.28200597768829944,0.2661826996384572,0.2227229255526257,0.24824497308228408,0.261771461208121,0.3302513202381617,0.3362025000802849,0.12329189022949572,0.21018151257978782,detrend,,
NUST,2011,Lafayette_IN_2011,134,0.22791477137338828,0.28184352805832263,0.290699066323673,0.15958423111132114,0.040806300376211836,0.06348006942959557,0.23852346182137488,0.20737424873502724,0.18884864055151818,0.23076079014529244,0.12085527891168968,0.21090944458335042,detrend,,
NUST,2012,Lafayette_IN_2012,144,0.08514588859416447,0.08695844385499558,0.050341612410577934,0.10017683465959329,0.1305562253838116,0.08824451410658307,0.06171529619805482,0.10327546017201189,0.07059778633606678,0.14879244915252382,0.1418615866891729,0.0872196768748493,detrend,,
NUST,2013,Lafayette_IN_2013,223,0.19615023352432626,0.2901181463665627,0.2420999493588367,0.2981329022176855,0.24721893977991766,0.28166188367857253,0.25901626217091755,0.23541837101511728,0.26545254744362207,0.26970428224182535,0.2767046708852163,0.29631872032550877,detrend,,
NUST,2014,Lafayette_IN_2014,239,0.13610571554987766,0.23244921329352614,0.22538633233689848,0.22211508013029116,0.15863353690606075,0.24811940356282308,0.19180973908471896,0.18181011086600046,0.1674219699526299,0.09392008287371952,0.1977228691650219,0.13520077019270924,detrend,,
NUST,2015,Lafayette_IN_2015,262,0.10327243392824699,0.019133236049171425,0.047985555491271564,-0.01489356449358519,-0.03528355555927325,0.005515776662614668,0.062977872170917,0.08717649484492836,0.019112246540562122,0.0125728902184614,-0.06744607496789265,0.06847096252051783,detrend,,
NUST,2016,Lafayette_IN_2016,251,0.18316904095267555,0.2669093029795857,0.17650046319619067,0.31663014284485025,0.32565615295416817,0.2805420386958159,0.2534985369923765,0.264696435527192,0.21719358463002164,0.2467818645733515,0.20529354168683644,0.2255796777421826,detrend,,
NUST,2017,Lafayette_IN_2017,252,0.22121664430188384,0.23988657441010589,0.21365081400458868,0.26403056776925754,0.2560628062524421,0.2834934871771862,0.2925264962521754,0.28118281031348563,0.18931566433375369,0.21467305007910786,0.14893313881671424,0.23839582951382532,detrend,,
NUST,2019,Lafayette_IN_2019,369,0.1143418073428678,0.12248669666485147,0.14514201369980798,0.07002331069139128,0.031517917705616544,0.054655450784825116,0.06655775605934673,0.0945685611380203,0.06210835587480449,0.05410903226755995,0.030284314006477315,0.07157122658183103,detrend,,
NUST,2020,Lafayette_IN_2020,403,0.17779463941919174,0.19229293126130567,0.1924264981946801,0.18744968608351859,0.17958518804147627,0.20256970129017962,0.16687616140567763,0.16765822009381554,0.15493288026265448,0.15449102103826828,0.09901288352547126,0.14189217774940474,detrend,,
NUST,2005,Lamberton_MN_2005,43,0.26128983835249986,0.19777979382809166,0.1897749606300093,0.2452046546620136,0.28296330182277946,0.2383325808787542,0.17489805364866753,0.265292254951541,-0.04267532764854539,0.36891591068558366,-0.14778734498723764,0.2750339859190186,detrend,,
NUST,2006,Lamberton_MN_2006,48,0.34292227529309594,0.23621363438992615,0.22188449848024314,0.32468519322622663,0.3655015197568389,0.28788536691272254,0.29494138080764215,0.19887103777681284,0.34476769431176724,0.41391663048198,0.21439426834563613,0.3530178028658272,detrend,,
NUST,2007,Lamberton_MN_2007,43,0.17390319463609855,0.09084044426714138,0.014573737110189762,0.17050517303009577,0.2318960967118796,0.20576908614128034,0.18190742330801626,0.09038737471967434,0.1256512878308589,0.20841199183483802,0.12550026464836986,0.20244657612652203,detrend,,
NUST,2008,Lamberton_MN_2008,33,-0.04512409140848628,-0.16010696136788832,-0.15726581487179847,-0.09409208689991767,-0.10528954661980132,-0.014038606215973507,-0.33542241280308127,-0.3126932408343623,-0.086745779709176,-0.20556530530532635,-0.294309351742016,-0.12384056197662344,detrend,,
NUST,2009,Lamberton_MN_2009,37,0.07682731759408215,0.21601755039570628,0.16788191622410542,0.030825775577872465,-0.12496295176568299,-0.08346671541085468,0.10658604709425903,0.15981979030373877,-0.06959511640081206,-0.08649513933219885,0.16669630947111033,0.05975458035095279,detrend,,
NUST,2010,Lamberton_MN_2010,43,0.31742675928722436,0.3048927816369677,0.1584113560857747,0.3181818181818182,0.25400181214134704,0.20462096043491393,0.17698580489278162,0.08834189066747206,0.2835353194152735,0.36674595110518865,-0.0066445182724252485,0.27604953186348535,detrend,,
NUST,2011,Lamberton_MN_2011,47,0.11824910452614544,0.06279634597329779,0.04735746533345385,0.09205504860910688,0.10078640058145308,0.17109980454418797,0.09448363657492502,0.059269111070561896,0.10501200434993416,0.09497788222040818,-0.08089510867094253,0.20301838923779789,detrend,,
NUST,2012,Lamberton_MN_2012,66,0.16846192388440068,0.14053106215486807,0.12047010690667613,0.15933951239276709,0.1885437542160975,0.08220607884222675,0.13650217103842577,0.1401553106517802,0.11890571670776195,0.14092768874146083,0.1609886439896528,0.15595774886497613,detrend,,
NUST,2013,Lamberton_MN_2013,111,0.17565836242562102,0.23498337100203726,0.22968312617101064,0.2594487395267097,0.250884105495117,0.24615425125021084,0.18490307754066496,0.21883254217504305,0.18813006385754494,0.18316598188415964,0.1285923638309005,0.18370964492970532,detrend,,
NUST,2014,Lamberton_MN_2014,64,0.21769937844121387,0.30451355901215543,0.265753957823705,0.3424489749420209,0.2826268615897345,0.34746276859841235,0.2801543058139798,0.2695543676271797,0.3634157048730821,0.28091084124192667,0.3255989652109521,0.26067148206243146,detrend,,
NUST,2015,Lamberton_MN_2015,144,0.12210305905932264,0.11984840355737968,0.17636751286900862,0.11618910973470756,0.13004258124129828,0.15151807442246085,0.1061918627452546,0.08431447018763161,0.1096146967449973,0.12862199617754666,0.09782632722423096,0.152277664243971,detrend,,
NUST,2016,Lamberton_MN_2016,127,0.034948441566395136,0.01692348255901632,0.030024021593795785,0.03576283106810996,0.019908600912424253,0.04264119995309702,0.07030700734228694,0.09299859396201005,-0.02065615744931923,0.04284339535028809,0.04102999770150295,0.025032224072493413,detrend,,
NUST,2017,Lamberton_MN_2017,94,0.23720143916696906,0.14371378618144945,0.1409611744513503,0.0758015807669298,0.01741153351585025,0.01521522389393387,0.08638577022780973,0.07033248082024987,0.016501340192033986,-0.01246270220282777,0.09205716185019248,0.2441010302489761,detrend,,
NUST,2012,LenaweeCounty_MI_2012,36,0.05986867963002114,0.04042745248134762,0.046221195671349656,-0.04467619748734911,-0.12540235260137764,-0.246427210348087,0.04969744158535089,0.04750869415801678,0.020086268986299515,0.043903698395348835,-0.029483715344677083,-0.05111368992068471,detrend,,
NUST,2013,LenaweeCounty_MI_2013,43,0.2186650558743582,0.24479009362730292,0.21368166717003928,0.14497130776200542,0.18816067653276955,0.003775294472968892,0.05104198127453942,0.06478405315614617,0.27035191367108363,0.07943519468039088,0.09090909090909091,0.11975234068257323,detrend,,
NUST,2014,LenaweeCounty_MI_2014,34,0.46851120792900636,0.3925405487640093,0.42800371360561756,0.30984411695663816,0.2905839498443854,0.31351272021611487,0.38382761602275206,0.4202079316792296,0.22199271880742175,0.3367986703838544,0.38963623785025686,0.44038524960635156,detrend,,
NUST,2015,LenaweeCounty_MI_2015,38,0.1695212061145044,-0.08645690950965684,0.036552668071171385,-0.0690560884817639,-0.04333789388079002,-0.1829822186077801,-0.0303146378913607,0.05756498025579685,-0.03196322045179236,-0.11207179666551988,-0.07398084915003549,0.02013679917693274,detrend,,
NUST,2010,Lincoln_NE_2010,35,0.32941176470588235,0.2327731092436975,0.21372549019607845,0.22661064425770308,0.2666666666666667,0.19299719887955183,0.22016806722689075,0.22941176470588234,0.3801051021255066,0.32453253108508856,0.2596638655462185,0.18907563025210083,detrend,,
NUST,2011,Lincoln_NE_2011,28,-0.027914614121510674,0.2523262178434592,-0.025725232621784347,0.4094143404488232,0.38040503557744937,0.45977011494252873,0.2671045429666119,0.36507936507936506,0.3448275862068966,0.22112753147235906,0.4657909140667761,0.25013683634373285,detrend,,
NUST,2012,Lincoln_NE_2012,38,0.3482875588138746,0.43210416894627424,0.38570959623591206,0.4272896378159536,0.3425976583871321,0.30517562096509465,0.49928876244665715,0.35966735966735963,0.30276835539993435,0.31611773717036873,0.17934128460444249,0.3749863223547434,detrend,,
NUST,2014,Lincoln_NE_2014,75,0.07439809386261656,0.18845620410935834,0.0385077705709566,0.33944308140530716,0.3782638076292231,0.28000995785693006,0.10341761804612282,0.08798321425244425,0.05838086976202367,0.19142928281247248,0.0100857071794637,0.15161278860186755,detrend,,
NUST,2016,Lincoln_NE_2016,72,0.21553352794698344,0.20493773571146967,0.055696243253140675,0.195113715899787,0.15766667475181792,0.16659029340236445,0.2081856113284253,0.24251340559674384,0.24732090465352474,0.23125839108254104,0.24471617272309495,0.2603124071213474,detrend,,
NUST,2007,Manhattan_KS_2007,28,0.35099250050885084,0.33210132848458346,0.28802192709462643,0.14099932742750249,0.22642027918940685,0.05913758198901075,0.18809036493727027,0.3945243316952059,-0.03942505465934049,0.123750866014041,0.3646817555988996,0.45831626041483325,detrend,,
NUST,2008,Manhattan_KS_2008,41,0.10017421602787457,0.15470383275261326,0.13379790940766553,0.09198606271777005,0.030487804878048783,0.06898954703832753,0.11358885017421605,0.35662020905923353,-0.08249847579000369,-0.15435540069686415,-0.06236933797909409,0.09878048780487808,detrend,,
NUST,2010,Manhattan_KS_2010,57,0.3159191081151154,0.287593984962406,0.30340938553279756,0.2740471869328494,0.24487943997925848,0.2553150116670988,0.3516333938294012,0.2245268343271973,0.3664532881533175,0.36833576425113657,0.3012056002074151,0.37555094633134567,detrend,,
NUST,2011,Manhattan_KS_2011,40,0.019512195121951223,0.09343339587242028,0.07973733583489682,-0.053095684803001884,-0.22026266416510323,-0.19906191369606008,0.13339587242026268,0.1731707317073171,-0.10873950475933827,0.12945590994371484,-0.06116322701688557,0.05590994371482177,detrend,,
NUST,2012,Manhattan_KS_2012,51,0.262874469354317,0.19368268700920588,0.09824418539649205,0.2394334338704926,0.3298941094152128,0.2869037933734498,0.2644583231032241,0.11326816952898185,0.050097298327084074,0.11869852523952033,0.12440039873558574,0.3518417970786391,detrend,,
NUST,2013,Manhattan_KS_2013,35,0.15994397759103643,0.19299719887955183,0.2557422969187675,-0.04453781512605043,-0.17450980392156865,-0.052100840336134456,-0.10336134453781515,-0.08739495798319327,-0.021288515406162466,-0.07282913165266107,-0.051540616246498604,-0.01596638655462185,detrend,,
NUST,2014,Manhattan_KS_2014,79,0.3017600234590161,0.2261374425558672,0.27691764656808954,0.13252513453621198,0.050512427289243184,0.11928235841797184,0.14234767160185519,0.16126244557956215,0.09867752399566845,0.11195501354372499,0.047384308298078,0.16889408218446708,detrend,,
NUST,2015,Manhattan_KS_2015,106,0.18827808931695494,0.2020475305292439,0.22759127986927497,0.1693394396583402,0.0779109545945248,0.1288876125476677,0.08312550697459031,0.055808306003850956,0.12068318365943614,0.028042703910574555,0.08241008046447504,0.1665230775516188,detrend,,
NUST,2016,Manhattan_KS_2016,108,0.23593466427091475,0.2813162420320495,0.17186123061236286,0.2852270508220035,0.23023279079762007,0.2515159743219982,0.21654734176773235,0.2420843039150446,0.18123313413904216,0.17970709355084233,0.29031920014777796,0.24599987617490107,detrend,,
NUST,2017,Manhattan_KS_2017,100,0.40985667439411,0.29961265779183494,0.2912537466701841,0.2818207184697281,0.279918511129051,0.2740138675226587,0.2014905669471253,0.24358528155591927,0.12516876991484993,0.07010006150738883,0.05865039289520117,0.387480235361349,detrend,,
NUST,2019,Manhattan_KS_2019,40,-0.06286652765036545,-0.05442177020479397,-0.06652592254344643,-0.09730237190064026,-0.08848229190193227,-0.03058878808062558,0.02026741786937155,-0.06877785786226549,-0.1063620174496545,-0.0973538536427142,-0.12854797444925473,0.01304245872149373,detrend,,
NUST,2020,Manhattan_KS_2020,123,0.2827379945319433,0.3577385991579608,0.26127516189121186,0.42197231703707294,0.37913694011407467,0.39123235556410224,0.30246922544069266,0.2725870033731358,0.3341969956269807,0.30813159535011636,0.29460768908580937,0.29923819204135177,detrend,,
NUST,2007,Mead_NE_2007,51,0.41647058823529415,0.3357466063348416,0.367420814479638,0.36289592760180994,0.3281447963800904,0.37475113122171944,0.4840723981900452,0.32108597285067875,0.44883368413487673,0.32582134263230894,0.4574660633484163,0.35610859728506783,detrend,,
NUST,2013,Mead_NE_2013,139,0.19765292044702876,0.3012104049066431,0.2361132988178551,0.3305438722954301,0.2900860744832468,0.2534220330596811,0.22302506270211786,0.2000055856279559,0.1863935866637477,0.21832468862987395,0.287270919565898,0.2611100870839644,detrend,,
NUST,2016,Mead_NE_2016,127,0.2401295939392187,0.22596331296854436,0.1695999109510204,0.2713827063619079,0.30630920925962307,0.27082613204751,0.28348380369231646,0.24910508709350865,0.22384837348898032,0.23870042636814706,0.17144539420402388,0.26416188696721965,detrend,,
NUST,2019,Mead_NE_2019,141,0.30166991488299616,0.41295262313545533,0.3071431858634254,0.41836810048410067,0.40932660786723196,0.40443769471928503,0.347729298909933,0.3356268843133951,0.34767401788179686,0.33124527082221844,0.3050219455264659,0.32829351459147466,detrend,,
NUST,2020,Mead_NE_2020,153,0.23918184156222122,0.3687208023466692,0.34478217930731464,0.377625119055618,0.3431805750225065,0.3482316596654944,0.20413753358145145,0.2369151359164625,0.24204496051905916,0.261892456295337,0.22849163555661403,0.22890208853755328,detrend,,
NUST,2016,Monmouth_IL_2016,38,0.42175531003250194,0.43576275156964783,0.45239658839500857,0.3645217793768199,0.28299409230515055,0.32260888790239123,0.3835631452163777,0.3547822301830232,0.2837823465226658,0.22112175135703652,0.3615670846775782,0.4892755555670255,detrend,,
NUST,2017,Moorhead_MN_2017,29,-0.06453201970443348,-0.29162561576354673,-0.1679802955665024,-0.25467980295566495,-0.26206896551724135,-0.17881773399014775,-0.16551724137931031,-0.05467980295566501,-0.12709359605911327,-0.1805641102500122,-0.3487684729064039,-0.056157635467980284,detrend,,
NUST,2020,Moorhead_MN_2020,33,-0.3482620320855615,-0.24565508021390378,-0.2466577540106952,-0.2807486631016043,-0.22359625668449198,-0.20655080213903745,-0.26704545454545453,-0.27976936673261493,-0.32052639855988285,-0.37648449357713226,-0.29044117647058826,-0.3753342245989305,detrend,,
NUST,2005,Morris_MN_2005,30,0.1911012235817575,0.34949944382647385,0.31078976640711903,0.3575083426028921,0.33170189098998887,0.32725250278086765,0.27519466073414905,0.2711902113459399,0.053170189098998885,0.006006674082313682,0.17285873192436038,0.13726362625139044,detrend,,
NUST,2006,Morris_MN_2006,25,0.16080015685026497,0.1896518596344034,0.24850933331404584,0.18580496592985163,0.19426813207986557,0.07116753353420818,0.46739758510304297,0.5474129741577202,0.10388611004232397,0.08116945716604285,0.07193691227511853,0.17195614859346517,detrend,,
NUST,2007,Morris_MN_2007,38,0.2527087726075825,0.18156944727413568,0.22600416432856554,0.09291890339707126,0.16843603336642246,-0.22293970108343247,0.36040276665083115,0.2949545873440601,0.2170890582922689,0.11001642036124798,0.291890124098927,0.27219000323735715,detrend,,
NUST,2008,Morris_MN_2008,37,0.15222288192333003,0.15471250849684243,0.15945465435115175,0.1797273278783242,0.1934795508558213,0.16467101479089202,0.1842323664399181,0.21470065355385565,0.1077716523323475,0.23876704376447558,0.05892116223979363,0.1662122121935426,detrend,,
NUST,2009,Morris_MN_2009,34,0.45778898445164234,0.5300634135723455,0.5555810238538623,0.3248529308892495,0.20734968354501956,0.29780731999207305,0.37222094997469984,0.3541905427099155,0.2548150531796502,0.21178088533043266,0.17572007080086402,0.48070899368653763,detrend,,
NUST,2010,Morris_MN_2010,26,0.30774491815822896,0.20960848314554928,0.13985296836301742,0.21644725910462106,0.23149256621457895,0.11113010933491603,0.22020858588211054,0.18293725690516946,0.2304667498207182,0.2753077975376197,-0.00923234754474687,0.2667122624037985,detrend,,
NUST,2011,Morris_MN_2011,27,0.30219780219780223,0.25274725274725274,0.047619047619047616,0.398046398046398,0.4218559218559218,0.46764346764346765,0.06471306471306472,-0.09340659340659341,0.394993894993895,0.5598290598290598,0.1336996336996337,0.19230769230769232,detrend,,
NUST,2012,Morris_MN_2012,42,0.009726838478351757,-0.004620248277217085,0.034043934674231155,-0.04968793322691356,-0.10253708895929144,-0.020993759715775877,0.04766150854392361,0.11323661128547839,0.08737943233052663,-0.06865526825969949,0.005673989112371858,0.06346762107124522,detrend,,
NUST,2013,Morris_MN_2013,42,-0.20774063652552394,-0.30541034663604144,-0.24672746686839445,-0.2862816731206206,-0.23821682822805887,-0.24145897628152,-0.341803458536143,-0.334913893922538,-0.4050253455786356,-0.301357661569215,-0.273475188309449,-0.2884701230567069,detrend,,
NUST,2014,Morris_MN_2014,37,0.12674887717057703,0.20002371916441855,0.22267015091332426,0.16291202734553117,0.10505098706560455,0.07932179497391584,0.3415935595214522,0.31456012266935535,0.2103047566072755,0.21875741663209977,0.27732986314497626,0.16457197522241432,detrend,,
NUST,2015,Morris_MN_2015,41,0.25069686411149833,0.08972125435540072,0.028919860627177708,0.12264808362369341,0.13780487804878053,0.15435540069686415,0.0047038327526132415,0.052961672473867606,0.10174659184702439,0.08920249148232275,0.129616724738676,0.24285714285714288,detrend,,
NUST,2016,Morris_MN_2016,48,0.22980894485453754,0.29049066435084675,0.0858662613981763,0.36669561441597914,0.33868866695614414,0.2662831089882761,0.23795049934867563,0.16793313069908813,0.14400477685004007,0.19769840524716611,0.15262700825010853,0.36495874945722967,detrend,,
NUST,2019,Morris_MN_2019,76,0.14248901223171026,0.13114238648554127,0.20244841045182743,0.10128572307634476,0.10326796492356706,0.046220411623852285,0.14233863526398996,0.1436646867066145,-0.05700810008375923,0.022502477874788415,0.15219516196638494,0.09516127930009932,detrend,,
NUST,2007,NorthBend_NE_2007,29,0.24581280788177334,0.38472906403940876,0.3773399014778324,0.23004926108374377,0.1733990147783251,0.008866995073891625,0.2615763546798029,0.4162561576354679,0.20078837761363025,0.08991255148875095,0.12167487684729061,0.22955665024630537,detrend,,
NUST,2010,NorthBend_NE_2010,35,0.1862745098039216,0.1392156862745098,0.18907563025210083,0.05294117647058824,0.039495798319327736,0.0700280112044818,0.2658263305322129,0.23641456582633055,0.18900176290722756,0.3647314246636041,0.16638655462184873,0.10000000000000002,detrend,,
NUST,2014,Novelty_MO_2014,122,0.15977238631666277,0.1700163242190755,0.16902497538980973,0.13674004851672195,0.14340852164158285,0.048790884880362484,0.19189869737706805,0.15058919166156443,0.1632814578237646,0.17774223609515322,0.0597089399866759,0.2580150552968982,detrend,,
NUST,2016,Novelty_MO_2016,123,0.08839410233156465,0.04015832453351717,-0.003966174656835243,0.1240864497108405,0.1258696160402957,0.11611218147803273,0.1125200525611917,0.019153721513497028,0.03092673803704973,0.034873372414908406,0.04870333497304025,0.15245588437005714,detrend,,
NUST,2017,Novelty_MO_2017,49,0.3595591616497217,0.3512934337957051,0.2999132612710464,0.3115465078804031,0.2627685089394163,0.10362773624387467,0.33925200309479203,0.3138425433954076,0.21077606027742307,0.2251645495047853,0.2160824534676559,0.26001326632141075,detrend,,
NUST,2015,Onaga_KS_2015,58,0.06254230014945256,0.06531101978223698,-0.0030763551475382466,0.13831292743331958,0.13505199097692902,0.2437396183394553,0.01556635704654353,0.023257244915389143,0.1258229255343143,0.13748231154348425,0.04251522813897857,0.12290038814415298,detrend,,
NUST,2016,Onaga_KS_2016,37,0.03687018401725517,0.08180201598683622,0.061529342459663766,0.2310610567512229,0.26579727513403884,0.06401896903317618,0.06721991748483498,0.023829282917904468,0.05502193801284231,0.07006935811707081,0.16680498042533123,0.019561351649026053,detrend,,
NUST,2017,Onaga_KS_2017,40,0.11728279433368417,0.0370613630094442,0.04053293372172125,0.016888722384050522,-0.04644398655613893,0.04982173103294904,0.11231000385393597,0.1809908082157414,0.18662913626089345,-0.06098991381074949,0.0140739353200421,0.13482830036600335,detrend,,
NUST,2008,Ottawa_KS_2008,30,0.25787073248900694,0.22049171345695068,0.1103571038089279,0.30036711722188036,0.2545333200754305,0.24897096605280303,0.35354322167819846,0.2006897331363971,0.4272363150867825,0.5609077796417484,0.331738793909499,0.2616531332243936,detrend,,
NUST,2011,Ottawa_KS_2011,25,0.10734898832319356,0.11773760009640585,0.27741441068466866,-0.02116198694543242,0.08964987196883188,-0.07810696999859601,0.17429781975056158,0.3008849780241482,0.26308698999230173,0.1058099347271621,-0.03308965231467615,0.12697192167259452,detrend,,
NUST,2012,Ottawa_KS_2012,39,-0.1251202120007239,-0.09556106806527781,-0.09434630872546494,-0.028648074430586458,0.06762160324958218,-0.07683352824316299,-0.18018930207223993,-0.00840208543370557,-0.017513666823901458,-0.025307486246101116,0.19253935536033726,-0.1249177521107551,detrend,,
NUST,2013,Ottawa_KS_2013,69,0.19567937905771116,0.1551039051629136,0.2978762277598712,-0.04570906604447702,-0.06704727113638316,-0.04006394158095048,-0.07864809325398622,-0.02652660427521208,-0.11668417459075729,-0.07296643076804206,-0.02597853393894737,-0.013994062585958991,detrend,,
NUST,2014,Ottawa_KS_2014,104,0.036595742432785426,-0.02374455533066005,-0.024870167816566424,-0.057747654786428904,-0.041711677854511554,0.0008908876073287415,-0.0674567293094128,-0.03010346567758137,-0.06298429195499654,-0.0748452283282769,-0.09336715511058463,0.030599588716393178,detrend,,
NUST,2015,Ottawa_KS_2015,106,0.2267723359371442,0.10308291475836415,0.12218297975586945,0.07294400976889522,0.0444475793743054,0.1101516014350985,0.13459222799877515,0.136894715390983,0.17720632508215414,0.06808712170305635,0.16679682189591416,0.2309994407994251,detrend,,
NUST,2016,Ottawa_KS_2016,108,0.34421719787832655,0.38667927426652215,0.1915414058300814,0.4205717662456574,0.3039939790066726,0.41060170500710086,0.2551106687199704,0.28914606649803387,0.30101797779433065,0.2263061621769141,0.2938286131762475,0.2905322527476373,detrend,,
NUST,2017,Ottawa_KS_2017,40,0.5242272157368937,0.17768188020860357,0.08827806191990283,0.05816407905455872,-0.09212439617996235,0.05150335387250441,0.3812561568995591,0.41746798676255853,0.2939300121962661,0.31325640303968477,0.06810826031227359,0.4038650973062505,detrend,,
NUST,2019,Ottawa_KS_2019,119,0.17483900719924475,0.23475664582456177,0.10341285202094594,0.2638946999560748,0.18297188213953264,0.185852572081167,0.238812400884539,0.23623437923096258,0.042913251246955955,0.1563002409013455,0.21418944545017352,0.20755922954000888,detrend,,
NUST,2020,Ottawa_KS_2020,43,0.24006947864814945,0.3220057429870114,0.25230328032823757,0.20918290527064293,0.10814076546843347,0.2085787669160707,0.3177012572106841,0.2444494817187983,0.3641753845264807,0.18584806132528964,0.16062528502189805,0.19740220735648398,detrend,,
NUST,2005,Ottawa_ONT_2005,30,0.26953040729533284,0.3754729951339607,0.33496553507801474,0.36478970896535956,0.2708658180664079,0.4070777167160724,0.2468284241870554,0.27976855654024224,0.3701313520496602,-0.038949480823024976,-0.051413314686392965,0.23748054878952943,detrend,,
NUST,2006,Ottawa_ONT_2006,25,0.24172447501350028,0.2956120968317965,0.2886836883123013,0.23633571283167068,0.1508853410912295,-0.04080062794813858,0.3371825479487679,0.4988454134036567,-0.14205969644939512,-0.036951512103974564,0.2032333165718601,0.2217090726238474,detrend,,
NUST,2007,Ottawa_ONT_2007,43,0.5262760495318635,0.571730594986409,0.5524010872848082,0.472817879794624,0.40305043793415885,0.25792811839323465,0.46028390214436726,0.4389912413168227,0.22338859288749835,0.27714847016002153,0.3116883116883117,0.48942917547568704,detrend,,
NUST,2008,Ottawa_ONT_2008,27,0.46313540457158464,0.3770416774198464,0.33430011074877075,0.34345901789257266,0.34620669003571325,0.261639447407942,0.43138452647307124,0.41184552456629375,0.4476335877862595,0.38864295980199554,0.41795146266216177,0.46710426433389884,detrend,,
NUST,2013,Ottawa_ONT_2013,25,0.2784615384615384,0.31846153846153846,0.21999999999999997,0.3446153846153846,0.2723076923076923,0.33153846153846156,0.2353846153846154,0.2569230769230769,0.41000000000000003,0.37615384615384617,0.1746153846153846,0.2561538461538462,detrend,,
NUST,2014,Ottawa_ONT_2014,28,0.506090055375735,0.43492541805951485,0.43738880935123015,0.36020254887748365,0.355275766294053,0.17024770927188054,0.416313128299888,0.35719173729872045,0.44470364097666193,0.3965234054202026,0.5838237361365294,0.5567264319276609,detrend,,
NUST,2015,Ottawa_ONT_2015,26,0.4256410256410256,0.27589743589743587,0.22735042735042732,0.25196581196581197,0.187008547008547,0.13025641025641024,0.1794871794871795,0.1788034188034188,0.15182082629139299,0.2581196581196581,0.20820512820512818,0.40786324786324785,detrend,,
NUST,2016,Ottawa_ONT_2016,30,0.14260289210233593,0.2489432703003337,0.24404894327030033,0.08921023359288098,0.0002224694104560623,-0.009566184649610678,0.26852057842046717,0.29744160177975526,0.03381911245757468,0.19911012235817574,0.05094549499443826,0.2204671857619577,detrend,,
NUST,2017,Ottawa_ONT_2017,32,-0.09954170653050343,-0.3380385024719122,-0.3209899229003895,-0.047846013636208835,0.01686526151161384,-0.02016498658997307,-0.229880847125693,-0.15325389808379533,-0.046196151097029216,-0.1302713604693803,-0.3952337371634722,-0.0421631537790346,detrend,,
NUST,2019,Palmyra_NE_2019,38,0.10537834452496651,0.05996607767360503,0.17563057420827752,0.008754171923154018,-0.010833287754903099,-0.01707063525015034,-0.0036110959183010324,0.028779340197368837,-0.12507523135206305,-0.01816490674054459,-0.0368769492262863,-0.00853531762507517,detrend,,
NUST,2020,Palmyra_ONT_2020,50,0.3873802493373319,0.3284592668237697,0.3187111336124794,0.38901294159932137,0.37326226330718737,0.3858916181572826,0.21023313891147127,0.2845206368319934,0.3565511778021184,0.2533554227722527,0.3089630004011892,0.2805349468983132,detrend,,
NUST,2008,Phillips_NE_2008,49,0.3483673469387755,0.40948979591836726,0.3944897959183673,0.31663265306122446,0.29122448979591836,0.11448979591836735,0.36163265306122444,0.3775510204081632,0.22505676172531686,0.27846938775510205,0.2154081632653061,0.30969387755102035,detrend,,
NUST,2009,Phillips_NE_2009,62,0.23822714688994168,0.3774615966948559,0.30795769337390033,0.3559053136358929,0.3174767062200312,0.3004281038474635,0.4017627802835233,0.264114832619631,0.2955967715768392,0.47991034894699475,0.2084109796681985,0.2927222363053576,detrend,,
NUST,2010,Phillips_NE_2010,78,0.26375391234867457,0.38931428036468785,0.23801966429624355,0.3518952926560179,0.28260883315760543,0.2842148525692314,0.36601034437718,0.3601426458044332,0.4942933563542274,0.3651746138792578,0.3398944074463093,0.2089595650213117,detrend,,
NUST,2011,Phillips_NE_2011,104,0.0713169279692638,0.21309726393807918,0.15156914312145203,0.17196827039757326,0.1192740812674672,0.06376861073712164,0.2623880421889579,0.25519985917133364,0.2190572471132774,0.11751965773666637,0.24027120597379087,0.13682992014448472,detrend,,
NUST,2012,Phillips_NE_2012,122,0.16653503887701118,0.26728812607188523,0.23801718981828754,0.23044996877282145,0.18643451710225,0.2321352450755235,0.22946523869790927,0.27249596029356854,0.15308408621521655,0.2309328019750658,0.17449879552311306,0.16000541931987536,detrend,,
NUST,2013,Phillips_NE_2013,108,0.28701130125891916,0.42310266396230856,0.34170030844119476,0.4666738118323787,0.42392673836719785,0.4339966417887927,0.3321019851703747,0.28201445703505307,0.3940879308663142,0.4200455385601072,0.28586331321511393,0.39309301800391333,detrend,,
NUST,2014,Phillips_NE_2014,118,0.29939339048410735,0.34410208278709276,0.3616210827035624,0.27307654383034874,0.21306931272184085,0.2675984325368935,0.3651562905249388,0.3175539092834241,0.2887003469383252,0.30051933636260175,0.21921210151890191,0.2944083092070632,detrend,,
NUST,2017,Phillips_NE_2017,114,0.36975024756611236,0.40136166007587226,0.3266080610121134,0.4058532752550297,0.4002519192651517,0.3984982047722976,0.3897093815633061,0.37179557278295144,0.36366766030521985,0.3720643895294654,0.24386756823032169,0.3493050956956104,detrend,,
NUST,2019,Phillips_NE_2019,275,0.2964485862130277,0.392477594044176,0.35395301085647596,0.38782336970519615,0.3324138076284064,0.38341841698962803,0.3398662790454773,0.34599911110434756,0.3362215980808933,0.38696925314654546,0.3398706066778282,0.3242553551204922,detrend,,
NUST,2005,PineTree_AR_2005,30,0.2489432703003337,0.23692992213570632,0.22447163515016688,0.2956618464961067,0.36907675194660733,0.3508342602892102,0.020689655172413793,0.12658509454949946,0.22049171345695068,0.3548387096774193,-0.0914349276974416,0.13236929922135707,detrend,,
NUST,2017,Pontiac_IL_2017,48,0.5959941386405728,0.5267328890134898,0.5097975364400965,0.47359279231684864,0.37692015471039503,0.42170113507273316,0.5090918967495385,0.4852087072229581,0.4569412404994126,0.4341312496217943,0.3569994034461792,0.5622319934461798,detrend,,
NUST,2019,Pontiac_IL_2019,56,0.18493771065197886,0.16108139536181415,0.2088623821464134,0.01999418974892028,-0.034656595564795147,-0.06825366996340819,0.19761778654402914,0.19597723764155367,0.0898215873106498,-0.037425021837722575,0.18039202306803628,0.13445665379872201,detrend,,
NUST,2020,Pontiac_IL_2020,46,0.49685419059418306,0.3271033858126571,0.38995806243779335,0.30384900594251346,0.24364668564208855,0.17129287241217214,0.5852455071828193,0.5504564614354426,0.28313234769008644,0.3029854480693517,0.29330126334889395,0.5899950754852094,detrend,,
NUST,2006,PortagevilleClay_MO_2006,27,0.12271062271062269,0.23382173382173382,0.231990231990232,0.03418803418803419,-0.0586080586080586,-0.06532356532356533,0.2667887667887668,0.2216117216117216,0.20515952002116342,0.15262515262515264,-0.06349206349206347,0.08608058608058607,detrend,,
NUST,2008,PortagevilleClay_MO_2008,26,0.4455462537335249,0.4134040067258876,0.3518550230942419,0.4742691127616263,0.47871431713502294,0.27594460994854536,0.43289451820924213,0.4356300285928708,0.4073187414500683,0.41613951710951635,0.5012822777999597,0.5819798341170064,detrend,,
NUST,2010,PortagevilleClay_MO_2010,39,0.20303643724696357,0.0840080971659919,0.03502024291497976,0.10870445344129555,0.2,0.032995951417004045,-0.0008097165991902834,-0.039271255060728746,0.07763943758776386,-0.08218623481781377,0.035627530364372474,0.06497975708502025,detrend,,
NUST,2011,PortagevilleClay_MO_2011,42,0.18216441812286283,0.10890968770334859,0.18516267589445798,0.16660589130809872,0.22827276061036678,0.17973339830805596,0.18791783168457243,0.2337830721905958,0.019247133205962545,0.12835784622180368,0.1104493335860596,0.2169280014746013,detrend,,
NUST,2012,PortagevilleClay_MO_2012,39,0.13968318252617398,0.04757325781688535,-0.11306240208821475,0.17561617513254488,0.14089781889596684,0.2230882132519475,0.04038665929561118,0.009615871260859806,-0.003542689411895718,0.1681259175188225,0.07986234131387775,0.22207601627712015,detrend,,
NUST,2014,PortagevilleClay_MO_2014,75,0.3294664894026546,0.2161212544145128,0.19082910735014083,0.007069852132166975,-0.12631848477594113,-0.09213567859164085,0.09163780168092486,0.1904592559307518,0.05885030655646756,0.05577643905478211,0.025861149248047405,0.2244998115691332,detrend,,
NUST,2015,PortagevilleClay_MO_2015,71,-0.10478482155663031,-0.12832745069177337,-0.14075272717976553,-0.10649518350234582,-0.07329403985022101,-0.07560805895324789,0.02555481965951426,0.10267202150604056,-0.004124990574960963,-0.026041099036237293,-0.06618429999744277,0.05256847744919764,detrend,,
NUST,2016,PortagevilleClay_MO_2016,77,0.08849220174051271,0.06317491407678315,-0.012119698455845623,0.0888865520156487,0.07620161816544152,0.0916207139232581,0.011593898088997657,0.012408888657612003,-0.0032206119163336556,0.016273628310683796,0.0561160441518492,0.09940255935260803,detrend,,
NUST,2019,PortagevilleClay_MO_2019,46,-0.004564520186712545,-0.10048112681290183,0.006846780280068817,-0.11984949625381722,-0.1443992129337036,-0.09227732701786442,-0.06871453362159155,0.04922279877022447,-0.06464347507668577,-0.10004934787632092,-0.08296323852876179,-0.11978781354859137,detrend,,
NUST,2020,PortagevilleClay_MO_2020,39,0.19656865251147096,0.10962093237380177,0.25436509977411254,-0.14788197802227554,-0.2950554181621719,-0.18816741762040398,0.21428209957094957,0.24981021338738948,0.14504782649275896,-0.02682321983292472,-0.18735766004054208,0.22592236478146407,detrend,,
NUST,2005,PortagevilleLoam_MO_2005,45,-0.06732986377349379,-0.07846366707850401,-0.08722577263806829,-0.06074181448058833,-0.08406350897747365,0.040648264137226685,-0.08597404327241624,0.07536728391083845,0.01410121256314951,-0.1287347235273692,-0.000988207393935819,-0.0559984189896964,detrend,,
NUST,2006,PortagevilleLoam_MO_2006,27,0.5158730158730158,0.4065934065934066,0.3742368742368742,0.3724053724053724,0.3137973137973138,0.16788766788766787,0.2496947496947497,0.18925518925518922,0.2338574290717428,0.23015873015873015,0.1978021978021978,0.2991452991452991,detrend,,
NUST,2007,PortagevilleLoam_MO_2007,45,0.20092226613965739,0.23214756258234515,0.13965744400527005,0.3378129117259551,0.3999999999999999,0.3245059288537549,0.026350461133069828,0.1758893280632411,-0.026353933553343593,0.027800652210476798,0.4536231884057971,0.1828722002635046,detrend,,
NUST,2008,PortagevilleLoam_MO_2008,26,0.4803418803418803,0.43863247863247856,0.30735042735042734,0.5753846153846154,0.5049572649572649,0.5213675213675213,0.4858119658119658,0.42837606837606834,0.6295093270325551,0.6806837606837607,0.5193162393162393,0.5097435897435897,detrend,,
NUST,2011,PortagevilleLoam_MO_2011,25,0.10307692307692308,-0.15153846153846154,0.1176923076923077,-0.27615384615384614,-0.2538461538461539,-0.37615384615384617,-0.08461538461538462,0.03230769230769231,-0.24817239236007113,-0.12923076923076923,-0.22538461538461538,-0.36153846153846153,detrend,,
NUST,2013,PortagevilleLoam_MO_2013,51,0.06932440389015324,0.06936965480653062,0.07977736557332908,-0.0856147337860117,-0.2503280693996917,-0.026833793411789077,-0.03484320561058615,0.01819086838370862,0.007104715358856005,0.04461740354810123,-0.021041676115483847,0.09226661849348723,detrend,,
NUST,2014,PortagevilleLoam_MO_2014,40,0.3201050769317683,0.13800544201835616,0.11070456939609807,0.08940801240210293,0.006473402786720989,0.04362510573659797,0.2870813409763221,0.3205741640902263,-0.07421655094764497,-0.04306220114644831,0.23670138015792833,0.35838258906194465,detrend,,
NUST,2015,PortagevilleLoam_MO_2015,49,0.11791417944834777,-0.002653196595116436,0.06949334158747282,-0.025409459699384334,-0.04607377933442581,-0.01102097047202212,0.04566559524286943,0.14138476471283934,0.2342466455419146,-0.12429205587891613,0.14087453459839386,0.2383795094689229,detrend,,
NUST,2016,PortagevilleLoam_MO_2016,53,0.3670597728716548,0.2132043144711457,0.22739643222716752,0.15889527294455094,0.03584316103722552,0.1722407018571737,0.16699929473137018,0.09696603182736487,-0.023547912345262663,0.059914523071036875,0.3855659718773764,0.3293619600822219,detrend,,
NUST,2019,PortagevilleLoam_MO_2019,46,0.20752389762565526,0.1463459759481961,0.25908109774899785,0.06173296330558124,0.0625963613937712,0.027197039777983347,0.10255935861856304,0.17557816836262718,0.08418131359851988,0.1452358926919519,0.03903792784458834,0.1494295405488745,detrend,,
NUST,2020,PortagevilleLoam_MO_2020,39,0.07096219143406753,-0.032191122505040616,0.05476540023656281,-0.18322620042177204,-0.18616186882631977,-0.2831401561213793,0.03785999942416726,-0.013058662902988174,-0.16692817927928294,-0.15984208313037462,-0.0999139556996072,0.09090449059599522,detrend,,
NUST,2008,Queenstown_MD_2008,26,0.06770388199481038,-0.007180714757025343,0.09198153664951511,-0.1118139869308232,0.027013165038333436,-0.24790562851635112,-0.21952470828620335,-0.11557531370831267,-0.4319425444596443,-0.24756368971839754,-0.1176269464960342,-0.04069071695647694,detrend,,
NUST,2011,Ridgetown_ONT_2011,25,0.4130769230769231,0.5223076923076923,0.21384615384615382,0.4553846153846154,0.4076923076923077,0.5030769230769231,0.4230769230769231,0.42076923076923073,0.6874771913488392,0.5484615384615384,0.3823076923076923,0.5446153846153846,detrend,,
NUST,2012,Ridgetown_ONT_2012,26,0.5596581196581196,0.6054700854700855,0.4591452991452991,0.6034188034188035,0.5808547008547009,0.5377777777777777,0.5432478632478631,0.4441025641025641,0.24102564102564097,0.47282051282051274,0.5979487179487181,0.5063247863247863,detrend,,
NUST,2014,Ridgetown_ONT_2014,33,0.4730068593563828,0.48002674914188387,0.5303359592713084,0.4216948078290296,0.329767679685563,0.3513287697410306,0.4551228544266538,0.4089921501219324,0.4028416228026885,0.2674243727809938,0.25438743460792035,0.44091593462266354,detrend,,
NUST,2015,Ridgetown_ONT_2015,52,0.3407543391050091,0.3134325178788495,0.3104441936822383,0.3027599314623809,0.2985335872414594,0.32713611883759514,0.2944780044032013,0.30352835768436665,0.24141390474051946,0.21029264275009707,0.21767807255029334,0.3298256106145453,detrend,,
NUST,2016,Ridgetown_ONT_2016,43,0.2032618544246451,0.26517668378133497,0.12443370582905465,0.3453639383871942,0.26744186046511625,0.22228933856840832,0.21987315010570824,0.11144669284204169,0.22504153707816463,0.3950468136514648,0.2789187556629417,0.3252793717909997,detrend,,
NUST,2017,Ridgetown_ONT_2017,34,0.6097784568372803,0.6586707410236822,0.46371275783040483,0.6018334606569901,0.45393430099312443,0.4597402597402597,0.414209320091673,0.45393430099312443,0.3268143621084797,0.43896103896103894,0.5535523300229183,0.6598930481283422,detrend,,
NUST,2019,Riley_KS_2019,40,0.39714782022974887,0.36637425891735637,0.3446075935988348,0.3125205266206694,0.249378432830303,0.32312239378012175,0.29197354513465124,0.2504104729962674,0.4765434436438486,0.37370989092999585,0.3661866152508174,0.40559178522400297,detrend,,
NUST,2007,Rippey_IA_2007,28,0.157088122605364,0.2556102900930487,0.2961138478379857,0.14997263273125339,-0.07717569786535304,0.1023535851122058,0.1839080459770115,0.18117131910235357,0.13683634373289547,-0.06841817186644773,0.06732348111658455,-0.016420361247947456,detrend,,
NUST,2005,Rohwer_AR_2005,30,0.056729699666295874,0.025583982202447165,0.07096774193548387,0.021134593993325918,0.06785317018909899,0.06251390433815351,0.022914349276974413,0.0896551724137931,0.13327400238215284,0.14883203559510566,-0.06206896551724137,0.0011123470522803117,detrend,,
NUST,2019,Romney_IN_2019,66,0.20455067320738965,0.24287652645861602,0.3426573426573427,0.15015134119611734,0.09637824861705462,0.21607347876004596,0.14238597223671853,0.0530842292036322,0.17516465402556583,0.1901968563125674,0.06949170232752325,0.04164492224193717,detrend,,
NUST,2020,Romney_IN_2020,126,0.12725761989811304,0.20909437235097744,0.14412471391770315,0.29325886176973226,0.38035402002311985,0.28138320371823716,0.09795993053490189,0.1106544960499126,0.1740069473199456,0.23001100877256764,0.18348626606514418,0.17297245412513648,detrend,,
NUST,2005,Rosemount_MN_2005,30,0.17597330367074526,0.2596218020022247,0.2146829810901001,0.2667408231368187,0.26184649610678534,0.33125695216907675,0.12169076751946609,0.21023359288097884,0.1568409343715239,0.0896551724137931,0.17285873192436038,0.11590656284760845,detrend,,
NUST,2006,Rosemount_MN_2006,25,0.09347951702060858,0.08732448709332571,0.08270821464786356,0.30813618573459867,0.3873821960483656,0.34506636529829593,0.3254472074050817,0.21234853249125904,0.2914582531742978,0.4250817543529732,0.04577803508416634,0.07616849535012553,detrend,,
NUST,2007,Rosemount_MN_2007,38,0.18743845059634534,0.054163475216106795,0.06444906444906445,0.06554327606959186,0.08348834664624137,-0.09880730933362511,0.1480468322573586,0.13776124302440093,-0.04071581173602808,0.04257415008417046,-0.044534412955465584,0.185031185031185,detrend,,
NUST,2008,Rosemount_MN_2008,37,0.3711694630431048,0.3780451669257302,0.3818386587230407,0.35457293642987114,0.31296307327812095,0.24171655545988205,0.39393041382696814,0.3210242433474058,0.2712507409602845,0.20010669230813186,0.24610278035052238,0.45569320215193065,detrend,,
NUST,2009,Rosemount_MN_2009,34,0.42215431627196337,0.21680672268907558,0.3130634071810542,0.226890756302521,0.1550802139037433,0.34576012223071045,0.147440794499618,0.09915966386554621,0.09461215822562258,-0.0016806722689075631,0.11504965622612681,0.38487394957983184,detrend,,
NUST,2010,Rosemount_MN_2010,26,0.2786324786324786,0.401025641025641,0.16717948717948716,0.5049572649572649,0.40170940170940167,0.5494017094017093,0.16034188034188035,0.08170940170940172,0.4372649572649573,0.42297829306858814,0.29914529914529914,0.21025641025641023,detrend,,
NUST,2012,Rosemount_MN_2012,42,0.23476499266712791,0.3716369542186567,0.25818476583965116,0.3811183156760451,0.3493517029299235,0.31126418254554306,0.3916531617398098,0.40648298350649414,0.3764991908634713,0.2991085909335068,0.39489465283635283,0.31653160557742543,detrend,,
NUST,2013,Rosemount_MN_2013,42,0.24276567702219592,0.3684040073675728,0.1970495361739427,0.41768665565788843,0.424819670542013,0.40423119576283517,0.30631435508076077,0.2938315790335427,0.41784876963252754,0.4348707369696431,0.23028290097497786,0.3011267078923065,detrend,,
NUST,2014,Rosemount_MN_2014,37,0.18992294146508934,0.07931238941332382,0.06532305914311125,0.19229401439224397,0.21481920720021339,0.1771191476584541,0.17937166693925102,0.15684647413128164,0.045292862224330085,0.10053349211135815,0.11713100260144085,0.18909306594058517,detrend,,
NUST,2015,Rosemount_MN_2015,41,0.1045523875815004,-0.05584840036645147,-0.13051623049757302,-0.012110651561523798,0.010019603809893788,0.037551732539688895,-0.0737094332449578,0.02134611246455633,0.05768057942419693,-0.08242572225874668,0.0006970159172100028,0.09130908515451037,detrend,,
NUST,2016,Rosemount_MN_2016,48,0.2609639600521059,-0.050694745983499774,-0.11626139817629179,0.2339339991315675,0.31697785497177594,0.28169778549717756,0.0420104211897525,-0.013460703430308293,-0.2972914296297283,-0.10281185599619237,-0.067629179331307,0.24533217542336083,detrend,,
NUST,2017,Rosemount_MN_2017,44,0.19401670261173098,0.15870890457014827,0.12037069671661335,0.15173191453797924,0.18252933518502845,0.2061383418595398,0.24821170599292283,0.22255893456151346,0.20882373669744164,0.15321188212056056,0.0348849501608452,0.21734381069908404,detrend,,
NUST,2019,Rosemount_MN_2019,76,0.30968085906983905,0.31456127520403465,0.2597557057866955,0.3525929774038445,0.35676252059972585,0.3604946035258754,0.35354992174388283,0.3823266051121789,0.28309921739436117,0.37213848738129734,0.30396653429646725,0.3820121805433092,detrend,,
NUST,2020,Rosemount_MN_2020,77,0.27501988187982873,0.2972612373974977,0.2303005606794092,0.2846288835839753,0.2648193547629782,0.24394508019911393,0.31127381717399605,0.3018488455982462,0.21251676001520595,0.24865099348240324,0.2797915202089741,0.3199363782178163,detrend,,
NUST,2005,SCharleston_OH_2005,44,0.17490132549786483,0.0032774175440865253,0.027593741258276877,0.09434028780128634,0.1802579649247589,0.18053989331564807,0.11111502705919156,0.10220624515401423,0.24683482882319396,0.2829749763762972,-0.35963490362798917,0.20549055590933907,detrend,,
NUST,2006,SCharleston_OH_2006,27,0.4597069597069597,0.30830280830280826,0.3125763125763126,0.2277167277167277,0.2087912087912088,0.11538461538461539,0.44749694749694746,0.35347985347985345,0.3312977253678798,0.3791208791208791,0.021978021978021976,0.4413919413919414,detrend,,
NUST,2008,SCharleston_OH_2008,34,0.16411980631719383,0.26879584665916567,0.18811124914009833,0.34841076201415444,0.3274755539457601,0.21653423235704247,0.048135697383534494,0.16427261805491933,0.05181109582760203,-0.007640586886275317,0.0794621036172633,0.22402200750559229,detrend,,
NUST,2009,SCharleston_OH_2009,26,-0.21162393162393162,-0.20888888888888887,-0.19316239316239317,-0.1658119658119658,-0.1528205128205128,-0.07213675213675212,-0.13162393162393163,-0.2861538461538462,0.1689177661890724,0.1794871794871795,-0.046837606837606835,-0.1152136752136752,detrend,,
NUST,2010,SCharleston_OH_2010,34,0.09915966386554621,0.04079449961802903,0.03896103896103896,0.0294881588999236,0.0985485103132162,0.0035141329258976317,0.08601986249045072,0.08113063407181054,0.02155304414942574,0.14974406033464935,-0.1605805958747135,-0.012681436210847974,detrend,,
NUST,2011,SCharleston_OH_2011,37,0.2705233837957091,0.3721178359924325,0.1435599552044714,0.3326418119766695,0.2213265370493378,0.27455396883035155,0.10100171910339356,0.004386224890640331,0.37945343596224224,0.3594333477951753,0.10550649061269987,0.2163475790653677,detrend,,
NUST,2012,SCharleston_OH_2012,29,0.17783251231527092,0.09605911330049259,0.10837438423645318,0.10295566502463052,0.12413793103448274,0.06551724137931034,0.18669950738916252,0.1133004926108374,0.24236453201970437,0.09162561576354677,0.15665024630541868,0.16699507389162557,detrend,,
NUST,2013,SCharleston_OH_2013,41,0.02177984946941049,-0.056714728018344915,-0.11142570988550408,0.01716252138189547,0.0710023092702782,-0.00531428327053616,-0.06795313034456073,-0.11081587410036058,-0.16726924392507253,-0.15550812521159088,0.07771050290685663,0.008189223400498345,detrend,,
NUST,2014,SCharleston_OH_2014,63,0.2083863380577696,0.1021049852681124,0.2695677220371816,0.004008352736195292,-0.0027602429021704104,0.04224371745930368,0.08463144759176407,0.013081151145068469,-0.05069246095116441,-0.019105681305457797,-0.025298226251196633,0.1596140460820281,detrend,,
NUST,2015,SCharleston_OH_2015,84,0.2128635432377553,0.08283089075476009,0.0645657731748081,0.08054268866325834,0.06098159821732306,0.12570936800037907,0.10941858408344851,0.1420710254334181,0.11265908656009913,-0.018265117579951987,0.15476750960484817,0.205178829133995,detrend,,
NUST,2016,SCharleston_OH_2016,84,0.3268519127910302,0.1710143313494189,0.13193344099308968,0.20981173338191986,0.22477586704685626,0.27194629921528574,0.05820622763174527,0.10332136945241964,0.2064849267456597,0.10160070467454366,0.10839378553234734,0.26464647487670717,detrend,,
NUST,2017,SCharleston_OH_2017,75,0.28603129445234704,0.2719487908961593,0.2914935988620199,0.23485064011379803,0.2112375533428165,0.10079658605974395,0.1977681206886486,0.16690019132848408,0.07694277302020304,0.04374142063709951,0.013086770981507824,0.27843527738264584,detrend,,
NUST,2014,SaginawCounty_MI_2014,25,0.14076923076923076,0.15923076923076923,0.14384615384615382,0.11230769230769232,0.012307692307692308,0.06307692307692309,0.12538461538461537,0.052307692307692305,0.047335008848689235,0.05924216305009762,0.12846153846153846,-0.003076923076923077,detrend,,
NUST,2017,SaginawCounty_MI_2017,28,0.41905022973512723,0.4026276211236918,0.38018338935473006,0.4475160846616153,0.34159025911785684,0.42370330217503394,0.42890379490198843,0.42726153404084494,0.469960316430577,0.3807308096417779,0.2923224332835505,0.5107431278156417,detrend,,
NUST,2019,SaginawCounty_MI_2019,41,0.6045215018729576,0.5356100581517429,0.5269852377618561,0.5541664898996805,0.493444269578964,0.5039857167221587,0.5341290283878228,0.49962974682827666,0.32091665607941156,0.4113623495386647,0.41094219978883717,0.5476325350588573,detrend,,
NUST,2020,Saginaw_County_MI_2020,29,0.6069713064884449,0.4948885368243855,0.48873014288679967,0.4532577938063062,0.44217268471865195,0.3773863804952506,0.13228230177934044,0.22342653205560853,0.3712737127371274,0.4438970350211759,0.408178350183179,0.5601675125627936,detrend,,
NUST,2020,Savoy_IL_2020,43,0.05904783482895975,0.11650998611391929,-0.0036999282693337947,0.1344810662792549,0.12451391257411078,0.1695926304678307,-0.04485219167314845,-0.14105032667582715,0.2725624983890547,0.09438592523810703,-0.1129610753249665,-0.07784951113639067,detrend,,
NUST,2019,Shelly_MN_2019,44,0.12431289640591965,0.23439041578576464,-0.04693446088794925,0.43424947145877374,0.4614517265680056,0.2693446088794926,0.019591261451726565,0.0005637971743166901,-0.11771347808206051,0.32774059138590983,0.08132487667371388,0.23396758280479207,detrend,,
NUST,2020,Shelly_MN_2020,49,-0.28663996539851055,-0.34276384612801597,-0.32031429383621385,-0.3334778949527705,-0.32220209709711534,-0.21873006971580897,-0.3366412409575244,-0.4190519924485943,-0.32284143775615987,-0.38526118038606316,-0.30485471578072276,-0.46434858047202643,detrend,,
NUST,2006,StBrunoMontarville_QUE_2006,26,0.3983586996159298,0.2379894033756971,0.2208924634780177,0.3429646143474485,0.3395452263679127,0.290306039462596,0.3159514493091151,0.11318174212263755,0.29616963064295476,0.3289451236313515,0.39596512803025463,0.4373397225826388,detrend,,
NUST,2006,StHyacinthe_QUE_2006,42,0.34844617345565393,0.3344272925236009,0.2915603097891728,0.28078278861019557,0.21814351138200475,0.1066407358761955,0.3015274910298811,0.2834569104064832,0.31754457050243107,0.14180948919706848,0.29026376588794245,0.29326202365953763,detrend,,
NUST,2007,StHyacinthe_QUE_2007,44,0.36673713883016207,0.41028893587033116,0.3988724453840733,0.35532064834390414,0.3055673009161381,0.2510218463706836,0.24143763213530656,0.2493305144467935,0.3692741367159972,0.29344608879492595,0.1749119097956307,0.28682170542635654,detrend,,
NUST,2008,StHyacinthe_QUE_2008,30,0.07764182424916574,0.09499443826473859,0.08609566184649611,0.03181312569521691,-0.0460511679644049,-0.15639599555061176,0.0771968854282536,0.0731924360400445,0.09322505341923547,-0.10923248053392658,0.17819799777530587,0.09232480533926585,detrend,,
NUST,2009,StHyacinthe_QUE_2009,42,0.03735667115419918,0.2820793325114259,0.14837324269704708,0.27178801529541013,0.15104736449333467,0.32381183933227753,0.17697824251794148,0.169523115085867,0.09286495692562313,0.35623987034035653,0.33783072026433053,0.0696892346911308,detrend,,
NUST,2010,StHyacinthe_QUE_2010,33,0.12267067812529231,0.1945349718499186,0.0772123341878543,0.07470544022071617,0.011531712248835382,0.05264477330990066,0.14673686020981833,0.14790674406114945,0.08724720040113655,-0.012201236837706837,0.1039525365039943,0.1570986886073226,detrend,,
NUST,2011,StHyacinthe_QUE_2011,32,0.5099440952587616,0.5064613713874762,0.4019796552489088,0.3887819647893003,0.2788012109592295,0.37283475548394,0.40069654645422464,0.3658693077413689,0.3078617689923236,0.2963981315720408,0.316377968517837,0.5002291286704388,detrend,,
NUST,2012,StHyacinthe_QUE_2012,31,0.6501310880319873,0.6378302206715806,0.6011292721536458,0.5158298148839403,0.43012705048766403,0.35914499621121876,0.6505343951585579,0.767291808300779,0.5059487902829578,0.40209720519099956,0.6462996703295655,0.7455132234659606,detrend,,
NUST,2013,StHyacinthe_QUE_2013,69,0.4976341421873897,0.5393426757831095,0.4392093106328073,0.5484041881192799,0.5282715538562562,0.555547436755253,0.4991139456132562,0.4866360969729248,0.4475564082230455,0.5174013928884711,0.5009225942448708,0.5280340545409936,detrend,,
NUST,2014,StHyacinthe_QUE_2014,51,0.05013801534614216,0.02579302233510923,0.14729173280838692,-0.03638173676741724,-0.09308113498828016,-0.05520611798040924,-0.022489705439560154,-0.00909543419185431,-0.16549726963671066,-0.16376677154224697,-0.03484320561058615,-0.01800986471819908,detrend,,
NUST,2015,StHyacinthe_QUE_2015,70,0.6838366519575603,0.5842635686935526,0.5356055569983839,0.6087587921287329,0.6025824965054338,0.6150750604573758,0.5493928684747568,0.5338034084170813,0.5607978653816813,0.5500625508709535,0.42829898176412645,0.6194142143230363,detrend,,
NUST,2016,StHyacinthe_QUE_2016,57,0.2698471863047212,0.2586008526934147,0.18830316507691935,0.32828274682687025,0.34409891628599865,0.3316858160752483,0.17410750478368514,0.17637621761593716,0.2298578597914723,0.17671177378546157,0.37738417455346795,0.19621124980648358,detrend,,
NUST,2017,StHyacinthe_QUE_2017,49,0.41562284765686486,0.49894129968530343,0.3975611624039149,0.44031735517784726,0.3814893238313747,0.44388887486063405,0.3634276385784248,0.3323554173381804,0.46581458237665185,0.379499477150965,0.37853006466563716,0.3936835124626037,detrend,,
NUST,2019,StHyacinthe_QUE_2019,48,0.5306443803066724,0.5310786672675372,0.4758699373676,0.5467672837287779,0.5468758554689942,0.52385864654316,0.627056085618657,0.541881555419049,0.4900928353359221,0.47635851019857295,0.4114868954193941,0.5275500857105108,detrend,,
NUST,2020,StHyacinthe_QUE_2020,77,0.2723478649558333,0.3645720369974437,0.30778634383613285,0.34376376100800965,0.28600534995458377,0.35768414273435883,0.3351407483427736,0.3396362823847107,0.3111797568189287,0.27449047328576237,0.09390671109824186,0.33872928867449537,detrend,,
NUST,2007,StMathieudeBeloeil_QUE_2007,29,0.20788177339901473,0.3068965517241379,0.3113300492610837,0.24088669950738908,0.18571428571428567,0.16600985221674872,0.2842364532019704,0.247783251231527,0.13210107251791486,0.1493346657467066,0.14334975369458125,0.20394088669950733,detrend,,
NUST,2008,StMathieudeBeloeil_QUE_2008,35,0.46022408963585437,0.33109243697478996,0.4086834733893558,0.2935574229691877,0.2798319327731093,0.3638655462184874,0.45742296918767517,0.4554621848739496,0.4309825628609484,0.3369747899159664,0.3647058823529412,0.4434173669467787,detrend,,
NUST,2009,StMathieudeBeloeil_QUE_2009,35,0.33613445378151263,0.21260504201680674,0.13445378151260504,0.2647058823529412,0.21960784313725493,0.32941176470588235,0.1773109243697479,0.1341736694677871,0.36217165093786746,0.22184873949579834,0.32072829131652664,0.47030812324929977,detrend,,
NUST,2010,StMathieudeBeloeil_QUE_2010,34,0.32528647822765466,0.41787624140565316,0.3130634071810542,0.4065699006875478,0.36562261268143614,0.37723453017570663,0.32192513368983955,0.12421695951107714,0.5019098548510313,0.3992665608718763,0.35003819709702055,0.2510313216195569,detrend,,
NUST,2011,StMathieudeBeloeil_QUE_2011,31,0.31256302309230155,0.18431135684281524,0.11433757038279675,0.12341198073063778,0.08449284301656411,0.17886671063411066,0.22605364444288392,0.11917725590164532,0.21859246260132575,0.22585199087959856,0.03670094851793476,0.3530953893126581,detrend,,
NUST,2012,StMathieudeBeloeil_QUE_2012,46,0.33263430833485697,0.35644236378029637,0.22636156343202765,0.40560044717411814,0.344908409458283,0.3750693916158474,0.2546104996859428,0.288780610351159,0.21791155411590019,0.2956269682642258,0.293159812259517,0.3402824919494541,detrend,,
NUST,2013,StMathieudeBeloeil_QUE_2013,44,0.2292621050164823,0.40404538827528225,0.3182747206438469,0.3807174581306601,0.3534428086866458,0.38558038012455415,0.37409260787810883,0.3364578202731898,0.3258862507212462,0.40926069592090764,0.154415392588722,0.315385158299649,detrend,,
NUST,2014,StMathieudeBeloeil_QUE_2014,42,0.30671366663480243,0.3201653096100672,0.4417163003504116,0.26716907764727704,0.20760909218450826,0.11385276132678927,0.338235890233465,0.37624083333827935,0.1363544332957692,0.1446515397082658,0.4223491758257834,0.31668084787551065,detrend,,
NUST,2015,StMathieudeBeloeil_QUE_2015,44,0.21903520222203413,0.10592339412474816,0.17576376909322813,-0.0054265478027981425,-0.0508122203352917,-0.0626519609959422,0.16032982144630878,0.15877937921693788,-0.04884065120868277,-0.09683216468889153,0.08527432261539938,0.2837309279748743,detrend,,
NUST,2016,StMathieudeBeloeil_QUE_2016,30,0.2721406386911927,0.18647085463877314,0.3380062388977284,-0.06408544884960223,-0.1978193195392235,-0.22785937368747453,0.5122385529575844,0.512461071877201,-0.11794814805409522,-0.12616822742265435,0.3052959577140772,0.3793947579464298,detrend,,
NUST,2017,StMathieudeBeloeil_QUE_2017,35,0.08656068373352815,-0.16891939252853552,-0.1895090697272874,0.12129700989196662,0.1638770226023106,0.15197142694316834,-0.16569787840900294,-0.16247636428947032,-0.15827438935094953,0.052952301033442714,-0.1720008408167841,-0.0026612507943964965,detrend,,
NUST,2007,StPauls_ONT_2007,25,0.10425081939335361,0.2742835211345429,0.3377572672596475,0.18349682970712056,0.11540681113655381,-0.005000961815917332,0.31506059440279194,0.3015964664368606,0.08702351444686328,0.04889317465873491,0.13925755210477492,0.13848817336386457,detrend,,
NUST,2009,StPauls_ONT_2009,27,0.6178266178266179,0.5207570207570207,0.5543345543345543,0.3473748473748474,0.2271062271062271,0.3724053724053724,0.37851037851037844,0.32905982905982906,0.31770285727525194,0.39072039072039066,0.07753357753357752,0.6239316239316238,detrend,,
NUST,2010,StPauls_ONT_2010,26,0.4369977837846852,0.4007522712016049,0.28791246787692093,0.4387074777744531,0.3928876788486724,0.31560951051116154,0.24756368971839754,0.16276286782590776,0.4609334996414364,0.34610123119015046,0.3669003302041997,0.37339716736531786,detrend,,
NUST,2011,StPauls_ONT_2011,27,0.6002137148238202,0.6017401993477872,0.5779270407739022,0.4878644538598499,0.41550908742381454,0.5034345960043132,0.5092352371953877,0.46221951385720444,0.40116013289852487,0.36330331670414356,0.3724622238479455,0.5061822681474537,detrend,,
NUST,2013,StPauls_ONT_2013,37,0.2692991988263827,0.3246768852429044,0.2599312390257291,0.28139453932849234,0.24605717197919158,0.2567295312457589,0.311514308814138,0.34068542414275543,0.2976402417676004,0.27084076183155353,0.1315071825180354,0.2968101693802007,detrend,,
NUST,2014,StPauls_ONT_2014,28,0.3444688358835414,0.2612267642550862,0.2869660890349375,0.24808327926111967,0.19605698449333514,0.12212488140227303,0.28751373424301946,0.32201538235218174,0.23658272989139886,0.23932095593180855,0.310514832982461,0.39539984023516195,detrend,,
NUST,2015,StPauls_ONT_2015,52,0.6489486677212307,0.639854847574874,0.644038858722024,0.5855053966532209,0.5218059616374265,0.5346568530179587,0.5764969644894591,0.5735510790899351,0.5349130169657434,0.49221902566829406,0.45567296911767735,0.5864019704704674,detrend,,
NUST,2016,StPauls_ONT_2016,43,0.3607807606301403,0.4227734363265289,0.3433382416461381,0.33812813857299456,0.23573828687469608,0.2756069016952725,0.2576358215299369,0.3369199987299468,0.4043348589172191,0.2430626346731732,0.33329557920080355,0.3454524863714717,detrend,,
NUST,2017,StPauls_ONT_2017,34,0.43349377466265326,0.4331881745395213,0.3315761335981522,0.44205057811034754,0.3855145553309391,0.4229505704146014,0.4724577903619753,0.45152418192743754,0.3048361228241076,0.35067614129389824,0.22629689117919966,0.4429673784797433,detrend,,
NUST,2019,StPauls_ONT_2019,40,0.5439789892964999,0.5132054279841074,0.4545667821906764,0.4977248254946416,0.49519163599636545,0.4534409201914426,0.48318244133787075,0.5011024114923432,0.3720035689135257,0.38129193040720516,0.38204250507336107,0.5109537039856397,detrend,,
NUST,2007,StevensCreek_NE_2007,40,0.2789868667917449,0.2302063789868668,0.24146341463414636,0.12195121951219516,0.10431519699812385,-0.05103189493433397,0.30487804878048785,0.35741088180112573,0.11287296126673765,0.17458605019440931,0.12645403377110695,0.23808630393996255,detrend,,
NUST,2015,StevensCreek_NE_2015,72,0.14357951942324712,0.07897677484960691,0.009743470187064698,0.1844024085403383,0.24287930799636848,0.12303140902874433,0.07908932318510106,0.11422048219291685,0.0460487177425838,0.042012685806600746,0.030838243925396185,0.13081332251148248,detrend,,
NUST,2017,StevensCreek_NE_2017,61,0.19601258633468513,0.3001401413037921,0.22025965792093985,0.24313175925366648,0.18189269950037754,0.2254422381073149,0.1685418512251167,0.11444134485445637,0.2157173832566503,0.21354628027832478,-0.03215315054404115,0.11798302444696679,detrend,,
NUST,2020,StevensCreek_NE_2020,246,0.2530182565507658,0.3109282359371464,0.21563457799880031,0.394190179837852,0.373975836214516,0.3884947439854502,0.3236173171728103,0.1858587861604387,0.325066930796349,0.40313778976802817,0.3206428414392652,0.1969215788344692,detrend,,
NUST,2005,Tekamah_NE_2005,30,0.09569378049671877,-0.07343941293934231,-0.09947702298147278,-0.038722599549835035,-0.057193724622457504,-0.13664181680229145,-0.08389896569130925,0.15425709611398397,-0.10449449129139408,-0.15922505529604486,0.11972849745868536,0.08122844158442408,detrend,,
NUST,2006,Tekamah_NE_2006,25,0.25,0.2123076923076923,0.06076923076923077,0.25846153846153846,0.10461538461538461,-0.027692307692307697,0.036923076923076927,-0.08076923076923077,0.0934795170206086,-0.07153846153846154,0.0876923076923077,0.09538461538461537,detrend,,
NUST,2005,Urbana_IL_2005,68,0.190561626195632,0.23516724723120813,0.24652383452952553,0.22749439329184068,0.2172639213726842,0.30265782317549444,0.14137519683804547,0.089948655319777,0.17574120774671945,0.16802191327248833,-0.3204848022286515,0.20107839863491417,detrend,,
NUST,2006,Urbana_IL_2006,60,0.2339571264066627,0.29886494674941383,0.274413370592898,0.3077286431061508,0.28522207868935784,0.30906236544196075,0.4033676489365229,0.40964725826762804,0.20451261539517057,0.12442517957827025,-0.004279025827390269,0.3774156351522209,detrend,,
NUST,2007,Urbana_IL_2007,77,0.07547814657240982,0.14994413409116664,0.164469273757226,0.13861321065936286,0.048136707201003964,0.16059152153868525,0.18635557017712542,0.14628984555979604,0.0292878504115564,-0.08885602551926189,0.2304042063951932,0.06625041078456034,detrend,,
NUST,2008,Urbana_IL_2008,62,0.4475056038313544,0.34276864230436493,0.2660354079276549,0.37802513332090387,0.3286156794820115,0.28812108122872965,0.46072678796255656,0.38900501195176884,0.3553566033160728,0.3501725054178381,0.36538316297068774,0.4854818812977406,detrend,,
NUST,2009,Urbana_IL_2009,60,0.1753264795776605,0.1941650458460684,0.13464851347596557,0.2275076410113921,0.2614615170880801,0.25307029730480696,0.16749096971380942,0.18516511762161528,0.12081637200152044,0.19433445868030866,0.058849680466796346,0.16204501250347322,detrend,,
NUST,2010,Urbana_IL_2010,101,0.271774487117056,0.34486815476206495,0.2808194644758368,0.4082004688634058,0.4302334046961603,0.3325558030966029,0.32493870015752313,0.3309784096458519,0.4390176427298648,0.3884468880946619,0.26165785757925675,0.2790197877186808,detrend,,
NUST,2011,Urbana_IL_2011,102,0.09432852700179073,0.01761945151286296,0.003754594289005458,0.07150127226577412,0.1386033361628039,0.06905286966466062,-0.021832061069051313,-0.022951913508011918,0.09781984841790131,0.17582231168963353,-0.01764772406021993,0.051122420130870996,detrend,,
NUST,2012,Urbana_IL_2012,114,0.11761346608024077,0.22506500556537415,0.10445439891901957,0.2382119221567327,0.25287765998091927,0.24596398572908648,0.20411742312221132,0.18029825600151517,0.2369521016795594,0.3476730599222786,0.23378911472673777,0.19898178226027582,detrend,,
NUST,2013,Urbana_IL_2013,155,0.21340945144723658,0.19344536746195015,0.21018039379537912,0.14944381738364493,0.08041223658480381,0.10873577720573724,0.13514347473881708,0.07921825868059904,0.04224822189973403,0.04835296041866453,0.16802701194396039,0.24523274916389576,detrend,,
NUST,2014,Urbana_IL_2014,196,0.10758356343495352,0.2197970331960215,0.15377106268823976,0.2548345067496531,0.24870326763207573,0.3079294118609015,0.22326029875424755,0.18533418812766864,0.232252074940987,0.24142559847282904,0.2157121967368713,0.1819003334981388,detrend,,
NUST,2015,Urbana_IL_2015,200,0.15031030418956942,0.1259929865188582,0.10236119189888508,0.14520263244391698,0.13058914106472577,0.1865897740880942,0.11257578536497033,0.1223478639514763,0.15849430485642288,0.12942477544676984,0.07662032636132392,0.09810929892882582,detrend,,
NUST,2016,Urbana_IL_2016,202,0.24901097005471692,0.3716656068767223,0.2247049835341523,0.4330154921684982,0.3963122805005731,0.42948996302060233,0.31992411704707263,0.28449920998036693,0.2736022910634366,0.2663388885533291,0.33777451973870054,0.3326336387057787,detrend,,
NUST,2017,Urbana_IL_2017,196,0.27530584402786445,0.3558668183938066,0.29545425567896966,0.3268905272825312,0.29211770293481615,0.28616179292530974,0.2764008725883777,0.2484732695163692,0.17699702482817567,0.15903356958321313,0.20103387712713838,0.2952837225317882,detrend,,
NUST,2019,Urbana_IL_2019,294,0.1366343478536492,0.024967983408122927,0.0604360395383338,-0.04370406469066313,-0.0720330819230518,-0.05651872923426686,0.08092051951906072,0.0451917973304031,0.026238761419231916,-0.07166424377601312,-0.023388167649909922,0.07865503869406389,detrend,,
NUST,2020,Urbana_IL_2020,293,0.22618166595380243,0.2006961692814898,0.21161613963146594,0.17521258090256056,0.1569361395594814,0.1518894191703413,0.18612086295556324,0.15445655084439364,0.20960598900181834,0.19469198590771547,0.1557618235186563,0.17334126070343953,detrend,,
NUST,2011,Volga_SD_2011,91,0.18711727279835813,0.26242444995616193,0.22181256420964618,0.22074550681944363,0.17769690792813697,0.1837648014455575,0.2252605929406739,0.20724336463544407,0.3262178374278134,0.26627275478188855,0.14844042396094112,0.22725137165373838,detrend,,
NUST,2012,Volga_SD_2012,94,0.2504768373272795,0.3790206052388707,0.382893101844121,0.35356038502077003,0.28862381881183446,0.3463500275356212,0.3096335578567371,0.3811591481402776,0.31292423625767873,0.3103126897240757,0.41241366365205506,0.2292864781048932,detrend,,
NUST,2013,Volga_SD_2013,143,0.07034924283078513,0.16783559732990339,0.1315980629584279,0.1210817909508508,0.07632043337557526,0.07826773915805149,0.07855501292996579,0.050904912383214256,0.041382338789074345,0.10430932061863131,0.1346513727627742,0.02822054417955279,detrend,,
NUST,2005,Wanatah_IN_2005,42,0.2370244319436716,0.36432883624572565,0.3806977029987587,0.30006887914099695,0.22673311472765578,0.29974474316568933,0.2987723352397666,0.34909444540626916,0.013049116721938127,0.18970826580226902,-0.1978039789314538,0.2215469391227344,detrend,,
NUST,2006,Wanatah_IN_2006,56,0.20705802006719345,0.2888490141280707,0.21078356054050545,0.3292147324673502,0.2759634291882667,0.2862855688482688,0.2795522525799893,0.18921644091977272,0.4446457268481338,0.2587028976376011,0.17991967937169137,0.20869862504626666,detrend,,
NUST,2007,Wanatah_IN_2007,50,0.15399759903961585,0.22516206482593037,0.18578631452581032,0.2901800720288115,0.26357743097238895,0.31102040816326526,0.23745498199279708,0.24830732292917165,0.24423155424937024,0.25783988977404376,0.3376230492196879,0.1280672268907563,detrend,,
NUST,2008,Wanatah_IN_2008,45,0.21280100245560388,0.21859867682591136,0.19481503537499092,0.21556807431415972,0.15021247232160273,0.27907896173434615,0.21299865044550076,0.16734196477932936,0.26344050656729256,0.19059854492385822,0.22749283637126944,0.2510129471689941,detrend,,
NUST,2009,Wanatah_IN_2009,35,0.3026822614047805,0.24371454643420548,0.18880874057086725,0.27845087259264395,0.26332376281396913,0.26290356532011705,0.21906296012821688,0.17802367156199725,0.2997408789478159,0.2529588912989512,0.11051194088309664,0.21472091935841206,detrend,,
NUST,2010,Wanatah_IN_2010,41,0.16620209059233454,0.2517421602787457,0.20435540069686417,0.2468641114982579,0.1942508710801394,0.16637630662020908,0.22421602787456452,0.1679442508710802,0.07421926049115134,0.15836236933797912,-0.02247386759581882,0.11498257839721256,detrend,,
NUST,2011,Wanatah_IN_2011,38,0.18743845059634534,0.2130430025166867,0.17518328044643836,0.21720100667469086,0.2438997702155597,0.10252762884341832,0.14695262063683115,0.1758398074187548,0.12715434718381213,0.17048749820342451,0.09202319728635518,0.18940803151329466,detrend,,
NUST,2012,Wanatah_IN_2012,65,0.07904455955907483,0.15111781292535317,0.2123079613260746,0.09174151535222452,0.002862824800176611,-0.04748792588384562,0.24639961543504804,0.24913131848865167,0.10551391046513059,-0.02912027273795139,0.12366966064274384,0.15273498113308653,detrend,,
NUST,2013,Wanatah_IN_2013,77,0.10429387374426385,0.0600603364176382,0.0637278421870672,0.07726737961542512,0.07298205029344,0.02589600847948069,0.019178820493178844,0.023122375083962705,0.02081196932872589,-0.00892563721996845,0.08699481427269198,0.045613781433399996,detrend,,
NUST,2014,Wanatah_IN_2014,52,0.15316969064116817,0.41549626505309073,0.2695837782605844,0.43359658524034134,0.3606830312784921,0.4755602992593682,0.11291355399829703,0.17536819653119248,0.43388493184195415,0.3893359517632227,0.3013020280226769,0.1620917824315818,detrend,,
NUST,2015,Wanatah_IN_2015,92,0.02062205234362257,0.03645849388553003,-0.0016029098981590042,0.0610569957842009,0.010172312815239833,0.16079189915907507,-0.012877223268383151,-0.016306525694732944,0.10204915190537388,-0.005425254405491797,0.06773835579239253,-0.011104774823303482,detrend,,
NUST,2016,Wanatah_IN_2016,68,0.19712933286618511,0.23160024448085686,0.28342113320391,0.20554664849302354,0.19010535973539924,0.28300122176674347,0.1882157582681498,0.2288899070227819,0.14231859438130864,0.133627271436499,0.08799053296989864,0.19092609572622476,detrend,,
NUST,2017,Wanatah_IN_2017,107,0.20700549586110453,0.22594218091349397,0.22859214123769023,0.22053939674050235,0.19955523772228292,0.23246666733092353,0.22197948608488996,0.23066410651890096,0.20076070212416788,0.2238996052107401,0.19081183813135816,0.19094409123441414,detrend,,
NUST,2019,Wanatah_IN_2019,156,0.18294005152439502,0.2322074884228161,0.2573469678051556,0.15652668679173712,0.1263327590839405,0.13180762118506106,0.14239066871078376,0.13850579254318723,0.03994746375173477,0.05622995216716122,0.15126361208136427,0.15622639123769183,detrend,,
NUST,2020,Wanatah_IN_2020,139,0.0695890368266365,0.09174420568212124,0.058122686830030246,0.11625431079957461,0.13703539445476454,0.12092396619569834,0.09591784983521173,0.10619332599156252,0.05796003727337137,0.1373102114948235,0.1503763094644559,0.10754059977331497,detrend,,
NUST,2005,Waseca_MN_2005,43,0.2198814514346941,0.18348623866288005,0.21248159489602655,0.2010797751272632,0.29954317233565647,0.131234190451064,0.14354211510211315,0.12375882517220592,0.12604788301782552,0.2105263157894737,0.2558236117653653,0.20712047434250208,detrend,,
NUST,2006,Waseca_MN_2006,48,0.1495956143983077,0.08397112317640858,0.06920696965088619,0.1373826197540337,0.15952885004231726,0.09851815679714386,0.06747001041258945,0.0562883353160541,0.15252673311293347,0.10774575275059536,0.05379145641100252,0.12500678518116934,detrend,,
NUST,2007,Waseca_MN_2007,43,0.23044397463002111,0.25294472968891574,0.26578073089701,0.22621564482029596,0.2207792207792208,0.1877076411960133,0.23542736333434008,0.2520386590154032,0.2105104198127454,0.23467230443974632,0.2378435517970402,0.23603141045001513,detrend,,
NUST,2008,Waseca_MN_2008,33,0.12366310160427807,0.19786096256684493,0.1534090909090909,0.24431818181818185,0.22827540106951874,0.3415775401069519,0.2964572192513369,0.20855614973262035,0.25988134125998574,0.3522727272727273,0.15808823529411764,0.1788101604278075,detrend,,
NUST,2009,Waseca_MN_2009,37,0.2502667474611758,0.32744517124006034,0.3675163037089743,0.25560166154727376,0.19549496284390278,0.3135743946162055,0.14641375325180106,0.01813870789273325,0.15732068871671256,0.16705198914882027,-0.0369887376636129,0.24979253287574482,detrend,,
NUST,2010,Waseca_MN_2010,43,0.2341526033306959,0.36780307346785546,0.1276097709219207,0.32212028565261164,0.24200551231050643,0.19103711268192863,0.2136142259988838,0.233699550889553,0.22793173752170962,0.1743185078909613,0.11643447737372883,0.2435156871143161,detrend,,
NUST,2011,Waseca_MN_2011,47,-0.07760365582571521,-0.06285780468148468,-0.07644711848106969,-0.06285780468148468,-0.07760365582571521,0.0015034985480391917,-0.044584514636085266,-0.08656682024671809,-0.04532176475445578,-0.07994795515094576,-0.1574625594734892,-0.0333661023930236,detrend,,
NUST,2012,Waseca_MN_2012,66,0.025655745417402027,0.037512916611124034,0.04509065101837948,0.0021292807425345867,-0.0070767271737178904,-0.039871825669030005,0.039663072655056024,0.0898055466116058,0.005886896437831577,0.05218825349349476,0.016115732678791184,0.014946715800536898,detrend,,
NUST,2013,Waseca_MN_2013,111,0.28066234348521324,0.3899209364921664,0.26273484324320817,0.4011793715438025,0.37265595522630984,0.36306917401515443,0.29668565011365244,0.3045744522269968,0.3392604458114597,0.3541391073601106,0.39522986338713123,0.32735018736068466,detrend,,
NUST,2015,Waseca_MN_2015,144,0.17861649881212663,0.22318722922696096,0.2008857880121805,0.22785730936600854,0.2064601435654154,0.25002411401912117,0.23918687555531587,0.20779244267565142,0.21116264395691633,0.1873961966184215,0.19966200195164693,0.18934321472530902,detrend,,
NUST,2016,Waseca_MN_2016,127,0.24753127831322483,0.2908829397068037,0.22870132497597737,0.30918853684502073,0.2895207853350208,0.2935017913377152,0.23110926238158055,0.23707051861078068,0.14496048184448543,0.2089767569435503,0.23369003227736698,0.2770065413000611,detrend,,
NUST,2017,Waseca_MN_2017,94,0.07161099451332535,0.07562069002935597,0.11300839146261452,0.010302388839386797,-0.05749397642625536,0.015626975497611252,0.16247575218020316,0.10292996759799701,0.08905923193966217,0.06618574055319584,-0.036036686908037414,0.10993790390529376,detrend,,
NUST,2020,Waseca_MN_2020,76,0.5213230620999443,0.3791875432282518,0.3443816346923925,0.4109995421139331,0.4084157570733685,0.41474534688173575,0.36613190982222443,0.34101861289356244,0.3587384481113925,0.3492621175467923,0.27065490070421927,0.4825116032101939,detrend,,
NUST,2007,Watertown_SD_2007,25,0.30538461538461537,0.07615384615384616,-0.01769230769230769,0.22230769230769232,0.21846153846153843,0.3446153846153846,-0.1776923076923077,-0.10692307692307691,0.048461538461538466,0.1992307692307692,-0.09307692307692307,0.24307692307692308,detrend,,
NUST,2010,Watertown_SD_2010,29,0.24707476477593757,0.3106293902118218,0.11356078420907997,0.3985712556405454,0.3406823526272399,0.3421603671722605,0.2571745308335781,0.162581599952262,0.49322493224932257,0.3685636856368564,0.2554501805310541,0.39068851140043565,detrend,,
NUST,2011,Watertown_SD_2011,25,0.26384615384615384,0.20153846153846153,0.32923076923076927,0.14615384615384616,0.1746153846153846,0.08076923076923077,0.2930769230769231,0.09923076923076923,-0.11445107950146036,0.12461538461538461,0.18,0.24692307692307694,detrend,,
NUST,2012,Watertown_SD_2012,51,0.26065117601960963,0.4926578738412309,0.47772473354844075,0.42726882013492257,0.3326470130069705,0.343190715092486,0.3828766667190828,0.4646921747474603,0.38890397360845,0.33857501718380545,0.48025884220418696,0.21915514678176554,detrend,,
NUST,2013,Watertown_SD_2013,95,0.3284236017083439,0.30865869491613585,0.27797549683644746,0.28293072134384234,0.2576716743845368,0.23045993302189338,0.2398734598050095,0.24081131303098538,0.2418549961855836,0.27185940551095683,0.18120164194414543,0.2479851903192337,detrend,,
NUST,2020,Williamston_MI_2020,219,0.19305913463084434,0.18225498434715903,0.1769148903984523,0.1471102197009956,0.13552116472266723,0.1252711320181695,0.16423416666360077,0.1397290307930752,0.15478268420186697,0.09583551957648137,0.12845245242898976,0.14439732858392154,detrend,,
NUST,2006,Woodstock_ONT_2006,25,0.5207692307692308,0.3738461538461539,0.3807692307692308,0.27307692307692305,0.2530769230769231,-0.026153846153846153,0.5515384615384615,0.4438461538461538,0.31275245818006087,0.3215384615384615,0.3792307692307692,0.5415384615384615,detrend,,
NUST,2007,Woodstock_ONT_2007,29,0.7812807881773397,0.6945812807881772,0.6763546798029555,0.6522167487684728,0.6344827586206895,0.3034482758620689,0.6394088669950737,0.6403940886699506,0.5254468033734971,0.5308034158719571,0.6438423645320195,0.8024630541871919,detrend,,
NUST,2008,Woodstock_ONT_2008,36,0.3632151368612659,0.38972906960167014,0.38754102660853,0.36076967704540336,0.3319389929004978,0.3543342564773441,0.3877984434312524,0.34275049945483743,0.3035139657613592,0.2746637498447702,0.33695862094358403,0.40375828644003936,detrend,,
NUST,2009,Woodstock_ONT_2009,27,0.3681880671808379,0.41581438432860796,0.511067018624148,0.1898946747814935,0.0894519931044656,0.2057701138307502,0.39505419480265697,0.3510914405124076,0.308279923121786,0.2503434619305863,0.19111586240066708,0.5400702245795209,detrend,,
NUST,2010,Woodstock_ONT_2010,26,0.3907692307692307,0.377094017094017,0.17196581196581195,0.509059829059829,0.49606837606837606,0.5323076923076923,0.31897435897435894,0.15487179487179487,0.455042735042735,0.4274234974419847,0.12957264957264958,0.40034188034188034,detrend,,
NUST,2011,Woodstock_ONT_2011,27,0.5801526988008956,0.582595447006373,0.48916032814686045,0.5367939181536707,0.47877864827358124,0.46748093782324796,0.48213742705611273,0.44152673814005006,0.5093130008420494,0.39969467512124857,0.4372519287804645,0.5755725459156253,detrend,,
NUST,2012,Woodstock_ONT_2012,35,0.37943833694842677,0.2544996154430755,0.09496463361056973,0.34778345907823693,0.32803417686718916,0.3207507536404199,0.10462917596916753,0.17508228910503268,0.18740808225802696,0.3178093711834553,0.1886686747395832,0.5538202968970394,detrend,,
NUST,2013,Woodstock_ONT_2013,37,0.27634854965987715,0.4065204533606687,0.2723177256837142,0.37131002039242184,0.320924720690385,0.3375222311804677,0.3818612949182601,0.3625370505619495,0.33609958742417495,0.41268524297127085,0.19502074825847188,0.3114404289817663,detrend,,
NUST,2014,Woodstock_ONT_2014,28,0.367816091954023,0.48549534756431306,0.4838533114395183,0.37055281882868085,0.25396825396825395,0.14285714285714285,0.4367816091954023,0.5161466885604816,0.48275862068965514,0.34920634920634924,0.5199781061850027,0.5325670498084292,detrend,,
NUST,2015,Woodstock_ONT_2015,42,0.30695676861628307,0.18427130196236213,0.18402819998088144,0.0999149143885631,0.0003241359753075851,0.0652323650306515,0.23516065008565296,0.1371905515489354,0.03419634539495023,0.12535958845020856,0.29074996985090384,0.35071512528280707,detrend,,
NUST,2016,Woodstock_ONT_2016,51,0.2622683771797304,0.4412317021876382,0.16335211208054293,0.42969297958915115,0.3513654155970681,0.4011855472870065,0.30860426714385114,0.20100002267639103,0.13158966469070998,0.14692640108740243,0.21900947990853953,0.4287879817382894,detrend,,
NUST,2017,Woodstock_ONT_2017,45,0.1224678020361999,-0.022398629743038176,-0.19691030677041504,0.17905728129875811,0.2012582760734754,0.248031885242761,-0.03708949572156027,-0.06179386676167591,0.06100332688839221,0.15106396995849528,-0.17635627006503882,0.13393063019881357,detrend,,
NUST,2019,Woodstock_ONT_2019,58,0.10378824001104578,0.03955888460409154,0.03663657197781729,0.12052232494465837,0.11218604366339181,0.15408277836850276,0.04518818155786195,0.020917606167015747,0.029285099052540918,0.0818862759067587,0.09874340558253021,0.13879446915525742,detrend,,
NUST,2020,Woodstock_ONT_2020,66,0.4392743821932395,0.3305569472998122,0.3595733133715987,0.39458082840928643,0.35923931203552056,0.40890113569363573,0.3388234803677456,0.3278014362771678,0.30365213399422497,0.29369154983018997,0.24043921180923508,0.4060829994204766,detrend,,
NUST,2012,Wooster_OH_2012,35,0.2694866593904663,0.30618390718688115,0.29918061562267984,0.2650045527893775,0.27789060926750786,0.14426780622254692,0.21584144600868427,0.1318019472382686,0.22853340804034175,0.24875691636043043,0.21864276263436483,0.29637929899699933,detrend,,
NUST,2013,Wooster_OH_2013,48,-0.08201481806152225,-0.00966157353736,-0.06323445601699101,0.014166689287926743,0.05900073278151865,0.18780362044531235,-0.09444459525284496,-0.06394007655623642,0.07427516833583242,0.12788362373120557,-0.22720981363701664,-0.04141449780340271,detrend,,
NUST,2014,Wooster_OH_2014,62,0.11233663216740954,0.11661756188461635,-0.0389060965475561,0.2048550779381028,0.292034952532044,0.2725944952280224,0.09556546045176399,0.16496896288183946,-0.002241503087830524,0.1661042559076169,0.1738812923371358,0.2900707612500315,detrend,,
NUST,2015,Wooster_OH_2015,68,0.27346560983329044,0.20795755001980173,0.14832841865111326,0.23193136211937684,0.3194090538808042,0.11706320828558457,0.21095427653224863,0.2079957248798329,0.22217450244291212,0.16520328334014148,0.0730666820996605,0.2382874763145668,detrend,,
NUST,2016,Wooster_OH_2016,67,0.15105408621039726,0.26924343266009115,0.16446337893607582,0.29155234526025287,0.2711989545159193,0.27692583995084447,0.1208632232729691,0.09919284842164924,0.16610460359587334,0.15287145311739708,0.20608805843870315,0.1528300193243636,detrend,,
NUST,2017,Wooster_OH_2017,80,0.10993969725749764,0.0723281313194049,0.0680266527593301,0.07616078387838163,0.10767761180219944,0.016139335087801094,0.035372921782849454,0.059329930438960884,0.08847970557554588,0.07681804063728905,0.1612761443777364,0.01216603472849494,detrend,,
NUST,2019,Wooster_OH_2019,61,-0.058540454785827596,-0.09338974087784241,0.10586991010047593,-0.15674246430460073,-0.1353781068217874,-0.09481755684822844,-0.24722369116869378,-0.27752511898466414,-0.1444795537712464,-0.15442586138059838,-0.2660497091485986,-0.2287678476996298,detrend,,
NUST,2020,Wooster_OH_2020,69,0.18871026671538182,0.13653635367190356,0.22064303982462555,0.06821337230544393,0.040774570697844355,0.042455242966751926,0.24442820606503474,0.20398246255023753,0.10327755069962445,0.03697512765159408,0.10065765436609427,0.10928023383266353,detrend,,
NUST,2015,Worms_NE_2015,144,0.32138020006770307,0.346189398722347,0.27932754331687415,0.39027767172436295,0.39983481969143614,0.36953568658640445,0.3340359860005515,0.3329307649362348,0.3100696293474364,0.3358348195237682,0.21014874266202455,0.31004264144065774,detrend,,
NUST,2016,Worms_NE_2016,127,0.26754391105969394,0.3011875608048062,0.22729749365890195,0.3164260689436023,0.2769822949934119,0.2621158150233254,0.22524987405316982,0.21800557750814045,0.2792701611194719,0.25632192495448225,0.291049060868556,0.3073479957559573,detrend,,
NUST,2013,Wymore_NE_2013,53,0.13171793745334365,0.03358464704580204,0.06160545100358405,0.08946498414722055,0.13957988964293716,-0.0006047655530456549,0.09680280619084117,0.09885900907119638,-0.02306265623740021,-0.11768737662268446,0.23210901925892236,0.2113454019376882,detrend,,
NUST,2014,Wymore_NE_2014,75,0.17303233333661486,0.16747037655146063,0.14104041310691684,0.173729356053936,0.15402779557455326,0.193317116906001,0.09917637520740538,0.1593906030119015,0.08631763124609321,0.12554943883829026,0.1243118678912099,0.18973242864549236,detrend,,
NUST,2015,Wymore_NE_2015,81,0.24784037413862195,0.1742267692994714,0.11705455250232165,0.24896959035029784,0.2890906423511418,0.21257495184798425,0.12504940328098685,0.16317174258716452,0.11435072528877308,0.1683548449987568,0.2504036949391262,0.3320799035296425,detrend,,
NUST,2016,Wymore_NE_2016,87,0.21499261854956922,0.258898791666381,0.23994386429341127,0.1976780214300295,0.12845608473528008,0.17626259867691454,0.20663604720292822,0.33801738755682526,0.1334044143331275,0.20443982725250237,0.2735888603804326,0.31036870984067605,detrend,,
NUST,2017,Wymore_NE_2017,61,0.2981266278238834,0.28035801639171937,0.29585266862274334,0.19349806318538174,0.18226047410998034,0.01993680508906502,0.31862291440810175,0.20182976810597847,0.24887290613912744,0.17269097543562759,-0.05190444083532445,0.22406430547047343,detrend,,
NUST,2019,Wymore_NE_2019,80,0.2761603375527426,0.23659165494608536,0.2711673699015471,0.19421003281762778,0.266221284575715,0.16305672761368964,0.1959212376933896,0.2192920768870136,-0.00786455616842014,0.13234880450070324,0.240084388185654,0.21819034224097517,detrend,,
NUST,2016,Albany_MO_2016|UTIII,23,0.5757351300052141,0.3291327009300194,0.10032122866185278,0.528292578519806,0.20014826407906589,0.2762540237535749,0.24215468987343775,0.15369409908293702,0.2678527385947005,0.3607610685869582,0.46948358240768534,0.6370150923405331,trial_env,,
NUST,2016,Albany_MO_2016|UTIIIRR,15,0.39857031107437085,0.6577303788133115,0.5630029057776987,0.42895459487824666,0.26809662179890414,0.20554074337915984,0.5344059327858157,0.26809662179890414,-0.14298486495941554,0.0017873108119926943,0.31099208128672884,0.3806972029544439,trial_env,,
NUST,2016,Albany_MO_2016|UTIV,13,0.3516483516483516,-0.3516483516483516,0.0879120879120879,-0.03296703296703297,0.054945054945054944,0.027472527472527472,0.5989010989010989,0.5934065934065934,-0.31492193346260305,-0.2806054924191721,0.14835164835164835,0.20329670329670327,trial_env,,
NUST,2017,Albany_MO_2017|PTIIIA,24,0.5786383655489973,0.6539048597143933,0.5333914557617073,0.7113336298290306,0.6495541953117693,0.5429629174474803,0.5995215546815927,0.5481837147306291,0.6221450095752378,0.6325866041415354,0.2988906444602716,0.6691321851235774,trial_env,,
NUST,2017,Albany_MO_2017|PTIIIB,23,-0.15616506530613536,0.08846059079050073,-0.16901408966676676,0.06375092855851729,0.004941932446396688,0.15171732610437833,0.014331604094550395,0.27328886428573684,0.34840623747096655,0.4072152335830871,0.26587596561614185,-0.08203607861018503,trial_env,,
NUST,2017,Albany_MO_2017|PTIV,27,0.26084305416681036,-0.02748931484193552,-0.13133783757813638,0.031154556820860258,0.16310326806215075,0.22235801338810063,0.08124619719949831,0.07391571324164883,-0.20467391792883913,-0.059263791161484766,-0.4062309859974915,0.14538793183068122,trial_env,,
NUST,2017,Albany_MO_2017|UTIII,20,0.24746146917367765,0.09853329015730021,0.13614141617153694,-0.013538925365125222,-0.14892817901637745,-0.2602482320185181,0.3399774591687,0.31741258356015795,0.291839057870477,0.2835652701473449,0.2594960694982334,0.3053779832356022,trial_env,,
NUST,2017,Albany_MO_2017|UTIIIRR,14,0.8989010989010989,0.8373626373626375,0.8241758241758241,0.8153846153846154,0.6703296703296703,0.6703296703296703,0.8241758241758241,0.832967032967033,0.8593406593406594,0.7230769230769231,0.8505494505494505,0.8813186813186813,trial_env,,
NUST,2017,Albany_MO_2017|UTIV,15,0.5285714285714286,0.5392857142857141,0.33571428571428563,0.5357142857142856,0.28928571428571426,0.5285714285714286,0.38928571428571423,0.19999999999999998,0.3321428571428571,0.42857142857142855,0.2964285714285714,0.6928571428571427,trial_env,,
NUST,2019,Albany_MO_2019|PTIIIA,28,0.024366874060286835,-0.14373717844551223,-0.05366187995299123,-0.10431212378617173,-0.07474333279166637,-0.1519507314995415,0.1552361527211532,0.22751541959661076,-0.18042438208684297,-0.09390828991773464,-0.09418207501953563,0.024366874060286835,trial_env,,
NUST,2019,Albany_MO_2019|PTIIIB,31,0.2451612903225807,0.2770161290322581,0.33870967741935487,0.2016129032258065,0.15403225806451612,0.08911290322580646,0.41008064516129034,0.3125,0.48391975243407354,0.23306451612903228,0.23588709677419356,0.31975806451612904,trial_env,,
NUST,2019,Albany_MO_2019|PTIV,24,-0.28186170565504104,-0.35928668035658,-0.35363204737275983,-0.5023923920240315,-0.5815572537975151,-0.6454981036914829,-0.5245759521913264,-0.2779469597431654,-0.037198173601461486,-0.28475093125329287,-0.17485865073044213,-0.46237498936930344,trial_env,,
NUST,2019,Albany_MO_2019|UTIII,27,0.3229548229548229,0.2625152625152625,0.19597069597069594,0.3974358974358974,0.467032967032967,0.2765567765567765,0.2326007326007326,0.17216117216117213,0.34676434676434675,0.5225885225885226,0.35347985347985345,0.3663003663003663,trial_env,,
NUST,2019,Albany_MO_2019|UTIIIRR,37,0.35601660001227414,0.332068763448012,0.4113811528613358,0.1747480747312994,0.18221695445183664,0.27943094446517824,0.13740367612861332,0.11499703696700166,-0.036755987668958975,0.09830428149277212,-0.08109069410868983,0.12388856044383166,trial_env,,
NUST,2019,Albany_MO_2019|UTIV,19,0.10701754385964912,0.29473684210526313,0.07017543859649124,0.44912280701754387,0.2824561403508772,0.28947368421052627,0.15789473684210528,0.24912280701754386,0.14210526315789473,0.12105263157894736,0.4263157894736842,0.25263157894736843,trial_env,,
NUST,2019,Albany_MO_2019|UTIVRR,30,0.2865724792457644,0.27811770113137074,0.3964845947328821,0.2273890324450087,0.21759928936518447,0.3517632683909577,0.34642340852923537,0.3889197932621088,0.35443319832181885,0.3370786537712213,0.1944598966310544,0.30815441285355877,trial_env,,
NUST,2005,Ames_IA_2005|PTI,16,0.5058823529411764,-0.10294117647058824,-0.10294117647058824,0.047058823529411764,0.35000000000000003,0.17941176470588235,-0.26176470588235295,0.008823529411764706,-0.1103753058197363,0.6205882352941177,-0.28529411764705886,0.6382352941176471,trial_env,,
NUST,2005,Ames_IA_2005|PTII,12,0.31468531468531474,0.5384615384615385,0.5244755244755246,0.46153846153846156,0.2867132867132868,0.2377622377622378,0.0979020979020979,0.28021058733533855,0.16112108771781966,0.2031526758181204,0.2937062937062937,0.34965034965034975,trial_env,,
NUST,2005,Ames_IA_2005|PTIIIB,16,0.19573220898699903,0.2604857217345777,0.2487123557804724,0.23693898982636719,0.15746876963615708,0.10154528135415737,0.05150847604921027,0.3684607382964982,0.02372206368097948,0.200442641633295,0.13686537921647302,0.12214867177384148,trial_env,,
NUST,2005,Ames_IA_2005|UTI,12,0.3754409076150396,-0.0175439676455626,0.14736932822272583,0.038596728820237715,0.22456278586320125,-0.26666830821255144,-0.014035174116450078,0.10175501234426305,-0.021201545790383018,0.15992994821808637,-0.1859660570429635,0.3193002111492393,trial_env,,
NUST,2005,Ames_IA_2005|UTII,11,0.03636363636363637,0.11818181818181818,0.18181818181818182,0.1272727272727273,-0.18181818181818182,-0.27272727272727276,0.18181818181818182,0.06363636363636364,-0.17272727272727276,-0.10909090909090911,-0.5,0.13636363636363638,trial_env,,
NUST,2007,Ames_IA_2007|PTI,11,0.8090909090909091,0.9090909090909091,0.8545454545454546,0.7727272727272727,0.7454545454545456,0.8000000000000002,0.6363636363636364,0.7272727272727273,0.7454545454545456,0.8181818181818182,0.790909090909091,0.690909090909091,trial_env,,
NUST,2007,Ames_IA_2007|PTIIA,14,0.14285714285714285,0.4813186813186813,0.5076923076923077,0.2703296703296703,-0.2879120879120879,0.45054945054945056,0.22637362637362637,0.4593406593406593,-0.2571428571428571,-0.2879120879120879,-0.4593406593406593,-0.14725274725274726,trial_env,,
NUST,2007,Ames_IA_2007|PTIIIA,11,0.05454545454545456,-0.21818181818181823,-0.05454545454545456,-0.19090909090909092,0.02727272727272728,-0.20909090909090913,0.018181818181818184,-0.08181818181818183,-0.18181818181818182,0.33636363636363636,-0.28181818181818186,0.13636363636363638,trial_env,,
NUST,2007,Ames_IA_2007|PTIIIB,10,-0.2121212121212121,0.11515151515151514,0.10303030303030303,0.06666666666666665,0.06666666666666665,-0.4424242424242424,0.32121212121212117,0.3939393939393939,0.1341488353302029,0.012158110873601293,-0.24848484848484845,-0.09090909090909088,trial_env,,
NUST,2007,Ames_IA_2007|UTII,12,-0.2027972027972028,-0.5104895104895105,-0.2027972027972028,-0.6713286713286714,-0.25874125874125875,-0.7202797202797203,-0.22377622377622378,0.013986013986013986,-0.44755244755244755,-0.06993006993006995,-0.4825174825174825,0.10489510489510491,trial_env,,
NUST,2008,Ames_IA_2008|PTIIA,10,0.3939393939393939,0.41818181818181815,0.23636363636363633,0.2121212121212121,0.28484848484848485,-0.13939393939393938,0.0303030303030303,0.2121212121212121,0.18787878787878787,0.19999999999999998,-0.32121212121212117,0.12727272727272726,trial_env,,
NUST,2008,Ames_IA_2008|PTIIIB,11,0.5636363636363637,0.3454545454545455,0.17272727272727276,0.5909090909090909,0.48181818181818187,0.36363636363636365,0.30000000000000004,0.15454545454545454,-0.25512594664379495,0.18181818181818182,-0.18181818181818182,0.6090909090909091,trial_env,,
NUST,2008,Ames_IA_2008|UTI,11,0.5545454545454546,0.16363636363636366,0.21818181818181823,0.30000000000000004,0.41818181818181827,0.2545454545454546,0.41818181818181827,0.10909090909090911,0.04100238428203847,0.19090909090909092,0.18181818181818182,0.5545454545454546,trial_env,,
NUST,2009,Ames_IA_2009|PTI,16,0.15294117647058825,0.2676470588235294,0.09999999999999999,0.3323529411764706,0.3,0.2911764705882353,0.36470588235294116,0.2676470588235294,0.28823529411764703,0.42531284509205053,0.44117647058823534,0.21176470588235297,trial_env,,
NUST,2009,Ames_IA_2009|PTIIB,16,0.05150847604921027,0.2045622334525779,0.027961744140999858,0.24871235578047243,0.2045622334525779,0.2281089653607883,0.5033113945379974,0.4017661131838401,0.21428571428571427,0.4017661131838401,0.06769685423610491,0.33554092969199834,trial_env,,
NUST,2009,Ames_IA_2009|PTIIIB,10,0.6242424242424242,0.7333333333333332,0.6242424242424242,0.6242424242424242,0.06666666666666665,0.16363636363636364,0.23636363636363633,0.35757575757575755,0.309090909090909,0.04242424242424241,0.22424242424242422,0.5515151515151515,trial_env,,
NUST,2010,Ames_IA_2010|PTIIA,14,0.5676571091779195,0.6622666273742395,0.48624891910201623,0.6138617575993781,0.36303652331146014,0.6732677341412533,0.5720575518847251,0.4928495831622247,0.353593102986276,0.5812186630336913,0.057205755188472505,0.2816283332355569,trial_env,,
NUST,2010,Ames_IA_2010|PTIIB,21,0.2806106026529605,0.33517377539103616,0.25397857786413786,0.36960053914244106,0.43260801242331415,0.24423515416091005,0.28167641325536064,0.14457439896036386,0.5045484080571799,0.18031189083820662,0.06820396592259456,0.26437156314758087,trial_env,,
NUST,2010,Ames_IA_2010|UTI,11,0.5363636363636364,0.45454545454545453,0.11818181818181818,0.690909090909091,0.6454545454545455,0.33636363636363636,0.33636363636363636,0.26363636363636367,0.5818181818181819,0.8000000000000002,0.19090909090909092,0.39090909090909093,trial_env,,
NUST,2014,Ames_IA_2014|UTI,15,0.18214285714285713,0.22142857142857136,0.23571428571428568,0.07857142857142857,0.049999999999999996,-0.024999999999999998,0.18928571428571428,0.0,0.1000894054715909,0.12857142857142856,0.18928571428571428,-0.017857142857142853,trial_env,,
NUST,2014,Ames_IA_2014|UTII,21,0.13905136138783994,0.07732295329510724,0.072774544277748,-0.14294999768843356,-0.05588045364184221,-0.04353477202329568,-0.03248863583828036,-0.008447045317952892,-0.2773439851075089,-0.13324667587001757,0.0552306809250766,0.11241068000045004,trial_env,,
NUST,2014,Ames_IA_2014|UTIII,16,-0.06185573718581506,0.16936689943735078,0.033873379887470155,0.0927836057787226,0.008836533883687867,0.23564090356500975,-0.4123715812387671,-0.49484589748652047,0.19145823414657043,0.06185573718581506,-0.4094260699442044,-0.2577322382742294,trial_env,,
NUST,2015,Ames_IA_2015|PTIIA,23,0.5960924667270989,0.4912197671867297,0.5545391329469526,0.34974055931623155,0.26366579648592836,0.22409119288578902,0.2765275426559737,0.25525619322089876,0.17120245889339608,0.228048653245803,0.1419738904154999,0.4526345286765938,trial_env,,
NUST,2015,Ames_IA_2015|PTIIB,23,-0.4037558808706095,-0.21102051546113862,-0.34593527124776824,-0.040523846060452846,0.09043736376905939,0.048430937974687546,0.06424512180315695,0.29404498056060296,-0.17543860184708243,-0.10575735435288915,0.0029651594678380125,-0.049419324463966886,trial_env,,
NUST,2015,Ames_IA_2015|UTII,24,-0.009132420307212487,0.004348771574863089,-0.13481191882075577,0.18351816045922234,0.13959556755310515,0.3144161848626014,0.15394651375015336,0.10002174622185106,0.3859038594677933,0.4066985645933014,0.4774951189199672,-0.15829528532501644,trial_env,,
NUST,2017,Ames_IA_2017|PTIIA,24,0.37217391304347824,0.25999999999999995,0.2295652173913043,0.25217391304347825,0.2617391304347826,0.2434782608695652,0.3408695652173913,0.4165217391304347,0.23391304347826083,0.2709874114553867,0.16260869565217392,0.40086956521739125,trial_env,,
NUST,2017,Ames_IA_2017|PTIIB,28,0.15435139573070608,-0.04871373836891078,-0.034482758620689655,-0.0717022441160372,-0.2348111658456486,0.0,0.2468527640941434,0.1472359058565955,0.33967428811318934,0.26491516146688554,-0.027914614121510674,0.15216201423097975,trial_env,,
NUST,2017,Ames_IA_2017|UTII,34,0.12563045061920886,0.20923124926727119,0.17698304357304603,0.18401345808458325,0.11951704669613299,0.1403026200345909,-0.011768302551921024,-0.013907993924997574,0.10805441434036576,0.06449641138845029,0.06327373060383512,0.16842427808073987,trial_env,,
NUST,2019,Ames_IA_2019|PTI,38,0.5949228580807528,0.41766057555531233,0.46843199474778424,0.3830834883466462,0.4579275631907211,0.41109530583214793,0.4419520735310209,0.3097713097713098,0.2646897910055805,0.31480468322573585,0.20954152533099898,0.4863770653244337,trial_env,,
NUST,2019,Ames_IA_2019|PTIIA,32,0.0689149560117302,-0.2489002932551319,-0.2166422287390029,-0.20161290322580644,-0.2664956011730205,-0.23643695014662755,-0.18108504398826977,-0.018695014662756596,-0.19868035190615835,-0.10483870967741933,0.0,0.0502199413489736,trial_env,,
NUST,2019,Ames_IA_2019|PTIIB,35,0.2579831932773109,-0.04061624649859944,-0.02072829131652661,0.04901960784313727,0.1904761904761905,0.12941176470588237,0.059383753501400564,-0.013445378151260503,0.08935574229691878,0.20392156862745098,0.02492997198879552,0.14761904761904762,trial_env,,
NUST,2019,Ames_IA_2019|PTIIIA,28,0.05856595511767926,0.14559386973180075,0.17788724685276408,0.10399562123700054,0.10344827586206896,0.025177887246852767,-0.0361247947454844,-0.12041598248494799,-0.17843459222769564,-0.047619047619047616,0.21182266009852216,0.13628899835796388,trial_env,,
NUST,2019,Ames_IA_2019|PTIIIB,31,0.05927419354838711,0.07983870967741936,0.15080645161290326,-0.01895161290322581,-0.03225806451612904,-0.040322580645161296,0.16895161290322583,-0.010080645161290324,-0.012904526731575295,0.014516129032258067,-0.10766129032258066,0.21330645161290326,trial_env,,
NUST,2019,Ames_IA_2019|UTI,13,0.532967032967033,0.6208791208791209,0.5714285714285714,0.6648351648351648,0.6868131868131868,0.6153846153846153,0.3681318681318681,0.4340659340659341,0.576923076923077,0.5989010989010989,0.5659340659340659,0.5714285714285714,trial_env,,
NUST,2019,Ames_IA_2019|UTII,35,-0.10952380952380952,-0.323249299719888,-0.3490196078431373,-0.3324929971988796,-0.31988795518207286,-0.36022408963585434,-0.1753501400560224,-0.29775910364145664,-0.2497373771794186,-0.30420168067226894,-0.04901960784313727,-0.04341736694677871,trial_env,,
NUST,2019,Ames_IA_2019|UTIII,27,0.08302808302808302,0.12637362637362637,0.057997557997558,0.1916971916971917,0.026862026862026864,0.27838827838827834,0.19291819291819293,0.10073260073260072,0.08852258852258853,0.23931623931623933,0.23382173382173382,0.15873015873015872,trial_env,,
NUST,2016,Arthur_IL_2016|UTIII,23,0.08868004186151096,0.21005775278927738,-0.16200208764644738,0.44290479007927824,0.35967435972880984,0.12583648398225578,0.07034953041527685,0.04954192282765976,-0.059945726621468305,0.3061690830749373,0.24969129105140517,0.1862776298320007,trial_env,,
NUST,2016,Arthur_IL_2016|UTIIIRR,15,0.19141354420540344,0.33631538608052186,0.06976755349542742,0.45438355353432225,0.4973174326084314,0.654741655880165,0.27549239072553394,0.25223653956039144,0.3237930046839067,0.19678027908966708,0.10196796280100931,0.4973174326084314,trial_env,,
NUST,2017,Arthur_IL_2017|UTIII,20,0.2270676691729323,0.26616541353383455,0.28872180451127816,0.18496240601503755,-0.019548872180451125,-0.24661654135338343,0.4270676691729323,0.30075187969924805,0.2300751879699248,0.26315789473684204,0.29323308270676685,0.21654135338345865,trial_env,,
NUST,2017,Arthur_IL_2017|UTIIIRR,14,0.8153846153846154,0.8109890109890111,0.7802197802197802,0.8285714285714285,0.8021978021978022,0.7010989010989012,0.7010989010989012,0.7186813186813187,0.621978021978022,0.6571428571428571,0.7978021978021977,0.8593406593406594,trial_env,,
NUST,2019,Arthur_IL_2019|UTIII,27,0.2042748186830522,0.1993893222720973,0.1600000074587733,0.2793893260014839,0.12213741027387275,0.10748092104100804,0.1364885559810528,0.14229008296906176,-0.10412214225847653,-0.20030535284915132,0.15847328983034992,0.1279389372618817,trial_env,,
NUST,2019,Arthur_IL_2019|UTIIIRR,37,0.30835803417646523,0.1792531132928933,0.4078245434706038,0.05702430389806989,0.03639596943182423,0.22050978222538462,-0.03615886213910876,0.0002371072927154673,-0.16433483519089398,0.020158899702981018,-0.04018968611527171,-0.03402489650466956,trial_env,,
NUST,2020,Arthur_IL_2020|UTIII,39,0.27658821437669084,0.14406479833749308,0.05730195070908017,0.2362946165282564,0.31840041515911155,0.14538092088028115,0.14365983755509676,0.11369273965776859,0.20308783237175762,0.27861301828867246,0.428144787188516,0.3392558954525223,trial_env,,
NUST,2020,Arthur_IL_2020|UTIIIRR,13,0.2582417582417582,0.4505494505494505,0.39560439560439564,0.4010989010989011,0.2857142857142857,0.4175824175824176,0.14285714285714285,0.03846153846153846,0.20994795564173535,0.6098901098901099,0.4175824175824176,0.054945054945054944,trial_env,,
NUST,2005,Ashland_KS_2005|PTIIIB,16,-0.3181148748159057,-0.34315169366715753,-0.3622974963181148,-0.40648011782032395,-0.321060382916053,-0.5478645066273933,-0.11192930780559644,0.001474927857972716,-0.310097553629845,-0.45870256382951474,0.14138438880706922,-0.27393225331369664,trial_env,,
NUST,2006,Ashland_KS_2006|PTIIIA,10,-0.11515151515151514,-0.06666666666666665,-0.0303030303030303,-0.006060606060606061,0.2606060606060606,-0.01818181818181818,0.41818181818181815,0.16363636363636364,0.1515151515151515,-0.11515151515151514,0.07878787878787878,0.41818181818181815,trial_env,,
NUST,2007,Ashland_KS_2007|PTIIIA,11,0.46363636363636374,0.20000000000000004,0.20909090909090913,0.3090909090909091,0.5909090909090909,0.05454545454545456,0.27272727272727276,0.17272727272727276,-0.43636363636363645,0.06363636363636364,0.07272727272727274,0.5545454545454546,trial_env,,
NUST,2007,Ashland_KS_2007|PTIIIB,10,0.32121212121212117,0.5757575757575757,0.4666666666666666,0.6727272727272726,0.6727272727272726,0.2727272727272727,0.38181818181818183,0.2606060606060606,0.445130226322946,0.4620082131968491,0.22424242424242422,0.3696969696969697,trial_env,,
NUST,2007,Ashland_KS_2007|UTIV,12,0.15384615384615385,-0.08391608391608392,0.04895104895104895,0.0,0.1188811188811189,-0.055944055944055944,0.6853146853146854,0.6713286713286714,0.055944055944055944,0.4755244755244756,0.31468531468531474,0.3426573426573427,trial_env,,
NUST,2009,Ashland_KS_2009|PTIIIB,10,0.18463723646899907,0.3323470256441984,0.0861640436855329,0.5969937312497637,0.28311042925246527,0.541602560309064,0.04923659639173309,0.01846372364689991,0.20310096011589898,0.09847319278346618,0.5662208585049305,0.6277666039945968,trial_env,,
NUST,2010,Ashland_KS_2010|PTIIIB,15,0.3714285714285714,0.34642857142857136,0.3,0.4535714285714285,0.5142857142857142,0.3857142857142856,0.34642857142857136,0.3428571428571428,0.48257391923802745,0.5821428571428571,0.5142857142857142,0.38214285714285706,trial_env,,
NUST,2010,Ashland_KS_2010|PTIV,16,0.5335311490533293,0.414149869845264,0.36551305239012616,0.44952210072172777,0.25497483090117673,0.4362575141430539,0.5276357772405854,0.13706739464629733,0.5865894953680251,0.6219617262444889,0.7413430054525543,0.5674295369766073,trial_env,,
NUST,2011,Ashland_KS_2011|PTIIIB,10,-0.2606060606060606,-0.04242424242424241,-0.406060606060606,-0.04242424242424241,0.006060606060606061,0.06666666666666665,0.33333333333333326,0.006060606060606061,0.3939393939393939,0.309090909090909,-0.22424242424242422,0.06666666666666665,trial_env,,
NUST,2011,Ashland_KS_2011|PTIV,18,0.4202375366424356,0.2529685417135054,0.22302532657190682,0.2250903758920171,0.1445534524077174,-0.06711410290358308,0.3541559583989076,0.19824473473058382,0.482189016245743,0.2798141828749387,0.22405785123196195,0.3810015995603409,trial_env,,
NUST,2011,Ashland_KS_2011|UTIV,13,0.4230769230769231,0.06043956043956044,-0.15934065934065936,0.13186813186813187,0.09890109890109891,0.13736263736263735,-0.6263736263736264,-0.6428571428571429,0.10178826685793495,0.21428571428571427,-0.2692307692307692,-0.2582417582417582,trial_env,,
NUST,2013,Ashland_KS_2013|UTIV,28,-0.038866840380397165,0.03749828966277755,-0.12043246315052643,0.16039414410501932,-0.013685507176196186,0.28000547682497395,0.04160394181563641,-0.33529492581680653,0.12645408630805277,0.2378541147222897,-0.02873956507001199,0.01176953617152872,trial_env,,
NUST,2005,Aurora_SD_2005|PT0,15,0.46071428571428563,0.3107142857142856,0.2928571428571428,0.5678571428571427,0.7642857142857141,0.5607142857142856,0.2785714285714285,0.3285714285714285,0.18928571428571428,0.6428571428571428,-0.06428571428571428,0.20357142857142854,trial_env,,
NUST,2005,Aurora_SD_2005|PTI,16,0.6107433588692075,0.23105230684931463,0.26342906322310394,0.2722590876886829,0.5194997727248921,0.28256078289852493,0.03679176860657876,0.15746876963615708,0.3122238586156112,0.33701260043626147,-0.002943341488526301,0.61663004184626,trial_env,,
NUST,2005,Aurora_SD_2005|PTII,12,0.5454545454545455,0.6223776223776225,0.6293706293706295,0.6223776223776225,0.6293706293706295,0.5454545454545455,0.18881118881118883,0.2241684698682708,0.1331000289842858,0.5183895865703763,-0.1258741258741259,0.5874125874125874,trial_env,,
NUST,2005,Aurora_SD_2005|UTI,12,0.5174825174825175,0.5034965034965035,0.5804195804195805,0.6013986013986015,0.6573426573426573,-0.055944055944055944,0.46153846153846156,0.6013986013986015,0.02112728445611996,0.45534220441992507,-0.2027972027972028,0.5454545454545455,trial_env,,
NUST,2005,Aurora_SD_2005|UTII,11,0.5284751751907181,0.5922566618516668,0.6332590461337052,0.4738053294813334,0.3963563813930386,0.5011402523360258,0.3234632537805257,0.6423706870852693,0.4100238428203847,0.13667461427346156,-0.4692495090055514,0.5148077137633719,trial_env,,
NUST,2006,Aurora_SD_2006|PT0,15,0.36428571428571427,0.47142857142857136,0.3857142857142856,0.7107142857142856,0.6749999999999999,0.7321428571428571,0.7607142857142856,0.4392857142857142,0.4357142857142856,0.5214285714285714,0.44999999999999996,0.39642857142857135,trial_env,,
NUST,2006,Aurora_SD_2006|PTI,10,0.6079055436800646,0.5106406566912542,0.47416632407045034,0.5106406566912542,0.5410359338752574,0.41945482513924454,0.47416632407045034,0.16413449679361747,0.5045616012544536,0.7112494861056756,0.13981827504641486,0.5410359338752574,trial_env,,
NUST,2006,Aurora_SD_2006|UTI,14,0.4901098901098901,0.3054945054945055,0.178021978021978,0.4901098901098901,0.4813186813186813,0.5428571428571429,0.21318681318681318,0.1384615384615385,0.3362637362637363,0.6175824175824175,-0.09010989010989012,0.48571428571428577,trial_env,,
NUST,2006,Aurora_SD_2006|UTII,13,0.5557089163595367,0.27235238970096115,0.4594227179804091,-0.0027510342394036474,0.01100413695761459,0.12654757501256778,0.39614893047412525,0.4181572043893544,-0.15405791740660424,-0.08803309566091672,0.23658894458871366,0.4649247864592164,trial_env,,
NUST,2007,Aurora_SD_2007|PT0,17,0.7386508627732626,0.6012274464433534,0.7042950086907853,0.6895710712268664,0.6343563057371707,0.4441721134948855,0.6417182744691301,0.6539882223557292,0.6960011860858721,0.7429279912736241,0.46380403011344395,0.7116569774227447,trial_env,,
NUST,2007,Aurora_SD_2007|PT0RR,10,0.19999999999999998,-0.05454545454545454,-0.05454545454545454,-0.12727272727272726,-0.11515151515151514,0.006060606060606061,-0.23636363636363633,-0.43030303030303024,0.24848484848484845,0.6727272727272726,0.406060606060606,-0.5757575757575757,trial_env,,
NUST,2007,Aurora_SD_2007|PTI,11,0.7000000000000001,0.44545454545454555,0.5636363636363637,0.6454545454545455,0.7545454545454545,0.7090909090909092,0.5454545454545455,0.45454545454545453,0.6272727272727273,0.5727272727272729,0.46363636363636374,0.6727272727272727,trial_env,,
NUST,2007,Aurora_SD_2007|PTIIA,14,-0.46864714827479403,-0.14301438797118127,-0.2134214712800705,-0.1166117317303478,-0.11881195308375059,-0.13861394526437568,0.2156216926334733,0.16941704421201473,-0.3916394009056964,-0.20902102857326493,-0.14081416661777846,-0.17381748691882032,trial_env,,
NUST,2007,Aurora_SD_2007|UT0,11,0.45454545454545453,0.4727272727272727,0.6454545454545455,0.3727272727272728,0.30000000000000004,0.1272727272727273,0.5636363636363637,0.6454545454545455,0.13636363636363638,0.045454545454545456,0.39090909090909093,0.5363636363636364,trial_env,,
NUST,2007,Aurora_SD_2007|UTII,12,0.20665530815981217,0.33625270480240615,0.3117342784105641,0.48336326315345896,0.6725054096048123,0.19264477879304523,0.1576184553761279,0.0035026323416917316,-0.024518426391842117,0.07355527917552636,0.14010529366766927,0.014010529366766927,trial_env,,
NUST,2008,Aurora_SD_2008|PT0,17,0.20110365521178497,-0.014714901600862315,0.012262418000718596,0.06866954080402414,0.12262418000718595,0.12630290540740155,0.04414470480258695,0.039239737602299506,0.1606376758094136,0.16554264300970103,0.02697731960158091,0.12752914720747338,trial_env,,
NUST,2008,Aurora_SD_2008|PTIIA,10,-0.13373921960961418,-0.5531940447488588,-0.2492412729088265,-0.10334394242561099,0.012158110873601292,0.0790277206784084,-0.38298049251844074,-0.5957474328064633,-0.4012176588288426,0.23100410659842457,0.6018264882432639,0.18845071854082002,trial_env,,
NUST,2008,Aurora_SD_2008|UT0,16,0.28403245364278806,0.32229589299362993,0.2413540020591567,0.36055933234447185,0.410596137649419,0.2663724047116302,0.34437095415757724,0.36350267383299817,0.337260677466863,0.4017661131838401,0.37380436904284026,0.1810155015443675,trial_env,,
NUST,2008,Aurora_SD_2008|UTI,11,0.4272727272727273,0.045454545454545456,0.10000000000000002,0.009090909090909092,0.09090909090909091,0.07272727272727274,0.10909090909090911,0.045454545454545456,0.0956722299914231,-0.05454545454545456,-0.23636363636363636,0.4272727272727273,trial_env,,
NUST,2008,Aurora_SD_2008|UTIRR,11,0.33190618145300227,0.28983356690262174,0.27113462710245256,0.41137667560372115,0.30853250670279087,0.18698939800169143,0.3178819766028755,0.04207261455038057,0.27580936205249484,0.229062012552072,0.17763992810160686,0.30853250670279087,trial_env,,
NUST,2009,Aurora_SD_2009|PT0,17,0.4436274509803922,0.5073529411764706,0.42892156862745107,0.4460784313725491,0.34313725490196084,0.4068627450980392,0.5441176470588236,0.5000000000000001,0.3857505501123831,0.37990196078431376,0.3088235294117647,0.34313725490196084,trial_env,,
NUST,2009,Aurora_SD_2009|PTI,16,0.5518765290986815,0.3929360887182612,0.31052252703952476,0.4223695036035242,0.28108911215426174,0.45033124774452404,0.459161272210103,0.2869757951313143,0.09860193986563108,0.2061855670103093,0.244297343547683,0.5459898461216288,trial_env,,
NUST,2009,Aurora_SD_2009|PTIIB,16,0.40294117647058825,0.2323529411764706,0.06176470588235294,0.38823529411764707,0.27058823529411763,0.32647058823529407,0.5058823529411764,0.2058823529411765,-0.43561454030189256,0.07058823529411765,0.3911764705882353,0.29411764705882354,trial_env,,
NUST,2009,Aurora_SD_2009|UT0,13,0.21978021978021978,0.2692307692307692,0.2582417582417582,0.3021978021978022,0.22527472527472525,0.2087912087912088,0.34065934065934067,0.3021978021978022,0.19257239675825533,0.12637362637362637,0.25274725274725274,0.45604395604395603,trial_env,,
NUST,2009,Aurora_SD_2009|UTIRR,18,0.3913268461608921,-0.055756331642976706,-0.11874033590633928,0.1321631564870559,0.1703665689090955,-0.0382034124220396,0.005162623300275622,0.056788856303031834,0.19721221007052872,0.08156944814435482,-0.08466702212452018,0.28291175685510406,trial_env,,
NUST,2010,Aurora_SD_2010|PT0,16,0.4088588721576773,0.6214064446873002,0.5313689313240572,0.5638414771271939,0.4575676908623825,0.36310210307143903,0.36457812788067256,0.34834185497910414,0.4885642118562859,0.4147629713946113,0.5564613530810265,0.48708818704705237,trial_env,,
NUST,2010,Aurora_SD_2010|PTI,20,0.6513727425665801,0.6792027558171153,0.5242572766384599,0.7175630443516366,0.7393757574398939,0.49793158842849417,0.7446408950818871,0.6942460062228099,0.5613243039879608,0.656132430398796,0.5332832268818767,0.7138022317502131,trial_env,,
NUST,2010,Aurora_SD_2010|PTIIA,14,0.30143032541618203,0.0770077473690976,0.08580863278270875,0.09020907548951433,0.10121018225652828,0.057205755188472505,-0.14521460932458408,-0.30583076812298765,0.3668528443482613,0.13480737051351774,0.18481859368583425,0.3696371873716685,trial_env,,
NUST,2010,Aurora_SD_2010|PTIIB,21,-0.17142857142857143,0.2675324675324675,0.1155844155844156,0.051948051948051945,-0.08571428571428572,-0.03506493506493507,0.09678467545206276,0.029230271109683383,0.25397857786413786,-0.05521273431829084,-0.2662337662337662,-0.24545454545454545,trial_env,,
NUST,2010,Aurora_SD_2010|UT0,14,0.39383962225909913,0.30583076812298765,0.028602877594236253,0.541254452937086,0.6446648565470171,0.5258529034632665,0.2332234634606956,0.07260730466229204,0.5764579945915306,0.6674008810572688,0.15621571609159798,0.12321239579055618,trial_env,,
NUST,2010,Aurora_SD_2010|UTI,11,0.30000000000000004,0.26363636363636367,-0.1272727272727273,0.23636363636363636,0.09090909090909091,-0.13636363636363638,-0.018181818181818184,-0.045454545454545456,0.36363636363636365,0.3454545454545455,0.045454545454545456,0.2545454545454546,trial_env,,
NUST,2005,Beemer_NE_2005|PT0,15,0.21071428571428572,0.457142857142857,0.4964285714285714,0.5071428571428571,0.3071428571428571,0.5,0.28571428571428564,0.33571428571428563,0.46071428571428563,0.08928571428571427,0.5607142857142856,0.2821428571428571,trial_env,,
NUST,2005,Beemer_NE_2005|PTI,16,0.12352941176470587,-0.28529411764705886,-0.3588235294117647,-0.17352941176470588,0.02941176470588235,-0.0029411764705882353,-0.2088235294117647,-0.17058823529411765,-0.014716707442631503,0.4794117647058824,0.0588235294117647,0.3382352941176471,trial_env,,
NUST,2005,Beemer_NE_2005|PTII,12,0.18914214645135352,0.03152369107522558,-0.007005264683383463,0.09457107322567676,0.1996500434764287,0.29071848436041375,-0.2031526758181204,-0.1298245614035088,-0.10175438596491228,0.028070175438596495,-0.3537658665108649,0.1576184553761279,trial_env,,
NUST,2005,Beemer_NE_2005|UTI,12,0.24868689626011292,0.32574480777733106,0.37828429290270704,0.3187395430939476,0.26970269031026334,0.1786342494262783,0.34676060182748136,0.38879218992778225,0.1164037457596434,0.6631578947368422,-0.49737379252022584,0.234676366893346,trial_env,,
NUST,2005,Beemer_NE_2005|UTII,11,0.13636363636363638,0.15454545454545454,0.14545454545454548,0.045454545454545456,0.07272727272727274,-0.009090909090909092,0.19090909090909092,0.30000000000000004,0.20909090909090913,0.24545454545454545,-0.15454545454545454,0.10000000000000002,trial_env,,
NUST,2006,Beemer_NE_2006|PTI,10,0.7696969696969697,0.5515151515151515,0.4545454545454545,0.8909090909090909,0.8909090909090909,0.8424242424242423,0.9151515151515152,0.5393939393939393,0.7575757575757575,0.6848484848484848,0.4545454545454545,0.8545454545454544,trial_env,,
NUST,2006,Beemer_NE_2006|UTI,14,0.2488992821993055,0.1409695049624385,0.34801846537602005,0.1585906930827433,0.1850224752632005,0.1475774505075528,0.41409792082716307,0.35682905943617244,0.09691653466167648,0.42951646043242975,0.02202648515038101,0.35682905943617244,trial_env,,
NUST,2006,Beemer_NE_2006|UTII,13,-0.33516483516483514,-0.4175824175824176,-0.3516483516483516,-0.4835164835164835,-0.3736263736263736,-0.09890109890109891,-0.21428571428571427,-0.2967032967032967,-0.4175824175824176,-0.3186813186813187,-0.6593406593406593,-0.11538461538461539,trial_env,,
NUST,2007,Beemer_NE_2007|PTI,11,0.7881569423102951,0.6332590461337052,0.7334870966009104,0.7380429170766925,0.7562661989798207,0.701596353270436,0.5968124823274489,0.6287032256579232,0.7562661989798207,0.6423706870852693,0.7061521737462181,0.8337151470681156,trial_env,,
NUST,2007,Beemer_NE_2007|PTIIA,14,-0.10121018225652828,-0.4290431639135438,-0.37183740872507126,-0.426842942560141,-0.10341040360993106,-0.343234531130835,-0.28602877594236253,-0.5456548956438916,0.40704095037951593,-0.2134214712800705,-0.15181527338479242,-0.0792079687225004,trial_env,,
NUST,2007,Beemer_NE_2007|UTII,12,0.6923076923076924,0.4895104895104896,0.44755244755244755,0.4265734265734266,0.35664335664335667,0.1328671328671329,0.6293706293706295,0.5804195804195805,0.5384615384615385,0.4755244755244756,0.5174825174825175,0.6993006993006995,trial_env,,
NUST,2008,Beemer_NE_2008|PTIIA,10,0.6484848484848483,0.4545454545454545,0.38181818181818183,0.6363636363636362,0.5636363636363636,0.3696969696969697,0.18787878787878787,0.13939393939393938,0.12727272727272726,-0.05454545454545454,0.38181818181818183,0.34545454545454546,trial_env,,
NUST,2008,Beemer_NE_2008|UTI,11,0.29090909090909095,0.4909090909090909,0.4000000000000001,0.44545454545454555,0.43636363636363645,0.41818181818181827,0.28181818181818186,0.4090909090909091,0.12300715284611541,0.45454545454545453,0.3181818181818182,0.28181818181818186,trial_env,,
NUST,2008,Beemer_NE_2008|UTIRR,11,0.14545454545454548,-0.11818181818181818,0.10000000000000002,0.02727272727272728,0.28181818181818186,-0.06363636363636364,-0.10909090909090911,-0.18181818181818182,-0.018181818181818184,0.13636363636363638,-0.30000000000000004,0.009090909090909092,trial_env,,
NUST,2009,Beemer_NE_2009|PTI,16,0.3323529411764706,0.45,0.4441176470588235,0.4088235294117647,0.27058823529411763,0.2029411764705882,0.5029411764705883,0.5235294117647059,0.4058823529411764,0.3590876616002087,0.5117647058823529,0.4294117647058823,trial_env,,
NUST,2009,Beemer_NE_2009|PTIIB,16,0.0795288049531908,-0.13254800825531798,-0.28571459557257434,0.02503684600378229,0.03681889118203278,-0.04565542506572064,0.22533161403404056,0.11634769613522357,-0.025792195654671717,0.48306385230827004,0.05007369200756458,-0.04270991377115802,trial_env,,
NUST,2009,Beemer_NE_2009|UTIRR,18,0.14558597706777254,-0.05782138096308696,-0.07743934950413432,-0.07434177552396895,-0.11770781124628417,-0.1239029592066149,0.039235937082094725,0.13319568114711103,0.06504905358347284,-0.06298400426336258,-0.1146102372661188,0.20753745667108,trial_env,,
NUST,2010,Beemer_NE_2010|PTI,20,0.5774436090225563,0.7428571428571428,0.6706766917293233,0.669172932330827,0.5669172932330826,0.593984962406015,0.6150375939849623,0.5278195488721804,0.69424600622281,0.4896578007053622,0.4842105263157894,0.6075187969924812,trial_env,,
NUST,2010,Beemer_NE_2010|PTIIA,14,0.1164835164835165,0.2879120879120879,0.1384615384615385,0.221978021978022,-0.059340659340659345,0.18681318681318684,0.5032967032967033,0.410989010989011,-0.14790431126346332,0.14348925719589722,-0.1824175824175824,-0.1384615384615385,trial_env,,
NUST,2010,Beemer_NE_2010|PTIIB,21,-0.26233766233766237,0.07142857142857142,-0.015584415584415586,-0.11818181818181818,-0.12987012987012986,-0.10519480519480517,0.18252680404046737,0.11627152285851837,0.1773303113987459,-0.2968496421583402,0.08441558441558442,-0.17272727272727273,trial_env,,
NUST,2010,Beemer_NE_2010|UTI,11,0.26363636363636367,0.26363636363636367,-0.009090909090909092,0.21818181818181823,0.10000000000000002,-0.13636363636363638,0.13636363636363638,0.17272727272727276,0.30000000000000004,0.3090909090909091,0.009090909090909092,0.3090909090909091,trial_env,,
NUST,2011,Beemer_NE_2011|PTI,22,0.507344713738829,0.5440678834415281,0.42542379670973074,0.47796617797666957,0.43389837433343054,0.552542461065228,0.4033898948881112,0.39604526094757136,0.22577961663740256,0.48813567112510936,0.47401137508560964,0.5610170386889278,trial_env,,
NUST,2011,Beemer_NE_2011|PTIIA,17,-0.11649297100682665,0.42918463002515084,-0.0882894096051739,0.45738819142680365,0.19865117161164125,0.5652974698331272,0.35683636382091116,0.37861158400424616,0.5190667612779014,0.2355828220858896,0.5481300846321212,-0.16431640120962918,trial_env,,
NUST,2011,Beemer_NE_2011|PTIIB,13,0.35714285714285715,0.48901098901098894,0.5384615384615384,0.2802197802197803,-0.07142857142857142,-0.20329670329670327,0.3021978021978022,0.32967032967032966,0.6978021978021978,0.4835164835164835,0.4835164835164835,0.35714285714285715,trial_env,,
NUST,2011,Beemer_NE_2011|UTII,11,0.3090909090909091,-0.28181818181818186,-0.20000000000000004,-0.17272727272727276,-0.08181818181818183,0.05454545454545456,-0.4000000000000001,-0.33636363636363636,-0.5512542775696284,-0.3963563813930385,-0.4727272727272727,0.02727272727272728,trial_env,,
NUST,2012,Beemer_NE_2012|PTI,19,0.383670033734946,0.6180862786027504,0.4064970837969794,0.6198422055305992,0.5741881054065324,0.5478492014888016,0.6426692555926327,0.6927131730363212,0.4591748916324411,0.3494294586418959,0.7989467521711688,0.507462882148281,trial_env,,
NUST,2012,Beemer_NE_2012|PTIIB,14,-0.2,-0.1956043956043956,-0.11208791208791209,-0.24835164835164836,-0.4197802197802198,-0.26593406593406593,-0.2087912087912088,-0.3098901098901099,-0.20242036451305656,-0.18681318681318684,-0.23956043956043957,-0.3758241758241759,trial_env,,
NUST,2012,Beemer_NE_2012|UTII,16,0.3122241972236379,0.374079934409453,0.22238610273947793,0.3063331746345127,0.33873379887470156,0.011782045178250487,0.10751116225153569,0.08541982754231604,0.34609757711110806,0.34904308840567067,0.3799709569985782,0.15022107602269372,trial_env,,
NUST,2012,Beemer_NE_2012|UTIIRR,20,-0.24614242261070696,-0.3470081248426175,-0.19119319676794974,-0.3123825852704691,-0.2333460275514347,-0.04666920551028695,-0.2882952533941919,-0.2717352127292514,-0.15888558721490148,-0.009032749453603925,-0.2943170863632612,-0.4516374726801962,trial_env,,
NUST,2011,Beresford_SD_2011|PTIIA,17,-0.42892156862745107,-0.17647058823529413,-0.4460784313725491,-0.24754901960784317,-0.48774509803921573,-0.19607843137254904,-0.303921568627451,-0.36855148099909213,-0.04056564945335698,-0.3654200564214142,-0.20833333333333337,-0.4558823529411765,trial_env,,
NUST,2011,Beresford_SD_2011|PTIIB,13,0.5439560439560439,0.5879120879120878,0.5164835164835164,0.6538461538461539,0.4725274725274725,-0.06593406593406594,0.510989010989011,0.3626373626373627,0.6208791208791209,0.6043956043956044,0.521978021978022,0.6538461538461539,trial_env,,
NUST,2011,Beresford_SD_2011|UTII,11,0.5636363636363637,0.44545454545454555,0.20909090909090913,0.5181818181818182,0.5363636363636364,0.29090909090909095,0.10000000000000002,0.18181818181818182,0.04100238428203847,0.13211879379767952,0.10909090909090911,0.4272727272727273,trial_env,,
NUST,2012,Beresford_SD_2012|PTIIB,14,0.1563880445677052,0.04405297030076202,0.1850224752632005,0.06828210396618113,0.08810594060152405,0.10792977723686697,0.24669663368426736,0.08810594060152405,0.2348402750385319,0.18722512377823863,0.05726886139099064,0.05286356436091443,trial_env,,
NUST,2012,Beresford_SD_2012|UTII,16,-0.08094189093447328,0.011773365954105204,0.08388523242299958,0.07064019572463123,0.02501840265247356,0.027961744140999858,0.18690218452142013,0.21486392866241996,0.17218547707878862,0.16482712335747285,0.12950702549515722,0.07652687870168383,trial_env,,
NUST,2013,Beresford_SD_2013|PTIIA,16,0.44885957700026086,0.20750557494110425,0.4061811254166295,-0.1633554526132097,-0.4827080041183134,-0.19720387973126216,0.4415012232789452,0.44885957700026086,-0.41506828094747034,-0.08689248895434462,-0.03384842711805246,0.47976466262978706,trial_env,,
NUST,2013,Beresford_SD_2013|PTIIB,14,0.532453567523475,0.22002213534027887,0.5522555597041,0.20462058586645934,0.07260730466229204,-0.0374037630078474,0.1496150520313896,0.13861394526437568,-0.33663386707062665,-0.1914192577460426,-0.41144139308632144,0.3322334243638211,trial_env,,
NUST,2013,Beresford_SD_2013|UTII,20,-0.25131685067804627,-0.22422880689238858,-0.14747934949969183,-0.08577880532124933,0.06094809851772978,0.15951848007109523,-0.16027092573180796,-0.10383750117835444,0.03160271774993396,0.06471032682129335,-0.3092551665529252,-0.04966141360703908,trial_env,,
NUST,2016,BooneCounty_IA_2016|PTI,32,0.5722140762463342,0.532991202346041,0.3823313782991202,0.7840909090909091,0.7741935483870966,0.7096774193548386,0.6660557184750733,0.530791788856305,0.46387975249473024,0.6543255131964809,0.6700879765395894,0.6865835777126099,trial_env,,
NUST,2016,BooneCounty_IA_2016|PTIIA,23,0.7796442687747036,0.7124505928853756,0.7569169960474308,0.6956521739130435,0.6778656126482214,0.5642292490118578,0.8003952569169961,0.7401185770750989,0.475296442687747,0.4525691699604743,0.66699604743083,0.8409090909090908,trial_env,,
NUST,2016,BooneCounty_IA_2016|PTIIB,23,0.4993820903720485,0.5260817268869897,0.5330038548723448,0.4993820903720485,0.48108789498218135,0.4978987772323295,0.28776274910547744,0.1606922568028869,0.4558715716069592,0.56810893251236,0.3297899547308478,0.4069222379962336,trial_env,,
NUST,2016,BooneCounty_IA_2016|PTIIIA,27,0.11233211233211234,0.33577533577533575,-0.02503052503052503,0.6575091575091575,0.7026862026862026,0.3791208791208791,0.39072039072039066,0.30830280830280826,0.5415140415140415,0.5757020757020758,0.6043956043956045,0.5274725274725275,trial_env,,
NUST,2016,BooneCounty_IA_2016|PTIIIB,28,0.33529492581680653,0.5485151276219432,0.43848364992532585,0.5528944899183259,0.2364855640046701,0.3725195053360602,0.592035040442247,0.4765293598751512,0.3878472733733999,0.46174901212485936,0.6752429240735199,0.5216915335565987,trial_env,,
NUST,2016,BooneCounty_IA_2016|UTI,14,0.7318681318681319,0.49890109890109896,0.44175824175824174,0.6175824175824175,0.5472527472527472,0.2967032967032967,0.5868131868131868,0.5516483516483517,0.6923076923076923,0.5780219780219781,0.5076923076923077,0.7098901098901099,trial_env,,
NUST,2016,BooneCounty_IA_2016|UTII,27,0.016483516483516484,-0.06227106227106227,-0.06532356532356533,-0.045787545787545784,-0.1575091575091575,0.031135531135531136,-0.08363858363858362,-0.12637362637362637,0.0775572555239092,0.10715921358248266,0.10622710622710621,0.03663003663003663,trial_env,,
NUST,2016,BooneCounty_IA_2016|UTIII,23,0.1650197628458498,0.3290513833992095,0.2223320158102767,0.18873517786561267,-0.03162055335968379,-0.3092885375494071,0.43280632411067194,0.4130434782608696,-0.008893280632411068,-0.16304347826086957,0.2519762845849803,0.3992094861660079,trial_env,,
NUST,2012,Boone_IA_2012|PTIIB,14,0.5060509112826413,0.47964825504180797,0.426842942560141,0.5742577732381278,0.5346537888768776,0.4664469269213912,0.4884491404554191,0.530253346170072,0.49339207048458156,0.521452460756461,0.5544557810575027,0.5192522394030581,trial_env,,
NUST,2012,Boone_IA_2012|UTII,16,-0.6053025710326188,-0.49631865313380175,-0.35493411099479594,-0.4153170925333297,-0.42709913771158015,-0.15169383166997502,-0.17673067767375733,-0.2385864148595724,-0.38438922394042213,-0.2032402793248209,-0.3888074908822661,-0.44624496112623724,trial_env,,
NUST,2013,Boone_IA_2013|PTIIA,16,0.2911764705882353,0.5088235294117647,0.3941176470588235,0.3,-0.06176470588235294,-0.02941176470588235,0.3970588235294118,0.2441176470588235,-0.10184571183711094,-0.004415012232789452,0.3235294117647059,0.11470588235294117,trial_env,,
NUST,2013,Boone_IA_2013|PTIIB,14,0.21318681318681318,0.06373626373626373,0.3186813186813187,0.09010989010989012,-0.01098901098901099,-0.14285714285714285,0.0945054945054945,0.12087912087912088,0.12087912087912088,0.16483516483516483,-0.12967032967032965,0.23956043956043957,trial_env,,
NUST,2013,Boone_IA_2013|UTII,20,0.3828507228249298,0.23392254380855243,0.32643853380357474,0.1549454791786553,-0.07145543942704978,-0.017299737966548896,0.26927418226193495,0.2978563580327549,-0.15419331665837055,-0.08123355219075133,0.2910868953501923,0.24821363169396238,trial_env,,
NUST,2014,Boone_IA_2014|PTIIA,21,0.1792789961393914,0.41117248027621295,-0.04352062587441748,0.4891198699020353,0.4683338993351494,0.45924003721213674,0.4696330224955797,0.43000976610245334,0.47482951513730126,0.4540435445704153,0.36635273124136514,0.5800584911321615,trial_env,,
NUST,2014,Boone_IA_2014|PTIIB,23,0.06473931504779662,0.17296763562388412,0.29009143460348563,0.1650605437096494,-0.06276254206923794,0.12107734493671887,0.35137139693880454,0.32427088482451805,0.22299135415669383,-0.010380622837370242,0.0840128515887437,-0.041512232549732186,trial_env,,
NUST,2014,Boone_IA_2014|UTII,21,0.5553751510839843,0.4443001208671875,0.4572913524714912,0.3189347358856565,0.4137707265970737,0.2955505189979098,0.2974992037385554,0.3585579922787828,0.11877659718394301,0.17771280051981805,0.43715494348482037,0.6307242943889461,trial_env,,
NUST,2015,Boone_IA_2015|PTI,42,0.5880446031965183,0.5035866464038549,0.41734550818178806,0.5408713490186583,0.5614589891581367,0.5275785419994675,0.5562715522725988,0.5413576712266774,0.46451876235964795,0.5325228177809959,0.4220466228593067,0.5835866496230091,trial_env,,
NUST,2015,Boone_IA_2015|PTIIA,23,0.3290513833992095,0.22826086956521738,0.25,0.07707509881422926,-0.024703557312252968,0.11363636363636365,0.2628458498023716,0.07806324110671936,0.2411663033841584,0.3132411067193676,0.1590909090909091,0.3695652173913044,trial_env,,
NUST,2015,Boone_IA_2015|PTIIB,23,0.006426100636806854,0.17696492522898874,0.06277806006726695,0.23875435442905465,0.17696492522898874,0.3282254479107501,0.5565991782341936,0.2560553946050731,0.1927830191042056,0.16361840852177453,0.10479487192331177,0.43153737353326016,trial_env,,
NUST,2015,Boone_IA_2015|PTIIIA,26,0.7001882228292646,0.6068069893986887,0.6177527750022727,0.5257397647721447,0.4282538617402244,0.5479733917794245,0.4686164461534405,0.4528818793482885,0.6660965152037508,0.6235677236041767,0.24662223188075225,0.43201647554145645,trial_env,,
NUST,2015,Boone_IA_2015|PTIIIB,26,0.03419387979535878,0.027013165038333436,-0.11967857928375573,0.146007866726182,0.21986664708415693,-0.02632928744242626,0.16755001099725803,0.3162933881070687,-0.04650367652168794,0.12993674322236337,0.17507266455223697,0.32381604166204764,trial_env,,
NUST,2015,Boone_IA_2015|UTI,12,0.6713286713286714,0.6153846153846154,0.6713286713286714,0.7062937062937064,0.5384615384615385,0.5804195804195805,0.7062937062937064,0.6293706293706295,0.7342657342657343,0.6783216783216784,0.41958041958041964,0.7972027972027973,trial_env,,
NUST,2015,Boone_IA_2015|UTII,24,-0.041748207118685654,0.059578170575624326,0.025657752291692225,-0.04609697869354874,-0.20613177264851046,-0.0021743857874315445,-0.17699500309692776,-0.06740595941037789,-0.020230585642900107,-0.0811222270552414,-0.24961948839714132,-0.06175255636305587,trial_env,,
NUST,2015,Boone_IA_2015|UTIII,24,0.2610967046293534,0.1993038178670731,0.13968673697670408,0.1993038178670731,0.21279381427292304,0.03350741042743369,-0.007397739964498347,-0.08877287957398017,-0.011314190533938649,0.005657095266969324,0.04830289035643039,-0.021322897544730535,trial_env,,
NUST,2016,Boone_IA_2016|PTIIA,23,0.12252964426877472,0.13438735177865613,0.2233201581027668,0.19762845849802374,0.10869565217391304,0.2005928853754941,0.27865612648221344,0.3685770750988142,0.1373517786561265,0.05434782608695652,0.1689723320158103,0.28952569169960474,trial_env,,
NUST,2016,Boone_IA_2016|PTIIB,23,0.2114624505928854,0.1116600790513834,0.26877470355731226,-0.004940711462450594,-0.04743083003952569,-0.017786561264822136,0.03656126482213439,0.018774703557312256,0.02865612648221344,0.03853754940711463,0.023715415019762844,0.21541501976284588,trial_env,,
NUST,2016,Boone_IA_2016|UTII,27,0.1175393083454582,-0.1569226090638065,-0.011906579286942519,-0.22378263121356068,-0.30315982645984413,-0.20638070764033697,-0.22805678788066824,-0.20424362930678322,-0.1675064914931604,-0.21969465648854958,-0.10593802596330908,0.09067318072363918,trial_env,,
NUST,2020,Boone_IA_2020|UTII,39,0.05143001936433344,-0.1181473082641282,-0.1214882347188979,-0.1187547494377227,-0.13495318073357573,-0.15955454826415258,-0.015084789144263155,0.0654011663570067,-0.0582131124694719,-0.1515565728118251,-0.1660339207824938,-0.009010377408318261,trial_env,,
NUST,2010,Bristol_SD_2010|PT0,16,0.5091980775150501,0.032376756373789305,0.23988233131489353,0.31935255150510367,0.44444456476747146,0.2178072701509463,0.2531273680132619,0.014716707442631503,0.1633554526132097,0.44885957700026086,-0.08830024465578903,0.4194261621149979,trial_env,,
NUST,2010,Bristol_SD_2010|UT0,14,0.5060509112826413,0.3278329816570155,0.14081416661777846,0.4378440493271549,0.4708473696281968,0.3586360806046545,0.40044028631930756,0.198019921806251,0.1936194790994454,0.35462555066079293,0.17381748691882032,0.2948296613559737,trial_env,,
NUST,2011,Bristol_SD_2011|PT0,17,0.5318627450980392,0.232843137254902,0.02450980392156863,0.3970588235294118,0.40196078431372556,0.37990196078431376,0.2058823529411765,0.13235294117647062,-0.03921568627450981,0.32598039215686275,0.20098039215686278,0.3921568627450981,trial_env,,
NUST,2011,Bristol_SD_2011|UT0,14,0.09492366245267049,0.10375377058780262,-0.06843333804727406,0.05960322991214193,0.07726344618240621,-0.09933871652023654,0.06843333804727406,-0.16114947346616154,0.05518817584457587,0.17880968973642578,0.11258387872293477,0.13465914906076512,trial_env,,
NUST,2016,Britton_MI_2016|UTII,27,0.5180888474343962,0.33430011074877075,0.2927797316968686,0.3816211309917474,0.41276141528067395,0.3486490652740605,0.3196458593186876,0.3309418447960433,0.22843182431519413,0.09893129770992365,0.4200885409957155,0.5770111500595221,trial_env,,
NUST,2016,Britton_MI_2016|UTIIRR,11,0.29090909090909095,-0.5545454545454546,-0.17272727272727276,-0.3090909090909091,-0.20000000000000004,-0.045454545454545456,-0.009090909090909092,-0.3727272727272728,0.13762047064079508,-0.38181818181818183,-0.5,0.11818181818181818,trial_env,,
NUST,2017,Britton_MI_2017|UTII,34,0.3849327673305505,0.35391198457227274,0.3219743313876419,0.40449266975941534,0.37744499218200067,0.3852383908060015,0.385391202543727,0.2610024480351648,0.32182151964991634,0.3007334998437965,0.3635391240489796,0.3907396133641197,trial_env,,
NUST,2017,Britton_MI_2017|UTIIRR,16,0.41648282062647163,0.528329797190471,0.36055933234447185,0.5136130897478395,0.5224431142134185,0.26342906322310394,0.5047830652822606,0.4120678083936822,0.20103092783505153,0.23105230684931463,0.2295806361050515,0.3237675637378931,trial_env,,
NUST,2019,Britton_MI_2019|UTII,35,0.04748896931905556,-0.1134692187269469,-0.10254255321990756,-0.18421237361226567,-0.28045108134734287,-0.28087133771299816,0.08601246950413012,0.029838201961530482,-0.04370972304031418,-0.13588289156189937,0.07228409489272172,0.19107656091796982,trial_env,,
NUST,2019,Britton_MI_2019|UTIIRR,25,0.3405156081219581,0.3339746303388244,0.30973453620132907,0.17198923935651442,0.150827252411082,0.11312043930831149,0.33628321073287154,0.30011545122613253,0.24278570477396105,0.2004617308830962,0.2127741596513478,0.22239324462654436,trial_env,,
NUST,2020,Britton_MI_2020|UTII,39,0.3578297416854566,0.44751493295372097,0.4645207028556041,0.37432938748311695,0.32432432598591315,0.28039275373938183,0.3605628118482592,0.4136046179707994,0.42585282129298896,0.32068023243550964,0.13371798833564022,0.29274218188241596,trial_env,,
NUST,2013,Brownstown_IL_2013|UTIV,28,0.19570275261960546,0.09196660822403836,0.004105652152858856,0.3440536504095721,0.5501573884830867,0.39386889653092627,0.4535377078191416,0.3774462879194908,0.2931435637141223,0.3161352157701319,-0.07089092717269624,0.2660462595052539,trial_env,,
NUST,2011,BurkeyFarms_IA_2011|PTIIA,17,0.38036838448457044,0.16687129125774705,0.43803713955158596,0.28957077012373755,0.5349697278557184,0.14846636942784847,0.5926384829227339,0.48585522608126075,0.32123131665501786,0.4518110120794513,0.0024539895773198093,0.5447856861649977,trial_env,,
NUST,2011,BurkeyFarms_IA_2011|PTIIB,13,0.04395604395604395,0.46153846153846156,0.46703296703296704,0.22527472527472525,-0.20329670329670327,-0.4010989010989011,0.5934065934065934,0.5659340659340659,0.4725274725274725,0.09890109890109891,0.6593406593406593,0.21978021978021978,trial_env,,
NUST,2011,BurkeyFarms_IA_2011|UTII,11,0.03636363636363637,-0.08181818181818183,-0.3181818181818182,0.08181818181818183,-0.009090909090909092,0.2545454545454546,-0.30000000000000004,-0.26363636363636367,-0.3963563813930385,-0.19590028045862823,-0.06363636363636364,0.0,trial_env,,
NUST,2005,Butlerville_IN_2005|PTIIIB,16,0.2665684830633284,0.4948453608247422,0.40648011782032395,0.3284241531664212,0.4138438880706922,0.3122238586156112,-0.014727540500736375,0.2758115094408979,0.27300454482244724,0.15929220866105334,-0.23416789396170837,0.1561119293078056,trial_env,,
NUST,2012,Butlerville_IN_2012|PTIV,18,-0.15789473684210525,0.09391124871001032,-0.10216718266253869,0.09803921568627451,0.2507739938080495,0.09597523219814243,-0.003095975232198142,-0.1455108359133127,-0.2198142414860681,-0.12280701754385966,-0.05675954592363261,-0.0608875128998968,trial_env,,
NUST,2013,Butlerville_IN_2013|UTIIIRR,12,0.22377622377622378,0.16783216783216784,0.04195804195804196,0.2027972027972028,0.1398601398601399,0.08391608391608392,0.1328671328671329,0.18881118881118883,0.18947485057207605,0.006993006993006993,0.0979020979020979,0.04895104895104895,trial_env,,
NUST,2013,Butlerville_IN_2013|UTIV,28,-0.047364822611568796,-0.04106776527014635,-0.11581109806181272,0.09582478563034148,0.16481863128418733,0.14757016987072588,0.14510610395451712,0.03230664201251513,0.05639973097100098,0.16974676311660494,0.07446954768986538,0.17166325882921177,trial_env,,
NUST,2014,Butlerville_IN_2014|PTIV,36,0.061787991111265386,0.276243810259949,0.17068932544487064,0.2992855819451917,0.3478148999638314,0.29207698298221074,0.13760700520404728,0.046984618240858055,0.041065911771791246,0.19476089698196777,-0.07877968866686337,0.014932097851889136,trial_env,,
NUST,2014,Butlerville_IN_2014|UTIII,16,0.6029411764705882,0.4911764705882353,0.5029411764705883,0.3529411764705882,0.2352941176470588,0.488235294117647,0.488235294117647,0.4294117647058823,0.1176470588235294,0.22941176470588234,0.3323529411764706,0.6,trial_env,,
NUST,2014,Butlerville_IN_2014|UTIIIRR,12,0.6153846153846154,0.7132867132867133,0.6153846153846154,0.3426573426573427,0.37762237762237766,0.06993006993006995,0.1258741258741259,0.4895104895104896,0.7355527917552636,0.5874125874125874,0.27272727272727276,0.2937062937062937,trial_env,,
NUST,2015,Butlerville_IN_2015|PTIV,24,-0.2309700088006586,-0.24314921830427152,-0.33492826134935433,-0.1278816997879353,-0.08090474884542845,0.11483254674835004,-0.08699435359723488,0.038277515582783354,0.22314051697690748,0.05654632983820268,-0.08655938182924872,-0.16789910244266332,trial_env,,
NUST,2015,Butlerville_IN_2015|UTIII,24,0.09130434782608696,-0.005217391304347826,0.11565217391304347,0.04,0.17913043478260868,0.08695652173913042,0.18,0.2617391304347826,0.3391304347826086,0.033913043478260865,0.21913043478260866,0.4269565217391304,trial_env,,
NUST,2015,Butlerville_IN_2015|UTIV,13,-0.5164835164835164,-0.39560439560439564,-0.4505494505494505,-0.3516483516483516,-0.19780219780219782,-0.14835164835164835,-0.39560439560439564,-0.576923076923077,0.03296703296703297,0.42857142857142855,-0.1043956043956044,0.13186813186813187,trial_env,,
NUST,2017,Butlerville_IN_2017|PTIV,27,0.7496947496947497,0.4029304029304029,0.14285714285714285,0.57997557997558,0.5366300366300365,0.5921855921855921,0.5793650793650793,0.673992673992674,0.08823080548529201,0.264692416455876,-0.2039072039072039,0.57997557997558,trial_env,,
NUST,2017,Butlerville_IN_2017|UTIII,20,0.17293233082706763,0.3684210526315789,0.3082706766917293,0.42556390977443603,0.3789473684210526,0.38796992481203,0.23609022556390977,0.24962406015037594,0.3293233082706767,0.27669172932330827,0.362406015037594,0.18045112781954886,trial_env,,
NUST,2017,Butlerville_IN_2017|UTIIIRR,14,0.1252747252747253,0.03736263736263736,0.006593406593406593,0.09010989010989012,0.006593406593406593,0.12967032967032965,0.14725274725274726,0.04615384615384615,0.2351648351648352,0.27912087912087913,-0.01098901098901099,0.054945054945054944,trial_env,,
NUST,2017,Butlerville_IN_2017|UTIV,15,0.532142857142857,0.20357142857142854,0.34642857142857136,-0.08928571428571427,-0.4535714285714285,-0.03214285714285714,0.23571428571428568,0.32499999999999996,-0.37499999999999994,-0.0857142857142857,-0.13928571428571426,0.03214285714285714,trial_env,,
NUST,2014,Carbondale_IL_2014|PTIV,36,-0.10014803559284265,-0.17802664938933338,-0.02136834692597928,-0.3324966271674969,-0.39750274281580733,-0.3031473313896458,-0.07002638992610077,-0.01428847294448012,-0.10041194727898801,-0.27688743516735803,0.03063654559266909,-0.2257836175190823,trial_env,,
NUST,2015,Carbondale_IL_2015|PTIV,24,-0.040443575646226734,-0.2735377320588883,-0.21048054422337356,-0.2826701523661008,-0.2744074863738609,-0.3061535188703615,-0.06566645078043265,0.09219395738709749,0.08654055433977549,-0.3261578681147317,-0.16742770563222895,0.10002174622185106,trial_env,,
NUST,2015,Carbondale_IL_2015|UTIV,13,0.13736263736263735,0.0879120879120879,0.2967032967032967,-0.18131868131868134,-0.2912087912087912,-0.521978021978022,0.13736263736263735,0.4505494505494505,-0.4505494505494505,-0.46703296703296704,0.07142857142857142,0.049450549450549455,trial_env,,
NUST,2013,Carlisle_IA_2013|UTII,20,0.3370956559992956,0.3897668522491855,0.20692255669599616,0.36644103676709144,0.39578641753488725,0.22949592651737755,0.16930027366036052,0.16629049101750967,0.23626793746379202,0.36493614544566594,0.43340870057052294,0.3822423956420584,trial_env,,
NUST,2005,Casselton_ND_2005|PT0,15,-0.06463289438526494,0.31418768103948236,0.339322695522641,0.26750836842790215,0.055656103498422586,0.28725730837895525,0.09335862522316048,0.07720040162684423,0.5816960494673845,-0.13824257965737224,0.28187123384684987,0.04667931261158024,trial_env,,
NUST,2006,Casselton_ND_2006|PT0,15,0.18409301363524752,0.34495098671459,0.11438789196753243,0.5183201354778814,0.46648812193009326,0.7167116356090705,0.42359266244226856,0.16621990551532057,0.2966935947907873,0.47542467599005667,0.05719394598376622,0.16800721632731325,trial_env,,
NUST,2007,Casselton_ND_2007|PT0RR,10,-0.32121212121212117,0.06666666666666665,-0.0303030303030303,-0.01818181818181818,-0.0303030303030303,-0.309090909090909,-0.10303030303030303,0.12727272727272726,-0.07878787878787878,-0.6242424242424242,-0.2606060606060606,0.5636363636363636,trial_env,,
NUST,2007,Casselton_ND_2007|UT0,11,-0.5636363636363637,-0.6272727272727273,-0.6545454545454547,-0.6818181818181819,-0.7272727272727273,-0.6090909090909091,-0.5636363636363637,-0.6545454545454547,-0.6454545454545455,-0.6363636363636364,-0.7272727272727273,-0.4090909090909091,trial_env,,
NUST,2008,Casselton_ND_2008|PT0,17,-0.04411764705882353,0.06372549019607844,0.014705882352941176,0.13970588235294118,0.18382352941176472,0.25980392156862747,0.012254901960784315,-0.014705882352941176,0.303921568627451,0.19117647058823534,0.04411764705882353,0.019607843137254905,trial_env,,
NUST,2008,Casselton_ND_2008|UT0,16,0.19440374544113306,0.35787962228935855,0.17083965508463209,0.39175300217682874,0.3888074908822661,0.4153170925333297,0.1855672115574452,0.29160561816169955,0.2962417900908008,0.4153170925333297,0.4889548748973952,0.1487483203754124,trial_env,,
NUST,2009,Casselton_ND_2009|PT0,17,0.29570574406703704,0.29693273885569693,0.16687129125774705,0.47116599884540344,0.5337427330670586,0.39631931673714926,0.2294480254794022,0.11165652576805134,0.37515403532856845,0.43926413434024586,0.39754631152580916,0.22331305153610267,trial_env,,
NUST,2009,Casselton_ND_2009|UT0,13,0.46703296703296704,0.38461538461538464,0.521978021978022,0.21428571428571427,0.14835164835164835,0.06593406593406594,0.6043956043956044,0.6593406593406593,0.3713896223194924,0.3131868131868132,0.34065934065934067,0.7747252747252747,trial_env,,
NUST,2010,Casselton_ND_2010|PT0,16,0.30905085629526163,0.665195176406944,0.6593084934298914,0.5754232610068919,0.44444456476747146,0.5342164801675237,0.4724063089084713,0.3164092100165774,0.5533481998429446,0.37086102755431394,0.6563651519413651,0.23546731908210405,trial_env,,
NUST,2010,Casselton_ND_2010|UT0,14,0.0198019921806251,-0.030803098947639045,-0.2530254556413207,0.1914192577460426,0.41364161443972425,0.035203541654444614,-0.10341040360993106,-0.24202434887430674,0.3300332030104183,0.48348017621145384,0.07040708330888923,-0.24202434887430674,trial_env,,
NUST,2012,Casselton_ND_2012|PT0,27,0.18351145893649382,0.3661068872959336,0.19175573412998023,0.43145040179245553,0.495267198660554,0.39328246108187026,0.2974045940168802,0.30778627389015933,0.26839695907683536,0.34931299338327604,0.29221375408024053,0.1993893222720973,trial_env,,
NUST,2012,Casselton_ND_2012|UT0,12,0.6643356643356644,0.5874125874125874,0.4265734265734266,0.5804195804195805,0.6013986013986015,0.5314685314685316,0.3846153846153847,0.4125874125874127,0.6013986013986015,0.6503496503496504,0.5874125874125874,0.6083916083916086,trial_env,,
NUST,2012,Casselton_ND_2012|UT00,12,0.23076923076923078,0.02097902097902098,0.27272727272727276,-0.09090909090909093,-0.2937062937062937,-0.04195804195804196,-0.006993006993006993,0.11188811188811189,-0.17482517482517487,-0.1328671328671329,0.04195804195804196,0.15384615384615385,trial_env,,
NUST,2013,Casselton_ND_2013|PT0,23,0.22584631280032866,0.371633319969031,0.1502347463704593,0.5426241826143564,0.4813442202790375,0.46750680942912676,0.5436125691036358,0.5292809650090853,0.6172473625549463,0.5124783946913366,0.4892513121932721,0.5075364622449399,trial_env,,
NUST,2013,Casselton_ND_2013|UT0,18,0.19844985091036613,0.17881158441402784,0.06304917138298091,0.24186075579700872,0.2273904541681279,0.36382472666900467,0.06614995030345538,0.01963826649633832,0.08062025193233625,0.07131791517091284,0.03307497515172769,0.13643427250087675,trial_env,,
NUST,2014,Casselton_ND_2014|PT0,18,-0.08363449746446507,-0.15900879764848913,-0.15178112502810326,0.019617968541047363,0.10531751532562267,-0.0020650493201102484,-0.3045947747162617,-0.373773926939955,-0.35002585975868716,-0.20340735803085946,-0.2467733937531747,0.056788856303031834,trial_env,,
NUST,2014,Casselton_ND_2014|UT0,14,0.5604395604395604,0.11208791208791209,0.06373626373626373,0.27912087912087913,0.4065934065934066,0.5604395604395604,0.2,-0.04615384615384615,-0.3186813186813187,-0.054945054945054944,0.16043956043956045,0.26593406593406593,trial_env,,
NUST,2014,Casselton_ND_2014|UT00,15,-0.0964285714285714,-0.3428571428571428,0.42857142857142855,-0.3214285714285714,-0.3571428571428571,-0.4392857142857142,0.2928571428571428,0.6285714285714286,-0.17478186776293841,-0.34495098671459,-0.04285714285714285,-0.06071428571428571,trial_env,,
NUST,2015,Casselton_ND_2015|PT0,22,0.7730095990965559,0.43083003952569177,0.4703557312252965,0.4421230942970074,0.4703557312252965,0.2603049124788256,0.2682100508187465,0.41840767927724454,0.32919254658385094,0.3630717108977979,0.4963297571993225,0.5866741953698477,trial_env,,
NUST,2015,Casselton_ND_2015|UT0,14,0.3010989010989011,0.04175824175824176,0.03736263736263736,0.13406593406593406,0.1956043956043956,0.3494505494505495,0.2043956043956044,0.221978021978022,0.03736263736263736,0.02417582417582418,0.2087912087912088,0.3142857142857143,trial_env,,
NUST,2015,Casselton_ND_2015|UT00,13,0.4725274725274725,0.3626373626373627,0.39560439560439564,0.21428571428571427,-0.054945054945054944,0.005494505494505494,0.532967032967033,0.4505494505494505,0.30769230769230765,0.2802197802197803,0.20329670329670327,0.6318681318681317,trial_env,,
NUST,2016,Casselton_ND_2016|PT0,21,0.4801820376897837,0.2280702235847281,0.28395067722657036,0.41520476601322304,0.4307993112155975,0.2884990862439296,0.35932431237138074,0.25601045040564924,0.06432749895979512,0.24301499607033705,0.27030545017449253,0.37231976670669287,trial_env,,
NUST,2016,Casselton_ND_2016|UT0,23,0.15962441801861302,0.20212503705762455,0.1606128045078924,0.1635779639757304,0.09636768270473543,0.1606128045078924,0.295527560294522,0.3642204212994359,-0.0014825797339190062,0.07165802047275198,0.027674821699821456,0.25105016827695176,trial_env,,
NUST,2017,Casselton_ND_2017|UT0,29,0.00197117174976,-0.19687077850728,-0.27497845909151997,0.141677969514,0.09609462280079999,0.16286806582391997,-0.13206850723392,-0.046076139650639995,0.08771714286431999,0.13109906755868972,-0.28039918140335995,-0.08747074639559999,trial_env,,
NUST,2019,Casselton_ND_2019|UT0,19,0.3666666666666667,0.028070175438596492,-0.09473684210526316,0.2508771929824561,0.3543859649122807,0.3701754385964912,-0.005263157894736842,0.3508771929824562,0.026327339085595834,0.2421052631578947,0.25263157894736843,0.419298245614035,trial_env,,
NUST,2019,Casselton_ND_2019|UT0RR,28,0.03393541324575808,0.08155446086480568,-0.06458675424192666,0.29994526546250677,0.4389709906951286,0.4373289545703339,0.054187192118226604,-0.021075681051342127,0.09470260026018074,0.35955089933590567,0.03940886699507389,0.3371647509578544,trial_env,,
NUST,2005,CharlesCity_IA_2005|PTI,16,0.4382352941176471,0.17058823529411765,0.17941176470588235,0.15,0.33529411764705885,0.03823529411764706,-0.0411764705882353,0.1176470588235294,0.3208242222493668,0.39999999999999997,0.19999999999999998,0.4647058823529412,trial_env,,
NUST,2005,CharlesCity_IA_2005|UTI,12,0.6223776223776225,0.3846153846153847,0.3426573426573427,0.3426573426573427,0.34965034965034975,-0.027972027972027972,0.41958041958041964,0.4545454545454546,0.23240012901731957,0.021015794050150388,0.3846153846153847,0.5524475524475525,trial_env,,
NUST,2006,Chatham_ONT_2006|UTI,13,0.530949608204904,-0.14030274620958602,-0.09628619837912766,0.0027510342394036474,0.15130688316720062,0.10729033533674226,-0.1045393010973386,-0.03301241087284377,-0.335626177207245,0.40165099895293255,-0.21458067067348452,0.40440203319233614,trial_env,,
NUST,2006,Chatham_ONT_2006|UTII,13,-0.12104550653376049,-0.38239375927710695,-0.3301241087284377,-0.3163689375314194,-0.08253102718210943,-0.19532343099765895,-0.327373074489034,-0.25859721850394285,-0.17606619132183343,-0.0027510342394036474,-0.3411282456860522,-0.013755171197018235,trial_env,,
NUST,2007,Chatham_ONT_2007|UTII,12,0.5183895865703763,0.273205322651955,0.46234746910330854,0.0035026323416917316,0.1996500434764287,-0.40280271929454914,0.49737379252022584,0.6339764538462033,0.29071848436041375,0.4518395720782334,0.29422111670210543,0.7495633211220306,trial_env,,
NUST,2008,Chatham_ONT_2008|PTIIA,10,0.024316221747202584,-0.04255338805760452,-0.3404271044608362,0.0790277206784084,0.18237166310401937,0.04255338805760452,-0.15197638592001614,-0.23100410659842457,0.41945482513924454,0.2492412729088265,-0.1580554413568168,0.2857156055296304,trial_env,,
NUST,2008,Chatham_ONT_2008|UTI,11,0.27272727272727276,-0.09090909090909091,-0.1272727272727273,0.02727272727272728,0.18181818181818182,0.045454545454545456,-0.018181818181818184,-0.19090909090909092,-0.29157251045005134,-0.10000000000000002,0.018181818181818184,0.30000000000000004,trial_env,,
NUST,2009,Chatham_ONT_2009|PTIIB,16,0.44117647058823534,0.1764705882352941,0.07941176470588236,0.3058823529411765,0.3411764705882353,0.26176470588235295,0.28529411764705886,0.4794117647058824,-0.03973511009510507,0.4970588235294117,0.2529411764705882,0.3735294117647059,trial_env,,
NUST,2010,Chatham_ONT_2010|PTIIA,14,0.389010989010989,0.06813186813186813,0.3054945054945055,-0.05054945054945055,-0.1384615384615385,-0.07252747252747253,0.032967032967032975,-0.22637362637362637,0.46137315006065416,-0.08167850024997227,0.3626373626373627,0.17362637362637365,trial_env,,
NUST,2010,Chatham_ONT_2010|PTIIB,21,-0.0987012987012987,-0.1012987012987013,0.005194805194805195,-0.07272727272727272,-0.21428571428571425,0.02727272727272727,-0.20980839040950522,-0.2059110209282141,-0.3683014159820107,-0.2760636715914542,-0.07142857142857142,-0.13506493506493505,trial_env,,
NUST,2010,Chatham_ONT_2010|UTI,11,0.11845133237033335,0.06833730713673078,-0.3006841514016155,0.086560589039859,-0.02277910237891026,-0.26423758759535904,-0.16400953712815386,-0.21867938283753854,0.20956774188597443,0.2505701261680129,-0.050114025233602574,0.07744894808829489,trial_env,,
NUST,2011,Chatham_ONT_2011|PTIIA,17,-0.2132352941176471,0.08333333333333334,-0.13970588235294118,0.24264705882352944,0.16176470588235298,0.5196078431372549,0.11764705882352941,0.07371029619981842,0.18070152938313563,0.14101780700826386,0.32598039215686275,-0.16176470588235298,trial_env,,
NUST,2011,Chatham_ONT_2011|PTIIB,13,0.0934065934065934,0.13736263736263735,0.20329670329670327,0.20329670329670327,0.13186813186813187,-0.4450549450549451,0.2967032967032967,0.3186813186813187,0.26373626373626374,0.06043956043956044,0.20329670329670327,0.2747252747252747,trial_env,,
NUST,2011,Chatham_ONT_2011|UTII,11,0.16363636363636366,0.24545454545454545,0.0,0.39090909090909093,0.41818181818181827,0.43636363636363645,-0.018181818181818184,0.009090909090909092,-0.10933969141876927,0.173121178079718,-0.018181818181818184,0.5,trial_env,,
NUST,2012,Chatham_ONT_2012|PTIIB,14,0.04175824175824176,0.1164835164835165,0.17362637362637365,0.24395604395604395,0.0945054945054945,0.059340659340659345,0.26593406593406593,0.24835164835164836,0.4202422784999326,0.27912087912087913,0.3098901098901099,0.12087912087912088,trial_env,,
NUST,2012,Chatham_ONT_2012|UTII,16,-0.19411764705882353,-0.2647058823529412,-0.06470588235294117,-0.40294117647058825,-0.3558823529411765,-0.5147058823529412,-0.4176470588235294,-0.44705882352941173,-0.39999999999999997,-0.2411764705882353,-0.4264705882352941,-0.2441176470588235,trial_env,,
NUST,2013,Chatham_ONT_2013|PTIIA,16,0.6254600663118389,0.6961002620364701,0.7019869450135229,0.3561443201116824,-0.1103753058197363,0.3723326982985771,0.6431201152429968,0.596026651426576,0.11669179428772297,0.4639175257731959,0.2281089653607883,0.6490067982200494,trial_env,,
NUST,2013,Chatham_ONT_2013|PTIIB,14,-0.04615384615384615,0.22637362637362637,0.16043956043956045,0.27472527472527475,-0.04175824175824176,0.3142857142857143,0.02417582417582418,-0.39780219780219783,0.002197802197802198,0.3010989010989011,0.0945054945054945,-0.1956043956043956,trial_env,,
NUST,2013,Chatham_ONT_2013|UTII,20,-0.15939849624060148,-0.021052631578947364,-0.16842105263157892,-0.010526315789473682,-0.08721804511278194,0.012030075187969924,-0.2706766917293233,-0.3142857142857143,-0.03909774436090225,0.08270676691729321,0.32481203007518794,-0.07218045112781954,trial_env,,
NUST,2014,Chatham_ONT_2014|PTIIA,21,0.07012987012987014,0.4766233766233766,0.1012987012987013,0.5636363636363637,0.6051948051948052,0.4753246753246753,0.17142857142857143,0.2025974025974026,0.43636363636363634,0.5168831168831168,0.4168831168831169,0.31428571428571433,trial_env,,
NUST,2014,Chatham_ONT_2014|PTIIB,23,0.05882353659846273,0.12506180470093337,0.14829463008015814,0.03361344948483585,0.020266932777621614,0.25259518656986935,0.15076620724816078,0.22843016767271077,0.07640949554896143,0.08553770347917525,0.1038062410561107,0.25506676373787207,trial_env,,
NUST,2014,Chatham_ONT_2014|UTII,21,0.00909090909090909,0.024675324675324677,0.14805194805194805,-0.10909090909090909,-0.14675324675324675,-0.16883116883116883,0.26883116883116887,0.0961038961038961,-0.01691610248971846,-0.005846054221936676,0.025974025974025972,-0.07142857142857142,trial_env,,
NUST,2015,Chatham_ONT_2015|PTIIA,23,0.011366444626712383,0.12157153818135853,0.09982703541721309,0.15616506530613536,0.23375340471456338,0.09636768270473543,0.13936249498838663,0.21942180062001296,0.04003954522985664,0.08747220430122138,-0.11218186653320483,0.03311094739085781,trial_env,,
NUST,2015,Chatham_ONT_2015|PTIIB,23,0.20360761679154354,-0.077588339408428,-0.0934025232368974,-0.00889547840351404,0.03360514063549748,-0.11860637871352053,0.35532494289592187,0.22782308577888738,-0.17642698833636178,-0.21991599386465263,0.24017791689487905,0.33753398608889384,trial_env,,
NUST,2015,Chatham_ONT_2015|UTII,24,-0.054782608695652164,-0.06,-0.14869565217391303,-0.047826086956521734,0.2008695652173913,-0.21739130434782608,-0.19826086956521738,-0.2617391304347826,-0.20835147686537753,-0.11263318378895401,-0.45217391304347826,-0.08869565217391304,trial_env,,
NUST,2016,Chatham_ONT_2016|PTIIA,23,0.4680010026737664,0.5964912462800803,0.49221647166111016,0.5470719218161134,0.48776873245935315,0.517914520382373,0.5989622125032786,0.5787002894730522,0.6147763963317481,0.580677062451611,0.4082036200723665,0.4437855336864226,trial_env,,
NUST,2016,Chatham_ONT_2016|PTIIB,23,0.4805934572689417,0.48949333610725543,0.4217553693934232,0.5864031279022273,0.6417801517850682,0.5686033702255998,0.40247229857707667,0.32286782674549275,0.5038320297912053,0.5305316663061466,0.3297899547308478,0.3723115980694579,trial_env,,
NUST,2016,Chatham_ONT_2016|UTII,27,0.4570294664757167,0.39780186694579756,0.3913906319451361,0.4838955940975357,0.4674095612386922,0.4600824355236507,0.497939251718032,0.5125935031481151,0.43609711914718885,0.5099236641221375,0.4942756888605112,0.5422073029130747,trial_env,,
NUST,2017,Chatham_ONT_2017|PTIIA,24,-0.06521739130434781,0.06695652173913043,-0.05652173913043478,0.08782608695652173,0.054782608695652164,0.006956521739130434,-0.15739130434782608,0.046956521739130425,0.13739130434782607,0.1700739612825942,0.17478260869565218,-0.06521739130434781,trial_env,,
NUST,2017,Chatham_ONT_2017|PTIIB,28,-0.008210180623973728,-0.15873015873015872,-0.06513409961685823,-0.3360700602079913,-0.4176245210727969,-0.270935960591133,0.014230979748221127,-0.18773946360153257,0.16203640496616284,-0.2386425834701697,-0.47016967706622875,-0.4674329501915709,trial_env,,
NUST,2017,Chatham_ONT_2017|UTII,34,0.273137199917912,0.3547573816505169,0.3309132836162728,0.2549484328276873,0.09445931144335176,0.29392436230674024,0.19365687313709823,0.18769584862853717,0.245471932326898,0.25647690065039525,0.14107758003594448,0.1693542347560417,trial_env,,
NUST,2019,Chatham_ONT_2019|PTIIA,32,0.2652369179868541,-0.26248739914110236,-0.2452570810410579,-0.3323251778231973,-0.26816973808898936,-0.3231601150040247,-0.2049308046366986,-0.00824855653725531,-0.12116213046946132,-0.17505269984619604,-0.04509210907032903,0.1789020262302485,trial_env,,
NUST,2019,Chatham_ONT_2019|PTIIB,35,0.23534356476700097,0.06219794211699312,0.16894305899345424,0.1267773369726999,0.2150311737603253,0.19051621909709604,0.21531134467076218,0.24935211028884627,0.1554948552924828,0.3255585979276847,-0.013308118245753031,0.278349799519066,trial_env,,
NUST,2019,Chatham_ONT_2019|UTII,35,0.11067526352061662,-0.17385823041656356,-0.2111235723108471,-0.21322500136503605,-0.25805548785439975,-0.21574671623006275,-0.05295601216556085,-0.06150182365259581,-0.04679509735562308,-0.13112917298138876,-0.044410200678525906,0.2447464371778699,trial_env,,
NUST,2020,Chatham_ONT_2020|PTIIA,36,0.15469755469755472,0.08983268983268984,0.1425997425997426,0.15263835263835265,0.2453024453024453,0.2628056628056628,0.21492921492921493,-0.06486486486486488,0.20720720720720723,-0.0023166023166023165,-0.13642213642213644,0.15727155727155726,trial_env,,
NUST,2020,Chatham_ONT_2020|PTIIB,37,0.21005215742057845,0.19013750592697956,0.3191085822664769,0.22072072072072071,0.20554765291607394,0.29729729729729726,0.39236605026078714,0.27596017069701273,0.3494547178757705,0.2584163110478899,0.2128971076339497,0.4201043148411569,trial_env,,
NUST,2020,Chatham_ONT_2020|UTII,39,-0.2681581242636874,-0.4096775873518849,-0.3620995132092147,-0.38102951292129844,-0.3032849151732757,-0.33588095745825397,-0.36250443298915236,-0.27767373909222137,-0.15154122764165348,-0.36382042227394956,-0.29569266929944543,-0.32332844428018787,trial_env,,
NUST,2011,ClayCenter_NE_2011|PTIIIB,10,-0.10303030303030303,0.05454545454545454,-0.12727272727272726,0.12727272727272726,0.06666666666666665,0.11515151515151514,0.1515151515151515,0.23636363636363633,-0.04242424242424241,0.05454545454545454,-0.06666666666666665,0.01818181818181818,trial_env,,
NUST,2012,ClayCenter_NE_2012|PTIIIA,13,0.3681318681318681,0.3516483516483516,0.4340659340659341,0.3516483516483516,0.4340659340659341,0.2967032967032967,0.34065934065934067,0.22527472527472525,0.10989010989010989,0.30769230769230765,-0.016483516483516484,0.07142857142857142,trial_env,,
NUST,2012,ClayCenter_NE_2012|PTIIIB,10,0.09118583155200968,0.03039527718400323,0.09726488698881033,0.07294866524160776,0.06079055436800646,-0.024316221747202584,-0.3100318272768329,-0.22492505116162387,-0.3404271044608362,-0.12766016417281356,-0.2978737164032316,0.11550205329921229,trial_env,,
NUST,2015,ClayCenter_NE_2015|PTIIIA,26,0.4390494165724067,0.3672422690021533,0.2954351214318998,0.3552744110737778,0.32723542964158353,0.15592409186683603,0.3043255301786931,0.2807317531198956,0.3731190150478796,0.3415968591556342,0.12002051808170933,0.33817747117609837,trial_env,,
NUST,2015,ClayCenter_NE_2015|PTIIIB,26,0.3124573857622631,0.1368926115059203,0.10472284780202903,0.19917874974111408,0.24229992236547893,0.04928134014213131,0.2149214000642949,0.3237510262115016,0.09856268028426261,0.1317591385744483,0.03798769969289288,0.2994525876692007,trial_env,,
NUST,2015,ClayCenter_NE_2015|UTIII,24,0.04609697869354874,0.17264623152206465,0.051750381740870766,0.2291802619952848,0.21178517569583247,0.19265058076643485,0.01217656040961665,0.0434877157486309,0.12307023556862544,0.1317677787183516,0.19265058076643485,-0.014785823354534504,trial_env,,
NUST,2016,ClayCenter_NE_2016|PTIIIA,27,-0.03451436196820793,0.2544288807036921,0.08704949699946246,0.39187545491336967,0.3781307974924019,0.31001838405071724,0.4086744806501081,0.23976791278799314,0.24526577575638023,0.3029933369244448,0.24129509694587845,0.2538180070405379,trial_env,,
NUST,2016,ClayCenter_NE_2016|PTIIIB,28,0.19761872362427294,0.32215683892765823,0.08348159377479673,0.20774599893465812,-0.09278773865461014,0.15519365137806476,0.4286300847584646,0.4453264035134239,0.20801970907818204,0.1026413038214714,0.25783495519953614,0.4612015918378115,trial_env,,
NUST,2016,ClayCenter_NE_2016|UTIII,23,0.38596492406358135,0.10180380839577177,0.10971090031000648,0.06375092855851729,-0.2648875791268625,0.06226834882459827,0.059303189356760266,0.18779343296307416,0.2456140425859154,0.17692118158100145,0.17741537482564113,0.3172720630586674,trial_env,,
NUST,2016,ClayCenter_NE_2016|UTIIIRR,15,0.2071428571428571,0.6428571428571428,0.46071428571428563,0.44999999999999996,0.3285714285714285,0.2821428571428571,0.22499999999999998,0.125,-0.014285714285714282,-0.19999999999999998,0.4035714285714285,0.2821428571428571,trial_env,,
NUST,2007,Columbia_MO_2007|UTIV,12,0.16083916083916086,0.2377622377622378,0.16783216783216784,0.17482517482517487,0.11188811188811189,0.2027972027972028,0.18181818181818185,0.3706293706293707,-0.2447552447552448,0.4895104895104896,0.49650349650349657,0.23076923076923078,trial_env,,
NUST,2008,Columbia_MO_2008|UTIV,18,0.6057791537667698,0.6016511867905057,0.6037151702786379,0.6140350877192982,0.653250773993808,0.4613003095975232,0.6470588235294118,0.5128998968008256,0.5916366302115862,0.4654282765737873,0.45098039215686275,0.6945304437564499,trial_env,,
NUST,2009,Columbia_MO_2009|PTIIIB,10,-0.6606060606060605,-0.4424242424242424,-0.4787878787878787,-0.4545454545454545,-0.5393939393939393,-0.32121212121212117,-0.10303030303030303,0.01818181818181818,0.49090909090909085,0.38181818181818183,-0.43030303030303024,-0.16363636363636364,trial_env,,
NUST,2010,Columbia_MO_2010|PTIIIB,15,0.3142857142857143,0.039285714285714285,-0.039285714285714285,0.3107142857142856,0.4142857142857142,0.24642857142857136,0.3285714285714285,0.3607142857142856,0.6112602977015015,0.6392857142857141,0.4464285714285714,0.4035714285714285,trial_env,,
NUST,2010,Columbia_MO_2010|PTIV,16,-0.24760561613524676,-0.23728871546294483,-0.45099594367491375,-0.3095070201690585,-0.09727363491027553,-0.2593963597607347,-0.3095070201690585,-0.3831991678283581,-0.026529173157347867,-0.06632293289336967,-0.11348590739532144,-0.2210764429778989,trial_env,,
NUST,2011,Columbia_MO_2011|PTIIIB,10,-0.01818181818181818,0.2727272727272727,0.34545454545454546,-0.28484848484848485,-0.49090909090909085,-0.23636363636363633,-0.32121212121212117,-0.6,-0.17575757575757575,0.3939393939393939,-0.0303030303030303,-0.22424242424242422,trial_env,,
NUST,2011,Columbia_MO_2011|PTIV,18,0.31801759529697826,0.2632937883140567,0.22612290055207224,0.30769234869642703,0.20650493201102485,0.45947347372453035,0.3128549719967027,0.27155398559449767,0.3231802185972539,0.24057824579284395,0.18895201279008775,0.20650493201102485,trial_env,,
NUST,2011,Columbia_MO_2011|UTIV,13,0.24175824175824176,-0.0934065934065934,0.11538461538461539,-0.24725274725274726,-0.32417582417582413,-0.15384615384615383,-0.39010989010989006,-0.13186813186813187,-0.4071530674317398,-0.06043956043956044,-0.47802197802197804,-0.4725274725274725,trial_env,,
NUST,2012,Columbia_MO_2012|PTIIIA,13,0.41208791208791207,0.48901098901098894,0.4340659340659341,0.40659340659340654,0.1868131868131868,0.46703296703296704,0.17032967032967034,0.4230769230769231,0.39010989010989006,0.3736263736263736,0.25274725274725274,0.46703296703296704,trial_env,,
NUST,2012,Columbia_MO_2012|PTIIIB,10,0.0303030303030303,-0.09090909090909088,-0.4424242424242424,-0.0303030303030303,0.006060606060606061,-0.006060606060606061,0.16363636363636364,-0.1515151515151515,0.6727272727272726,0.38181818181818183,0.3696969696969697,-0.11515151515151514,trial_env,,
NUST,2012,Columbia_MO_2012|PTIV,18,0.16615067079463364,0.27966976264189886,0.029927760577915376,0.3622291021671827,0.4055727554179567,0.21568627450980388,0.12280701754385966,0.15583075335397317,-0.1929824561403509,-0.2053663570691434,0.06501547987616099,0.2198142414860681,trial_env,,
NUST,2013,Columbia_MO_2013|PTIIIA,15,0.1964285714285714,0.4892857142857142,0.3178571428571428,0.38928571428571423,0.049999999999999996,0.2571428571428571,0.2571428571428571,0.36785714285714277,0.4535714285714285,0.47142857142857136,0.13214285714285715,0.12857142857142856,trial_env,,
NUST,2013,Columbia_MO_2013|PTIIIB,21,0.494965924123972,0.3851900170676055,0.4709321456560101,0.21045795198972034,0.038324133232696,0.16303995663401177,0.08249432068732866,-0.00909386212301261,-0.32218254378673244,0.03442676375140488,0.2273465530753152,0.25917507050585936,trial_env,,
NUST,2013,Columbia_MO_2013|UTIIIRR,12,-0.3076923076923077,-0.3216783216783217,-0.4125874125874127,-0.18881118881118883,-0.04195804195804196,-0.3076923076923077,-0.17482517482517487,0.11188811188811189,0.23158037292142628,-0.22377622377622378,0.22377622377622378,-0.1958041958041958,trial_env,,
NUST,2013,Columbia_MO_2013|UTIV,28,0.2616310892172961,0.3574165298303229,0.2370005473453749,0.41105637657361793,0.29994526546250677,0.4406130268199233,0.3574165298303229,0.2660098522167488,0.2802408319649699,0.41981390257252327,-0.05856595511767926,0.451559934318555,trial_env,,
NUST,2015,Columbia_MO_2015|PTIV,24,0.0073961294844608685,0.3023711759823708,0.0870132880524808,0.39330006199721324,0.28105292040951296,0.18794870219335855,0.27148145872374013,0.24755280450930792,-0.08266262364985676,0.12660433411635957,-0.0757015606056583,0.18272790491020968,trial_env,,
NUST,2015,Columbia_MO_2015|UTIV,13,0.15384615384615383,0.021978021978021976,-0.23076923076923078,0.39560439560439564,0.6098901098901099,0.5604395604395606,0.21428571428571427,0.1043956043956044,0.2087912087912088,0.1758241758241758,-0.054945054945054944,0.010989010989010988,trial_env,,
NUST,2019,Columbia_MO_2019|UTIII,27,0.5803694160122493,0.5412914121986946,0.5208365195775367,0.34681728384530003,0.16943978216033584,-0.14013127930016964,0.414287899804641,0.44115402742646004,0.20638070764033697,0.1618073595405009,0.42130972861488913,0.44054343361687315,trial_env,,
NUST,2019,Columbia_MO_2019|UTIIIRR,37,0.17392851066438042,0.21969293132999107,0.1976406457242823,0.10694172912015755,-0.029403047474278354,0.08038413785306743,0.13278795633545065,0.137530383347431,0.17792138526556264,0.13364957035056838,-0.03912502284883813,0.15697433409655057,trial_env,,
NUST,2019,Columbia_MO_2019|UTIV,19,0.39122807017543854,0.5,0.23157894736842102,0.6175438596491227,0.531578947368421,0.39824561403508774,0.3017543859649123,0.243859649122807,0.19122807017543858,0.31578947368421056,0.5491228070175439,0.1842105263157895,trial_env,,
NUST,2019,Columbia_MO_2019|UTIVRR,30,0.14241210855467162,0.06074766505535211,0.11526480036143733,0.13484646528770466,0.08945260568590309,0.19826435737845688,0.2376502061506082,0.395638639078447,0.16177125456132224,0.2627948440672924,0.24833111429220858,0.3473520335216287,trial_env,,
NUST,2020,Columbia_MO_2020|PTIIIA,34,0.21485330324206195,-0.008557457312628356,0.030562347545101266,0.10650978119467792,0.1279034244762488,0.009015892525804875,0.16885697018668452,0.21531173845523846,0.17597616006138303,-0.03438264098823893,0.17053789930166507,0.34306235119376177,trial_env,,
NUST,2020,Columbia_MO_2020|PTIIIB,33,0.6025405399221766,0.44726726347621215,0.3814140116788924,0.4482701048741408,0.4668226707358223,0.4364031483319843,0.4776867858800502,0.3931138279880609,0.4450944404473665,0.3189035645413351,0.354671574400793,0.33979609366485025,trial_env,,
NUST,2020,Columbia_MO_2020|PTIIIRR,17,0.14215686274509806,0.10539215686274511,0.13725490196078433,-0.10784313725490197,-0.22058823529411767,-0.15686274509803924,-0.002450980392156863,-0.012254901960784315,0.10294117647058824,-0.17892156862745098,-0.3088235294117647,0.02450980392156863,trial_env,,
NUST,2020,Columbia_MO_2020|PTIV,26,0.016755001099725803,-0.0023935715856751145,-0.0646264328132281,0.18635664488470535,0.24380236294090807,0.2697897115853808,0.4301590078256134,0.2718413443731023,0.35449106465675206,0.1371174579793887,0.15216276508934656,0.41442982311974846,trial_env,,
NUST,2020,Columbia_MO_2020|UTIII,39,0.3159386582963263,0.24204079845771106,0.21015336578762367,0.3315280698239246,0.2748393006326581,0.45270031397025673,0.17624133421784816,0.1368628856189148,0.3034873750632446,0.259047429215091,0.16733309905922059,0.029457913990461698,trial_env,,
NUST,2020,Columbia_MO_2020|UTIIIRR,13,0.3658875538406851,0.17881722556123708,0.2503441157857319,-0.07152689022449482,-0.01925723967582553,-0.3191199717708231,0.3383772114466487,0.49793719733206016,0.22406831897938614,-0.2668503212221538,-0.3438792799254559,0.48143099189563826,trial_env,,
NUST,2020,Columbia_MO_2020|UTIVRR,21,0.27792207792207796,0.14285714285714285,0.18571428571428572,-0.16493506493506493,-0.11948051948051949,-0.051948051948051945,0.40649350649350646,0.2792207792207792,0.0025974025974025974,0.12857142857142856,0.045454545454545456,0.3038961038961039,trial_env,,
NUST,2005,Cotesfield_NE_2005|PT0,15,0.2321428571428571,0.6749999999999999,0.6607142857142856,0.6,0.5249999999999999,0.5285714285714286,0.5,0.5964285714285712,0.38928571428571423,0.06071428571428571,0.36428571428571427,0.34642857142857136,trial_env,,
NUST,2005,Cotesfield_NE_2005|PTI,16,0.18690218452142013,0.1942605382427359,0.1780721600558412,0.2192789408952094,0.4415012232789452,0.3767477105313665,0.20014722121978848,-0.13686537921647302,0.4005891016200294,0.06328184200331548,0.2913908073641038,0.10007361060989424,trial_env,,
NUST,2005,Cotesfield_NE_2005|PTII,12,0.06293706293706294,0.23076923076923078,0.17482517482517487,0.06993006993006995,0.02097902097902098,-0.02097902097902098,-0.23076923076923078,0.3817869252443988,0.1366026613259775,-0.24868689626011295,0.5244755244755246,-0.013986013986013986,trial_env,,
NUST,2005,Cotesfield_NE_2005|UTI,12,0.16783216783216784,0.5524475524475525,0.5804195804195805,0.20979020979020982,-0.2657342657342658,0.1188811188811189,0.5174825174825175,0.49650349650349657,0.30986683868975945,-0.1225921319592106,0.2447552447552448,0.2447552447552448,trial_env,,
NUST,2005,Cotesfield_NE_2005|UTII,11,0.17272727272727276,0.11818181818181818,0.15454545454545454,0.14545454545454548,-0.1272727272727273,-0.4727272727272727,0.33636363636363636,0.20000000000000004,0.07272727272727274,-0.05454545454545456,-0.05454545454545456,0.17272727272727276,trial_env,,
NUST,2006,Cotesfield_NE_2006|PTI,10,0.5878787878787878,0.709090909090909,0.7939393939393938,0.4666666666666666,0.3939393939393939,0.4545454545454545,0.5030303030303029,0.7696969696969697,0.6121212121212121,0.22424242424242422,0.35757575757575755,0.4666666666666666,trial_env,,
NUST,2006,Cotesfield_NE_2006|UTI,14,0.1384615384615385,0.0857142857142857,0.2879120879120879,0.01098901098901099,0.16923076923076924,0.05054945054945055,0.3010989010989011,0.2923076923076923,0.09010989010989012,0.35824175824175825,0.2,0.3362637362637363,trial_env,,
NUST,2006,Cotesfield_NE_2006|UTII,13,0.25309515002513555,-0.041265513591054716,-0.09078412990032037,0.03301241087284377,0.14855584892779697,-0.25309515002513555,0.06602482174568754,-0.01925723967582553,-0.12929860925197142,0.049518616309265656,0.08803309566091672,-0.04401654783045836,trial_env,,
NUST,2007,Cotesfield_NE_2007|PTI,11,0.6545454545454547,0.4090909090909091,0.5636363636363637,0.6272727272727273,0.6818181818181819,0.6000000000000001,0.6636363636363638,0.6727272727272727,0.8181818181818182,0.5909090909090909,0.7000000000000001,0.8000000000000002,trial_env,,
NUST,2007,Cotesfield_NE_2007|PTIIA,14,0.45494505494505494,0.1164835164835165,0.1252747252747253,0.07252747252747253,-0.01098901098901099,0.1956043956043956,-0.1032967032967033,-0.15604395604395604,0.3406593406593406,0.01978021978021978,-0.0945054945054945,0.12967032967032965,trial_env,,
NUST,2007,Cotesfield_NE_2007|UTII,12,0.46153846153846156,0.5244755244755246,0.4545454545454546,0.6433566433566434,0.7342657342657343,0.30069930069930073,0.46153846153846156,0.2797202797202798,0.3426573426573427,0.44055944055944063,0.49650349650349657,0.3846153846153847,trial_env,,
NUST,2008,Cotesfield_NE_2008|PTIIA,10,0.33434804902403553,0.32218993815043423,0.37690143708164003,0.2553203283456271,0.16413449679361747,0.10942299786241164,0.2492412729088265,0.18237166310401937,0.41337576970244394,-0.0790277206784084,-0.2553203283456271,0.10334394242561099,trial_env,,
NUST,2008,Cotesfield_NE_2008|UTI,11,0.7653778399313848,0.5375868161422822,0.601368302803231,0.5968124823274489,0.692484712318872,0.523919354714936,0.8473826084954617,0.6378148666094873,0.6118721461187215,0.601368302803231,0.49202861138446163,0.7608220194556026,trial_env,,
NUST,2008,Cotesfield_NE_2008|UTIRR,11,-0.03189074333047437,-0.16856535760393596,-0.15945371665237182,-0.0956722299914231,-0.01822328190312821,0.2505701261680129,-0.14578625522502567,-0.10022805046720515,0.30979579235317956,0.16400953712815386,-0.5877008413758847,-0.15034207570080774,trial_env,,
NUST,2009,Cotesfield_NE_2009|PTI,16,0.4735294117647058,0.5235294117647059,0.42352941176470593,0.5676470588235295,0.5058823529411764,0.40294117647058825,0.5617647058823529,0.4794117647058824,0.4558823529411765,0.5356881509117868,0.4088235294117647,0.5029411764705883,trial_env,,
NUST,2009,Cotesfield_NE_2009|PTIIB,16,-0.3294117647058824,-0.3764705882352941,-0.4205882352941176,-0.22058823529411767,0.023529411764705882,-0.10294117647058824,0.23823529411764705,-0.032352941176470584,0.5813099439839444,0.36764705882352944,-0.5941176470588235,-0.1647058823529412,trial_env,,
NUST,2009,Cotesfield_NE_2009|UTIRR,18,0.6821465428276574,0.5603715170278638,0.5314757481940144,0.49638802889576883,0.46955624355005166,0.29205366357069146,0.4674922600619195,0.4324045407636739,0.4674922600619195,0.45098039215686275,0.23219814241486067,0.5128998968008256,trial_env,,
NUST,2010,Cotesfield_NE_2010|PTI,20,0.21511848080143406,0.19631441779431572,0.16998872958435,0.14441520389466903,0.16246710438150266,0.2587439069779487,0.24670930665339294,0.399398298271194,0.30097817908201646,0.2114371708051166,0.026325688209965708,0.15193682909751638,trial_env,,
NUST,2010,Cotesfield_NE_2010|PTIIA,14,0.11208791208791209,0.4197802197802198,0.27912087912087913,0.35824175824175825,0.054945054945054944,0.3274725274725274,0.6703296703296703,0.6791208791208792,-0.1390742031283312,0.1346591490607651,0.01978021978021978,-0.17362637362637365,trial_env,,
NUST,2010,Cotesfield_NE_2010|PTIIB,21,-0.2526794547037075,-0.3572588691183524,-0.379993524425884,-0.30204613480006165,-0.2052614593479989,-0.2955505189979098,0.16796621182586094,-0.08024691358024692,-0.0341130604288499,-0.25828460038986356,0.4436505592869722,-0.19941540512606223,trial_env,,
NUST,2010,Cotesfield_NE_2010|UTI,11,0.5922566618516668,0.5649217389969744,0.4510262271024232,0.48747279090867957,0.2961283309258334,0.0,0.5102518932875899,0.5421426366180643,0.3826889199656924,0.4601378680539873,0.23234684426488467,0.5922566618516668,trial_env,,
NUST,2011,Cotesfield_NE_2011|PTI,22,0.4952004517221909,0.4500282326369283,0.22190852625635235,0.3574251835121401,0.4263128176171655,0.46583850931677023,0.33032185206098247,0.43083003952569177,0.2616092025543471,0.34048560135516664,0.2783738001129306,0.5460191981931113,trial_env,,
NUST,2011,Cotesfield_NE_2011|PTIIA,17,0.6299019607843138,0.45098039215686275,0.3651960784313726,0.5049019607843138,0.536764705882353,0.2132352941176471,0.556372549019608,0.35380942175912844,0.5101437734285802,0.40220731042356994,-0.09803921568627452,0.6446078431372549,trial_env,,
NUST,2011,Cotesfield_NE_2011|PTIIB,13,0.2967032967032967,0.4835164835164835,0.43956043956043955,0.6758241758241759,0.38461538461538464,0.06043956043956044,0.5879120879120878,0.41208791208791207,0.5384615384615384,0.35714285714285715,0.521978021978022,0.5989010989010989,trial_env,,
NUST,2011,Cotesfield_NE_2011|UTII,11,0.6605939689883975,0.25512594664379495,0.050114025233602574,0.2779050490227052,0.25512594664379495,0.050114025233602574,-0.1412304347492436,-0.013667461427346159,-0.21917808219178087,-0.182648401826484,-0.3690214585383462,0.3826889199656924,trial_env,,
NUST,2012,Cotesfield_NE_2012|PTI,19,0.7389206503357232,0.5107503782605592,0.5467310750108735,0.5493638089194331,0.5028521765348806,0.4888109290225627,0.5274243596814366,0.7204915129758062,0.40368586597913614,0.37648094892402045,0.5230364698338373,0.7257569807929252,trial_env,,
NUST,2012,Cotesfield_NE_2012|PTIIB,14,0.17821792962562588,0.17821792962562588,0.23982412752090398,0.12101217443715337,-0.05060509112826414,0.08360841142930597,0.22882302075389002,0.08140819007590318,0.10132158590308371,0.08800885413611155,0.09460951819631992,-0.0770077473690976,trial_env,,
NUST,2012,Cotesfield_NE_2012|UTII,16,-0.038263439350841914,0.07799854944594697,0.11184697656399943,0.1692421355902623,0.20014722121978848,0.05003680530494712,0.09271525688857848,0.07358353721315752,0.21633559940668312,0.31935255150510367,0.3046358440624721,0.10596029358694682,trial_env,,
NUST,2012,Cotesfield_NE_2012|UTIIRR,20,0.4264761490014444,0.4573148123331186,0.16923656706406526,0.5550959399701341,0.48514482558365374,0.5979692036263639,0.27604364494449757,0.35201205949325576,0.10872836719337846,0.5408048520847241,0.35652503461496415,0.218127130882573,trial_env,,
NUST,2013,Cotesfield_NE_2013|PTIA,28,0.5403038233162254,0.5668537072380461,0.4636649831295268,0.584644866567101,0.5805392144142423,0.6081839389101585,0.5252497654224098,0.5074586060933546,0.5266183161400292,0.6081839389101585,0.40947037471178993,0.5630217652287111,trial_env,,
NUST,2013,Cotesfield_NE_2013|PTIB,28,0.5013683634373289,0.5336617405582923,0.4094143404488232,0.5604816639299398,0.4920634920634921,0.48549534756431306,0.4909688013136289,0.4740010946907498,0.4438970990695128,0.5500821018062397,0.5769020251778874,0.571975916803503,trial_env,,
NUST,2013,Cotesfield_NE_2013|PTIIA,16,0.46357628444289245,0.1810155015443675,0.4238411743477873,0.08977191540005218,-0.15452542814763082,-0.15452542814763082,0.478292991885524,0.3929360887182612,-0.3382584923023868,-0.31958762886597936,0.2295806361050515,0.40470945467236635,trial_env,,
NUST,2013,Cotesfield_NE_2013|PTIIB,14,0.3740376300784741,0.08580863278270875,0.3872389581988908,-0.1166117317303478,-0.35643585925125176,-0.3300332030104183,0.2750276691753486,0.028602877594236253,-0.04620464842145856,-0.12101217443715337,-0.2684270051151402,-0.030803098947639045,trial_env,,
NUST,2013,Cotesfield_NE_2013|UTII,20,0.11879699248120301,0.03609022556390977,0.15789473684210525,0.02706766917293233,-0.09774436090225563,0.013533834586466165,0.12932330827067667,0.19248120300751878,0.13984962406015036,-0.07368421052631578,-0.1789473684210526,0.11729323308270674,trial_env,,
NUST,2013,Cotesfield_NE_2013|UTIIRR,23,0.038099992495928006,0.01682337330989029,-0.02523505996483543,-0.06382985755811316,-0.08906491752294858,-0.12864932531092574,-0.08411686654945144,-0.1133103672930846,-0.005448242372086612,-0.1658006713363957,-0.22810514987821834,-0.2137558020550766,trial_env,,
NUST,2014,Cotesfield_NE_2014|PTI,20,0.7654135338345864,0.7142857142857143,0.6646616541353383,0.6872180451127818,0.4827067669172932,0.5218045112781955,0.7338345864661654,0.6676691729323309,0.6030075187969924,0.6120300751879698,0.7413533834586465,0.7413533834586465,trial_env,,
NUST,2014,Cotesfield_NE_2014|PTIIA,21,0.07534914330496162,0.076648266465392,0.08184475910711349,0.14420267080777138,0.23708997677854302,0.22669699149510003,0.18837285826240405,0.08639169016861978,0.12601494656174617,0.1234167002408854,0.08444300542797421,0.14939916344949286,trial_env,,
NUST,2014,Cotesfield_NE_2014|PTIIB,23,0.3276501211961005,0.301457879230198,0.35532494289592187,0.19767729785586755,0.1606128045078924,0.30837658465515333,0.25302694125551045,0.3870489372219476,0.02126081647170252,0.2654473554127533,0.3602668753423186,0.22584631280032866,trial_env,,
NUST,2014,Cotesfield_NE_2014|UTI,15,0.5178571428571428,0.39999999999999997,0.5678571428571427,0.4464285714285714,0.4892857142857142,0.4464285714285714,0.6964285714285713,0.46071428571428563,0.3467382975265827,0.32499999999999996,0.37499999999999994,0.42142857142857143,trial_env,,
NUST,2014,Cotesfield_NE_2014|UTII,21,0.5064935064935064,0.20649350649350648,0.425974025974026,0.12727272727272726,0.20909090909090908,0.024675324675324677,0.38311688311688313,0.33766233766233766,0.1509436837544109,0.06820396592259458,0.14285714285714285,0.3168831168831169,trial_env,,
NUST,2014,Cotesfield_NE_2014|UTIIRR,13,0.4010989010989011,0.23076923076923078,0.4835164835164835,0.3021978021978022,0.47802197802197804,0.2857142857142857,0.3186813186813187,0.1758241758241758,-0.058501495985953424,0.17056412284302613,0.04395604395604395,0.16483516483516483,trial_env,,
NUST,2015,Cotesfield_NE_2015|PTI,42,0.6044815474785011,0.5820333119708533,0.48713481457209684,0.6044005069171017,0.64151708403805,0.6135580903552396,0.5654199968839659,0.544025288674511,0.5099882528867419,0.6247416878283637,0.4877831390632924,0.5920013010229858,trial_env,,
NUST,2015,Cotesfield_NE_2015|PTIIA,23,0.6765505519117067,0.5663454583570605,0.5875957678765662,0.5021003365539035,0.5426241826143564,0.3296268941746591,0.5579441731981861,0.6019273719711167,0.03064755313890262,0.23177663173600468,-0.09093155701369907,0.5717815840480969,trial_env,,
NUST,2015,Cotesfield_NE_2015|PTIIB,23,0.08500123807802304,-0.03459352712477682,-0.020756116274866093,-0.018779343296307413,-0.060785769090679266,-0.04497158526220987,0.19372375189875018,0.07412898669595033,0.06671608802635529,0.19570052487730888,-0.11020509355464615,0.14479862067942298,trial_env,,
NUST,2015,Cotesfield_NE_2015|UTI,12,0.7482517482517484,0.6643356643356644,0.5524475524475525,0.7132867132867133,0.6573426573426573,0.6083916083916086,0.8531468531468532,0.5104895104895105,0.6013986013986015,0.7202797202797203,0.8881118881118882,0.7202797202797203,trial_env,,
NUST,2015,Cotesfield_NE_2015|UTII,24,0.05313596913888941,-0.171603047874774,-0.10801410120036536,-0.16724764056830765,0.05139380621630287,-0.14547060403597592,0.05923353936794229,0.03919866575819711,-0.07712424889938216,-0.035286470988313993,0.16724764056830765,0.029616769683971145,trial_env,,
NUST,2015,Cotesfield_NE_2015|UTIIRR,14,0.3406593406593406,0.1032967032967033,0.2087912087912088,0.16043956043956045,0.1076923076923077,0.14285714285714285,0.059340659340659345,0.13406593406593406,0.1718065841729719,-0.27912087912087913,-0.0989010989010989,0.3054945054945055,trial_env,,
NUST,2015,Cotesfield_NE_2015|UTIRR,10,0.7333333333333332,0.309090909090909,0.18787878787878787,0.4787878787878787,0.4545454545454545,0.5030303030303029,-0.04242424242424241,-0.11515151515151514,0.37690143708164003,-0.0303030303030303,-0.4545454545454545,-0.07878787878787878,trial_env,,
NUST,2016,Cotesfield_NE_2016|PTI,32,0.55393639679079,0.5702502086089172,0.4894143545438151,0.6092933762185924,0.49509669349170204,0.5152598316938817,0.5269911121024226,0.604710844809006,0.5414871388471869,0.5460544427663016,0.6501695563921019,0.6043442422962392,trial_env,,
NUST,2016,Cotesfield_NE_2016|PTIIA,23,0.5066733194405404,0.6154227148326564,0.45773609151408823,0.6505191106182937,0.6332180704422753,0.5615423325701989,0.45724177608048766,0.5412753997925772,0.5689570640742069,0.5832922116486221,0.5956500974886353,0.673257620563918,trial_env,,
NUST,2016,Cotesfield_NE_2016|PTIIB,23,0.5,0.4436758893280633,0.41106719367588934,0.5256916996047432,0.49703557312252966,0.5513833992094862,0.6017786561264823,0.475296442687747,0.29051383399209485,0.5069169960474309,0.30632411067193677,0.6106719367588932,trial_env,,
NUST,2016,Cotesfield_NE_2016|UTI,14,0.5120879120879122,0.6483516483516484,0.2087912087912088,0.6791208791208792,0.6087912087912088,0.37142857142857144,0.2923076923076923,0.1956043956043956,0.4461538461538462,0.49890109890109896,0.5736263736263736,0.39780219780219783,trial_env,,
NUST,2016,Cotesfield_NE_2016|UTII,27,0.23698277032179865,0.3533364243071147,0.2415636228409056,0.46022298308627657,0.49748058357501296,0.44006723200220604,0.2995877547495934,0.339593866749794,0.3073163316740509,0.29917533466388996,0.3124141418030928,0.2510307180470599,trial_env,,
NUST,2016,Cotesfield_NE_2016|UTIIRR,11,0.1272727272727273,-0.3090909090909091,-0.18181818181818182,0.009090909090909092,0.10909090909090911,0.23636363636363636,0.06363636363636364,0.02727272727272728,0.1926686588971131,-0.3272727272727273,0.02727272727272728,0.018181818181818184,trial_env,,
NUST,2017,Cotesfield_NE_2017|PTI,19,0.6897762840426109,0.6906538620121309,0.3808688387716198,0.7670031453603587,0.7573497876956403,0.7389206503357232,0.7204915129758062,0.6537955872922966,0.6722247246522137,0.8126371997753915,0.5160158460776784,0.7573497876956403,trial_env,,
NUST,2017,Cotesfield_NE_2017|PTIIA,24,0.22869565217391302,-0.013043478260869565,0.15391304347826085,-0.04521739130434782,-0.040869565217391296,-0.07391304347826086,0.025217391304347827,0.01826086956521739,0.0826086956521739,-0.05002175331841006,0.03217391304347826,0.03217391304347826,trial_env,,
NUST,2017,Cotesfield_NE_2017|PTIIB,28,-0.005473453749315818,0.06458675424192666,0.29775588396278047,-0.04597701149425287,-0.03065134099616858,-0.07443897099069512,0.1954022988505747,0.1986863711001642,0.3870261429428281,0.3234811165845649,-0.20306513409961688,-0.3295019157088122,trial_env,,
NUST,2017,Cotesfield_NE_2017|UTI,18,0.5768833849329206,0.5252837977296182,0.5975232198142414,0.5397316821465429,0.4097007223942208,0.32920536635706915,0.6759545923632612,0.6697626418988648,0.4633642930856553,0.5232198142414861,0.33746130030959753,0.7502579979360166,trial_env,,
NUST,2017,Cotesfield_NE_2017|UTII,34,0.38596763459078015,0.4113421404688275,0.41592789454317336,0.47080408496617937,0.4553653795825482,0.5077958344992363,0.5142158902033206,0.4388566649149028,0.41623361148146304,0.5146744656107551,0.3702232122688592,0.42892086442048677,trial_env,,
NUST,2019,Cotesfield_NE_2019|PTI,38,0.7025932815406499,0.733012364591312,0.6861801072327387,0.6927453769559033,0.6505088084035452,0.6389101652259546,0.5701936754568333,0.5881387460334829,0.6507276507276507,0.665390086442718,0.44348396979975924,0.6408797461429041,trial_env,,
NUST,2019,Cotesfield_NE_2019|PTIIA,32,0.20417888563049855,0.020894428152492667,0.13049853372434017,0.01282991202346041,-0.11473607038123164,-0.1220674486803519,-0.2382697947214076,-0.19061583577712607,-0.2657624633431085,-0.2129765395894428,0.14296187683284456,0.11730205278592375,trial_env,,
NUST,2019,Cotesfield_NE_2019|PTIIB,35,0.3966386554621849,0.7518207282913165,0.5478991596638656,0.7680672268907563,0.5957983193277311,0.6918767507002801,0.5243697478991597,0.6294117647058824,0.37563025210084033,0.6016806722689076,0.6193277310924371,0.3966386554621849,trial_env,,
NUST,2019,Cotesfield_NE_2019|UTI,13,0.6648351648351648,0.7032967032967032,0.7362637362637362,0.6538461538461539,0.7197802197802198,0.7252747252747254,0.6263736263736264,0.5879120879120878,0.6538461538461539,0.6648351648351648,0.6758241758241759,0.7087912087912087,trial_env,,
NUST,2019,Cotesfield_NE_2019|UTII,35,0.6061624649859945,0.45770308123249304,0.4159663865546219,0.40952380952380957,0.3291316526610644,0.3865546218487395,0.4554621848739496,0.469467787114846,0.45437355668538076,0.3778711484593838,0.4019607843137255,0.5731092436974791,trial_env,,
NUST,2010,Crawfordsville_IA_2010|PTIIIB,15,0.6071428571428571,0.46071428571428563,0.457142857142857,0.7392857142857142,0.907142857142857,0.7214285714285712,0.5892857142857142,0.6071428571428571,0.7631817167208805,0.6785714285714285,0.3928571428571428,0.5785714285714285,trial_env,,
NUST,2012,Crawfordsville_IA_2012|PTIIIA,13,0.532967032967033,0.41208791208791207,0.46153846153846156,0.46703296703296704,0.6703296703296703,0.38461538461538464,0.5384615384615384,0.4175824175824176,0.5549450549450549,0.4945054945054945,0.3681318681318681,0.3736263736263736,trial_env,,
NUST,2012,Crawfordsville_IA_2012|PTIIIB,10,0.5515151515151515,0.4424242424242424,0.406060606060606,0.5151515151515151,0.38181818181818183,0.4787878787878787,0.3696969696969697,0.33333333333333326,0.13939393939393938,0.38181818181818183,0.16363636363636364,0.6606060606060605,trial_env,,
NUST,2013,Crawfordsville_IA_2013|PTIIIA,15,-0.11785714285714284,-0.2178571428571428,-0.021428571428571425,-0.44999999999999996,-0.4071428571428571,-0.5499999999999999,0.0964285714285714,0.06785714285714285,-0.15,-0.36785714285714277,-0.4357142857142856,-0.021428571428571425,trial_env,,
NUST,2013,Crawfordsville_IA_2013|PTIIIB,21,0.4582387618321724,0.2593436396752295,0.2729933049212942,0.31329231660015194,0.3893404515425125,-0.034449155144829983,0.3347417905582536,0.3204421412528525,0.09944756107847146,-0.1462464133506933,0.202145042453625,0.24374402225115555,trial_env,,
NUST,2014,Crawfordsville_IA_2014|PTIIIA,23,-0.17004450915858135,0.04201681185604481,0.03954523468804218,0.028670295148830575,-0.02323282537922478,0.1398912677089492,0.08699951631369279,0.09688582498570333,0.14878894551375868,0.24715771680026358,0.012852201273613709,0.1146811805953223,trial_env,,
NUST,2014,Crawfordsville_IA_2014|PTIIIB,26,0.2663703236058449,0.31766114329888306,0.30808685695618254,0.35253890069014904,0.426397681048124,0.28209950831170993,0.19387929843968427,0.1788339913297264,0.34980339030652036,0.3262096132477228,0.4151137007156556,0.23593777058797558,trial_env,,
NUST,2014,Crawfordsville_IA_2014|UTIII,16,-0.15882352941176472,-0.17941176470588235,0.01764705882352941,-0.2676470588235294,-0.4676470588235294,-0.02647058823529412,0.18529411764705883,0.16764705882352943,0.4705882352941176,0.4617647058823529,-0.0823529411764706,-0.0588235294117647,trial_env,,
NUST,2015,Crawfordsville_IA_2015|PTIIIA,26,0.12173021207147725,0.08411694429658259,0.06804582079276397,0.23627970938592918,0.27389297716082384,0.23183450501253253,0.08240725030681466,0.0,0.20314637482900133,0.3730552285673643,0.2800478755239884,0.09984612900244763,trial_env,,
NUST,2015,Crawfordsville_IA_2015|PTIIIB,26,0.14942725470571785,-0.09574286342700458,-0.0075226535549789315,-0.11831082409194138,-0.012993674322236337,-0.3713455345775963,-0.1566079694627432,-0.06565224920708886,-0.3436484919433558,-0.2208924634780177,-0.10087194539630841,0.3145836941173008,trial_env,,
NUST,2015,Crawfordsville_IA_2015|UTIII,24,0.17355373542648356,0.34362769670907783,0.22879514996072775,0.36624622864435885,0.3371031201892852,0.07872989000549757,0.11352763144439151,0.03305785436694925,-0.3753806357720685,-0.021313616631322547,0.3040452658223359,0.1291866150918938,trial_env,,
NUST,2016,Crawfordsville_IA_2016|PTIIIA,27,-0.10776980739206948,-0.06869180357851454,0.0732712571504155,-0.1636391409692613,0.04976339548132386,-0.12425584025091295,0.15661731215901314,-0.021676080240331252,-0.010990688572562324,0.08395664881818443,-0.14684781120562437,-0.04152037905190212,trial_env,,
NUST,2016,Crawfordsville_IA_2016|PTIIIB,28,0.5011632727923043,0.44341043250875645,0.584918576710625,0.2594772160606797,0.1245381153033853,-0.08266046334422497,0.3703298241878688,0.39633228782264157,0.09634597052042115,0.15628849195216044,0.26495141893115814,0.394690026961498,trial_env,,
NUST,2016,Crawfordsville_IA_2016|UTIII,23,0.17453651277359716,0.03609395306649459,0.12707049230259054,-0.14239806141301978,-0.21656371839896754,-0.36786165865030107,0.04499383190480833,0.024227447948742944,-0.019283070816346424,-0.05686033702255997,-0.30358475592914635,0.2788628702671637,trial_env,,
NUST,2017,Crawfordsville_IA_2017|PTIIIA,24,0.47227659303013153,0.5492498499052082,0.5140248001488171,0.5257664834009474,0.42835400012401426,0.3831267757454382,0.6753642255762378,0.5579473930549343,0.44661884073843927,0.4792346275499124,0.4831485219672892,0.4135681767694798,trial_env,,
NUST,2017,Crawfordsville_IA_2017|PTIIIB,23,-0.1156412192456825,-0.07066963398347265,-0.3424759185352905,-0.059303189356760266,-0.13936249498838663,0.21349148168433693,0.09735606919401477,0.014331604094550395,-0.1586360315293337,-0.12305411791527754,-0.0948851029708164,0.11514702600104285,trial_env,,
NUST,2017,Crawfordsville_IA_2017|UTIII,20,0.26315789473684204,0.22255639097744356,0.2646616541353383,0.31729323308270674,0.35037593984962395,-0.05864661654135337,0.4872180451127819,0.44360902255639095,0.23609022556390977,0.3488721804511278,0.23308270676691725,0.31879699248120297,trial_env,,
NUST,2017,Crookston_MN_2017|UT0,29,-0.40689655172413786,-0.40098522167487677,-0.35862068965517235,-0.30246305418719205,-0.21034482758620687,-0.36453201970443344,-0.5980295566502462,-0.4891625615763546,-0.08669950738916254,0.001970686060027418,-0.30147783251231525,-0.4502463054187191,trial_env,,
NUST,2020,Crookston_MN_2020|PT0RR,13,-0.4340659340659341,-0.6098901098901099,-0.5714285714285714,-0.6813186813186813,-0.6318681318681317,-0.6208791208791209,-0.5714285714285714,-0.510989010989011,-0.641785748289792,-0.6593406593406593,-0.5549450549450549,-0.6923076923076923,trial_env,,
NUST,2020,Crookston_MN_2020|UT0,17,0.13725490196078433,-0.28186274509803927,-0.13480392156862747,-0.1985294117647059,-0.14705882352941177,0.11764705882352941,-0.232843137254902,-0.232843137254902,-0.19619868801149754,-0.24264705882352944,-0.25000000000000006,0.09558823529411767,trial_env,,
NUST,2020,Crookston_MN_2020|UT0RR,21,-0.5688311688311689,-0.22077922077922077,-0.15974025974025974,-0.5675324675324676,-0.5935064935064935,-0.448051948051948,-0.1961038961038961,-0.1286131928826069,0.0907670832509667,-0.19869812251933483,0.0935064935064935,-0.4974025974025974,trial_env,,
NUST,2017,Danvers_MN_2017|PTI,19,0.24736842105263157,0.3245614035087719,0.04035087719298246,0.47719298245614034,0.5157894736842105,0.43684210526315786,0.20175438596491227,0.26491228070175443,0.26842105263157895,0.3245614035087719,0.15614035087719297,0.443859649122807,trial_env,,
NUST,2017,Danvers_MN_2017|UTI,18,-0.17440660474716205,0.10835913312693499,-0.003095975232198142,0.17234262125902994,0.13519091847265222,0.1393188854489164,-0.07946336429308565,-0.07946336429308565,0.37048503611971106,0.2652218782249742,0.3333333333333333,0.07120743034055728,trial_env,,
NUST,2019,Danvers_MN_2019|UTI,13,0.5384615384615384,0.42857142857142855,0.4230769230769231,0.5384615384615384,0.5384615384615384,0.4505494505494505,0.34615384615384615,0.39560439560439564,0.39560439560439564,0.4340659340659341,0.5494505494505494,0.521978021978022,trial_env,,
NUST,2019,Danvers_MN_2019|UTIRR,31,0.3858870967741936,0.5120967741935485,0.4556451612903226,0.43064516129032265,0.3241935483870968,0.34475806451612906,0.31935483870967746,0.38185483870967746,0.4825083198228075,0.4425849402469964,0.3580645161290323,0.43830645161290327,trial_env,,
NUST,2015,DeKalb_IL_2015|UTII,24,0.03957382133125411,0.19656447518381162,0.16525331984479738,0.14046532186807778,-0.08436616855234394,0.2778865036337514,0.052185258898357074,0.11611220104884448,0.1209484474994888,0.05872118312309699,-0.020439226401856518,0.0,trial_env,,
NUST,2015,DeKalb_IL_2015|UTIIRR,14,0.6072610935391697,0.4994502472224331,0.21122124992666771,0.5984602081255584,0.6842688409082672,0.68646906226167,0.5610564451177111,0.44884515609416886,0.22601998301830534,0.16721682285861195,0.4840486977486135,0.6160619789527808,trial_env,,
NUST,2005,DeWitt_NE_2005|PTIIIB,16,-0.37702503681885124,-0.4005891016200294,-0.41826215022091306,-0.4256259204712812,-0.4005891016200294,-0.4977908689248895,0.0029455081001472753,-0.09144552719430839,-0.2908091890499982,-0.16666684795091694,0.13402061855670103,-0.22238586156111928,trial_env,,
NUST,2006,DeWitt_NE_2006|PTIIIA,10,0.12727272727272726,0.24848484848484845,0.19999999999999998,0.0303030303030303,-0.12727272727272726,-0.11515151515151514,0.32121212121212117,0.5515151515151515,-0.28484848484848485,0.28484848484848485,0.12727272727272726,0.13939393939393938,trial_env,,
NUST,2007,DeWitt_NE_2007|PTIIIA,11,0.45454545454545453,0.3727272727272728,0.41818181818181827,0.3727272727272728,0.5363636363636364,0.2545454545454546,0.5,0.6272727272727273,-0.3181818181818182,-0.20909090909090913,0.22727272727272727,0.3181818181818182,trial_env,,
NUST,2007,DeWitt_NE_2007|PTIIIB,10,0.24848484848484845,0.43030303030303024,0.28484848484848485,0.5757575757575757,0.5757575757575757,0.5393939393939393,0.09090909090909088,0.01818181818181818,0.2378092989944506,0.2796365500928297,0.34545454545454546,0.32121212121212117,trial_env,,
NUST,2010,DeWitt_NE_2010|PTIIIB,15,0.6170465628673907,0.31928572148370793,0.36054174167542297,0.48969102227557454,0.7192897433425106,0.3802728817671128,0.5452969625339731,0.6905899032091436,0.6247796110970536,0.7533708035008839,0.4304976020005051,0.3372231215670623,trial_env,,
NUST,2016,EastLansing_MI_2016|PTI,32,0.6682551319648093,0.6792521994134897,0.5670821114369501,0.7690615835777125,0.688782991202346,0.6931818181818181,0.49193548387096764,0.5384897360703812,0.5218188836363645,0.6077712609970675,0.6330645161290323,0.6627565982404692,trial_env,,
NUST,2016,EastLansing_MI_2016|PTIIA,23,0.5513833992094862,0.650197628458498,0.642292490118577,0.5770750988142292,0.5247035573122529,0.5197628458498024,0.632411067193676,0.7183794466403163,0.7391304347826088,0.5820158102766798,0.5454545454545454,0.5810276679841897,trial_env,,
NUST,2016,EastLansing_MI_2016|PTIIB,23,0.3187546427925865,0.4591055242702523,0.301457879230198,0.49864098384142586,0.49567582437358787,0.5554732069749878,0.5011119500646242,0.3479120442263268,0.6513466964350836,0.5421299893697168,0.31826044954794674,0.3345688266210558,trial_env,,
NUST,2016,EastLansing_MI_2016|UTI,14,0.4065934065934066,0.410989010989011,0.2043956043956044,0.5032967032967033,0.4681318681318682,0.12087912087912088,0.38461538461538464,0.3934065934065934,0.5384615384615385,0.5604395604395604,0.3142857142857143,0.4153846153846154,trial_env,,
NUST,2016,EastLansing_MI_2016|UTII,27,0.3827708463133564,0.3485566924529447,0.2489690660378176,0.35008411003599876,0.2947915935294405,0.353138945202107,0.3760502089479184,0.3516115276190529,0.24919788714063476,0.2647418764965586,0.3381702528881768,0.46830623096438584,trial_env,,
NUST,2016,EastLansing_MI_2016|UTIIRR,11,-0.018181818181818184,-0.6181818181818182,-0.14545454545454548,-0.6727272727272727,-0.6000000000000001,-0.46363636363636374,0.41818181818181827,0.13636363636363638,0.4862589962641426,0.009090909090909092,-0.09090909090909091,-0.20000000000000004,trial_env,,
NUST,2017,EastLansing_MI_2017|PTI,19,0.37894736842105264,0.3368421052631579,0.1280701754385965,0.26666666666666666,0.31578947368421056,0.2719298245614035,0.3385964912280702,0.368421052631579,0.29473684210526313,0.2,0.38070175438596493,0.45789473684210524,trial_env,,
NUST,2017,EastLansing_MI_2017|PTIIA,24,0.548695652173913,0.5226086956521738,0.4860869565217391,0.49391304347826087,0.5391304347826086,0.5095652173913043,0.5226086956521738,0.5243478260869565,0.4669565217391304,0.4497608080977043,0.4660869565217391,0.5278260869565217,trial_env,,
NUST,2017,EastLansing_MI_2017|PTIIB,28,0.4576433599720005,0.5249760552788858,0.6095524896277781,0.44833721509218705,0.4921308380560149,0.1420555644889164,-0.0656904344457417,0.12700150659510062,-0.12168081029290996,0.09333515894165799,0.4034487515542636,0.24661283931505526,trial_env,,
NUST,2017,EastLansing_MI_2017|UTI,18,0.25696594427244585,0.12899896800825592,0.1393188854489164,0.3828689370485036,0.4654282765737873,0.7275541795665634,0.28586171310629516,0.2631578947368421,0.4447884416924664,0.45717234262125905,0.15376676986584106,0.35810113519091846,trial_env,,
NUST,2017,EastLansing_MI_2017|UTII,34,0.3183311766989401,0.4505234320251922,0.28287614405652334,0.47635058942419406,0.41843051454714253,0.5266294934731385,0.3981050001443778,0.4726828274267027,0.49392528232884025,0.5833269810176929,0.36249714408539885,0.3982578235609399,trial_env,,
NUST,2017,EastLansing_MI_2017|UTIIRR,16,0.30022083182968273,0.18395884303289384,0.3561443201116824,-0.1692421355902623,-0.28256078289852493,-0.28403245364278806,0.19867555047552532,0.09124358614431533,-0.11929307805596466,-0.030905085629526156,0.048565134560683974,0.166298794101736,trial_env,,
NUST,2017,EastLansing_MI_2017|UTIRR,12,0.027972027972027972,0.07692307692307693,0.04195804195804196,0.013986013986013986,-0.16783216783216784,0.0979020979020979,-0.3706293706293707,-0.3426573426573427,-0.32867132867132864,0.22377622377622378,-0.3216783216783217,-0.21678321678321683,trial_env,,
NUST,2019,EastLansing_MI_2019|PTI,38,0.4408561485204925,0.3839291067448143,0.29514481659082387,0.4134873784360318,0.4123926276326534,0.33948222412765017,0.31955775950616283,0.3507581574024479,0.36411411720366477,0.32568836400508194,0.36772679485481363,0.469757569729683,trial_env,,
NUST,2019,EastLansing_MI_2019|PTIIA,32,0.0546337906807798,-0.01521679404867357,-0.00568338090974555,-0.016683472993124036,-0.02163351443064435,-0.039050326895993616,-0.12466771027828948,-0.06508387815998937,-0.03886699202793731,0.027683565076502516,0.34118618945278933,-0.07205060314612907,trial_env,,
NUST,2019,EastLansing_MI_2019|PTIIB,35,0.027040281868862055,0.0014010508740343035,-0.17246936259362275,0.22472856019510226,0.17204904733141246,0.2059544784830426,0.19362523079154073,0.16812610488411642,0.2527495776757883,0.17555167451649822,0.20973731584293526,0.42732051658046255,trial_env,,
NUST,2019,EastLansing_MI_2019|UTI,13,0.5427017838141499,0.5371921210343109,0.5123986385250351,0.6611595335806904,0.6831981847000467,0.6253467255117363,0.42699886543752924,0.4517923479468051,0.415979539877851,0.4407730223871269,0.6528950394109319,0.6969723416496445,trial_env,,
NUST,2019,EastLansing_MI_2019|UTII,35,0.31752923952088724,0.16737866838441126,0.1183556274350021,0.13656418550192548,0.11555431080932156,0.06064850494598331,0.2693465935591823,0.155333006893985,0.18405939207171873,0.043000210204196025,0.4643182307065467,0.3343371392749704,trial_env,,
NUST,2019,EastLansing_MI_2019|UTIIRR,24,-0.06521739130434781,0.08869565217391304,0.0608695652173913,-0.11652173913043477,-0.23826086956521736,-0.3017391304347826,0.049565217391304345,0.013913043478260868,0.24086956521739128,0.05304347826086955,0.05565217391304347,-0.15739130434782608,trial_env,,
NUST,2019,EastLansing_MI_2019|UTIRR,31,0.16355753496187284,0.20933751083899382,0.10991227688559889,0.32106485284747416,0.3795502845847653,0.2906120935635743,0.2910154413686591,0.24321872646611425,0.13755546871159186,0.23477209029368462,0.25249572598306386,0.236765161584758,trial_env,,
NUST,2012,Eldora_IA_2012|UTII,16,-0.5316647886685533,-0.7952880495319079,-0.7157592445787171,-0.7805604930590949,-0.743741601877062,-0.6642127969238713,-0.7717239591754069,-0.7835060043536575,-0.8085428503574398,-0.6907223985749349,-0.6951406655167787,-0.7908697825900639,trial_env,,
NUST,2013,Eldora_IA_2013|UTII,20,-0.1436630413743843,-0.16547575446264157,-0.22188794348399665,-0.09552464007616128,0.07295976446761925,0.03535163845338252,-0.15870629178007897,-0.16698007950321106,-0.09477247755587653,-0.16021061682064844,0.2512222817751013,-0.1850319799900447,trial_env,,
NUST,2015,Elora_ONT_2015|PT0,22,0.25698956122217187,0.027110986678382968,0.03049986001318084,0.16436035673769675,0.23270263565612048,0.3191189056934662,-0.27223949122876234,-0.20389721231033858,-0.2999152901296116,-0.040666480017574454,0.054221973356765936,0.24625812899531194,trial_env,,
NUST,2015,Elora_ONT_2015|UT00,13,0.021978021978021976,-0.39010989010989006,-0.3186813186813187,-0.25274725274725274,-0.1043956043956044,-0.521978021978022,-0.04395604395604395,-0.21428571428571427,-0.21978021978021978,-0.4945054945054945,-0.2692307692307692,0.25274725274725274,trial_env,,
NUST,2016,Elora_ONT_2016|PT0,20,0.16923656706406526,0.19781874283488515,0.206844693078302,0.181271167388621,0.11658519064413385,0.07972922715018185,0.21737496836228826,0.19481009275374622,-0.1045505903195781,0.051147051379361944,0.058668676582209284,0.11207221552242544,trial_env,,
NUST,2017,Elora_ONT_2017|UT0,29,-0.28919817930902364,-0.48626678531176554,-0.567311249530393,-0.034240670292976394,0.018967853327763903,0.049267151500685454,-0.45448947259382333,-0.458923516228885,0.014780145450205638,-0.17516629711751666,-0.4347826119935492,-0.2665352896187083,trial_env,,
NUST,2019,Flora_IL_2019|UTIV,19,0.3543859649122807,0.3877192982456141,0.2631578947368421,0.18596491228070175,-0.01754385964912281,0.2157894736842105,0.38070175438596493,0.543859649122807,0.6052631578947367,0.2789473684210526,0.30526315789473685,0.45789473684210524,trial_env,,
NUST,2019,Flora_IL_2019|UTIVRR,30,0.10436137330022029,-0.08121940566008615,-0.06831330832231904,0.0416110379683181,-0.03271028118365113,0.04450378392333487,-0.3291054821130614,-0.15242545993742196,-0.2169559466262575,-0.09479305975670328,-0.12794837877958776,-0.11459724360258729,trial_env,,
NUST,2020,Flora_IL_2020|UTIV,20,0.1430185330153955,0.1746331561030092,0.35152449956941945,-0.11893120113911834,-0.008280020332470264,0.0052691038479356226,0.45765930564926555,0.5193830935822256,0.05720741320615819,0.39819370507970636,-0.07376745387109872,0.443357452347726,trial_env,,
NUST,2020,Flora_IL_2020|UTIVRR,21,0.1753816266581003,0.020785970566885966,0.055212734318290844,0.45339398299020006,0.5060084709876301,0.41312116501685847,0.2864566568748972,0.09353686755098684,-0.08769081332905015,0.26307243998715046,0.5826567374530222,0.14095486290669546,trial_env,,
NUST,2020,Glyndon_MN_2020|PT0RR,13,-0.5824175824175823,-0.6978021978021978,-0.6813186813186813,-0.7912087912087913,-0.6538461538461539,-0.7142857142857143,-0.5934065934065934,-0.7417582417582418,-0.8077648211233589,-0.8406593406593407,-0.7417582417582418,-0.6868131868131868,trial_env,,
NUST,2020,Glyndon_MN_2020|UT0RR,21,-0.1974025974025974,-0.01818181818181818,-0.06363636363636363,-0.03766233766233767,-0.14285714285714285,0.11298701298701298,-0.125974025974026,-0.0714517738236705,0.23283730051334933,0.06188957914536659,-0.2909090909090909,-0.2350649350649351,trial_env,,
NUST,2005,Goehner_NE_2005|PT0,15,0.36103678402252426,0.8489726356965297,0.7774802032168221,0.8114391086446832,0.5987491220175526,0.7756928924048294,0.6470065139413553,0.7095623923610996,0.5826633247096183,0.16085797307934246,0.3735479597064731,0.3896337570144074,trial_env,,
NUST,2005,Goehner_NE_2005|PTI,16,-0.02207506116394726,0.008830024465578904,-0.014716707442631503,0.035320097862315616,0.10448862284268369,0.13539370847220983,0.1486387451705782,0.2207506116394726,0.2695139911634757,0.23105230684931463,-0.07064019572463123,-0.07505520795742068,trial_env,,
NUST,2005,Goehner_NE_2005|PTII,12,0.30069930069930073,0.0979020979020979,0.04895104895104895,0.2027972027972028,0.3076923076923077,0.31468531468531474,0.06993006993006995,-0.16112108771781966,-0.0560421174670677,0.2521895286018047,-0.4755244755244756,0.3356643356643357,trial_env,,
NUST,2005,Goehner_NE_2005|PTIIIB,16,-0.20913107511045653,-0.27982326951399117,-0.4270986745213549,-0.16494845360824742,-0.1796759941089838,-0.1767304860088365,-0.10456553755522827,-0.043510371810195125,-0.23962083689578928,-0.3886434905758107,0.4167893961708395,-0.2106038291605302,trial_env,,
NUST,2005,Goehner_NE_2005|UTI,12,0.4755244755244756,0.31468531468531474,0.4265734265734266,0.1958041958041958,0.07692307692307693,0.22377622377622378,0.27272727272727276,0.4125874125874127,0.20423041640915962,0.007005264683383462,0.013986013986013986,0.4055944055944056,trial_env,,
NUST,2005,Goehner_NE_2005|UTII,11,0.25968176711957697,0.35535399711100013,0.25512594664379495,0.39180056091725646,0.4829169704328976,0.12300715284611541,0.3143516128289616,0.2004561009344103,-0.05922566618516668,-0.054669845709384636,-0.013667461427346159,0.3371307152078719,trial_env,,
NUST,2006,Goehner_NE_2006|PTI,10,0.5393939393939393,0.5878787878787878,0.5515151515151515,0.6606060606060605,0.6,0.6848484848484848,0.7212121212121211,0.7939393939393938,0.6,0.29696969696969694,0.5151515151515151,0.5393939393939393,trial_env,,
NUST,2006,Goehner_NE_2006|PTIIIA,10,0.6504589317376691,0.4863244349440517,0.5592731001856595,0.5714312110592608,0.44377104688644714,0.43161293601284584,0.3404271044608362,0.35258521533443743,0.6139845991168652,0.12158110873601292,0.5167197121280549,0.41337576970244394,trial_env,,
NUST,2006,Goehner_NE_2006|UTI,14,0.5346537888768776,-0.0022002213534027884,0.18921903639263984,-0.044004427068055775,0.044004427068055775,-0.08580863278270875,0.16501660150520914,0.2882289972957653,-0.4532455988009745,0.3740376300784741,0.35423563789784895,0.4378440493271549,trial_env,,
NUST,2006,Goehner_NE_2006|UTII,13,-0.049450549450549455,-0.027472527472527472,0.24175824175824176,-0.2087912087912088,-0.3186813186813187,-0.18131868131868134,0.13736263736263735,0.26373626373626374,-0.06043956043956044,-0.38461538461538464,-0.43956043956043955,-0.010989010989010988,trial_env,,
NUST,2013,Goehner_NE_2013|PTIIIA,15,-0.5384624000544527,-0.4704837581871131,-0.638641451227374,-0.05008952558646071,0.0411449674460213,0.1252238139661518,-0.40250511631977354,0.0,-0.039356055817933416,-0.23613633490760053,-0.4973174326084314,-0.20751374885819437,trial_env,,
NUST,2013,Goehner_NE_2013|PTIIIB,21,0.010392985283442983,0.05326404957764528,0.1188697691793791,-0.13056187762325247,-0.17343294191745476,-0.26307243998715046,-0.09288730597077165,0.06300747328087308,-0.2871062184551124,-0.32607991326802355,-0.0571614190589364,-0.10198116809378427,trial_env,,
NUST,2013,Goehner_NE_2013|UTIIIRR,12,-0.013986013986013986,-0.21678321678321683,-0.34965034965034975,0.02097902097902098,0.04195804195804196,-0.0979020979020979,-0.2797202797202798,0.11188811188811189,-0.3789497011441521,-0.07692307692307693,0.1398601398601399,-0.25874125874125875,trial_env,,
NUST,2011,Harrisburg_IL_2011|PTIV,18,0.2714138286893705,0.5087719298245614,0.4282765737874097,0.3415892672858617,0.06914344685242517,0.2260061919504644,0.36429308565531476,0.4674922600619195,-0.13725490196078433,0.2652218782249742,0.09803921568627451,0.3023735810113519,trial_env,,
NUST,2011,Harrisburg_IL_2011|UTIV,13,-0.04132247084879315,0.5096438071351155,0.01652898833951726,0.5289276268645523,0.5234179640847132,0.6143273999520582,0.19283819729436802,0.0826449416975863,0.40827625044132665,0.3884312259786556,0.7245206555488398,0.36914740624921877,trial_env,,
NUST,2007,Harrow_ONT_2007|PTIIA,14,0.7034217089017888,0.40132523830760364,0.5093743409288816,0.3902998196727794,0.30430155432115,0.3175320566829391,0.07276776298984022,0.0639474280819808,0.40573540576153333,0.07056267926287536,-0.05953726062805109,0.47629808502440873,trial_env,,
NUST,2007,Harrow_ONT_2007|UTII,12,0.5779343363791357,0.5008764248619176,0.416813248661316,0.3712790282193235,0.03152369107522558,0.35026323416917315,0.6199659244794364,0.49387116017853416,0.62697118916282,0.26970269031026334,0.6059553951126696,0.5218922189120679,trial_env,,
NUST,2010,Harrow_ONT_2010|PTIIA,14,0.16923076923076924,0.0989010989010989,0.1824175824175824,0.01978021978021978,-0.27472527472527475,-0.13406593406593406,0.42857142857142855,0.13406593406593406,0.07726344618240621,-0.17439463566885974,0.14725274725274726,-0.23076923076923075,trial_env,,
NUST,2010,Harrow_ONT_2010|PTIIB,21,0.16239039505379657,0.06430659644130345,0.15914258715272064,0.08249432068732866,0.07405002014453124,0.040922379553556744,0.03996101364522417,0.05360623781676413,0.18096166341780376,0.158869395711501,-0.18252680404046737,-0.11757064601894873,trial_env,,
NUST,2011,Harrow_ONT_2011|PTIIA,17,0.2538320526148749,0.07970571700467087,0.009809934400574876,0.3126916590183242,0.3654200564214142,0.33108528601940207,0.3237278352189709,0.23478835241821758,0.12300160219855484,0.15644171779141106,-0.16186391760948546,0.462293158627091,trial_env,,
NUST,2011,Harrow_ONT_2011|PTIIB,13,0.09903723261853131,0.2751034239403647,0.23933997882811733,0.47592892341683096,0.3301241087284377,-0.05502068478807294,0.5832192587535732,0.44291651254398723,0.3163689375314194,0.15405791740660424,0.27785445817976834,0.4209082386287581,trial_env,,
NUST,2011,Harrow_ONT_2011|UTII,11,0.8090909090909091,0.4909090909090909,0.26363636363636367,0.5363636363636364,0.5636363636363637,0.30000000000000004,0.06363636363636364,0.17272727272727276,0.03189074333047437,0.0956722299914231,-0.21818181818181823,0.5363636363636364,trial_env,,
NUST,2012,Harrow_ONT_2012|PTIIB,14,0.5038506899292386,0.5698573305313223,0.48624891910201623,0.5016504685758358,0.3300332030104183,0.46424670556798836,0.5786582159449335,0.4994502472224331,0.4713656387665199,0.541254452937086,0.5192522394030581,0.42464272120673824,trial_env,,
NUST,2012,Harrow_ONT_2012|UTII,16,0.29286247810836696,0.09418692763284163,0.07358353721315752,-0.06769685423610491,-0.02207506116394726,-0.15011041591484137,-0.2207506116394726,-0.19720387973126216,-0.07211186646889438,0.04120678083936821,0.06181017125905231,-0.02207506116394726,trial_env,,
NUST,2017,Holdrege_NE_2017|PTIIIA,24,0.2788169032791378,0.5232710368873678,0.5311005287111189,0.4362766832901329,0.3427577531731054,0.36929103102026206,0.36059159566053856,0.34623752731699486,0.3962592806354049,0.45367555400957993,0.47977386008875034,0.2805567903510825,trial_env,,
NUST,2017,Holdrege_NE_2017|PTIIIB,23,-0.5019762845849802,-0.208498023715415,-0.5276679841897233,-0.21343873517786563,-0.34980237154150196,0.02865612648221344,0.05434782608695652,-0.00691699604743083,0.37549407114624506,0.3745059288537549,-0.09189723320158102,-0.29249011857707513,trial_env,,
NUST,2017,Holdrege_NE_2017|UTIII,20,0.2556390977443609,0.06917293233082707,0.17142857142857143,0.015037593984962403,0.16541353383458643,0.04360902255639097,0.32481203007518794,0.3714285714285714,0.20150375939849624,-0.09323308270676692,-0.13834586466165413,0.20300751879699244,trial_env,,
NUST,2020,Holdrege_NE_2020|PTIIIA,34,0.18963936651735339,0.26084963629743935,0.30485941676238515,0.30974939236960136,0.23869193432724092,0.18016503877837198,0.33282396476615284,0.17665036881068533,0.21884312740590578,0.28270171479218675,0.18719437871374528,0.13936430480566178,trial_env,,
NUST,2020,Holdrege_NE_2020|PTIIIB,33,0.058676031363679416,0.026412572522681907,0.0576730222805396,0.10046807649450522,0.017385490774423532,0.12688064901718712,0.1633233123712672,0.07455700851339322,0.11952524907416177,-0.04379806329710543,-0.008692745387211766,-0.00367769997151267,trial_env,,
NUST,2020,Holdrege_NE_2020|UTIII,39,0.26595799383878727,0.1850670775551211,0.1389015483619399,0.1951910971150293,0.15712478356977458,0.19711466083141183,0.336319929780149,0.3324728023473839,0.35089851794641674,0.2671728761859763,0.1779802638631854,0.34310302288528743,trial_env,,
NUST,2014,Hooper_NE_2014|PTI,20,0.6586466165413534,0.7729323308270677,0.7293233082706766,0.7473684210526315,0.5263157894736841,0.6165413533834586,0.6511278195488721,0.6706766917293233,0.7022556390977444,0.5609022556390978,0.6736842105263157,0.7624060150375939,trial_env,,
NUST,2014,Hooper_NE_2014|PTIIA,21,0.052614487997430084,0.12146801550023983,-0.0285807095294682,0.26307243998715046,0.3195842974658717,0.2994478884792009,0.2663202478882264,0.3189347358856565,0.22604742991488486,0.35401106121727655,0.3104904353428591,0.4209159039794407,trial_env,,
NUST,2014,Hooper_NE_2014|PTIIB,23,0.737883644834528,0.5321466500281181,0.6152327440845529,0.38674598542935723,0.1671613082802081,0.2631059645120435,0.46092999797974543,0.592629398866505,0.26521527244674226,0.06430869937616497,0.38081126442532615,0.5450052122035187,trial_env,,
NUST,2014,Hooper_NE_2014|UTI,15,0.6392857142857141,0.6071428571428571,0.6464285714285712,0.5535714285714285,0.5642857142857142,0.5178571428571428,0.6535714285714285,0.6392857142857141,0.6309207166334211,0.6107142857142855,0.4464285714285714,0.5892857142857142,trial_env,,
NUST,2014,Hooper_NE_2014|UTII,21,0.5649350649350648,0.487012987012987,0.5168831168831168,0.33766233766233766,0.4116883116883117,0.35584415584415585,0.44155844155844154,0.4805194805194805,0.2739107364681335,0.3572588691183525,0.5064935064935064,0.551948051948052,trial_env,,
NUST,2014,Hooper_NE_2014|UTIIRR,13,0.2857142857142857,0.40659340659340654,0.4505494505494505,0.2857142857142857,0.3626373626373627,0.32417582417582413,0.13736263736263735,0.12087912087912088,-0.08635935121735981,0.28335652665857564,0.15384615384615383,0.22527472527472525,trial_env,,
NUST,2014,Hooper_NE_2014|UTIRR,10,0.4787878787878787,0.406060606060606,0.19999999999999998,0.5757575757575757,0.5515151515151515,0.5393939393939393,0.3939393939393939,0.22424242424242422,0.5914744103195311,0.3525852153344375,0.19999999999999998,0.4787878787878787,trial_env,,
NUST,2015,Hooper_NE_2015|PTI,42,0.7102160051771308,0.6469992433332232,0.5775418524354939,0.7127284662247733,0.7423106688824992,0.7231835460681887,0.6882522327929013,0.709648675263147,0.6643433292750132,0.7246423944184327,0.5134335721553261,0.737123652526076,trial_env,,
NUST,2015,Hooper_NE_2015|PTIIA,23,0.2381422924901186,0.1660079051383399,0.1274703557312253,0.20454545454545459,0.32411067193675897,0.17786561264822134,0.2845849802371542,0.3952569169960475,0.014331604094550397,0.18774703557312253,-0.17490118577075098,0.2223320158102767,trial_env,,
NUST,2015,Hooper_NE_2015|PTIIB,23,0.11418686516172179,0.03756797295364006,-0.24270887789785886,0.23381120009304934,0.18536828760019772,0.20365795864341718,0.5135937355109478,0.34700943438757004,0.03657934208643901,0.14038558314254973,0.06080079833286484,0.5432526615269794,trial_env,,
NUST,2015,Hooper_NE_2015|UTI,12,0.8756580854229328,0.8161133356141735,0.8371291296643238,0.8266212326392487,0.7005264683383463,0.7320501594135719,0.8231186002975568,0.7005264683383463,0.7110343653634216,0.7880922768806397,0.5779343363791357,0.8931712471313915,trial_env,,
NUST,2015,Hooper_NE_2015|UTII,24,0.08133972061341462,-0.06568073696591234,0.003044802375903221,-0.12135712326814266,-0.10047847840480628,-0.20878644863336374,-0.09264898658105515,-0.07003045464577408,-0.09399477806788513,-0.3454426881819932,-0.29752068930254333,-0.13788605045161728,trial_env,,
NUST,2015,Hooper_NE_2015|UTIIRR,14,0.054945054945054944,-0.16043956043956045,-0.006593406593406593,-0.14285714285714285,-0.26593406593406593,-0.14285714285714285,-0.3010989010989011,-0.16923076923076924,-0.055066212875952536,-0.4197802197802198,-0.3142857142857143,0.02857142857142857,trial_env,,
NUST,2015,Hooper_NE_2015|UTIRR,10,0.18787878787878787,0.06666666666666665,-0.09090909090909088,0.13939393939393938,0.24848484848484845,0.07878787878787878,-0.10303030303030303,0.06666666666666665,0.2613993837824278,0.18787878787878787,-0.01818181818181818,0.12727272727272726,trial_env,,
NUST,2005,Hoytville_OH_2005|PTII,12,0.1015763379090602,0.10858160259244368,0.2451842639184212,0.1576184553761279,0.05954474980875943,0.024518426391842117,0.26970269031026334,0.10877192982456142,0.20350877192982456,0.2,-0.024518426391842117,0.1366026613259775,trial_env,,
NUST,2005,Hoytville_OH_2005|PTIIIB,16,-0.2650957290132548,0.016200294550810013,-0.08541973490427099,-0.057437407952871875,-0.2650957290132548,-0.10456553755522827,0.008836524300441826,-0.04129798002323605,-0.11869762818367272,-0.26548701443508893,0.46833578792341674,-0.17083946980854198,trial_env,,
NUST,2005,Hoytville_OH_2005|UTII,11,0.17767699855550007,0.18678863950706415,0.12300715284611541,0.2414584852164488,-0.004555820475782052,0.02277910237891026,-0.041002384282038465,0.20956774188597443,-0.33257489473208984,-0.12300715284611541,-0.7198196351735642,0.21867938283753854,trial_env,,
NUST,2006,Hoytville_OH_2006|PTIIIA,10,-0.4424242424242424,-0.3696969696969697,-0.2727272727272727,-0.5393939393939393,-0.5515151515151515,-0.5030303030303029,0.13939393939393938,0.1515151515151515,-0.2606060606060606,-0.06666666666666665,-0.2606060606060606,-0.16363636363636364,trial_env,,
NUST,2006,Hoytville_OH_2006|UTII,13,-0.1758241758241758,-0.34615384615384615,0.14835164835164835,-0.6318681318681317,-0.48901098901098894,-0.5494505494505494,-0.049450549450549455,0.18131868131868134,-0.4945054945054945,-0.510989010989011,-0.37912087912087916,-0.2087912087912088,trial_env,,
NUST,2007,Hoytville_OH_2007|PTIIA,14,0.7318681318681319,0.24835164835164836,0.35824175824175825,0.2835164835164835,0.3186813186813187,0.2527472527472528,-0.08131868131868132,-0.14285714285714285,0.4593406593406593,0.27912087912087913,0.16923076923076924,0.389010989010989,trial_env,,
NUST,2007,Hoytville_OH_2007|PTIIIA,11,0.6636363636363638,0.29090909090909095,0.3181818181818182,0.3545454545454546,0.5727272727272729,0.20000000000000004,0.3545454545454546,0.20000000000000004,-0.4272727272727273,-0.06363636363636364,0.11818181818181818,0.5272727272727273,trial_env,,
NUST,2007,Hoytville_OH_2007|PTIIIB,10,0.41945482513924454,0.46808726863364974,0.42553388057604524,0.7416447632896788,0.7416447632896788,0.6200636545536659,0.26747843921922837,0.19452977397762067,0.5137638702553631,0.6097560975609757,0.5410359338752574,0.38905954795524134,trial_env,,
NUST,2007,Hoytville_OH_2007|UTII,12,0.7272727272727274,0.5104895104895105,0.4755244755244756,0.4755244755244756,0.3076923076923077,0.3846153846153847,0.6923076923076924,0.7202797202797203,0.7412587412587414,0.4055944055944056,0.7062937062937064,0.7622377622377624,trial_env,,
NUST,2008,Hoytville_OH_2008|PTIIA,10,-0.2796365500928297,0.5957474328064633,0.2857156055296304,0.024316221747202584,-0.32218993815043423,-0.21884599572482327,0.04255338805760452,0.3100318272768329,0.15197638592001614,-0.46200821319684915,-0.6626170426112704,-0.5775102664960614,trial_env,,
NUST,2008,Hoytville_OH_2008|PTIIIB,11,-0.045454545454545456,-0.22727272727272727,-0.26363636363636367,-0.009090909090909092,0.17272727272727276,0.3454545454545455,-0.6545454545454547,-0.3272727272727273,-0.4738053294813334,-0.29090909090909095,-0.46363636363636374,-0.3181818181818182,trial_env,,
NUST,2009,Hoytville_OH_2009|PTIIB,16,0.24705882352941175,0.18235294117647058,0.08823529411764705,0.1264705882352941,-0.049999999999999996,-0.10882352941176471,-0.0058823529411764705,0.3529411764705882,0.1515820866591045,0.3911764705882353,0.21764705882352942,0.17058823529411765,trial_env,,
NUST,2009,Hoytville_OH_2009|PTIIIB,10,-0.22424242424242422,-0.24848484848484845,-0.2121212121212121,-0.11515151515151514,-0.17575757575757575,-0.23636363636363633,-0.4666666666666666,-0.406060606060606,0.01818181818181818,-0.34545454545454546,-0.38181818181818183,0.05454545454545454,trial_env,,
NUST,2010,Hoytville_OH_2010|PTIIA,14,0.16043956043956045,0.15164835164835166,0.11208791208791209,0.14285714285714285,-0.006593406593406593,-0.07252747252747253,0.11208791208791209,-0.23956043956043957,0.4260527175201257,-0.26711077108774717,0.4241758241758242,-0.24395604395604395,trial_env,,
NUST,2010,Hoytville_OH_2010|PTIIB,21,0.34567908531930297,0.09551658936454425,0.09616636208130985,0.3294347674001628,0.2742040864750862,0.27030545017449253,0.19369516785007432,0.18329542729436565,0.3197920220880422,0.16184596239821647,0.3443795398857718,0.19493181502968213,trial_env,,
NUST,2010,Hoytville_OH_2010|PTIIIB,15,0.3071428571428571,0.12142857142857141,-0.15,0.3607142857142856,0.2821428571428571,0.035714285714285705,0.18928571428571428,0.4107142857142856,0.33065250021864845,0.4035714285714285,0.30357142857142855,0.3214285714285714,trial_env,,
NUST,2011,Hoytville_OH_2011|PTIIA,17,0.6217045926364327,0.4169222120244322,0.5432251174318338,0.5665237116331991,0.7896997192462776,0.3973023432232825,0.716125211241966,0.7387842921641297,0.4501858640467107,0.6920245398773007,0.09809934400574877,0.6768854736396664,trial_env,,
NUST,2011,Hoytville_OH_2011|PTIIB,13,0.39010989010989006,0.6153846153846153,0.6263736263736264,0.4340659340659341,0.1758241758241758,-0.32417582417582413,0.4450549450549451,0.48901098901098894,0.6538461538461539,0.5054945054945055,0.5604395604395606,0.45604395604395603,trial_env,,
NUST,2011,Hoytville_OH_2011|PTIIIB,10,0.3696969696969697,0.16363636363636364,0.17575757575757575,-0.1515151515151515,-0.16363636363636364,-0.19999999999999998,0.3696969696969697,-0.1515151515151515,0.6363636363636362,0.7696969696969697,-0.4545454545454545,0.4424242424242424,trial_env,,
NUST,2011,Hoytville_OH_2011|UTII,11,0.48181818181818187,0.009090909090909092,-0.16363636363636366,0.045454545454545456,0.09090909090909091,-0.08181818181818183,-0.3454545454545455,-0.27272727272727276,-0.42824712472351295,-0.1913444599828462,-0.6636363636363638,0.4272727272727273,trial_env,,
NUST,2012,Hoytville_OH_2012|PTIIB,14,0.09030858911656217,0.24449398516922927,0.25550722774441975,0.11894301981205749,0.0022026485150381018,0.013215891090228608,0.22246750001884827,0.22026485150381014,0.12127901527811503,0.09251123763160025,0.27753371289480083,0.1718065841729719,trial_env,,
NUST,2012,Hoytville_OH_2012|PTIIIA,13,0.06593406593406594,0.027472527472527472,0.0934065934065934,-0.03296703296703297,0.09890109890109891,0.010989010989010988,0.10989010989010989,0.3186813186813187,0.13186813186813187,-0.03296703296703297,-0.0934065934065934,0.11538461538461539,trial_env,,
NUST,2012,Hoytville_OH_2012|PTIIIB,10,0.17575757575757575,0.10303030303030303,-0.24848484848484845,0.29696969696969694,0.29696969696969694,0.43030303030303024,0.24848484848484845,0.19999999999999998,0.6606060606060605,0.6727272727272726,0.8545454545454544,0.4424242424242424,trial_env,,
NUST,2012,Hoytville_OH_2012|UTII,16,0.04415012232789452,0.4017661131838401,0.19720387973126216,0.48123633337405025,0.4576896014658398,0.3414276126690509,0.28991913661984064,0.3164092100165774,0.5430465046331026,0.6122150296134706,0.33406925894773515,0.33112591745920883,trial_env,,
NUST,2013,Hoytville_OH_2013|PTIIA,16,0.4058823529411764,0.4176470588235294,0.3147058823529411,0.4852941176470588,0.38823529411764707,0.5676470588235295,0.2529411764705882,0.19117647058823528,0.3055371355113329,0.3399559419247878,0.4823529411764706,0.3764705882352941,trial_env,,
NUST,2013,Hoytville_OH_2013|PTIIB,14,0.2703296703296703,0.5428571428571429,0.45494505494505494,0.4593406593406593,0.2043956043956044,0.059340659340659345,-0.14725274725274726,-0.3538461538461538,-0.03736263736263736,0.178021978021978,0.2175824175824176,-0.04175824175824176,trial_env,,
NUST,2013,Hoytville_OH_2013|PTIIIA,15,-0.3163540137227069,-0.16443259470332788,-0.24843620286698453,-0.04110814867583197,-0.014298486495941554,-0.05004470273579544,-0.17515645957528406,0.055406635171773515,0.0661305000437297,0.06791781085572238,-0.20732805419115252,-0.008936554059963471,trial_env,,
NUST,2013,Hoytville_OH_2013|PTIIIB,21,0.6320234175493764,0.6021435848594777,0.6151348164637814,0.3890873865488967,0.25397857786413786,0.3026956963802768,0.1669373261153029,0.16368951821422698,-0.1955180356447711,-0.006495615802151864,0.18967198142283445,0.3527119380568462,trial_env,,
NUST,2013,Hoytville_OH_2013|UTII,20,-0.7303498071964772,-0.4926664507865011,-0.7160587193110671,-0.3685596349395199,-0.23693119388969136,-0.19029711763203785,-0.5596089150918425,-0.5716435154163982,-0.1940579302334615,-0.3008650081138938,-0.2610003945388029,-0.6761941057359762,trial_env,,
NUST,2014,Hoytville_OH_2014|PTIIA,21,0.10068204493335388,0.049366680096354164,0.004546931061506305,0.16174083347358142,0.16498864137465732,0.19356935090412555,0.04741799535570861,-0.07924651278625273,0.21825269095230262,0.10457941441464501,0.07469958172474643,0.4046768644740611,trial_env,,
NUST,2014,Hoytville_OH_2014|PTIIB,23,-0.17251608632658397,0.11270391886092018,-0.01927830191042056,0.00889767780480949,0.02125556364482267,0.17844787152979033,0.03015324144963216,-0.049938196828882654,-0.04723046488625123,0.452410397014135,0.26594170327708366,-0.08699951631369279,trial_env,,
NUST,2014,Hoytville_OH_2014|PTIIIA,23,0.2276103447808686,0.05393375561111887,-0.017812983504589718,-0.021771424283387433,-0.056407781097867433,-0.2622467015953486,-0.11083634180633602,0.06185063716871429,0.029193500743633152,0.18406749621409374,-0.09549738378849487,0.07422076460245715,trial_env,,
NUST,2014,Hoytville_OH_2014|PTIIIB,26,0.21405368751894593,0.09027184265974718,0.05060694209713099,0.10565908856765861,0.14634980552413557,-0.08753633227611848,-0.02906479782605496,0.047529492915548706,-0.24687981212249036,-0.08514276069044337,0.25132501649588707,0.2489314449102119,trial_env,,
NUST,2014,Hoytville_OH_2014|UTII,21,0.36127363052167755,0.22352181456736883,0.2800520409259767,0.1364522705207775,0.14879795213932404,0.13970113410460552,0.1442495431219648,0.1000649983819035,0.28255232285600673,0.20149497326685584,0.19493181502968213,0.2300195417350249,trial_env,,
NUST,2014,Hoytville_OH_2014|UTIII,16,0.4294117647058823,0.18529411764705883,0.37058823529411766,0.12352941176470587,0.14411764705882352,-0.07058823529411765,0.37058823529411766,0.44705882352941173,-0.3235294117647059,-0.19705882352941176,0.45294117647058824,0.4088235294117647,trial_env,,
NUST,2015,Hoytville_OH_2015|PTIIA,23,-0.04348900552829085,0.051890290687165226,0.1378799152544676,0.11267605977784448,0.1645663504650097,0.049913517708606546,0.07857672589770734,0.07462317994059,0.03064755313890262,0.08944897727978006,-0.1141586395117635,0.22436373306640967,trial_env,,
NUST,2015,Hoytville_OH_2015|PTIIB,23,0.22430830039525693,0.08893280632411067,-0.05039525691699605,0.2223320158102767,0.2816205533596838,0.2737154150197629,0.34683794466403167,0.04150197628458498,0.2865612648221344,0.16403162055335968,-0.0691699604743083,0.4940711462450593,trial_env,,
NUST,2015,Hoytville_OH_2015|PTIIIA,26,0.049940146816352046,-0.1929194712631682,-0.1819736856595842,-0.23259794407616022,-0.15768772385163218,-0.08619806162822409,-0.14468960344737616,-0.12792886924188815,-0.04567225720580417,-0.054044816417696054,-0.2599624080851203,0.08346161522732809,trial_env,,
NUST,2015,Hoytville_OH_2015|PTIIIB,26,0.1710279000560002,0.15153071944961613,0.08585600582811209,0.15426716585051217,0.12621859024132814,0.21652132147089623,0.058149486019040054,0.08688217322844809,-0.004788781201568005,-0.0991961820324801,0.11219430243673612,-0.1802634066590242,trial_env,,
NUST,2015,Hoytville_OH_2015|UTII,24,0.20178300107364738,0.22439661326293542,0.22874538483779852,0.0687105908828368,0.07697325687507668,-0.06479669646546002,0.15133725080523552,0.16699282847474262,-0.16945834640665788,0.049804262722923,-0.24266145387736038,0.12002609546622128,trial_env,,
NUST,2015,Hoytville_OH_2015|UTIII,24,0.1953873672976328,0.13533512523288152,0.12053964530388483,-0.004351611743822557,0.0021758058719112787,-0.028720637509228878,0.1553525392544653,0.13228899701220576,0.04264579508946107,0.059181919715986776,0.1248912570477074,-0.10356835950297687,trial_env,,
NUST,2016,Hoytville_OH_2016|PTIIA,23,0.41611071198660116,0.5080306554895795,0.45119843235601764,0.453669398579216,0.39337782273317634,0.39831975517957313,0.42797134985795326,0.5045713027771019,0.5811712556962505,0.38695331055286075,0.6587595951046786,0.5880899611212059,trial_env,,
NUST,2016,Hoytville_OH_2016|PTIIB,23,0.1266073814193292,0.38081126442532615,0.19188931246367083,0.3392682173971088,0.22354115781850314,0.29673605020155286,-0.038575686526201865,-0.12462914108465219,0.42037607111886655,0.32443141488703114,0.3580615005765404,-0.07121665204837269,trial_env,,
NUST,2016,Hoytville_OH_2016|PTIIIA,27,0.3666923411223101,0.21084809614532832,0.012528654988345595,0.23865559868043681,0.25454560012907024,0.2548511770800055,-0.05378154336460548,0.127731165490938,0.039419426670648336,0.09350654698618907,0.09625673954460641,0.1977082872551122,trial_env,,
NUST,2016,Hoytville_OH_2016|PTIIIB,28,-0.05364718813068905,0.04160394181563641,-0.13357055003967477,0.08594498506651205,-0.15820446295682788,0.28438483912135676,-0.1576570426697801,-0.1716162599895002,0.13110715874795945,0.11577939071061974,-0.006021623157526322,-0.13110715874795945,trial_env,,
NUST,2016,Hoytville_OH_2016|UTII,27,0.24545871145389192,0.3358265952727377,0.18623111192397274,0.41306671218546737,0.4115402276615004,0.3385742674158783,0.29125324717290163,0.3492596590836472,0.1887311061855481,0.15206106870229005,0.25797588455042125,0.2982750759831498,trial_env,,
NUST,2016,Hoytville_OH_2016|UTIII,23,-0.1007905138339921,-0.3112648221343874,-0.36462450592885376,-0.12154150197628459,-0.1116600790513834,0.025691699604743084,-0.08596837944664032,-0.21442687747035571,-0.3656126482213439,-0.1116600790513834,0.22529644268774704,-0.08596837944664032,trial_env,,
NUST,2017,Hoytville_OH_2017|PTIIA,24,0.5043478260869565,0.5660869565217391,0.18956521739130433,0.6217391304347826,0.608695652173913,0.5991304347826086,0.5626086956521739,0.49652173913043474,0.6,0.6402784424756488,0.5026086956521739,0.537391304347826,trial_env,,
NUST,2017,Hoytville_OH_2017|PTIIB,28,-0.10454296661193212,0.22660098522167485,0.19157088122605362,0.21237000547345375,0.11548987411056376,0.18828680897646416,0.2380952380952381,0.24137931034482757,0.17462707156826335,0.3765736179529283,-0.0060207991242474,-0.11330049261083742,trial_env,,
NUST,2017,Hoytville_OH_2017|PTIIIA,24,-0.037399435543822565,-0.15525114522261227,-0.06610132793791897,-0.14524897060042719,-0.047836487323493986,-0.17308110867955098,-0.21830833305812708,-0.17003696857714679,-0.33963905999680727,-0.3352902884219442,-0.21352468432577767,-0.13263753303332423,trial_env,,
NUST,2017,Hoytville_OH_2017|PTIIIB,23,-0.5237154150197628,-0.17490118577075098,-0.4011857707509882,-0.18675889328063244,-0.35177865612648224,0.05533596837944664,-0.0009881422924901185,0.10276679841897234,0.08893280632411067,0.17094861660079053,-0.10276679841897234,-0.4061264822134388,trial_env,,
NUST,2017,Hoytville_OH_2017|UTII,34,0.2424751718869366,0.28953399541634833,0.2965622612681436,0.33659281894576015,0.3161191749427043,0.3766233766233766,0.465546218487395,0.41848739495798315,0.3414820473644003,0.3915966386554622,0.33292589763178,0.28403361344537814,trial_env,,
NUST,2017,Hoytville_OH_2017|UTIII,20,0.22857142857142856,0.16240601503759397,0.26165413533834586,0.17293233082706763,0.3293233082706767,-0.0015037593984962405,0.3954887218045112,0.35488721804511275,0.2827067669172932,0.11127819548872178,0.2902255639097744,0.21654135338345865,trial_env,,
NUST,2005,InghamCounty_MI_2005|PTI,16,0.019131719675420957,0.09271525688857848,0.17365714782305175,0.03973511009510507,-0.08094189093447328,0.03973511009510507,0.0,0.10154528135415737,-0.14285714285714285,0.1604121111246834,-0.07947022019021013,0.1250920132623678,trial_env,,
NUST,2005,InghamCounty_MI_2005|PTII,12,0.6083916083916086,0.3216783216783217,0.18181818181818185,0.32867132867132864,0.4125874125874127,0.08391608391608392,0.3916083916083916,0.05253948512537597,0.0665500144921429,0.3537658665108649,0.027972027972027972,0.5244755244755246,trial_env,,
NUST,2005,InghamCounty_MI_2005|UTI,12,0.2867132867132868,0.46153846153846156,0.3846153846153847,0.32867132867132864,0.04195804195804196,0.15384615384615385,0.5594405594405596,0.5034965034965035,0.18310313195303968,-0.18563951410966179,0.2377622377622378,0.27272727272727276,trial_env,,
NUST,2005,InghamCounty_MI_2005|UTII,11,-0.07272727272727274,-0.24545454545454545,-0.3454545454545455,-0.06363636363636364,-0.13636363636363638,0.045454545454545456,-0.4000000000000001,-0.28181818181818186,-0.7272727272727273,-0.02727272727272728,-0.30000000000000004,-0.1272727272727273,trial_env,,
NUST,2006,InghamCounty_MI_2006|PTI,10,0.6242424242424242,0.6727272727272726,0.5757575757575757,0.6363636363636362,0.6242424242424242,0.5878787878787878,0.5757575757575757,0.3939393939393939,0.6242424242424242,0.5878787878787878,0.3939393939393939,0.5030303030303029,trial_env,,
NUST,2006,InghamCounty_MI_2006|UTI,14,0.33883408842402946,0.16061615879840357,0.3300332030104183,0.11221128902354222,0.04180420571465299,0.16501660150520914,0.2684270051151402,0.34103430977743227,0.11221128902354222,-0.1958197004528482,0.4290431639135438,0.4290431639135438,trial_env,,
NUST,2006,InghamCounty_MI_2006|UTII,13,0.2148768484137244,0.22314134258348303,0.5123986385250351,-0.19283819729436802,-0.32507010401050607,-0.12396741254637945,0.4600568421165637,0.5013793129653569,-0.2424251623129198,-0.4132247084879315,-0.09917393003710355,0.013774156949597716,trial_env,,
NUST,2007,InghamCounty_MI_2007|PTI,11,0.6879288918430899,0.6788172508915258,0.701596353270436,0.49202861138446163,0.4373587656750771,0.4054680223446026,0.48747279090867957,0.5056960728118078,0.7836011218345129,0.4601378680539873,0.5330309956665001,0.6970405327946539,trial_env,,
NUST,2007,InghamCounty_MI_2007|PTIIA,14,0.0990099609031255,0.3322334243638211,0.16501660150520914,0.22002213534027887,0.198019921806251,0.4840486977486135,-0.41584183579312706,-0.013201328120416732,0.3740376300784741,0.6688672914344478,0.5038506899292386,-0.05060509112826414,trial_env,,
NUST,2007,InghamCounty_MI_2007|UTII,12,-0.4685314685314686,-0.6153846153846154,-0.5804195804195805,-0.5384615384615385,-0.7202797202797203,-0.04195804195804196,-0.5104895104895105,-0.44055944055944063,-0.17482517482517487,-0.3636363636363637,-0.35664335664335667,-0.35664335664335667,trial_env,,
NUST,2008,InghamCounty_MI_2008|PTIIA,10,-0.17575757575757575,0.5515151515151515,-0.006060606060606061,0.05454545454545454,-0.13939393939393938,-0.09090909090909088,-0.5272727272727272,-0.38181818181818183,-0.3696969696969697,-0.5757575757575757,0.23636363636363633,-0.43030303030303024,trial_env,,
NUST,2008,InghamCounty_MI_2008|UTI,11,0.27272727272727276,0.5818181818181819,0.6000000000000001,0.4000000000000001,0.33636363636363636,0.36363636363636365,0.3454545454545455,0.5545454545454546,0.13667461427346156,0.5,0.45454545454545453,0.36363636363636365,trial_env,,
NUST,2008,InghamCounty_MI_2008|UTIRR,11,0.009090909090909092,0.045454545454545456,0.14545454545454548,-0.07272727272727274,-0.20909090909090913,0.09090909090909091,0.09090909090909091,0.23636363636363636,-0.20000000000000004,-0.08181818181818183,-0.07272727272727274,-0.05454545454545456,trial_env,,
NUST,2009,InghamCounty_MI_2009|PTI,16,0.3852941176470588,0.5558823529411765,0.4735294117647058,0.5617647058823529,0.42352941176470593,0.5411764705882353,0.6029411764705882,0.5647058823529412,0.4970588235294117,0.3767477105313665,0.7617647058823529,0.5264705882352941,trial_env,,
NUST,2009,InghamCounty_MI_2009|PTIIB,16,0.2823529411764706,0.27058823529411763,0.032352941176470584,0.4205882352941176,0.3970588235294118,0.3529411764705882,0.6735294117647058,0.45,-0.047093463816420815,0.5558823529411765,0.18529411764705883,0.38823529411764707,trial_env,,
NUST,2009,InghamCounty_MI_2009|UTIRR,18,0.3717088776198447,0.4367579312033176,0.4636035723647508,0.3717088776198447,0.2963345774358207,0.42746520926282144,0.5100671820672313,0.6112545987526335,0.34279818713830124,0.3386680884980807,0.5090346574071763,0.38616422286061647,trial_env,,
NUST,2010,InghamCounty_MI_2010|PTI,20,0.29409554543133115,0.4663407625765354,0.24595714413310815,0.48288833802279957,0.41218506111603453,0.4791275254213759,0.21286199324057986,0.13915006625267587,0.5267118133935289,0.29420617005267113,0.43926291184628496,0.27980445754592126,trial_env,,
NUST,2010,InghamCounty_MI_2010|PTIIA,14,0.5792965594550208,0.09471388614663837,0.25330457922938165,0.18281982674816244,0.3392078713158676,0.2687231188346484,-0.10352448020679077,-0.17841452971808622,0.3982310631009437,0.537611935186274,0.02202648515038101,0.7004422277821163,trial_env,,
NUST,2010,InghamCounty_MI_2010|PTIIB,21,-0.12337662337662336,-0.014285714285714285,-0.12467532467532469,0.1077922077922078,0.12207792207792208,0.15454545454545454,0.03052939427011376,0.12146801550023983,0.313738243243935,-0.10457941441464501,-0.37272727272727274,0.15844155844155844,trial_env,,
NUST,2010,InghamCounty_MI_2010|UTI,11,0.3727272727272728,0.22727272727272727,0.4727272727272727,0.41818181818181827,0.5363636363636364,0.26363636363636367,0.5454545454545455,0.4727272727272727,0.3181818181818182,0.38181818181818183,0.26363636363636367,0.26363636363636367,trial_env,,
NUST,2011,InghamCounty_MI_2011|PTI,22,0.19836119023039014,0.2469625074948162,0.26900263974263733,0.2825657980489888,0.12941513550643688,0.2803052716645969,0.17914671596305892,0.2220967172665052,0.255313622133918,0.33568816808219876,0.27465395570361717,0.23509474397675872,trial_env,,
NUST,2011,InghamCounty_MI_2011|PTIIA,17,-0.12009803921568628,-0.26715686274509803,-0.05392156862745098,-0.19607843137254904,0.007352941176470588,-0.08823529411764706,-0.058823529411764705,-0.0393121579732365,-0.1499699767669561,-0.12017169640704223,-0.3602941176470589,0.05392156862745098,trial_env,,
NUST,2011,InghamCounty_MI_2011|PTIIB,13,0.11279240381554954,0.48418202613504197,0.4209082386287581,0.335626177207245,-0.01925723967582553,-0.37138962231949246,0.6327378750628389,0.39889996471352884,0.21458067067348452,0.13480067773077872,0.5859702929929769,0.3108668690526121,trial_env,,
NUST,2011,InghamCounty_MI_2011|UTII,11,0.4272727272727273,0.46363636363636374,0.5,0.33636363636363636,0.33636363636363636,0.24545454545454545,0.4727272727272727,0.45454545454545453,0.4236913042477309,0.12300715284611541,0.20000000000000004,0.45454545454545453,trial_env,,
NUST,2012,InghamCounty_MI_2012|PTI,19,0.3072872123735265,0.19490788899120826,0.06496929633040274,0.20719937748614933,0.2870940527032662,0.16154527736208252,0.4679545262716847,0.6093066439635069,0.1571554600424607,0.2528534776102161,0.44161562235395385,0.5715542150147593,trial_env,,
NUST,2012,InghamCounty_MI_2012|PTIIB,14,-0.3740376300784741,-0.3740376300784741,-0.28602877594236253,-0.32343253895020996,-0.3278329816570155,-0.3894391795522936,-0.28602877594236253,-0.27722789052875135,-0.1762114537444934,-0.3762378514318769,-0.06380641924868087,-0.4092411717329187,trial_env,,
NUST,2012,InghamCounty_MI_2012|UTII,16,0.27941176470588236,0.09117647058823529,0.09411764705882353,-0.07941176470588236,-0.008823529411764706,-0.25,-0.27941176470588236,-0.2588235294117647,-0.07941176470588236,0.03529411764705882,0.02647058823529412,-0.01764705882352941,trial_env,,
NUST,2012,InghamCounty_MI_2012|UTIIRR,20,0.13162844104982852,-0.12185032828612699,0.012786762844840486,-0.0015043250405694692,0.06242948918363296,-0.10229410275872389,-0.08123355219075133,-0.24746146917367765,-0.17456734386756959,0.14140655381353007,-0.060925164143063495,-0.07897706462989713,trial_env,,
NUST,2013,InghamCounty_MI_2013|PTIA,28,0.742200328407225,0.7613574165298304,0.7044334975369457,0.7629994526546251,0.7575259989053093,0.7126436781609196,0.6781609195402298,0.6392993979200876,0.7235905856595511,0.7679255610290093,0.7553366174055829,0.7712096332785988,trial_env,,
NUST,2013,InghamCounty_MI_2013|PTIB,28,0.6064586754241927,0.5862068965517241,0.6371100164203612,0.5413245758073344,0.49425287356321834,0.48987411056376573,0.6223316912972086,0.5905856595511768,0.5380405035577449,0.6606458675424193,0.5347564313081554,0.6491516146688561,trial_env,,
NUST,2013,InghamCounty_MI_2013|PTIIA,16,0.18690218452142013,0.10007361060989424,0.2016188919640516,0.032376756373789305,-0.07652687870168383,0.02501840265247356,0.22663729461652515,0.1633554526132097,-0.13884846408918936,-0.16347569955817376,0.08830024465578903,0.15599709889189395,trial_env,,
NUST,2013,InghamCounty_MI_2013|PTIIB,14,0.12541261714395896,0.24642479158111236,0.2750276691753486,0.2332234634606956,-0.08360841142930597,0.14081416661777846,0.49064936180882185,0.18261837233243144,-0.04840486977486135,0.026402656240833464,-0.026402656240833464,0.04840486977486135,trial_env,,
NUST,2013,InghamCounty_MI_2013|UTII,20,0.32794285884414426,-0.09928545267758496,0.18728846755089887,-0.03008650081138938,0.03159082585195885,0.18653630503061416,0.2722828323430739,0.27303499486335864,-0.20834901811887144,-0.12410681584698119,-0.24144416901139978,0.21060550567972566,trial_env,,
NUST,2013,InghamCounty_MI_2013|UTIIRR,23,0.11025961005244238,-0.26056867487729657,-0.2758962439877258,0.00494437713239652,0.1305315562952681,-0.10482079520680622,-0.36192840609142524,-0.23090241208291745,0.036129671979803914,0.12116717604461501,0.01977750852958608,-0.10482079520680622,trial_env,,
NUST,2014,InghamCounty_MI_2014|PTI,20,0.21060550567972566,0.5611132401324119,0.38886802298720774,0.5678827028149745,0.24746146917367765,0.4911621257459316,0.30613014575588693,0.399398298271194,0.3813463977843604,0.2376833564099761,0.35802935965553356,0.36404665981781154,trial_env,,
NUST,2014,InghamCounty_MI_2014|PTIIA,21,0.2545454545454545,0.2662337662337662,0.40129870129870127,0.18441558441558442,0.1935064935064935,0.1,0.4402597402597402,0.6064935064935064,0.18311688311688312,0.174025974025974,0.4051948051948052,0.3337662337662338,trial_env,,
NUST,2014,InghamCounty_MI_2014|PTIIB,23,-0.02273850994562425,-0.1146811805953223,0.04152249642244429,-0.06277806006726695,-0.13890263684174814,-0.030647556883232684,0.13840832140814763,0.15970334233395148,0.20227497527200788,-0.11470952142872055,-0.05832922116486221,-0.2708848576130889,trial_env,,
NUST,2014,InghamCounty_MI_2014|UTI,15,0.01251117568394886,-0.05898125679575892,-0.18409301363524752,0.0661305000437297,0.05898125679575892,-0.01966041893191964,-0.08042898653967123,-0.08757822978764203,-0.22361359570661896,-0.14119755414742285,0.02502235136789772,0.014298486495941554,trial_env,,
NUST,2014,InghamCounty_MI_2014|UTII,21,-0.07797272601187286,0.09031840763041939,0.022092272370030645,0.09291749849748182,0.056530226358607834,0.03833659028917082,-0.19688113317997896,-0.18193636069436997,-0.10319019164211306,-0.1481963029188488,0.040285908439467645,0.09811568023160669,trial_env,,
NUST,2014,InghamCounty_MI_2014|UTIIRR,13,-0.4407730223871269,-0.21763167980364392,-0.28925729594155203,-0.30303145289114974,-0.4986244815754373,-0.0771352789177472,-0.2727283076020348,-0.2754831389919543,-0.3491838079152727,-0.3627589657637463,0.44903751655688556,-0.0192838197294368,trial_env,,
NUST,2014,InghamCounty_MI_2014|UTIRR,10,0.5393939393939393,0.5272727272727272,0.6,0.49090909090909085,0.41818181818181815,0.6242424242424242,0.43030303030303024,0.406060606060606,0.48171627232209224,0.4620082131968491,-0.07878787878787878,0.17575757575757575,trial_env,,
NUST,2015,InghamCounty_MI_2015|PTI,42,0.653754208809367,0.651404032528783,0.646217436599218,0.6473520044588105,0.6105595895834598,0.638113380459273,0.6220673493021818,0.6826046486675714,0.5573969813054203,0.6031038579347104,0.5666356053049577,0.588273435198611,trial_env,,
NUST,2015,InghamCounty_MI_2015|PTIIA,23,0.05928853754940712,0.19664031620553357,0.17588932806324112,0.19466403162055337,0.1590909090909091,0.13932806324110672,0.42786561264822137,0.11067193675889328,0.17494440860244276,0.3448616600790514,-0.05237154150197629,0.3181818181818182,trial_env,,
NUST,2015,InghamCounty_MI_2015|PTIIB,23,0.002470966223198344,0.1601186112632527,-0.0602915758460396,0.3622436483208773,0.30195207247483763,0.1981714911005072,0.19075859243091217,0.2871262751356476,0.1284902436063139,0.11317025302248417,0.12255992467063788,0.18779343296307416,trial_env,,
NUST,2015,InghamCounty_MI_2015|UTI,12,0.3426573426573427,0.4265734265734266,0.37762237762237766,0.25874125874125875,0.23076923076923078,0.1958041958041958,0.3076923076923077,0.30069930069930073,0.1958041958041958,0.2377622377622378,0.5034965034965035,0.22377622377622378,trial_env,,
NUST,2015,InghamCounty_MI_2015|UTII,24,-0.21613394727069557,-0.04566210153606244,-0.07479887108764513,-0.06566645078043265,-0.11567732389135817,-0.006088280204808325,-0.2744074863738609,-0.20613177264851046,-0.3402218918870512,-0.09525880817746847,-0.20787128127845567,-0.178734511726873,trial_env,,
NUST,2015,InghamCounty_MI_2015|UTIIRR,14,0.221978021978022,-0.04615384615384615,-0.002197802197802198,0.22637362637362637,0.2527472527472528,0.26153846153846155,0.07692307692307693,0.07252747252747253,-0.05726886139099063,-0.059340659340659345,-0.01978021978021978,0.27472527472527475,trial_env,,
NUST,2015,InghamCounty_MI_2015|UTIRR,10,0.18787878787878787,0.8666666666666665,-0.24848484848484845,0.6969696969696969,0.5393939393939393,0.5272727272727272,-0.4666666666666666,-0.4666666666666666,0.2553203283456271,-0.2606060606060606,-0.2606060606060606,0.006060606060606061,trial_env,,
NUST,2019,Ivesdale_IL_2019|PTIV,24,0.3313043478260869,0.11478260869565216,0.2434782608695652,0.04521739130434782,0.12869565217391304,0.08608695652173912,0.07913043478260869,-0.1417391304347826,0.4274842458090417,0.23613829651506577,0.034782608695652174,0.10434782608695652,trial_env,,
NUST,2019,Ivesdale_IL_2019|UTIV,19,0.5052631578947369,0.6473684210526316,0.30000000000000004,0.5701754385964912,0.3701754385964912,0.4263157894736842,0.46140350877192987,0.5333333333333333,0.543859649122807,0.5210526315789473,0.5,0.39122807017543854,trial_env,,
NUST,2013,Jackson_TN_2013|UTIV,28,0.5715067796779527,0.47954017145391437,0.4639386932730507,0.29341727385764627,0.05747913014002398,0.04105652152858856,0.2811003173990697,0.3320104040945195,0.16915286869778487,0.17709046285997865,0.4078281138506464,0.4122074761470291,trial_env,,
NUST,2014,Jackson_TN_2014|PTIV,36,0.30778143072299075,0.3816695700935455,0.33610092664898733,0.14970715346333677,-0.061787991111265386,0.10877260935212345,0.2638862120376959,0.26710433657474103,0.28256951830433163,0.07865096368538156,0.1432709043892466,0.3765205708342735,trial_env,,
NUST,2015,Jackson_TN_2015|PTIV,24,0.1274190071434885,0.14742335638785872,0.21482931579823658,0.10350076348174153,0.1622091797423932,-0.03522504975639103,0.011306806094644033,0.047836487323493986,0.4383561747461994,0.06784083656786419,0.14698847923037242,0.14220483049802302,trial_env,,
NUST,2015,Jackson_TN_2015|UTIV,13,-0.24759308154632828,0.11829447229435683,-0.049518616309265656,0.0027510342394036474,0.0522696505486693,-0.11829447229435683,-0.40990410167114344,-0.041265513591054716,-0.17606619132183343,0.20082549947646627,0.18156825980064073,-0.11004136957614588,trial_env,,
NUST,2016,Jackson_TN_2016|PTIV,26,0.2339261422712214,-0.06463748668020593,-0.04616963334300424,-0.021887826177424227,-0.005471956544356057,-0.0427496605027817,-0.1665526773188375,-0.34541725686247604,-0.11833106027169973,-0.014705883212956903,-0.1990424193009516,-0.06190150840802789,trial_env,,
NUST,2016,Jackson_TN_2016|UTIV,13,-0.1043956043956044,-0.2087912087912088,0.1868131868131868,-0.5274725274725275,-0.4010989010989011,-0.5,-0.1043956043956044,-0.15934065934065936,-0.425420857484569,-0.12379654077316414,0.027472527472527472,-0.2087912087912088,trial_env,,
NUST,2010,Kanawha_IA_2010|PTI,20,0.5834586466165413,0.47067669172932325,0.5969924812030075,0.4360902255639097,0.45112781954887216,0.29172932330827067,0.6375939849624059,0.5142857142857143,0.2640090446199418,0.5889432533829471,0.33533834586466166,0.5187969924812029,trial_env,,
NUST,2010,Kanawha_IA_2010|UTI,11,0.7181818181818183,0.6545454545454547,0.27272727272727276,0.7727272727272727,0.7454545454545456,0.5090909090909091,0.5909090909090909,0.3454545454545455,0.5,0.790909090909091,0.5909090909090909,0.5545454545454546,trial_env,,
NUST,2011,Kanawha_IA_2011|PTI,22,0.3072578490216737,0.45354421464044836,0.2903134823476843,0.34340583125951757,0.3083874734666063,0.4253036035171328,0.3710816301603669,0.27280430345122864,0.19796156063178474,0.3473595168167818,0.333239211255124,0.39197968239162034,trial_env,,
NUST,2012,Kanawha_IA_2012|PTI,19,0.3852567286192191,0.5958754413039858,0.40193071004009645,0.6160597346029426,0.5800790378526283,0.5800790378526283,0.6230803583591015,0.7319000265795642,0.5414656071937545,0.3536639217165041,0.8398421168305072,0.47125936963216547,trial_env,,
NUST,2013,Kanawha_IA_2013|PTIA,28,0.7356605685392217,0.776454548707567,0.6839151842988374,0.8235455862173349,0.8062971248038734,0.8131417523488979,0.5812457711234713,0.6053388600819573,0.5960301666207241,0.6557153188133367,0.6004107282495397,0.7268994452815905,trial_env,,
NUST,2013,Kanawha_IA_2013|PTIB,28,0.549062547908991,0.5501573884830867,0.43465170791599084,0.6229642866604503,0.5474202870478475,0.5712330695344288,0.609826199771302,0.52388121470479,0.5613795043675676,0.6229642866604503,0.555905301497089,0.6593677357491322,trial_env,,
NUST,2014,Kanawha_IA_2014|PTI,20,0.7714285714285714,0.6872180451127818,0.6270676691729322,0.7428571428571428,0.6240601503759398,0.6285714285714286,0.8285714285714285,0.7894736842105263,0.6842105263157895,0.7338345864661654,0.6466165413533834,0.77593984962406,trial_env,,
NUST,2014,Kanawha_IA_2014|UTI,15,0.475,0.5285714285714286,0.47857142857142854,0.5714285714285713,0.4928571428571427,0.42499999999999993,0.4535714285714285,0.5392857142857141,0.6112602977015015,0.47857142857142854,0.5464285714285714,0.5785714285714285,trial_env,,
NUST,2015,Kanawha_IA_2015|PTI,42,0.41977711922188393,0.39140832375409873,0.34504560658960415,0.41823709889648986,0.42780143565420037,0.432502550331719,0.3811955573856961,0.4671124808024169,0.41702129337644195,0.4375278798145838,0.2339209820572228,0.4821884692510112,trial_env,,
NUST,2015,Kanawha_IA_2015|UTI,12,0.33975533714409795,0.2662000579685716,0.32224217543563927,0.11908949961751886,0.2767079549936468,0.0665500144921429,0.2556921609434964,0.20665530815981217,0.05954474980875943,0.08406317620060154,0.15061319069274445,0.24168163157672948,trial_env,,
NUST,2016,Kanawha_IA_2016|PTI,32,0.4075534116891728,0.4049867235363845,0.2434687047787771,0.5322211219674623,0.5566046594189513,0.5144376397660004,0.5347878101202507,0.4915207812589619,0.3528656594387048,0.48125402864780864,0.46567056486302244,0.5626547100648094,trial_env,,
NUST,2016,Kanawha_IA_2016|UTI,14,0.5896593227119474,0.5456548956438916,0.3652367446648629,0.6622666273742395,0.6644668487276422,0.6116615362459753,0.5720575518847251,0.42244249985333543,0.7018706117354896,0.7678772523375733,0.6072610935391697,0.6292633070731976,trial_env,,
NUST,2017,Kanawha_IA_2017|PTI,19,0.6470590729122544,0.539069566849558,0.29762961427035856,0.748024871263556,0.7971908252433203,0.7787535925009087,0.44424951274572694,0.4697104531995335,0.4337139511786346,0.6883233557166994,0.539069566849558,0.6883233557166994,trial_env,,
NUST,2017,Kanawha_IA_2017|UTI,18,0.3023735810113519,0.26109391124871,0.3415892672858617,0.1847265221878225,0.11248710010319916,0.003095975232198142,0.2672858617131063,0.31888544891640863,-0.1496388028895769,0.1867905056759546,0.05675954592363261,0.28998968008255926,trial_env,,
NUST,2005,Lafayette_IN_2005|PTI,16,0.3136969528709192,-0.0927836057787226,-0.06627400412765899,-0.04712818071300195,0.1590576099063816,0.0927836057787226,-0.08689258318959733,-0.1222387187243488,0.084008865846645,0.6097208379744627,0.12665698566619274,0.41678984818061104,trial_env,,
NUST,2005,Lafayette_IN_2005|PTII,12,0.3607711311942483,0.4658501014450003,0.5849396010625192,0.49387116017853416,0.3817869252443987,0.43082377802808297,0.08756580854229329,0.20701754385964916,-0.0736842105263158,0.3473684210526316,-0.10858160259244368,0.4658501014450003,trial_env,,
NUST,2005,Lafayette_IN_2005|PTIIIB,16,0.34609720176730485,0.16200294550810015,0.042709867452135494,0.2754050073637702,0.337260677466863,0.2842415316642121,0.4756995581737849,0.36430718091926084,0.3397719606757632,0.317109489464134,-0.2312223858615611,0.42857142857142855,trial_env,,
NUST,2005,Lafayette_IN_2005|UTI,12,0.4763579984700754,0.4343264103697747,0.4658501014450003,0.14711055835105272,0.056042117467067706,-0.01751316170845866,0.5394053806205267,0.5043790572036093,0.21869794657872402,0.5543859649122808,-0.234676366893346,0.5359027482788349,trial_env,,
NUST,2005,Lafayette_IN_2005|UTII,11,0.31890743330474364,0.36446563806256416,0.22323520331332056,0.3872447404414744,0.2414584852164488,0.34168653568365387,-0.15034207570080774,0.1412304347492436,-0.36446563806256416,0.03189074333047437,-0.6104799437547951,0.34168653568365387,trial_env,,
NUST,2006,Lafayette_IN_2006|PTI,10,0.7598819296000807,0.44985010232324774,0.43161293601284584,0.7173285415424762,0.7538028741632801,0.5714312110592608,0.8267515394048879,0.498482545817653,0.7234075969792769,0.7416447632896788,0.2553203283456271,0.7659609850368815,trial_env,,
NUST,2006,Lafayette_IN_2006|PTIIIA,10,-0.10334394242561099,0.04863244349440517,0.012158110873601292,0.10942299786241164,0.17629260766721871,-0.10942299786241164,0.2006088294144213,0.2857156055296304,-0.21276694028802262,-0.15197638592001614,-0.2796365500928297,0.1702135522304181,trial_env,,
NUST,2006,Lafayette_IN_2006|UTI,14,0.39780219780219783,0.07692307692307693,0.12967032967032965,0.08131868131868132,0.032967032967032975,-0.006593406593406593,0.14285714285714285,0.15164835164835166,-0.015384615384615385,0.3186813186813187,-0.2571428571428571,0.3098901098901099,trial_env,,
NUST,2006,Lafayette_IN_2006|UTII,13,0.3626373626373627,0.6263736263736264,0.4450549450549451,0.5494505494505494,0.32417582417582413,0.6538461538461539,0.32967032967032966,0.3626373626373627,0.5714285714285714,0.39010989010989006,0.4725274725274725,0.37912087912087916,trial_env,,
NUST,2007,Lafayette_IN_2007|PTI,11,0.4272727272727273,0.4727272727272727,0.23636363636363636,0.6454545454545455,0.6545454545454547,0.7000000000000001,0.8090909090909091,0.6727272727272727,0.4272727272727273,0.7000000000000001,0.5636363636363637,0.44545454545454555,trial_env,,
NUST,2007,Lafayette_IN_2007|PTIIA,14,-0.3274725274725274,-0.221978021978022,-0.4197802197802198,-0.367032967032967,-0.4461538461538462,0.17362637362637365,0.01098901098901099,-0.08131868131868132,0.04175824175824176,-0.12967032967032965,-0.18681318681318684,-0.3494505494505495,trial_env,,
NUST,2007,Lafayette_IN_2007|PTIIIA,11,0.31890743330474364,-0.06833730713673078,0.06833730713673078,-0.10022805046720515,0.12300715284611541,-0.4054680223446026,-0.03644656380625642,0.2414584852164488,-0.6970405327946539,0.07289312761251283,-0.11845133237033335,0.17767699855550007,trial_env,,
NUST,2007,Lafayette_IN_2007|PTIIIB,10,0.13939393939393938,0.19999999999999998,0.1515151515151515,0.24848484848484845,0.24848484848484845,-0.07878787878787878,0.35757575757575755,0.5030303030303029,0.09146511499786561,-0.37690143708164003,0.16363636363636364,0.35757575757575755,trial_env,,
NUST,2007,Lafayette_IN_2007|UTII,12,0.05253948512537598,-0.17513161708458658,-0.14360792600936098,-0.273205322651955,-0.5674264393540605,0.21366057284319562,0.03152369107522558,0.07355527917552636,0.05253948512537598,-0.5709290716957522,0.06304738215045116,0.028021058733533853,trial_env,,
NUST,2007,Lafayette_IN_2007|UTIV,12,0.3706293706293707,0.5034965034965035,0.5034965034965035,0.4055944055944056,0.3216783216783217,0.4265734265734266,0.37762237762237766,0.4545454545454546,0.0979020979020979,0.5524475524475525,0.7132867132867133,0.3426573426573427,trial_env,,
NUST,2008,Lafayette_IN_2008|PTIIA,10,0.5045616012544536,0.17629260766721871,0.3039527718400323,0.006079055436800646,0.13981827504641486,-0.09118583155200968,0.1580554413568168,0.04255338805760452,0.772040040473682,0.35258521533443743,-0.3404271044608362,0.5714312110592608,trial_env,,
NUST,2008,Lafayette_IN_2008|PTIIIB,11,-0.22727272727272727,-0.16363636363636366,-0.20000000000000004,-0.3727272727272728,-0.29090909090909095,-0.02727272727272728,-0.3454545454545455,-0.21818181818181823,-0.3234632537805257,-0.23636363636363636,-0.7272727272727273,-0.20000000000000004,trial_env,,
NUST,2008,Lafayette_IN_2008|UTI,11,0.34168653568365387,0.07744894808829489,0.05922566618516668,-0.027334922854692318,0.07744894808829489,-0.004555820475782052,0.050114025233602574,0.07744894808829489,-0.12100456621004568,-0.10022805046720515,-0.041002384282038465,0.3735772790141283,trial_env,,
NUST,2008,Lafayette_IN_2008|UTIRR,11,0.7181818181818183,0.5545454545454546,0.5272727272727273,0.7000000000000001,0.6454545454545455,0.6454545454545455,0.5909090909090909,0.39090909090909093,0.7545454545454545,0.7727272727272727,0.08181818181818183,0.5909090909090909,trial_env,,
NUST,2008,Lafayette_IN_2008|UTIV,18,0.14669429315275398,0.14049594273784888,0.29442164470799215,0.1632232275925009,0.26756212624340336,0.17665298682479527,0.01652893443974693,0.3006199951228972,-0.18191216899521012,-0.020661168049683657,-0.020661168049683657,0.24586789979123552,trial_env,,
NUST,2009,Lafayette_IN_2009|PTI,16,0.05294117647058824,0.22352941176470587,0.15588235294117647,0.2352941176470588,0.12941176470588234,0.14705882352941177,0.32647058823529407,0.4176470588235294,0.2735294117647059,0.1456954036820519,0.6970588235294117,0.15,trial_env,,
NUST,2009,Lafayette_IN_2009|PTIIB,16,0.06181017125905231,-0.1192053302853152,-0.2384106605706304,-0.1309786962394204,-0.12067700102957835,-0.18984552600994642,0.06769685423610491,0.17954383080010436,-0.1723122238586156,0.08094189093447328,0.08535690316726273,-0.013245036698368353,trial_env,,
NUST,2009,Lafayette_IN_2009|PTIIIB,10,0.2727272727272727,0.5636363636363636,0.3696969696969697,0.6484848484848483,0.2727272727272727,0.06666666666666665,0.7575757575757575,0.6,0.7696969696969697,0.406060606060606,0.6242424242424242,0.8787878787878788,trial_env,,
NUST,2009,Lafayette_IN_2009|UTIRR,18,0.1280330578468354,-0.16004132230854426,-0.17243161822920577,-0.08569954678457531,0.015487869900826862,-0.21579765395152098,-0.020650493201102488,-0.02168301786115761,0.04543108504242547,-0.04646360970248059,-0.25400106637356057,0.15384617434821352,trial_env,,
NUST,2010,Lafayette_IN_2010|PTI,20,0.6100038039509197,0.4806318504619453,0.5611132401324119,0.4558104872925491,0.4949229383473553,0.5144791638747584,0.5746521654975372,0.6363294921608854,0.6290443942814146,0.7238525206922498,0.28206094510677543,0.5641218902135509,trial_env,,
NUST,2010,Lafayette_IN_2010|PTIIA,14,0.46373626373626364,0.4769230769230769,0.2087912087912088,0.5076923076923077,0.2835164835164835,0.5076923076923077,0.49890109890109896,0.3142857142857143,0.09050860838510442,0.5275989610741453,-0.1076923076923077,0.1076923076923077,trial_env,,
NUST,2010,Lafayette_IN_2010|PTIIB,21,0.3029911534504994,0.2834852852026131,0.20156063856149098,0.44473379605180596,0.5123541393111449,0.2990899798009221,0.16065048295880446,0.01495935671276317,0.43121971741573817,0.0461788837654863,0.0507152574445042,0.2990899798009221,trial_env,,
NUST,2010,Lafayette_IN_2010|PTIIIB,15,0.5540663517177353,0.21626460825111604,0.1626452838913352,0.5683648382136768,0.707775081549107,0.509383581417918,0.40929417594632705,0.4307419056902393,0.7477638640429337,0.6809654193692165,0.4950850949219763,0.5397678652217937,trial_env,,
NUST,2010,Lafayette_IN_2010|PTIV,16,0.44705882352941173,0.5470588235294118,0.5088235294117647,0.5264705882352941,0.3764705882352941,0.4294117647058823,0.5529411764705882,0.4647058823529412,0.3941176470588235,0.4558823529411765,0.3558823529411765,0.6264705882352941,trial_env,,
NUST,2010,Lafayette_IN_2010|UTI,11,0.5193635342391539,0.4829169704328976,0.07289312761251283,0.6104799437547951,0.5968124823274489,0.21867938283753854,0.346242356159436,0.15489789617658978,0.4692495090055514,0.7380429170766925,0.350798176635218,0.3599098175867821,trial_env,,
NUST,2011,Lafayette_IN_2011|PTI,22,0.5066365635522818,0.5393956724553278,0.47557189131663463,0.42812766462946444,0.27280430345122864,0.5083310002196806,0.37221125460529947,0.31855409347099983,0.19201421760851226,0.2903134823476843,0.333239211255124,0.5693307202460424,trial_env,,
NUST,2011,Lafayette_IN_2011|PTIIA,17,0.4892704782286719,0.5616187444329117,0.4181484538245041,0.59350103123478,0.6167996254361454,0.4549357078266599,0.6928266170406007,0.6822384062414176,0.40959533532118764,0.40490797546012275,0.33721649501976136,0.3887186506227795,trial_env,,
NUST,2011,Lafayette_IN_2011|PTIIB,13,0.27823797038187387,0.1074384242068622,0.1212125811564599,0.0771352789177472,-0.11019325559678173,-0.03581280806895406,-0.05234179640847132,-0.09366426725726446,0.44352785377704645,0.3057862842810693,0.01652898833951726,0.0826449416975863,trial_env,,
NUST,2011,Lafayette_IN_2011|PTIIIB,10,0.309090909090909,0.1515151515151515,0.07878787878787878,-0.32121212121212117,-0.33333333333333326,-0.3696969696969697,0.2727272727272727,-0.35757575757575755,0.6848484848484848,0.5757575757575757,-0.5878787878787878,0.41818181818181815,trial_env,,
NUST,2011,Lafayette_IN_2011|PTIV,18,0.6618483070953346,0.6040269261322477,0.4697987203250816,0.42953025858293165,0.037170887761984475,0.0722767262038587,0.5369128232286646,0.581311383611035,0.36035110635923834,0.5493031191493261,0.2808467075349938,0.6442953878743976,trial_env,,
NUST,2011,Lafayette_IN_2011|UTII,11,0.0,-0.11818181818181818,-0.10000000000000002,0.0,0.0,-0.02727272727272728,-0.15454545454545454,-0.14545454545454548,-0.3052399718773975,0.15945371665237182,-0.10909090909090911,0.07272727272727274,trial_env,,
NUST,2011,Lafayette_IN_2011|UTIV,13,0.06043956043956044,0.21428571428571427,0.32417582417582413,-0.054945054945054944,-0.15934065934065936,-0.0879120879120879,0.33516483516483514,0.19780219780219782,-0.17331515708242978,0.16483516483516483,0.10989010989010989,0.12637362637362637,trial_env,,
NUST,2012,Lafayette_IN_2012|PTI,19,0.3614035087719299,0.38070175438596493,0.06842105263157894,0.5543859649122806,0.6035087719298246,0.49473684210526314,0.4789473684210526,0.5403508771929825,0.5140350877192983,0.5175438596491229,0.5771929824561403,0.5894736842105263,trial_env,,
NUST,2012,Lafayette_IN_2012|PTIIB,14,-0.4813186813186813,-0.48571428571428577,-0.4769230769230769,-0.5340659340659341,-0.27912087912087913,-0.5120879120879122,-0.47252747252747257,-0.48571428571428577,-0.6006604294789613,-0.5560439560439561,-0.38461538461538464,-0.3758241758241759,trial_env,,
NUST,2012,Lafayette_IN_2012|PTIIIA,13,-0.016483516483516484,0.24175824175824176,0.17032967032967034,-0.06043956043956044,-0.1758241758241758,-0.021978021978021976,-0.09890109890109891,0.22527472527472525,-0.010989010989010988,0.13736263736263735,-0.016483516483516484,0.13186813186813187,trial_env,,
NUST,2012,Lafayette_IN_2012|PTIIIB,10,-0.4787878787878787,-0.3696969696969697,-0.6242424242424242,0.06666666666666665,0.2727272727272727,0.19999999999999998,-0.33333333333333326,-0.41818181818181815,0.19999999999999998,0.309090909090909,0.43030303030303024,-0.12727272727272726,trial_env,,
NUST,2012,Lafayette_IN_2012|PTIV,18,-0.08565531475748193,-0.06707946336429307,-0.25696594427244585,0.08771929824561403,0.07946336429308565,0.08359133126934985,-0.0608875128998968,-0.023735810113519093,-0.23219814241486067,-0.21775025799793604,-0.11042311661506708,0.06914344685242517,trial_env,,
NUST,2012,Lafayette_IN_2012|UTII,16,0.22352941176470587,-0.10294117647058824,-0.14411764705882352,-0.19999999999999998,-0.2029411764705882,-0.27058823529411763,-0.3411764705882353,-0.29411764705882354,-0.18529411764705883,-0.31764705882352945,-0.023529411764705882,-0.2411764705882353,trial_env,,
NUST,2012,Lafayette_IN_2012|UTIIRR,20,-0.5714285714285714,-0.306766917293233,-0.5894736842105263,-0.2902255639097744,-0.13233082706766916,-0.4812030075187969,0.18646616541353384,0.09774436090225563,0.010530275283986283,0.08872180451127819,0.12932330827067667,-0.32481203007518794,trial_env,,
NUST,2013,Lafayette_IN_2013|PTIA,28,0.4825509830326775,0.5728753303955725,0.4721499975787684,0.5736964608261441,0.5403038233162254,0.5476939971913712,0.30792391146441417,0.4393047803558976,0.36348707059977076,0.5750650115437637,0.4220610413138904,0.5225126639871703,trial_env,,
NUST,2013,Lafayette_IN_2013|PTIB,28,0.8248015638909743,0.8253490591209051,0.6996989038517525,0.8491651016229014,0.7837394216461531,0.7946893262447721,0.8880372629479988,0.8368464589494551,0.7793594598067055,0.8039967451535981,0.7224199558938867,0.857651277686831,trial_env,,
NUST,2013,Lafayette_IN_2013|PTIIA,16,0.7387787136201016,0.46799129667568184,0.6313467492888916,0.1604121111246834,-0.12950702549515722,0.07652687870168383,0.7579104332955225,0.7225903354332068,-0.22525947631490825,0.14948453608247422,0.3723326982985771,0.7152319817118911,trial_env,,
NUST,2013,Lafayette_IN_2013|PTIIB,14,0.015384615384615385,0.08131868131868132,0.2175824175824176,0.2,0.03736263736263736,0.1252747252747253,0.4021978021978022,-0.2879120879120879,-0.178021978021978,0.18681318681318684,0.24835164835164836,0.2,trial_env,,
NUST,2013,Lafayette_IN_2013|PTIIIA,15,-0.08400360816365662,0.23413771637104297,0.13047368927546668,0.23056309474705758,0.055406635171773515,0.09294016222362012,0.12332444602749591,0.15013410820738635,0.3735479597064731,0.3270778785946631,0.3360144326546265,0.1322610000874594,trial_env,,
NUST,2013,Lafayette_IN_2013|PTIIIB,21,0.4715817072362253,0.4618382835329975,0.2695680557893023,0.40402730289384586,0.23514129203789746,0.3631049233402892,0.14420267080777138,0.015589477925164474,-0.09808379861249314,0.05586229589850602,0.4027281797334155,0.5287431262951617,trial_env,,
NUST,2013,Lafayette_IN_2013|UTII,20,0.10977443609022557,0.3037593984962406,0.04060150375939849,0.41654135338345866,0.431578947368421,0.40751879699248117,0.10676691729323308,0.12932330827067667,0.38345864661654133,0.3443609022556391,0.19548872180451127,0.23157894736842105,trial_env,,
NUST,2013,Lafayette_IN_2013|UTIIIRR,12,0.46153846153846156,0.18881118881118883,0.25874125874125875,0.27272727272727276,0.3636363636363637,0.31468531468531474,0.4825174825174825,0.5104895104895105,0.5649157581871157,0.2447552447552448,0.5944055944055945,0.4545454545454546,trial_env,,
NUST,2013,Lafayette_IN_2013|UTIIRR,23,-0.03610288610785559,-0.28882308886284475,-0.09841745665018169,-0.4104848694454814,-0.19634035321669413,-0.45796263747772986,-0.6285858663436228,-0.5652821756339581,-0.01782178217821782,-0.59609217498676,-0.3264096552217081,-0.6013850617418138,trial_env,,
NUST,2013,Lafayette_IN_2013|UTIV,28,0.13777052035266288,0.1561216632226995,0.06655713011072978,0.23993434558435922,0.18953717710545273,0.3744180940797021,0.23171741594105924,0.08709945421897972,0.3207341537434756,0.4804164864782718,0.030402639680209894,0.3407286825421722,trial_env,,
NUST,2014,Lafayette_IN_2014|PTI,20,0.20985334315944093,0.5581045900512729,0.4317412866434376,0.5611132401324119,0.29409554543133115,0.45656264981283384,0.3226777212021511,0.314403933479019,0.39338099810891614,0.218127130882573,0.3693117974598047,0.4054155984334719,trial_env,,
NUST,2014,Lafayette_IN_2014|PTIIA,21,0.49350649350649345,0.15714285714285717,0.4194805194805195,0.059740259740259746,0.08311688311688312,0.06883116883116883,0.27792207792207796,0.15454545454545454,-0.01948051948051948,-0.07142857142857142,0.16753246753246753,0.2532467532467532,trial_env,,
NUST,2014,Lafayette_IN_2014|PTIIB,23,0.09288537549407114,-0.11561264822134389,0.003952569169960474,-0.1492094861660079,-0.2075098814229249,-0.28260869565217395,-0.04545454545454545,0.0968618759493751,-0.13148790533774024,-0.6256486477138208,-0.3221343873517787,-0.05335968379446641,trial_env,,
NUST,2014,Lafayette_IN_2014|PTIIIA,23,0.19767729785586755,0.5767235164944935,0.4423029539525036,0.5169261338930936,0.4027674943813301,0.4680010026737664,0.1650605437096494,0.305905618431955,0.19619471812194855,0.051890290687165226,0.3360514063549748,0.2742772507750162,trial_env,,
NUST,2014,Lafayette_IN_2014|PTIIIB,26,0.2776543039383133,0.33510002199451605,0.30637716296641465,0.16481450061362932,0.11044623173900885,0.12446572245510595,0.20550521757010626,0.25406052687951575,0.20516327877215268,0.15968541864432548,0.08035561751909313,0.2909899170585032,trial_env,,
NUST,2014,Lafayette_IN_2014|PTIV,36,0.28319495925996635,0.3816695700935455,0.2927206078896198,0.29233443294517436,0.11765463307436785,0.2785608599266215,0.399691067500998,0.312801705000781,0.2407312069380866,0.18652249816713237,0.4688163825567261,0.09499903633357053,trial_env,,
NUST,2014,Lafayette_IN_2014|UTI,15,0.6189634233184074,0.5223621954016617,0.5295178419140133,0.5885519256409134,0.6171745116903196,0.5581404279634193,0.6797864186733954,0.5134176372612224,0.40107446690423143,0.4686948465590252,0.4991063442365192,0.5241511070297497,trial_env,,
NUST,2014,Lafayette_IN_2014|UTII,21,0.023376623376623374,0.14805194805194805,-0.045454545454545456,0.22857142857142856,0.1064935064935065,0.39090909090909093,-0.02857142857142857,0.023376623376623374,0.1750165988359333,0.09678467545206276,0.04155844155844156,0.08961038961038961,trial_env,,
NUST,2014,Lafayette_IN_2014|UTIII,16,0.2823529411764706,0.5235294117647059,0.4176470588235294,0.2352941176470588,0.011764705882352941,0.22352941176470587,0.044117647058823525,0.03823529411764706,0.044117647058823525,0.011764705882352941,0.12058823529411765,-0.18529411764705883,trial_env,,
NUST,2014,Lafayette_IN_2014|UTIIIRR,12,0.5524475524475525,0.39860139860139865,0.15384615384615385,0.7902097902097903,0.7762237762237763,0.7762237762237763,0.5104895104895105,0.2867132867132868,0.3922948222694739,0.5524475524475525,0.1958041958041958,0.6993006993006995,trial_env,,
NUST,2014,Lafayette_IN_2014|UTIIRR,13,-0.23076923076923078,0.08241758241758242,-0.03846153846153846,-0.09890109890109891,-0.14835164835164835,-0.0934065934065934,-0.10989010989010989,-0.03296703296703297,-0.03342942627768767,-0.18982136251885168,0.06043956043956044,-0.12087912087912088,trial_env,,
NUST,2014,Lafayette_IN_2014|UTIRR,10,-0.09118583155200968,-0.04863244349440517,-0.21276694028802262,-0.05471149893120582,-0.03039527718400323,0.07294866524160776,0.1580554413568168,-0.2492412729088265,0.03975553757928405,0.05182926829268294,-0.11550205329921229,-0.09726488698881033,trial_env,,
NUST,2015,Lafayette_IN_2015|PTI,42,-0.6269297829861489,-0.6707727267032515,-0.6057781964608923,-0.5969447752683522,-0.5582073869194148,-0.5305725554822023,-0.6294420403895318,-0.6108837518290577,-0.6077231699344791,-0.5636371045331781,-0.636492569231284,-0.577657121655283,trial_env,,
NUST,2015,Lafayette_IN_2015|PTIIA,23,0.301457879230198,0.3568075226298409,0.35137139693880454,0.2742772507750162,0.24363726960735677,0.17741537482564113,0.4348900552829086,0.2950333670498823,0.18017795353435492,0.1902643991862725,0.015814183828469403,0.3884358902867797,trial_env,,
NUST,2015,Lafayette_IN_2015|PTIIB,23,0.12450592885375496,0.15415019762845852,-0.1847826086956522,0.3290513833992095,0.2440711462450593,0.16798418972332016,0.23023715415019763,0.3389328063241107,0.3112648221343874,0.38932806324110675,0.08695652173913043,0.3794466403162055,trial_env,,
NUST,2015,Lafayette_IN_2015|PTIIIA,26,0.3274594867918617,0.21899067037282285,0.28639873609695743,0.10675795180675116,0.06295981773218658,0.18237816766986653,0.13926437944021705,0.09649276413302507,0.3853525885556135,0.055089840515663256,-0.12420877085208547,0.25423448138594906,trial_env,,
NUST,2015,Lafayette_IN_2015|PTIIIB,26,0.13440493262074565,0.07045144050858422,0.2971956398153383,-0.13885089731303496,-0.2561559657326679,-0.09575923952623101,0.07489740520087353,0.3064295664839392,0.08720930742567466,0.1015731933546093,-0.1412448783011907,0.08857729656176366,trial_env,,
NUST,2015,Lafayette_IN_2015|PTIV,24,0.190041317821517,0.07914764266250822,0.05479452184327493,0.13263753303332423,0.1613394254274206,0.2670145746965937,0.04609697869354874,0.21395956148326398,0.20917591275091457,0.31963471075243705,-0.06697108225289158,0.04609697869354874,trial_env,,
NUST,2015,Lafayette_IN_2015|UTI,12,0.9457107322567676,0.7670764828304892,0.8581449237144743,0.8231186002975568,0.7635738504887974,0.7600712181471057,0.8581449237144743,0.7320501594135719,0.7215422623884966,0.7530659534637223,0.6304738215045116,0.9071817764981586,trial_env,,
NUST,2015,Lafayette_IN_2015|UTII,24,0.3679861157163035,-0.0013049153039585233,0.21661594045711485,-0.0008699435359723488,-0.14049588105953434,0.1565898364750228,0.3118747576460871,0.1278816997879353,0.0565709312445605,0.10311072682510376,0.22749023465676924,0.22531537581683833,trial_env,,
NUST,2015,Lafayette_IN_2015|UTIII,24,0.30100046344643266,0.11309265967640536,0.21574599692114252,-0.1117877443724468,-0.15745978001099514,-0.15006525995523018,-0.006524576519792617,0.1561548647070366,0.20661158979343283,0.11483254674835004,0.16398435653078774,-0.0917790430450828,trial_env,,
NUST,2015,Lafayette_IN_2015|UTIIRR,14,0.07692307692307693,0.1824175824175824,0.01098901098901099,-0.06373626373626373,0.01098901098901099,-0.1032967032967033,0.04175824175824176,-0.13406593406593406,-0.2665204703196103,0.01978021978021978,-0.08131868131868132,0.015384615384615385,trial_env,,
NUST,2015,Lafayette_IN_2015|UTIRR,10,0.03647433262080388,0.42553388057604524,-0.18845071854082002,0.6322217654272672,0.686933264358473,0.8024353176576852,0.09118583155200968,-0.05471149893120582,0.35975609756097565,0.5227987675648555,0.36474332620803873,-0.18237166310401937,trial_env,,
NUST,2015,Lafayette_IN_2015|UTIV,13,0.13755171197018234,-0.08803309566091672,0.049518616309265656,-0.15130688316720062,-0.2310868761099064,-0.14030274620958602,0.30261376633440124,0.09078412990032037,-0.15130688316720062,-0.13204964349137507,-0.25309515002513555,0.0,trial_env,,
NUST,2016,Lafayette_IN_2016|PTI,32,0.6354386526831637,0.6018883718288593,0.4392703438629141,0.764139730058692,0.7821065471282101,0.7399395274752594,0.5496379344328115,0.4704372714324865,0.4148555725833422,0.5292877640785614,0.41690348996004456,0.549271264696699,trial_env,,
NUST,2016,Lafayette_IN_2016|PTIIA,23,0.4052384606045284,0.549048694794672,0.4082036200723665,0.5609093326660242,0.5747467435159349,0.4689893891630458,0.5124783946913366,0.5169261338930936,0.598468019258639,0.5416357961250771,0.5361996704340407,0.4680010026737664,trial_env,,
NUST,2016,Lafayette_IN_2016|PTIIB,23,0.444773920175702,0.6113170436192704,0.525327419051968,0.5218680663394902,0.5030887230431829,0.38547073081894173,0.21892760737537328,0.031134174412299136,0.1838398870059568,0.4759080945880011,0.18087472753811878,0.31331851710155006,trial_env,,
NUST,2016,Lafayette_IN_2016|PTIIIA,27,0.13433063810909507,0.13646771644264888,-0.08181957048463065,0.41886735337654196,0.6255533579216723,0.16943978216033584,0.40970844623274005,0.2683559793133968,0.26255533812232223,0.22927797549984186,0.11906579286942519,0.2750725112188515,trial_env,,
NUST,2016,Lafayette_IN_2016|PTIIIB,28,0.3470644619883353,0.5476939971913712,0.47707678016219907,0.4185028094480794,0.2274531292683806,0.233201042282383,0.2581086653430601,0.3273573316546128,0.25044478132439024,0.16833173826721307,0.2849322594084046,0.36376078074329465,trial_env,,
NUST,2016,Lafayette_IN_2016|PTIV,26,0.2790220591301277,0.23969909736546505,-0.019148572685400916,0.3928876788486724,0.3716874733755499,0.15113694869548577,0.4739271739636727,0.3576679826594528,0.42810737503789187,0.17951786892563357,0.29235767225031756,0.39596512803025463,trial_env,,
NUST,2016,Lafayette_IN_2016|UTI,14,0.7142857142857143,0.46373626373626364,0.4813186813186813,0.48571428571428577,0.3934065934065934,0.3318681318681319,0.621978021978022,0.5516483516483517,0.6,0.5516483516483517,0.4241758241758242,0.7186813186813187,trial_env,,
NUST,2016,Lafayette_IN_2016|UTII,27,0.06166997476826638,0.09677911881950714,-0.01312776690611611,0.1822622521616586,0.11357044858314402,0.25522821240728066,0.10044268167702791,0.05678522429157201,0.21377309762117097,0.20732824427480914,0.22805678788066824,0.17157686049388965,trial_env,,
NUST,2016,Lafayette_IN_2016|UTIII,23,0.301457879230198,0.06325673531387761,0.13886830174374695,-0.06622189478171563,-0.17840376131492044,-0.08846059079050073,0.24857920205375342,0.2204101871092923,0.150728939615099,0.09093155701369907,0.20410181003618325,0.3736100929475896,trial_env,,
NUST,2016,Lafayette_IN_2016|UTIIIRR,15,0.2788204866708603,0.5915998787695819,0.30384283803875806,0.6470065139413553,0.6470065139413553,0.6970512166771509,0.5969618112055598,0.6881146626171873,-0.07506705410369317,0.47899929761404214,0.2966935947907873,0.7113497031730923,trial_env,,
NUST,2016,Lafayette_IN_2016|UTIIRR,11,0.2824608694984872,-0.05922566618516668,-0.07744894808829489,0.4783611499571155,0.523919354714936,0.6287032256579232,-0.0956722299914231,0.15945371665237182,-0.3126511134720057,-0.6879288918430899,-0.013667461427346159,0.5694775594727565,trial_env,,
NUST,2016,Lafayette_IN_2016|UTIV,13,0.17032967032967034,0.010989010989010988,-0.06593406593406594,0.24175824175824176,0.30769230769230765,0.2747252747252747,0.14285714285714285,0.07692307692307691,0.18784817083734215,0.03301241087284377,0.21978021978021978,0.24175824175824176,trial_env,,
NUST,2017,Lafayette_IN_2017|PTI,19,0.29749893166723296,0.4168495355219341,0.22729269410564407,0.46336116790648674,0.43264593897329157,0.5151382681081585,0.6230803583591015,0.5326898274985559,0.6546731652618165,0.5625274784622311,0.26678370273403784,0.28521284009395487,trial_env,,
NUST,2017,Lafayette_IN_2017|PTIIA,24,0.528695652173913,0.4165217391304347,0.2721739130434782,0.4417391304347826,0.49999999999999994,0.45217391304347826,0.48173913043478256,0.5008695652173912,0.4408695652173913,0.3371031201892851,0.268695652173913,0.47913043478260864,trial_env,,
NUST,2017,Lafayette_IN_2017|PTIIB,28,-0.1981390257252326,0.14559386973180075,-0.1598248494800219,0.26874657909140665,0.20799124247400108,0.22386425834701695,0.2517788724685276,0.29556650246305416,0.35445463586348125,0.3962780514504652,0.2950191570881226,0.0870279146141215,trial_env,,
NUST,2017,Lafayette_IN_2017|PTIIIA,24,0.5549032529525303,0.5805610052442224,0.5035877483691458,0.6444879473947098,0.630571878355148,0.6088280204808325,0.7145031697500056,0.5401174295979957,0.550554481377667,0.5562078844249891,0.4831485219672892,0.706675380915252,trial_env,,
NUST,2017,Lafayette_IN_2017|PTIIIB,23,-0.23320158102766803,-0.28952569169960474,-0.11660079051383401,-0.08794466403162056,0.0790513833992095,0.019762845849802375,-0.1373517786561265,0.12154150197628459,-0.0899209486166008,-0.05039525691699605,0.13438735177865613,0.13438735177865613,trial_env,,
NUST,2017,Lafayette_IN_2017|PTIV,27,0.47741147741147744,0.15995115995115994,0.17032967032967034,0.25579975579975583,0.3125763125763126,0.4072039072039072,0.2771672771672771,0.21550671550671552,-0.2210349590704201,-0.06594413143537396,-0.3681318681318681,0.19536019536019533,trial_env,,
NUST,2017,Lafayette_IN_2017|UTI,18,0.760577915376677,0.6697626418988648,0.6945304437564499,0.5954592363261093,0.45098039215686275,0.37254901960784315,0.7481940144478844,0.7564499484004128,0.47781217750258,0.4282765737874097,0.33746130030959753,0.5706914344685242,trial_env,,
NUST,2017,Lafayette_IN_2017|UTII,34,0.48009174311256947,0.45334355621518013,0.2717615788774749,0.5216660678902258,0.4765762671203411,0.5089797849617498,0.4634314438450527,0.4275124500114157,0.33641576777802146,0.3549102284327877,0.3420710987220409,0.4183416430751679,trial_env,,
NUST,2017,Lafayette_IN_2017|UTIII,20,0.1894736842105263,0.02857142857142857,0.0781954887218045,0.13984962406015036,0.24812030075187969,-0.22857142857142856,0.3278195488721804,0.24511278195488717,0.051127819548872175,0.11729323308270674,0.024060150375939848,0.16992481203007515,trial_env,,
NUST,2017,Lafayette_IN_2017|UTIIIRR,14,0.7186813186813187,0.7142857142857143,0.6747252747252748,0.7934065934065934,0.7054945054945055,0.6835164835164835,0.5868131868131868,0.5824175824175825,0.6747252747252748,0.6879120879120879,0.8197802197802198,0.7846153846153847,trial_env,,
NUST,2017,Lafayette_IN_2017|UTIIRR,16,0.5352941176470588,0.6264705882352941,0.55,0.4176470588235294,0.2735294117647059,0.4264705882352941,0.5558823529411765,0.5323529411764706,0.6019133344036285,0.55,0.5529411764705882,0.3058823529411765,trial_env,,
NUST,2017,Lafayette_IN_2017|UTIRR,12,0.4265734265734266,0.5034965034965035,0.35664335664335667,0.5874125874125874,0.5104895104895105,0.5524475524475525,0.3846153846153847,0.4265734265734266,0.1258741258741259,0.5384615384615385,-0.02097902097902098,0.2867132867132868,trial_env,,
NUST,2017,Lafayette_IN_2017|UTIV,15,0.7607142857142856,0.21428571428571427,0.27499999999999997,-0.017857142857142853,-0.2785714285714285,0.0035714285714285704,0.21428571428571427,0.30357142857142855,-0.42499999999999993,0.12857142857142856,-0.017857142857142853,0.25,trial_env,,
NUST,2019,Lafayette_IN_2019|PTI,38,0.634533318743845,0.4633986212933581,0.5165773060509902,0.4585840901630375,0.471495787285261,0.4178794178794179,0.3647007331217857,0.3121785753364701,0.3091147827989933,0.31064667906773175,0.3703906335485283,0.5345223766276398,trial_env,,
NUST,2019,Lafayette_IN_2019|PTIIA,32,0.0406891495601173,-0.14552785923753664,-0.20381231671554248,-0.2162756598240469,-0.2661290322580645,-0.2855571847507331,-0.3654692082111437,-0.1851173020527859,-0.18951612903225803,-0.2884897360703812,-0.0722140762463343,-0.18255131964809382,trial_env,,
NUST,2019,Lafayette_IN_2019|PTIIB,35,0.17871148459383757,-0.1546218487394958,-0.12240896358543418,-0.09495798319327732,-0.0011204481792717086,-0.09131652661064427,-0.06162464985994398,-0.0319327731092437,0.04089635854341737,-0.14089635854341737,0.013725490196078433,0.14873949579831933,trial_env,,
NUST,2019,Lafayette_IN_2019|PTIIIA,28,0.026272577996715927,-0.05199781061850027,0.03831417624521073,0.029009304871373837,0.09304871373836891,0.00875752599890531,0.1565407772304324,0.3054187192118227,0.18883415435139572,0.16365626710454295,-0.19102353585112206,0.08757525998905309,trial_env,,
NUST,2019,Lafayette_IN_2019|PTIIIB,31,0.33790322580645166,0.30403225806451617,0.30282258064516127,0.32540322580645165,0.3237903225806452,0.2862903225806452,0.4584677419354839,0.32540322580645165,0.19659239942634238,0.31774193548387103,0.005241935483870968,0.3298387096774194,trial_env,,
NUST,2019,Lafayette_IN_2019|PTIV,24,0.3565217391304348,0.3521739130434782,0.37217391304347824,0.268695652173913,0.1591304347826087,0.0608695652173913,0.2495652173913043,0.25304347826086954,0.20613177264851046,0.2739726092163746,0.25913043478260867,0.033913043478260865,trial_env,,
NUST,2019,Lafayette_IN_2019|UTI,13,0.7472527472527472,0.5879120879120878,0.6153846153846153,0.5934065934065934,0.6318681318681317,0.6098901098901099,0.4010989010989011,0.4010989010989011,0.510989010989011,0.5934065934065934,0.7747252747252747,0.8131868131868131,trial_env,,
NUST,2019,Lafayette_IN_2019|UTII,35,0.2263305322128852,0.08011204481792718,0.0392156862745098,0.10224089635854341,0.0792717086834734,0.12549019607843137,0.15406162464985995,0.05854341736694678,0.1092513484015404,0.050700280112044825,0.2851540616246499,0.18515406162464987,trial_env,,
NUST,2019,Lafayette_IN_2019|UTIII,27,0.03540903540903541,0.0641025641025641,0.06288156288156288,-0.01465201465201465,-0.09706959706959707,0.040903540903540904,0.0115995115995116,0.006715506715506716,0.09096459096459096,0.14285714285714285,0.05738705738705738,0.11294261294261294,trial_env,,
NUST,2019,Lafayette_IN_2019|UTIIIRR,37,0.12849691797060217,0.22451398767188235,0.3527738264580369,-0.0047415836889521095,-0.07989568515884304,0.06164058795637742,-0.2581792318634424,-0.19653864390706494,-0.09401304156168278,-0.11121650775117048,-0.28473210052157416,-0.14509246088193456,trial_env,,
NUST,2019,Lafayette_IN_2019|UTIIRR,25,-0.11846153846153845,-0.06,-0.0723076923076923,-0.10615384615384615,-0.12846153846153846,-0.15307692307692308,-0.18692307692307694,-0.16846153846153847,0.0876923076923077,0.022307692307692306,-0.08153846153846152,-0.21153846153846154,trial_env,,
NUST,2019,Lafayette_IN_2019|UTIRR,31,0.3875,0.1495967741935484,0.14758064516129032,0.25766129032258067,0.32016129032258067,0.23790322580645165,0.16612903225806452,0.12862903225806452,-0.049601774624492535,0.06694223242004683,0.04798387096774194,0.25443548387096776,trial_env,,
NUST,2019,Lafayette_IN_2019|UTIV,19,0.3649122807017544,0.4333333333333333,0.4350877192982456,0.368421052631579,0.38245614035087716,0.543859649122807,0.45614035087719296,0.41052631578947374,0.443859649122807,0.38947368421052625,0.6350877192982456,0.4929824561403509,trial_env,,
NUST,2019,Lafayette_IN_2019|UTIVRR,30,0.21557285873192436,0.060289210233592884,0.10656284760845385,0.07452725250278086,-0.010456062291434927,0.20355951056729701,0.1408231368186874,0.20355951056729701,0.18887652947719688,0.300111234705228,0.054505005561735265,0.22803114571746386,trial_env,,
NUST,2020,Lafayette_IN_2020|PTI,35,0.5795924098533002,0.43518453779946925,0.43182295784865254,0.4542334908540967,0.42509979794701935,0.3849009043685038,0.4800056038103576,0.6119476168799102,0.46683941566965914,0.3847608385372198,0.46922053480148757,0.5905175446934543,trial_env,,
NUST,2020,Lafayette_IN_2020|PTIIA,36,0.30840520270928684,0.1616681697006946,0.1888273924768463,0.235551552987477,0.30698931905744953,0.41935899433508206,0.2461063220284459,0.06821984867943323,0.22036298290413148,0.060368130246517326,0.04878362764057584,0.029604839992961592,trial_env,,
NUST,2020,Lafayette_IN_2020|PTIIB,37,0.4010435448836752,0.30309500317051263,0.2587454213294439,0.36641766815214555,0.32823433833176013,0.4271315342019509,0.37424406494762824,0.35918418020480547,0.2959800969928011,0.4414799283270025,0.234198995016339,0.516423606732231,trial_env,,
NUST,2020,Lafayette_IN_2020|PTIIIA,34,0.39550700206282136,0.500038218991326,0.39061665273283286,0.43738061820084806,0.29846413254586174,0.3845037160703472,0.5226560846425228,0.23152747609164392,0.5784044084059675,0.5416061882962283,0.20310232061108563,0.34018492526732624,trial_env,,
NUST,2020,Lafayette_IN_2020|PTIIIB,33,0.05833194131285427,-0.05214775269229379,-0.0015042620968930903,-0.0656861115643316,-0.06401470923445039,0.01938826702662205,0.21811800404949808,0.18184857349107578,0.04278789964495901,-0.008022731183429815,-0.028748120073956832,0.03259234543268362,trial_env,,
NUST,2020,Lafayette_IN_2020|PTIIIRR,17,-0.3862661670226357,-0.4647456422272348,-0.37155126542177347,-0.6266095598367203,-0.6106684164357861,-0.6094421746357143,-0.6118946582358579,-0.3862661670226357,-0.5297364576310434,-0.7173514530420378,-0.5910485476346363,-0.2844880976166714,trial_env,,
NUST,2020,Lafayette_IN_2020|PTIIRR,34,0.2501528146566539,0.3867665081832566,0.2956907124988548,0.37988997998560875,0.26635085885555754,0.33175428260207435,0.6063569752948093,0.19575183602637364,0.3878954607977992,0.4607625901737471,0.45767115448789153,0.30195599374560056,trial_env,,
NUST,2020,Lafayette_IN_2020|PTIV,26,0.32723542964158353,0.3415968591556342,0.37921012693052886,0.3775004329407609,0.3604034930430815,0.44110104936012823,0.23080868861867176,0.08309112790272184,0.19606503865667854,-0.1477175607159499,0.05436826887462046,0.03111643061377649,trial_env,,
NUST,2020,Lafayette_IN_2020|UTI,18,0.8074342841631071,0.6773361769961614,0.6102220740925784,0.7888488402821149,0.7795561183416189,0.5802788589509797,0.5441404958490506,0.5100671820672313,0.607124500112413,0.6556531591350039,0.681466275636382,0.7671658224209573,trial_env,,
NUST,2020,Lafayette_IN_2020|UTII,39,-0.01670632413917653,-0.08434162429050938,-0.04789146253230605,-0.11593176448095227,-0.07097656497916816,-0.15197692444184224,-0.1760745313819878,-0.07695034148954037,-0.1501544163539321,-0.25687238994600514,-0.21475220302541462,-0.06793905149931788,trial_env,,
NUST,2020,Lafayette_IN_2020|UTIII,39,0.3981172203815844,0.30539528448798375,0.17420791667345706,0.3800992022712559,0.3868812652678402,0.369470596082579,0.3408239717835735,0.33566150592050187,0.30003036898322305,0.2683470000588813,0.23818200344720775,0.2858588940649871,trial_env,,
NUST,2020,Lafayette_IN_2020|UTIIIRR,13,0.23076923076923078,0.11538461538461539,0.23076923076923078,0.4230769230769231,0.5494505494505494,0.34065934065934067,0.26373626373626374,0.25274725274725274,0.04419956960878639,0.6868131868131868,0.521978021978022,0.4175824175824176,trial_env,,
NUST,2020,Lafayette_IN_2020|UTIRR,29,0.48798530519677497,0.3918669875065011,0.39112761583196054,0.39852133257736627,0.3635244066491127,0.36130629162549094,0.2984596992895427,0.32975976684509345,0.2588119614463549,0.38890950080833886,0.33764639804019275,0.5111522843323796,trial_env,,
NUST,2020,Lafayette_IN_2020|UTIV,20,-0.19481009275374622,-0.006017300162277877,-0.026325688209965708,0.1549454791786553,0.2677698572213655,0.4302369616028681,0.006017300162277877,0.06919895186619558,0.08875517739359867,0.24595714413310815,-0.1263633034078354,-0.15193682909751638,trial_env,,
NUST,2020,Lafayette_IN_2020|UTIVRR,21,0.4701298701298702,0.6610389610389611,0.5701298701298702,0.6727272727272726,0.5363636363636364,0.6740259740259741,0.41298701298701296,0.46753246753246747,0.2675324675324675,0.36233766233766235,-0.08181818181818182,0.3532467532467533,trial_env,,
NUST,2005,Lamberton_MN_2005|PTI,16,0.10898391789881702,-0.04270991377115802,-0.022091334709219666,0.04565542506572064,0.011782045178250487,0.0795288049531908,-0.03829164682931409,0.1340207639025993,-0.46425952178409086,0.14433005343356847,-0.13843903084444323,0.25625948262694814,trial_env,,
NUST,2005,Lamberton_MN_2005|UTI,12,0.277194688799889,0.09122863175692551,0.17193088292651348,0.4456167781972899,0.6596531834731535,0.16491329586828837,0.11929897998982565,0.2561419276252139,0.12014209281217046,0.6502646246229886,-0.49824868113397774,0.2035100246885261,trial_env,,
NUST,2005,Lamberton_MN_2005|UTII,11,0.41818181818181827,0.24545454545454545,0.17272727272727276,0.3545454545454546,0.45454545454545453,0.4909090909090909,0.19090909090909092,0.33636363636363636,0.19090909090909092,0.39090909090909093,-0.1272727272727273,0.36363636363636365,trial_env,,
NUST,2006,Lamberton_MN_2006|PTI,10,0.6121212121212121,0.5757575757575757,0.49090909090909085,0.6121212121212121,0.6363636363636362,0.5636363636363636,0.5636363636363636,0.33333333333333326,0.6484848484848483,0.6242424242424242,0.4424242424242424,0.5151515151515151,trial_env,,
NUST,2006,Lamberton_MN_2006|UTI,14,0.3230769230769231,0.14725274725274726,0.389010989010989,0.02417582417582418,0.07252747252747253,-0.1824175824175824,0.3934065934065934,0.4241758241758242,-0.0857142857142857,0.03736263736263736,0.21318681318681318,0.3362637362637363,trial_env,,
NUST,2006,Lamberton_MN_2006|UTII,13,0.06043956043956044,-0.049450549450549455,-0.2912087912087912,0.33516483516483514,0.6153846153846153,0.3516483516483516,-0.17032967032967034,-0.2582417582417582,0.3021978021978022,0.5604395604395606,-0.005494505494505494,-0.027472527472527472,trial_env,,
NUST,2007,Lamberton_MN_2007|PTI,11,0.4272727272727273,0.14545454545454548,0.03636363636363637,0.46363636363636374,0.48181818181818187,0.4090909090909091,0.4272727272727273,0.29090909090909095,0.27272727272727276,0.30000000000000004,0.28181818181818186,0.4090909090909091,trial_env,,
NUST,2007,Lamberton_MN_2007|UTII,12,-0.24168163157672948,-0.28021058733533855,-0.2837132196770302,-0.11558686727582713,0.12959739664259406,-0.38879218992778225,-0.3607711311942483,-0.18563951410966176,-0.32924744011902274,0.33975533714409795,-0.33625270480240615,-0.10858160259244368,trial_env,,
NUST,2008,Lamberton_MN_2008|UTI,11,0.11818181818181818,-0.10909090909090911,-0.20000000000000004,0.018181818181818184,0.02727272727272728,0.20909090909090913,-0.28181818181818186,-0.4272727272727273,-0.3826889199656924,-0.11818181818181818,-0.39090909090909093,0.009090909090909092,trial_env,,
NUST,2008,Lamberton_MN_2008|UTIRR,11,-0.10933969141876927,-0.12300715284611541,-0.04555820475782052,-0.1412304347492436,-0.20956774188597443,-0.346242356159436,-0.13667461427346156,-0.3006841514016155,-0.06833730713673078,-0.25968176711957697,-0.09111640951564104,-0.18223281903128208,trial_env,,
NUST,2009,Lamberton_MN_2009|PTI,16,0.029433414885263007,0.2663724047116302,0.25901405099031444,0.10743196433120998,-0.10007361060989424,0.04562179307215766,0.23988233131489353,0.3899927472297349,0.002943341488526301,-0.024300441826215022,0.410596137649419,0.13686537921647302,trial_env,,
NUST,2009,Lamberton_MN_2009|UTIRR,18,0.12293394989561776,0.17665298682479527,0.1260331251030703,-0.005165292012420914,-0.16528934439746926,-0.05165292012420914,0.044421511306819865,0.014462817634778559,-0.03719010248943058,-0.08574384740618718,-0.04545456970930405,-0.04545456970930405,trial_env,,
NUST,2010,Lamberton_MN_2010|PTI,20,0.5669172932330826,0.4466165413533834,0.5218045112781955,0.42105263157894735,0.3924812030075188,0.29774436090225564,0.4661654135338345,0.2902255639097744,0.08198571471103606,0.35125989697297105,-0.11127819548872178,0.4195488721804511,trial_env,,
NUST,2010,Lamberton_MN_2010|UTI,11,-0.1272727272727273,-0.20000000000000004,-0.5727272727272729,-0.10909090909090911,-0.09090909090909091,-0.38181818181818183,-0.4090909090909091,-0.5090909090909091,0.3454545454545455,0.20000000000000004,-0.19090909090909092,-0.22727272727272727,trial_env,,
NUST,2011,Lamberton_MN_2011|PTI,22,0.24675324675324675,0.24110671936758896,0.07284020327498589,0.24449463579898364,0.30208921513269343,0.47826086956521746,0.29531338226990406,0.21964991530208924,0.29275315523938844,0.3077357425183513,0.09090909090909091,0.3822699040090345,trial_env,,
NUST,2011,Lamberton_MN_2011|UTII,11,0.870161710874372,0.5877008413758847,0.5877008413758847,0.5330309956665001,0.5011402523360258,0.25512594664379495,0.3872447404414744,0.4601378680539873,0.1894977168949772,0.3858447488584475,-0.2414584852164488,0.8792733518259361,trial_env,,
NUST,2012,Lamberton_MN_2012|PTI,19,0.33011426243555997,0.35294131249759336,0.28358219884756874,0.29938554119820726,0.30465332198175343,0.24407384297097248,0.33011426243555997,0.27655849113617387,0.20719937748614933,0.2256366102285609,0.29587368734250985,0.12730470226903243,trial_env,,
NUST,2012,Lamberton_MN_2012|UTII,16,-0.1647058823529412,-0.2588235294117647,-0.30882352941176466,-0.2588235294117647,-0.2411764705882353,-0.2735294117647059,-0.2058823529411765,-0.19999999999999998,-0.3147058823529411,-0.18235294117647058,-0.1647058823529412,-0.28823529411764703,trial_env,,
NUST,2012,Lamberton_MN_2012|UTIIRR,20,0.061677326663348235,0.04738623877793827,0.020308388047687833,0.08048138967046659,0.06242948918363296,-0.05039488885907721,0.011282437804271019,0.07295976446761925,-0.03386004514672686,-0.22188794348399665,-0.10003761519786969,0.10379842779929335,trial_env,,
NUST,2013,Lamberton_MN_2013|PTIA,28,0.4260679718877507,0.516703253825312,0.5145126729929843,0.48548747696464134,0.489047170817174,0.479737202279781,0.4646769590575276,0.48493983175655947,0.3469332393199101,0.564348386928441,0.4923330420656657,0.46440313645348663,trial_env,,
NUST,2013,Lamberton_MN_2013|PTIB,28,0.21218345389575616,0.19110200105708103,0.1598904994517698,0.2261464940876059,0.24722794692628103,0.2171115857281737,0.303901462999083,0.3438740878620255,0.12347708091224002,0.14921288048153175,0.056947301174602935,0.202874760434523,trial_env,,
NUST,2013,Lamberton_MN_2013|UTII,20,0.08728369664267475,0.08502635966053661,0.09179837060695102,0.08352146833911119,0.3265614167493176,0.02483070680351954,0.07223478342842048,0.10007527287479087,0.29044402503510736,0.2302483721780903,-0.0790067943748349,0.13619266458900112,trial_env,,
NUST,2013,Lamberton_MN_2013|UTIIRR,23,-0.18788633103106775,-0.10679854605976483,-0.043016081051849724,-0.08257109811102187,-0.17453651277359716,0.15920894366316796,-0.16118669451612655,-0.10679854605976483,-0.12521653439575875,-0.07418398533343776,-0.24721885661982596,-0.06131027644171685,trial_env,,
NUST,2014,Lamberton_MN_2014|PTI,20,0.5007518796992482,0.631578947368421,0.47368421052631576,0.7203007518796991,0.524812030075188,0.613533834586466,0.6992481203007518,0.6992481203007518,0.5774436090225563,0.4330827067669173,0.49022556390977434,0.6075187969924812,trial_env,,
NUST,2014,Lamberton_MN_2014|UTII,21,0.43766233766233764,0.5,0.4701298701298702,0.45194805194805193,0.36233766233766235,0.4584415584415585,0.34025974025974026,0.3168831168831169,0.36564806150852974,0.390386509709327,0.3675324675324675,0.3116883116883117,trial_env,,
NUST,2014,Lamberton_MN_2014|UTIIRR,13,-0.6153846153846153,-0.2912087912087912,-0.6538461538461539,-0.03846153846153846,-0.24725274725274726,-0.03296703296703297,-0.14835164835164835,-0.12087912087912088,-0.15878977481901643,-0.09078412990032038,0.11538461538461539,-0.11538461538461539,trial_env,,
NUST,2014,Lamberton_MN_2014|UTIRR,10,0.43769199144964654,0.32218993815043423,0.5835893219328621,0.44985010232324774,0.36474332620803873,0.49240349038085235,0.6686960980480711,0.5349568784384567,0.648321074369863,0.5091463414634146,0.498482545817653,0.5167197121280549,trial_env,,
NUST,2015,Lamberton_MN_2015|PTI,42,0.3192446473117332,0.2934716597907555,0.2903918688291292,0.328484020196612,0.3569315630263704,0.3512582638865326,0.30441302241758567,0.28771731352034857,0.2638084100024604,0.2342262073447344,0.25343437728961404,0.3298618214162869,trial_env,,
NUST,2015,Lamberton_MN_2015|PTIIA,23,0.4032616876259698,0.3325920536424971,0.5287867717644457,0.19965407083442618,0.13985668823302627,0.10279219488505113,0.15764764504005438,0.19125278567555182,0.13445378151260504,0.1897702059416328,0.09735606919401477,0.43192489581507054,trial_env,,
NUST,2015,Lamberton_MN_2015|PTIIB,23,-0.21200890195041794,-0.28910304811420623,-0.23523598444848237,-0.19174697892019152,-0.1981714911005072,-0.00444773920175702,-0.18482827349523615,-0.3286385076853798,-0.06424512180315695,-0.10575735435288915,-0.31084755087835164,-0.08549543132266271,trial_env,,
NUST,2015,Lamberton_MN_2015|UTI,12,0.6153846153846154,0.5244755244755246,0.5034965034965035,0.6853146853146854,0.7622377622377624,0.7272727272727274,0.6923076923076924,0.4825174825174825,0.6153846153846154,0.6643356643356644,0.3846153846153847,0.6013986013986015,trial_env,,
NUST,2015,Lamberton_MN_2015|UTII,24,0.1226086956521739,0.1452173913043478,0.24260869565217388,0.07391304347826086,0.18956521739130433,0.013043478260869565,0.25999999999999995,0.29739130434782607,0.23010006526468627,0.15133725080523552,0.09043478260869564,0.33826086956521734,trial_env,,
NUST,2015,Lamberton_MN_2015|UTIIRR,14,0.6395604395604396,0.45494505494505494,0.2703296703296703,0.6,0.6175824175824175,0.6439560439560439,0.3142857142857143,0.3538461538461538,0.5044065099437253,0.5252747252747253,0.44175824175824174,0.7538461538461538,trial_env,,
NUST,2015,Lamberton_MN_2015|UTIRR,10,-0.34545454545454546,-0.05454545454545454,0.04242424242424241,-0.309090909090909,-0.5030303030303029,-0.29696969696969694,-0.49090909090909085,-0.4666666666666666,-0.5653521556224601,-0.49090909090909085,-0.3939393939393939,-0.5757575757575757,trial_env,,
NUST,2016,Lamberton_MN_2016|PTI,32,0.199798369457962,0.10191549854919894,0.14260837746632515,0.30794611072419825,0.34570616953918926,0.2938319139826725,0.43277426632132865,0.2595545790389671,0.018153480103579922,0.2819173323177481,0.354138027332828,0.2434240684772234,trial_env,,
NUST,2016,Lamberton_MN_2016|PTIIA,23,-0.220904380353932,-0.21250309519505758,-0.17642698833636178,-0.27872498997677325,-0.33852237257817314,-0.2604398399251055,-0.15764764504005438,-0.13590314227590894,-0.1922411721648312,-0.29206820758204427,-0.3039288454533963,-0.31282432385691034,trial_env,,
NUST,2016,Lamberton_MN_2016|PTIIB,23,-0.014825797339190067,0.12008895844743953,0.18631085322915517,0.005930318935676025,-0.03063998116765947,-0.06770447451563463,-0.05880899611212059,0.07857672589770734,-0.029157401433740463,-0.019273536540947083,0.13639733552054858,-0.034099333880137146,trial_env,,
NUST,2016,Lamberton_MN_2016|UTI,14,0.5296703296703297,0.2967032967032967,0.3450549450549451,0.23956043956043957,0.1252747252747253,0.04615384615384615,0.45054945054945056,0.4593406593406593,0.5780219780219781,0.43736263736263736,0.4769230769230769,0.5692307692307692,trial_env,,
NUST,2016,Lamberton_MN_2016|UTII,27,0.03694656660784651,0.10076336347594503,0.10015267642457566,0.10198473757868376,-0.021984733849297094,0.14229008296906176,0.08519084366602625,0.08061069078075603,-0.025809407452657297,0.12704229801486733,0.05526717814892742,-0.010687023398963866,trial_env,,
NUST,2016,Lamberton_MN_2016|UTIIRR,11,0.2505701261680129,0.03189074333047437,-0.03644656380625642,0.4601378680539873,0.5466984570938462,0.5740333799485386,0.09111640951564104,0.4054680223446026,-0.17931460919717973,-0.23234684426488467,0.25512594664379495,0.4009122018688206,trial_env,,
NUST,2017,Lamberton_MN_2017|PTIIA,24,0.37652173913043474,0.15130434782608695,0.2252173913043478,0.14869565217391303,0.16695652173913042,0.1391304347826087,0.32521739130434785,0.2495652173913043,0.07130434782608694,0.25750328664781524,0.06521739130434781,0.31304347826086953,trial_env,,
NUST,2017,Lamberton_MN_2017|PTIIB,28,0.0996168582375479,-0.21839080459770116,-0.27203065134099613,-0.31143951833607003,-0.29720853858784896,-0.35960591133004927,-0.18226600985221672,-0.12698412698412698,-0.326536201224041,-0.5555555555555555,0.1434044882320744,0.24904214559386975,trial_env,,
NUST,2017,Lamberton_MN_2017|UTII,34,0.5082518396750342,0.384168708641923,0.4258863130409861,0.2698655288232442,0.09015892525804875,0.1728300753675477,0.24098411039312348,0.20919926894621818,0.2186735966851996,0.13401589398526906,0.1468520799542116,0.4802872916712665,trial_env,,
NUST,2017,Lamberton_MN_2017|UTIIRR,16,0.36470588235294116,0.32647058823529407,0.3911764705882353,-0.044117647058823525,-0.11470588235294117,-0.19117647058823528,0.17058823529411765,0.07941176470588236,0.0,-0.02647058823529412,-0.0058823529411764705,0.10588235294117648,trial_env,,
NUST,2012,LenaweeCounty_MI_2012|UTII,16,-0.023529411764705882,-0.2029411764705882,-0.19705882352941176,-0.33529411764705885,-0.3411764705882353,-0.3970588235294118,-0.32647058823529407,-0.27941176470588236,-0.37058823529411766,-0.19117647058823528,-0.28823529411764703,-0.3147058823529411,trial_env,,
NUST,2012,LenaweeCounty_MI_2012|UTIIRR,20,0.24642112708490163,0.3820657841958567,0.2637534999379681,0.39487666847855796,0.24265321994293068,0.23963889422935392,0.5056531384525046,0.4400915541822097,-0.02035435201756905,0.19216326424051963,0.08138679426657303,0.27505722136388105,trial_env,,
NUST,2013,LenaweeCounty_MI_2013|UTII,20,0.17293233082706763,0.21052631578947367,0.1744360902255639,0.12932330827067667,0.2721804511278195,0.04210526315789473,0.1413533834586466,0.14586466165413534,0.1533834586466165,0.13684210526315788,0.22105263157894736,0.21654135338345865,trial_env,,
NUST,2013,LenaweeCounty_MI_2013|UTIIRR,23,0.1689723320158103,0.2233201581027668,0.26383399209486164,0.021739130434782608,0.12351778656126483,-0.12549407114624506,-0.08300395256916995,-0.07114624505928854,0.4124631097801585,-0.08994317052441975,-0.02964426877470356,-0.17193675889328064,trial_env,,
NUST,2014,LenaweeCounty_MI_2014|UTII,21,0.6372199101910978,0.40662554921470667,0.5066580325678454,0.2955505189979098,0.3734979086237321,0.247482962061986,0.4546931061506304,0.4917181162228961,0.2808334338897064,0.3625730994152047,0.42611239662116224,0.4059759876344915,trial_env,,
NUST,2014,LenaweeCounty_MI_2014|UTIIRR,13,0.04149476820839173,0.3596213244727282,0.18257698011692358,0.30706128474209876,0.08852217217790233,0.5587962118730084,0.23237070196699366,0.20470752316139915,0.03927165287752852,0.22992042605858376,0.716476331064897,0.5449646224702112,trial_env,,
NUST,2015,LenaweeCounty_MI_2015|UTII,24,0.30106597666158363,0.04568197622755242,0.1500979218905294,0.15270832053210381,0.20100069540123067,-0.061344368076998966,0.048292374869126846,0.20230589472201788,0.09096844611504552,0.1879895739351037,0.16489018085945117,0.14052646020475648,trial_env,,
NUST,2015,LenaweeCounty_MI_2015|UTIIRR,14,0.059340659340659345,-0.14725274725274726,0.032967032967032975,-0.26593406593406593,-0.3626373626373627,-0.2835164835164835,-0.12087912087912088,-0.15604395604395604,-0.17621188120304812,-0.5868131868131868,-0.2967032967032967,-0.16483516483516483,trial_env,,
NUST,2010,Lincoln_NE_2010|PTIIIB,15,0.4535714285714285,-0.028571428571428564,0.017857142857142853,0.1607142857142857,0.3571428571428571,0.21428571428571427,0.07142857142857141,0.17857142857142855,0.2645220001749188,0.38214285714285706,0.4142857142857142,0.125,trial_env,,
NUST,2011,Lincoln_NE_2011|PTIIIB,10,-0.06666666666666665,0.18787878787878787,-0.17575757575757575,0.4787878787878787,0.406060606060606,0.41818181818181815,0.28484848484848485,0.5515151515151515,-0.13939393939393938,-0.1515151515151515,0.22424242424242422,-0.006060606060606061,trial_env,,
NUST,2012,Lincoln_NE_2012|PTIIIA,13,0.6703296703296703,0.6758241758241759,0.6208791208791209,0.6153846153846153,0.41208791208791207,0.5659340659340659,0.6648351648351648,0.46703296703296704,0.4945054945054945,0.8021978021978022,0.43956043956043955,0.43956043956043955,trial_env,,
NUST,2012,Lincoln_NE_2012|PTIIIB,10,0.12727272727272726,0.1515151515151515,0.3696969696969697,0.406060606060606,0.19999999999999998,0.309090909090909,0.6121212121212121,0.5151515151515151,-0.04242424242424241,0.006060606060606061,0.05454545454545454,0.43030303030303024,trial_env,,
NUST,2014,Lincoln_NE_2014|PTIIIA,23,0.1492094861660079,0.3843873517786562,0.3320158102766798,0.4061264822134388,0.38142292490118584,0.3695652173913044,0.012845849802371542,0.1007905138339921,-0.05434782608695652,0.208498023715415,0.16996047430830039,0.15415019762845852,trial_env,,
NUST,2014,Lincoln_NE_2014|PTIIIB,26,0.12587653444121613,0.3547118647161444,0.05643920701848006,0.5838892507911847,0.5862836413919685,0.4987173565632965,0.37660343592331236,0.43543703354257646,0.26338296608624023,0.30511377369990433,0.3406875769115524,0.3697623199210724,trial_env,,
NUST,2014,Lincoln_NE_2014|UTIII,16,-0.17967618896831994,-0.11340218484066095,-0.4005895360605166,0.15316658731725635,0.3726071787621717,-0.027982357298344907,-0.3357882875801389,-0.28718735121985567,-0.21796783579763404,0.014727556472813109,-0.326951753696451,-0.15316658731725635,trial_env,,
NUST,2014,Lincoln_NE_2014|UTIIIRR,12,0.0,-0.17482517482517487,-0.2867132867132868,0.1328671328671329,0.07692307692307693,0.2447552447552448,0.20979020979020982,-0.2027972027972028,-0.19264477879304523,-0.027972027972027972,-0.30069930069930073,0.25874125874125875,trial_env,,
NUST,2016,Lincoln_NE_2016|PTIIIA,27,0.16641222149815163,0.37465650601510464,0.12854962431325107,0.38351146825996046,0.3764885671692128,0.20458016220873687,0.46167941083523906,0.50870231379068,0.2430534464450068,0.26076337093471835,0.3767939106948975,0.22809161368645736,trial_env,,
NUST,2016,Lincoln_NE_2016|PTIIIB,28,0.4757082294445794,0.27288901309335195,0.1280963471691963,0.19789243376779686,-0.03722457951925362,0.2214315061108543,0.35938141844691185,0.36348707059977076,0.495141649634778,0.3749828966277755,0.2717941725192563,0.3771725777759669,trial_env,,
NUST,2016,Lincoln_NE_2016|UTIII,23,-0.11168767328856516,-0.20064245732370556,-0.20854954923794028,-0.10723993408680814,0.0825302718548247,-0.07264640696203131,-0.3068940049212343,-0.31529529008010876,-0.14282184770086429,0.23820114391632038,-0.20360761679154354,-0.13886830174374695,trial_env,,
NUST,2007,Manhattan_KS_2007|UTIV,12,0.5438629970124406,0.48421350701752763,0.4140376364352773,0.5228102358377653,0.5438629970124406,0.4456167781972899,0.5754421387744533,0.6842147381769412,-0.03157914176201267,0.5228102358377653,0.7929873375794294,0.5859685193617907,trial_env,,
NUST,2008,Manhattan_KS_2008|PTIIIB,11,0.3454545454545455,0.5818181818181819,0.44545454545454555,0.4000000000000001,0.20909090909090913,-0.03636363636363637,0.6727272727272727,0.7181818181818183,0.03644656380625642,0.29090909090909095,0.5909090909090909,0.45454545454545453,trial_env,,
NUST,2008,Manhattan_KS_2008|UTIV,18,0.17853457172342618,0.24871001031991744,0.10216718266253869,0.34365325077399383,0.17853457172342618,0.32507739938080493,0.1475748194014448,0.4179566563467492,0.20237483337080436,0.04437564499484004,0.05675954592363261,0.23013415892672856,trial_env,,
NUST,2010,Manhattan_KS_2010|PTIIIB,15,0.44999999999999996,0.3571428571428571,0.28928571428571426,0.5892857142857142,0.6607142857142856,0.6178571428571428,0.5892857142857142,0.5678571428571427,0.6845400409932019,0.6749999999999999,0.6071428571428571,0.5785714285714285,trial_env,,
NUST,2010,Manhattan_KS_2010|PTIV,16,0.4135394791379453,0.24724068503620925,0.22222228238373573,0.27520242917720916,-0.03384842711805246,0.23988233131489353,0.4532745892330503,0.06769685423610491,0.4709346381642081,0.4944813700724185,0.5342164801675237,0.48123633337405025,trial_env,,
NUST,2011,Manhattan_KS_2011|PTIIIB,10,-0.406060606060606,-0.07878787878787878,-0.4424242424242424,-0.06666666666666665,-0.07878787878787878,0.006060606060606061,0.22424242424242422,0.0303030303030303,0.09090909090909088,0.05454545454545454,-0.23636363636363633,-0.07878787878787878,trial_env,,
NUST,2011,Manhattan_KS_2011|PTIV,18,0.3828689370485036,0.2672858617131063,0.15376676986584106,0.1475748194014448,-0.005159958720330237,-0.038183694530443756,0.13725490196078433,0.2280701754385965,-0.08978328173374613,0.23219814241486067,0.021671826625386997,0.4303405572755417,trial_env,,
NUST,2011,Manhattan_KS_2011|UTIV,13,-0.34065934065934067,-0.24175824175824176,0.16483516483516483,-0.5604395604395606,-0.5989010989010989,-0.5384615384615384,0.23626373626373626,0.5054945054945055,-0.43741444406518,-0.24175824175824176,-0.15934065934065936,-0.35714285714285715,trial_env,,
NUST,2012,Manhattan_KS_2012|PTIIIA,13,0.19807446523706262,0.093535164139724,0.13480067773077872,0.13755171197018234,0.29711169785559394,0.093535164139724,0.2861075608979793,0.12654757501256778,0.17331515708242978,0.008253102718210942,0.16506205436421886,0.16506205436421886,trial_env,,
NUST,2012,Manhattan_KS_2012|PTIIIB,10,0.8632258720256917,0.5896683773696627,0.5592731001856595,0.37690143708164003,0.1580554413568168,0.40729671426564323,0.4863244349440517,0.5835893219328621,0.2796365500928297,0.395138603392042,0.41337576970244394,0.8328305948416885,trial_env,,
NUST,2012,Manhattan_KS_2012|PTIV,18,0.17665298682479527,0.21384308931422585,-0.0723140881738928,0.12293394989561776,0.29442164470799215,0.07541326338134535,0.1270661835055545,-0.13429759232294375,-0.3987605433588946,-0.0723140881738928,0.03409092728197804,0.2613637758284983,trial_env,,
NUST,2013,Manhattan_KS_2013|PTIIIA,15,0.36785714285714277,0.5428571428571428,0.4428571428571427,0.2178571428571428,-0.15357142857142855,0.1464285714285714,0.028571428571428564,0.11071428571428568,0.18928571428571428,0.35,0.010714285714285713,-0.03214285714285714,trial_env,,
NUST,2013,Manhattan_KS_2013|PTIIIB,21,-0.22150049885337855,-0.24098734625983415,-0.10457941441464501,-0.3734979086237321,-0.2903540263561883,-0.2877557800353276,-0.3683014159820107,-0.352062376476631,-0.36505360808093473,-0.6177330627846422,-0.055212734318290844,-0.07924651278625273,trial_env,,
NUST,2014,Manhattan_KS_2014|PTIIIA,23,0.13096120982951223,0.150728939615099,0.1952063316326692,0.049913517708606546,-0.05436125691036357,-0.06918705424955364,0.24413146285199644,0.27279467104109717,0.3395107590674525,0.3602668753423186,0.07907091914234701,0.25945145343582615,trial_env,,
NUST,2014,Manhattan_KS_2014|PTIV,36,0.3863036694268905,0.2928493328711016,0.2783034099636578,0.11675355820399522,0.08843406227799858,0.08779043737058957,-0.12318980727808536,-0.07311578948166404,-0.07086766279113191,-0.20621742033384824,-0.09190963677800726,-0.06384759081497424,trial_env,,
NUST,2014,Manhattan_KS_2014|UTIII,16,0.8005888848791539,0.4930096993281554,0.4827080041183134,0.35320097862315614,0.09713026912136795,0.5047830652822606,0.3649743445772613,0.40765279616089267,0.048565134560683974,0.36350267383299817,0.2369389898263672,0.7358353721315753,trial_env,,
NUST,2015,Manhattan_KS_2015|PTIIIA,26,0.4780304395391157,0.28517695749329225,0.3361258383883768,0.23388613780025405,0.21713113670052825,0.18635664488470535,0.2632928744242626,0.2537185880815621,0.43895348837209297,0.30569328537050744,0.146007866726182,0.4356300285928708,trial_env,,
NUST,2015,Manhattan_KS_2015|PTIIIB,26,-0.03556163498717313,0.06838775959071756,0.2550863432733765,-0.031800308209683666,-0.055394085268481226,-0.1378013355752959,0.26124124163654106,0.06702000439890321,0.0362455125830803,0.19216960444991632,0.2489314449102119,0.17712429733995844,trial_env,,
NUST,2015,Manhattan_KS_2015|PTIV,24,0.5060869565217391,0.6426086956521738,0.6304347826086956,0.5721739130434782,0.39652173913043476,0.537391304347826,0.7034782608695651,0.5252173913043477,0.4513043478260869,0.4017391304347826,0.42260869565217385,0.6939130434782607,trial_env,,
NUST,2015,Manhattan_KS_2015|UTIII,24,-0.07264028525369112,0.12701175625196293,-0.06002610398209207,0.030448023759032206,-0.15441497763509193,-0.06176599105403677,-0.5393649923028563,-0.4075685466030454,-0.29752068930254333,-0.3806002969879026,-0.26707266554351106,-0.29534583046261237,trial_env,,
NUST,2015,Manhattan_KS_2015|UTIV,13,0.38461538461538464,0.3736263736263736,0.2912087912087912,0.6703296703296703,0.5714285714285714,0.42857142857142855,0.3021978021978022,0.5824175824175823,-0.03296703296703297,-0.4505494505494505,0.17032967032967034,0.11538461538461539,trial_env,,
NUST,2016,Manhattan_KS_2016|PTIIIA,27,0.2869352869352869,0.2698412698412698,0.13186813186813187,0.27167277167277165,0.4242979242979243,0.20512820512820512,0.2551892551892551,0.34615384615384615,-0.015262515262515262,0.115995115995116,0.47557997557997556,0.2094017094017094,trial_env,,
NUST,2016,Manhattan_KS_2016|PTIIIB,28,0.44867234092841246,0.5154667589799882,0.304133600226642,0.49055572601812997,0.06734191328150668,0.4503148266182053,0.5307966254180548,0.6320832429552803,0.6370107000246588,0.5255954207337108,0.3451957424714632,0.5910211007104591,trial_env,,
NUST,2016,Manhattan_KS_2016|PTIV,26,0.2325581531351324,0.24316006893982228,0.2202462509103313,0.3929548793415693,0.31703148228862904,0.23803010967948848,0.14842682126565807,0.0677154622364062,0.09849521779840902,0.07113543507662874,0.1494528131177248,0.1655266854667707,trial_env,,
NUST,2016,Manhattan_KS_2016|UTIII,23,0.561186804527005,0.33720652042944266,0.1819530784721919,0.4726824538571072,0.13745368428062324,0.26600748972293276,0.37330047349593726,0.11223736090540098,0.14437581226597837,0.0998764180744097,0.5048209052176847,0.5330038548723448,trial_env,,
NUST,2016,Manhattan_KS_2016|UTIV,13,-0.07692307692307691,-0.1758241758241758,-0.12087912087912088,0.016483516483516484,0.06593406593406594,-0.03846153846153846,0.24175824175824176,0.18131868131868134,-0.2928221486582098,-0.3218710060102268,0.34615384615384615,-0.25274725274725274,trial_env,,
NUST,2017,Manhattan_KS_2017|PTIIIA,24,0.30882995527018386,0.2775119879751793,0.20356678741752962,0.40626363129908694,0.43149199384228504,0.45280561047360757,0.3262288259896308,0.38842978881165374,0.25706831487982906,0.22618531935281072,0.04001740265472804,0.5502392865025106,trial_env,,
NUST,2017,Manhattan_KS_2017|PTIIIB,23,0.34692365773704753,0.12157153818135853,0.2782307967321336,0.20706696950402126,0.4047442673598888,0.10032122866185278,-0.22584631280032866,-0.1092167070653668,-0.3923894362438971,-0.30343465220875665,-0.11366444626712384,0.14084507472230562,trial_env,,
NUST,2017,Manhattan_KS_2017|PTIV,27,0.5970695970695971,0.30219780219780223,0.07753357753357752,0.2948717948717948,0.3693528693528694,0.21672771672771673,0.4627594627594628,0.41147741147741146,-0.046099832623803086,0.011906579286942517,-0.1398046398046398,0.5219780219780219,trial_env,,
NUST,2017,Manhattan_KS_2017|UTIII,20,0.6553801704807732,0.6027089742308833,0.5823929413916402,0.47855544021328567,0.3446201126064227,0.4853274511597001,0.43566603755266103,0.5169301689096341,0.5500377779809935,0.4281415809455339,0.3303236450528812,0.5334839734453137,trial_env,,
NUST,2017,Manhattan_KS_2017|UTIV,15,0.4642857142857142,0.6035714285714285,0.5821428571428571,0.48571428571428565,0.175,0.47142857142857136,0.5642857142857142,0.42142857142857143,0.5178571428571428,0.5107142857142856,0.42499999999999993,0.682142857142857,trial_env,,
NUST,2019,Manhattan_KS_2019|PTIV,24,-0.0705268342044239,0.04353508284223698,0.10927305793401482,0.08837621816974106,0.12363963527195301,0.16456261314365578,0.25598628711235344,-0.0017414033136894792,0.03592425381429629,0.25408244970475014,0.02133219059269612,0.20679164350062562,trial_env,,
NUST,2019,Manhattan_KS_2019|UTIV,19,-0.018429137359917087,-0.2702940146121173,-0.3045195554233918,-0.46248358993696687,-0.5704256801879097,-0.46687147978456617,-0.2834576841549152,-0.2325581619227632,-0.25186487725220014,-0.5133831121691188,-0.39578766425345746,-0.25888550100835905,trial_env,,
NUST,2020,Manhattan_KS_2020|PTIIIA,34,0.3992970706767481,0.4553789784220089,0.3190709083708573,0.59000611935818,0.5947432832276707,0.5482885149591168,0.6046760461798286,0.4133557505474946,0.5460380546238137,0.5449266567291556,0.3771393687065497,0.672371645992228,trial_env,,
NUST,2020,Manhattan_KS_2020|PTIIIB,33,0.16499499417650024,0.3689401744149301,0.24573722536925569,0.23905049814832355,0.09043798566310703,0.1467736624994602,0.20260783479424346,0.15964561239975453,0.24924775716024503,0.20043464844744052,0.14493481251370388,0.021397527106982808,trial_env,,
NUST,2020,Manhattan_KS_2020|PTIV,26,0.30677156376796144,0.36764708032392257,0.30711356105198373,0.5441176788794054,0.5140219178854472,0.5379617277670049,0.2958276506792494,0.2253762101706651,0.3309377332746869,0.2896716995668488,0.430232583299995,0.13269494620063438,trial_env,,
NUST,2020,Manhattan_KS_2020|UTIII,39,0.655933630147376,0.43094373725026747,0.47387610205151587,0.4311462484049902,0.3859862609017903,0.480660225734732,0.4502835525263014,0.44643584058656693,0.2663021684605741,0.2763264706193561,0.3796071595280199,0.5182260449358244,trial_env,,
NUST,2007,Mead_NE_2007|PTI,11,0.8363636363636365,0.690909090909091,0.6272727272727273,0.9090909090909091,0.8545454545454546,0.8272727272727273,0.790909090909091,0.7272727272727273,0.8000000000000002,0.8272727272727273,0.8727272727272729,0.8909090909090911,trial_env,,
NUST,2007,Mead_NE_2007|PTIIA,14,0.4681318681318682,0.16043956043956045,0.178021978021978,0.06373626373626373,-0.07252747252747253,0.18681318681318684,-0.0945054945054945,-0.11208791208791209,0.3758241758241759,0.16483516483516483,-0.06813186813186813,0.3010989010989011,trial_env,,
NUST,2007,Mead_NE_2007|UTII,12,0.7692307692307694,0.6993006993006995,0.6433566433566434,0.6013986013986015,0.3356643356643357,0.5314685314685316,0.8181818181818183,0.6573426573426573,0.5804195804195805,0.1188811188811189,0.8321678321678322,0.6433566433566434,trial_env,,
NUST,2013,Mead_NE_2013|PTIA,28,0.7029838752313381,0.7577333982244331,0.6895702420980299,0.7555434173047092,0.7240624415836797,0.7180399940544391,0.560361367834326,0.6482343522382432,0.5912948483254246,0.7163975083646463,0.5907473530954938,0.7333698604925057,trial_env,,
NUST,2013,Mead_NE_2013|PTIB,28,0.7626608552938116,0.7246099368136106,0.6027922481539746,0.8253490591209051,0.820695349666492,0.7872981406407042,0.7610183696040187,0.7038051180762345,0.6652067043661027,0.7607446219890532,0.7095538179905095,0.8406789255589717,trial_env,,
NUST,2013,Mead_NE_2013|PTIIA,16,0.0823529411764706,-0.008823529411764706,0.10294117647058824,-0.2764705882352941,-0.5088235294117647,-0.5588235294117647,0.27058823529411763,0.19411764705882353,-0.6996357595766752,-0.4827080041183134,0.18529411764705883,-0.07058823529411765,trial_env,,
NUST,2013,Mead_NE_2013|PTIIB,14,0.42857142857142855,0.13406593406593406,0.4461538461538462,0.13406593406593406,-0.11208791208791209,0.03736263736263736,-0.09010989010989012,-0.221978021978022,-0.0945054945054945,0.059340659340659345,-0.5780219780219781,-0.0945054945054945,trial_env,,
NUST,2013,Mead_NE_2013|UTII,20,-0.2963520329921854,0.012034600324555753,-0.218127130882573,0.09402031503559181,-0.0015043250405694692,-0.052651376419931416,-0.32192555868186634,-0.2835652701473449,-0.032342988372243586,0.03309515089252832,0.1045505903195781,-0.14667169145552322,trial_env,,
NUST,2013,Mead_NE_2013|UTIIRR,23,0.06770447451563463,-0.12157153818135853,-0.08450704483338338,-0.12453669764919655,-0.007412898669595033,0.00444773920175702,-0.22881147226816667,-0.19915987758978657,-0.012861739875232998,-0.18536826495304004,-0.23276501822528403,-0.07412898669595033,trial_env,,
NUST,2016,Mead_NE_2016|PTI,32,0.32609293510615994,0.2683530393453728,0.21299605991757048,0.4842819193650784,0.5070112751566265,0.4901475595693489,0.46906791508525203,0.42379250475853947,0.12212341160590129,0.32682614013169375,0.33819081802746775,0.4531207057798917,trial_env,,
NUST,2016,Mead_NE_2016|PTIIA,23,0.2218927668432113,0.41709909847588056,0.3157894833247484,0.4497158526220987,0.46355326347200937,0.41116877954020453,0.35087720369416486,0.24264888311807742,0.3800346051279053,0.43538424852754826,0.22139857359857165,0.3355572131103351,trial_env,,
NUST,2016,Mead_NE_2016|PTIIB,23,0.4507042391113779,0.45861133102561263,0.35581913614056154,0.5337287042108423,0.5861131881426472,0.6004447922371976,0.5460835353268341,0.3948604024670954,0.34297011177993014,0.46207068373809035,0.2678527385947005,0.39387201597781607,trial_env,,
NUST,2016,Mead_NE_2016|UTI,14,0.3494505494505495,0.2879120879120879,0.2043956043956044,0.4593406593406593,0.3494505494505495,0.4945054945054946,0.4241758241758242,0.4241758241758242,0.5648351648351648,0.6263736263736264,0.432967032967033,0.5472527472527472,trial_env,,
NUST,2016,Mead_NE_2016|UTII,27,0.32921060103981825,0.16613225135961143,0.2989769744137125,0.051305548213997645,0.11177280146620917,0.005497023022928319,0.1600244480008022,0.17407239572606345,0.08400794354906958,0.036346977871365906,0.019544970748189578,0.2317911374668108,trial_env,,
NUST,2016,Mead_NE_2016|UTIIRR,11,-0.23636363636363636,-0.3727272727272728,-0.33636363636363636,-0.15454545454545454,-0.045454545454545456,0.10000000000000002,0.1272727272727273,0.27272727272727276,0.31193973345246884,-0.06363636363636364,0.17272727272727276,-0.20000000000000004,trial_env,,
NUST,2019,Mead_NE_2019|PTI,38,0.6901192690666375,0.5572819783346099,0.45945945945945943,0.5947040157566473,0.6642958748221905,0.5925155925155925,0.550060181639129,0.5395557500820659,0.4399824926140715,0.4863770653244337,0.3088959404748879,0.6964656964656964,trial_env,,
NUST,2019,Mead_NE_2019|PTIIA,32,-0.04838709677419354,0.007331378299120234,-0.1851173020527859,0.01942815249266862,0.044354838709677415,0.05461876832844574,0.05205278592375366,-0.11180351906158356,0.14626099706744866,0.049853372434017586,0.04252199413489736,0.01722873900293255,trial_env,,
NUST,2019,Mead_NE_2019|PTIIB,35,0.3728552428780776,0.42089782300849854,0.23194901660634729,0.4962532402393046,0.32005042448399973,0.39512571005223773,0.2292877658119508,0.33209608597442597,0.46669934983837513,0.3455424057776925,0.40058827747231474,0.30912528964384567,trial_env,,
NUST,2019,Mead_NE_2019|UTI,13,0.8461538461538461,0.9065934065934067,0.8461538461538461,0.9065934065934067,0.8681318681318682,0.8736263736263737,0.7802197802197801,0.8021978021978022,0.8461538461538461,0.8516483516483516,0.8846153846153846,0.9230769230769231,trial_env,,
NUST,2019,Mead_NE_2019|UTII,35,0.3383753501400561,0.3322128851540616,0.3322128851540616,0.24873949579831933,0.20700280112044817,0.21316526610644262,0.2784313725490196,0.23361344537815126,0.3868618260064802,0.1546218487394958,0.3795518207282913,0.16330532212885157,trial_env,,
NUST,2020,Mead_NE_2020|PTI,35,0.6346382815479223,0.600042021220768,0.5653056950623295,0.5487779269708144,0.5287485130971986,0.48798935619354705,0.37313537454064566,0.5293087764223348,0.43644513028102544,0.3063239730181652,0.6195111717692476,0.4986343593711331,trial_env,,
NUST,2020,Mead_NE_2020|PTIIA,36,0.27221829002890763,0.3678486396702686,0.39410515558795045,0.372996976124716,0.3487997947888131,0.34146341534122554,0.4462320621892306,0.22395263576846303,0.332067701311859,0.24544694046578105,-0.09730355898905634,0.39642190699245183,trial_env,,
NUST,2020,Mead_NE_2020|PTIIB,37,0.12269575031926333,0.2308102665426142,0.20781222252141893,0.30893248824347846,0.2960109068088894,0.40815600806688274,0.25475668351313707,0.10479521090070412,0.3648864922538092,0.48165491163977475,0.35255764391254985,0.18754075072954068,trial_env,,
NUST,2020,Mead_NE_2020|UTI,18,0.5451730205091055,0.38203412422039595,0.36241615567934865,0.6081570247724682,0.5854414822512555,0.6308725672936809,0.34279818713830124,0.365513729659514,0.5947342041917516,0.5513681684694364,0.5358802985686094,0.49870941080662506,trial_env,,
NUST,2020,Mead_NE_2020|UTII,39,0.05800475847606375,0.30743534291763636,0.1248165221657707,0.40674191894733713,0.4252669988794831,0.4048185499926334,0.19648732321472903,0.07298679033375562,0.14344283204290112,0.2681581242636874,0.03694892991930763,-0.06984866203923908,trial_env,,
NUST,2016,Monmouth_IL_2016|UTII,27,0.40635018028001263,0.43260571409224485,0.48755915695505647,0.29247443479207524,0.1865364088287661,0.22927797549984186,0.34712258075009345,0.31353992122281965,0.45213010146877664,0.319236641221374,0.3410166426542255,0.4234468069484429,trial_env,,
NUST,2016,Monmouth_IL_2016|UTIIRR,11,0.4100238428203847,0.4510262271024232,0.31890743330474364,0.5558100980454104,0.6059241232790129,0.5968124823274489,0.13211879379767952,0.4236913042477308,-0.4046073233167132,-0.03644656380625642,0.16400953712815386,0.4100238428203847,trial_env,,
NUST,2017,Moorhead_MN_2017|UT0,29,-0.06453201970443348,-0.29162561576354673,-0.1679802955665024,-0.25467980295566495,-0.26206896551724135,-0.17881773399014775,-0.16551724137931031,-0.05467980295566501,-0.12709359605911327,-0.1805641102500122,-0.3487684729064039,-0.056157635467980284,trial_env,,
NUST,2020,Moorhead_MN_2020|PT0RR,13,-0.4505494505494505,-0.5549450549450549,-0.47802197802197804,-0.6318681318681317,-0.5054945054945055,-0.532967032967033,-0.5164835164835164,-0.5549450549450549,-0.5836930727980435,-0.6868131868131868,-0.6098901098901099,-0.6043956043956044,trial_env,,
NUST,2020,Moorhead_MN_2020|UT0RR,21,-0.08051948051948052,-0.05584415584415584,-0.04935064935064935,-0.08571428571428572,-0.1012987012987013,0.14155844155844155,-0.016883116883116882,0.01948684740645559,-0.011181452284539378,-0.041042563012190475,-0.23766233766233766,-0.01948051948051948,trial_env,,
NUST,2005,Morris_MN_2005|PT0,15,0.039285714285714285,0.47857142857142854,0.4071428571428571,0.5642857142857142,0.3607142857142856,0.5892857142857142,0.32499999999999996,0.30357142857142855,0.25,-0.024999999999999998,0.05357142857142857,-0.04285714285714285,trial_env,,
NUST,2006,Morris_MN_2006|PT0,15,0.2627346893629261,0.2984809056027799,0.29311897316680185,0.3074174596627434,0.33243981103064113,0.4164434191942978,0.48078660842603477,0.5397678652217937,0.16443259470332788,0.20017881094318177,0.17158183795129867,0.18409301363524752,trial_env,,
NUST,2007,Morris_MN_2007|PT0,17,0.18382352941176472,0.03186274509803922,0.12254901960784316,-0.10784313725490197,-0.06617647058823531,-0.32843137254901966,-0.07107843137254903,-0.06862745098039216,-0.017209669465060536,-0.11056544429972763,-0.03676470588235294,0.2622549019607843,trial_env,,
NUST,2007,Morris_MN_2007|PT0RR,10,-0.11657319263657127,-0.49696992650327754,-0.37426130267530777,-0.42334475220649564,-0.018406293574195463,-0.07976060548818034,0.46015733935488656,0.12884405501936821,0.10430233025377429,0.14111491740216522,-0.1533857797849622,-0.12884405501936821,trial_env,,
NUST,2007,Morris_MN_2007|UT0,11,0.05454545454545456,0.27272727272727276,0.19090909090909092,0.19090909090909092,0.3272727272727273,-0.4000000000000001,0.3272727272727273,0.19090909090909092,0.3181818181818182,0.13636363636363638,0.3181818181818182,0.0,trial_env,,
NUST,2008,Morris_MN_2008|PT0,17,0.07107843137254903,-0.09558823529411767,-0.007352941176470588,-0.14215686274509806,-0.14460784313725492,-0.25000000000000006,0.06617647058823531,0.06617647058823531,-0.06617647058823531,-0.06127450980392158,-0.03921568627450981,-0.07598039215686275,trial_env,,
NUST,2008,Morris_MN_2008|UT0,16,0.3446248214638268,0.46391802889361294,0.3696616674676091,0.5625926572614607,0.6170846162108693,0.4506632280680811,0.39764402476595395,0.28129632863073034,0.17243925094837662,0.5670109242033048,0.2400591705068537,0.4094260699442044,trial_env,,
NUST,2009,Morris_MN_2009|PT0,17,0.5528272214986382,0.4963159944121107,0.5675692807386019,0.2678140761926736,0.21375985897947344,0.26535706631934636,0.4078636389723286,0.43980476732558327,0.1798029556650246,0.2604430465726918,-0.13759255290632771,0.6339085473184385,trial_env,,
NUST,2009,Morris_MN_2009|UT0,13,0.42857142857142855,0.4945054945054945,0.47802197802197804,0.33516483516483514,0.21978021978021978,0.20329670329670327,0.576923076923077,0.4835164835164835,0.3108668690526122,0.04395604395604395,0.5164835164835164,0.5384615384615384,trial_env,,
NUST,2010,Morris_MN_2010|PT0,16,0.38410606425268223,0.20014722121978848,0.035320097862315616,0.4385578817904188,0.47976466262978706,0.2722590876886829,0.22663729461652515,0.14422373293778876,0.30169250257394586,0.5194997727248921,0.016188378186894652,0.34878596639036663,trial_env,,
NUST,2010,Morris_MN_2010|UT0,14,0.3450549450549451,0.3450549450549451,0.4681318681318682,0.12087912087912088,-0.08131868131868132,0.03736263736263736,0.3274725274725274,0.45494505494505494,0.1164835164835165,-0.008800885413611155,-0.006593406593406593,0.3318681318681319,trial_env,,
NUST,2011,Morris_MN_2011|PT0,17,0.5147058823529412,0.37990196078431376,0.18627450980392157,0.5441176470588236,0.573529411764706,0.49754901960784315,0.2132352941176471,0.06127450980392158,0.47058823529411764,0.5980392156862745,0.007352941176470588,0.43137254901960786,trial_env,,
NUST,2011,Morris_MN_2011|UT0,14,0.0857142857142857,0.0989010989010989,-0.1252747252747253,0.2923076923076923,0.3406593406593406,0.5120879120879122,-0.059340659340659345,-0.1912087912087912,0.3626373626373627,0.5868131868131868,0.2175824175824176,-0.06813186813186813,trial_env,,
NUST,2012,Morris_MN_2012|PT0,27,0.11275789489511036,0.190374440432666,0.12436981903065017,0.19954174896072374,0.16287251484849274,0.17203982337655047,0.19312463299108332,0.20320867237194684,0.25087867671784714,0.16440039960316902,0.16806732301439212,0.2212377124771271,trial_env,,
NUST,2012,Morris_MN_2012|UT0,12,-0.024518426391842117,-0.12959739664259406,0.014010529366766927,-0.18914214645135352,-0.17162898474289487,-0.28721585201872196,-0.11908949961751886,0.0,-0.1366026613259775,-0.22767110220996253,-0.11558686727582713,-0.09457107322567676,trial_env,,
NUST,2013,Morris_MN_2013|PT0,23,-0.34776182913622455,-0.5669061965719961,-0.4432355603215607,-0.5134804817118079,-0.41454397271145965,-0.4016822265414144,-0.7133322298925117,-0.7177843727975274,-0.6989864360874612,-0.5486029424069317,-0.6059861176271337,-0.5105123864417975,trial_env,,
NUST,2013,Morris_MN_2013|UT0,18,0.0361570440869464,-0.012396700829810195,-0.14669429315275398,0.1394628843353647,0.21074391410677332,0.29752081991544466,-0.09297525622357646,-0.16425628599498507,0.0030991752074525486,0.16012405238504834,-0.12809924190803867,0.020661168049683657,trial_env,,
NUST,2014,Morris_MN_2014|PT0,18,-0.08169614164262227,0.09617393889574521,0.07342311464083774,0.16856292516135987,0.10858347939842201,0.1520168711577908,0.28645355993678945,0.29059007343768173,0.02585320938057667,0.18510897916492894,0.45398235672292625,0.13960733065511402,trial_env,,
NUST,2014,Morris_MN_2014|UT0,14,0.3105734406203723,0.5000012129136491,0.4691641337031156,0.20925160892861966,0.1850224752632005,0.06828210396618113,0.31497873765044854,0.20704896041358153,0.24008868813915307,0.3061681435902961,0.14978009902259087,0.3017628465602199,trial_env,,
NUST,2015,Morris_MN_2015|PT0,22,0.3258966523630619,0.16548998118262936,0.0711663400307553,0.2298785745437889,0.2473877534402446,0.2818412990106896,-0.007907371114528366,0.07681446225541842,0.14741599006370737,0.07737927447788473,0.26602655678163284,0.3739056912726984,trial_env,,
NUST,2015,Morris_MN_2015|UT0,14,0.7186813186813187,0.432967032967033,0.23076923076923075,0.5736263736263736,0.5472527472527472,0.47252747252747257,0.4197802197802198,0.432967032967033,0.1824175824175824,0.3758241758241759,0.3142857142857143,0.6791208791208792,trial_env,,
NUST,2016,Morris_MN_2016|PT0,21,0.387012987012987,0.551948051948052,0.22077922077922077,0.6402597402597403,0.5766233766233767,0.4922077922077922,0.5922077922077922,0.38051948051948054,0.40259740259740256,0.6909090909090909,0.34415584415584416,0.4883116883116883,trial_env,,
NUST,2016,Morris_MN_2016|UT0,23,0.37549407114624506,0.30335968379446643,0.158102766798419,0.35079051383399207,0.3142292490118577,0.10869565217391304,0.23517786561264822,0.191699604743083,0.04644268774703557,-0.06126482213438736,0.13636363636363635,0.3488142292490119,trial_env,,
NUST,2019,Morris_MN_2019|PTI,38,-0.03764293926956228,-0.09399792102486629,0.0823986432266872,-0.1370027905973604,-0.1383159163858335,-0.15888822040524544,-0.09859386128452215,-0.10898944044326754,-0.15100946567440682,-0.14477211817915958,0.04497455825520377,-0.16009191904467912,trial_env,,
NUST,2019,Morris_MN_2019|UTI,13,0.19230769230769232,0.0934065934065934,0.07142857142857142,0.20329670329670327,0.20329670329670327,0.08241758241758242,0.1758241758241758,0.2802197802197803,0.0879120879120879,0.09890109890109891,0.3186813186813187,0.24725274725274726,trial_env,,
NUST,2019,Morris_MN_2019|UTIRR,31,0.4274193548387098,0.5137096774193549,0.5100806451612904,0.4625000000000001,0.4641129032258065,0.34314516129032263,0.5733870967741936,0.5173387096774195,0.1270289350139443,0.15203145555637143,0.3395161290322581,0.49798387096774194,trial_env,,
NUST,2007,NorthBend_NE_2007|PTIIIA,11,0.14545454545454548,0.17272727272727276,0.27272727272727276,0.18181818181818182,0.24545454545454545,-0.018181818181818184,0.4000000000000001,0.5454545454545455,-0.20000000000000004,-0.4272727272727273,0.46363636363636374,0.21818181818181823,trial_env,,
NUST,2007,NorthBend_NE_2007|PTIIIB,10,0.2606060606060606,0.5151515151515151,0.41818181818181815,0.6121212121212121,0.6121212121212121,0.10303030303030303,0.5030303030303029,0.406060606060606,0.5731813873199579,0.49848254581765294,0.19999999999999998,0.309090909090909,trial_env,,
NUST,2010,NorthBend_NE_2010|PTIIIB,15,0.6785714285714285,0.2928571428571428,0.4107142857142856,0.28571428571428564,0.4142857142857142,0.3107142857142856,0.35,0.23928571428571427,0.3717606488944804,0.5285714285714286,0.21428571428571427,0.4142857142857142,trial_env,,
NUST,2014,Novelty_MO_2014|PTIIIA,23,0.0790513833992095,0.2114624505928854,0.18774703557312253,0.2658102766798419,0.34189723320158105,0.16996047430830039,0.1847826086956522,0.17094861660079053,0.14031620553359686,0.43873517786561267,0.09486166007905138,0.3764822134387352,trial_env,,
NUST,2014,Novelty_MO_2014|PTIIIB,26,0.1624209290279542,0.03829714537080183,-0.00786459235293252,0.2889382842707816,0.41716533350337714,0.25406052687951575,0.08548469948839695,0.06736194319685679,-0.09642674102291175,0.09061378145770076,0.2957770602298534,0.33680971598428394,trial_env,,
NUST,2014,Novelty_MO_2014|PTIV,36,0.0623069021681182,0.091400620949099,0.04299691182675925,0.07234809714562485,0.12538620394989075,0.04325437836464403,-0.024974254174824236,-0.06951596522889221,0.161699391492708,0.2023686987774417,-0.10118434938872085,0.09809475093410344,trial_env,,
NUST,2014,Novelty_MO_2014|UTIII,16,0.28823529411764703,0.10882352941176471,0.2029411764705882,-0.06470588235294117,-0.22647058823529412,-0.0823529411764706,0.6411764705882352,0.5735294117647058,0.055882352941176466,0.17941176470588235,0.2441176470588235,0.4794117647058824,trial_env,,
NUST,2014,Novelty_MO_2014|UTIIIRR,12,0.5814369687208275,0.6479869832129704,0.6619975125797373,0.25919479328518813,0.25218952860180466,0.18563951410966176,0.3607711311942483,0.5709290716957522,0.568421052631579,0.48686589549515064,0.24168163157672948,0.46234746910330854,trial_env,,
NUST,2016,Novelty_MO_2016|PTIIIA,27,0.010687023398963866,0.07480916379274706,0.13587786892968345,0.14748092290570136,0.3419847487668437,0.11053435629785484,0.1957251999638811,0.07511450731843174,0.1514503887396022,0.02259542090066646,0.24641222522753828,0.14625954880296263,trial_env,,
NUST,2016,Novelty_MO_2016|PTIIIB,28,0.4510743165274263,0.3147666650525123,0.23046394084714378,0.18885999903150735,0.008485014449241636,0.17134254984597627,0.2811003173990697,0.24141234658810073,0.13411797032672265,0.161488984679115,0.36841385318320136,0.28849049127421567,trial_env,,
NUST,2016,Novelty_MO_2016|PTIV,26,0.027008547008547008,-0.16444444444444445,-0.17196581196581195,0.03521367521367521,0.04820512820512819,0.05299145299145299,0.14529914529914528,-0.05367521367521367,-0.05504273504273505,-0.23487179487179485,-0.0605128205128205,0.04478632478632478,trial_env,,
NUST,2016,Novelty_MO_2016|UTIII,23,0.1432806324110672,0.13043478260869565,0.048418972332015815,0.08794466403162056,-0.1274703557312253,-0.2509881422924901,-0.0899209486166008,-0.03853754940711463,-0.08794466403162056,0.13438735177865613,-0.10968379446640317,0.18873517786561267,trial_env,,
NUST,2016,Novelty_MO_2016|UTIIIRR,15,-0.22499999999999998,-0.3428571428571428,-0.5428571428571428,-0.21428571428571427,-0.049999999999999996,0.16785714285714282,0.05357142857142857,-0.11785714285714284,0.12857142857142856,0.13928571428571426,-0.3428571428571428,0.2178571428571428,trial_env,,
NUST,2016,Novelty_MO_2016|UTIV,13,0.016483516483516484,0.30769230769230765,-0.0934065934065934,0.5384615384615384,0.6098901098901099,0.4230769230769231,0.010989010989010988,-0.07142857142857142,0.3535965568702911,0.2916096293767866,0.2747252747252747,0.17032967032967034,trial_env,,
NUST,2017,Novelty_MO_2017|UTIII,20,0.20775323743289026,0.2687242962447167,0.24237877700503863,0.4049682671699093,0.4027100798065083,0.09936024398964316,0.47045570070853776,0.3643208946286916,0.25818608854884545,0.12871667971385592,0.2243132780978308,0.16334221928600431,trial_env,,
NUST,2017,Novelty_MO_2017|UTIIIRR,14,0.7230769230769231,0.6087912087912088,0.6263736263736264,0.5472527472527472,0.4021978021978022,0.3538461538461538,0.6967032967032967,0.6439560439560439,0.5868131868131868,0.44175824175824174,0.5736263736263736,0.6835164835164835,trial_env,,
NUST,2017,Novelty_MO_2017|UTIV,15,0.2785714285714285,0.03214285714285714,-0.12142857142857141,-0.06071428571428571,0.0035714285714285704,-0.05357142857142857,-0.23571428571428568,-0.017857142857142853,-0.34642857142857136,0.10357142857142855,-0.08928571428571427,-0.12142857142857141,trial_env,,
NUST,2015,Onaga_KS_2015|PTIV,24,-0.03174603249650055,0.2043922640185652,-0.02304848934677437,0.2374429279875247,0.06697108225289158,0.4400956833761447,0.17177647720709202,0.21265493001080507,-0.0004348771574863089,0.22352685894796276,0.10654490358414569,0.19047619497900334,trial_env,,
NUST,2015,Onaga_KS_2015|UTIII,24,0.2637651180703324,0.0861806821417918,0.20848760982787004,0.14711651799962439,0.26855293374487643,-0.06267685973948493,-0.02350382240230685,0.024374334343133033,0.0513602045087446,0.057889044064940956,0.07965184258559543,0.31294904272701163,trial_env,,
NUST,2015,Onaga_KS_2015|UTIV,13,-0.1568089516460079,-0.2035765337158699,-0.3108668690526121,-0.041265513591054716,0.1705641228430261,0.374140656558896,0.02200827391522918,-0.1705641228430261,0.3191199717708231,-0.0027510342394036474,-0.21458067067348452,-0.10729033533674226,trial_env,,
NUST,2016,Onaga_KS_2016|PTIV,26,0.15800274521828114,0.22708619659077636,0.15047880496979157,0.36764708032392257,0.30335159092773895,0.08891929384578594,0.16689467460285973,0.06497948396422817,0.13953489188107945,0.20177839757312963,0.22058824819435355,0.1795485741116831,trial_env,,
NUST,2016,Onaga_KS_2016|UTIV,13,-0.1043956043956044,-0.4340659340659341,-0.2747252747252747,0.07142857142857142,0.23626373626373626,0.07142857142857142,0.14285714285714285,0.06593406593406594,-0.24862257904942345,-0.33562617720724497,0.03846153846153846,-0.25274725274725274,trial_env,,
NUST,2017,Onaga_KS_2017|PTIV,27,0.09160305770540457,0.007022901090747684,-0.02961832199141414,0.13251909014715196,0.08641221776876498,0.12061069264544935,0.15603054162487243,0.3068702433131053,0.3127195028058273,0.040006108269104855,0.11328244802901698,0.167938939126575,trial_env,,
NUST,2017,Onaga_KS_2017|UTIV,15,0.13774619536276697,0.11627925582571234,0.0822899348920426,0.0,-0.039356055817933416,0.08407884652013047,0.032200409305581885,-0.07692320000777894,-0.03398932093366976,-0.18783572094922768,-0.13237946047850332,0.20930266048628224,trial_env,,
NUST,2008,Ottawa_KS_2008|UTIV,18,0.20753745667108,0.23644814715262347,0.035105838441874225,0.3582860570391281,0.33557051451791536,0.373773926939955,0.42953025858293165,0.2292204745322376,0.5867768595041324,0.6184822713730195,0.34692828577852175,0.34486323645841155,trial_env,,
NUST,2011,Ottawa_KS_2011|UTIV,13,-0.40440203319233614,-0.38514479351651065,-0.02751034239403647,-0.3603854853618778,-0.26409928698275015,-0.40440203319233614,-0.024759308154632828,0.093535164139724,-0.08953168044077135,-0.01925723967582553,-0.34938134840426316,-0.29711169785559394,trial_env,,
NUST,2012,Ottawa_KS_2012|PTIIIB,10,-0.4545454545454545,-0.1515151515151515,-0.32121212121212117,0.04242424242424241,0.2606060606060606,0.13939393939393938,-0.23636363636363633,-0.22424242424242422,0.23636363636363633,0.09090909090909088,0.04242424242424241,-0.49090909090909085,trial_env,,
NUST,2012,Ottawa_KS_2012|PTIV,18,-0.21694226452167842,-0.061983504149050975,-0.012396700829810195,0.043388452904335684,0.1621901691900167,-0.0361570440869464,-0.22107449813161514,-0.015495876037262744,-0.05578515373414587,-0.20041333008193146,0.10640501545587085,-0.12809924190803867,trial_env,,
NUST,2013,Ottawa_KS_2013|PTIIIA,15,0.010723864871956167,0.26630931098691146,0.21090267581513797,0.005361932435978083,-0.20911536500314523,-0.23771233799502833,0.03753352705184659,0.17515645957528406,-0.07327974329170046,-0.02859697299188311,-0.07327974329170046,-0.18588032444724023,trial_env,,
NUST,2013,Ottawa_KS_2013|PTIIIB,21,0.2742040864750862,0.19948022404704138,0.41520476601322304,0.0552306809250766,0.09291749849748182,0.1461988612722616,-0.3261859038163348,-0.3463288580360686,-0.39246272092642676,-0.403508857111442,0.04353477202329568,0.011695908901780927,trial_env,,
NUST,2013,Ottawa_KS_2013|UTIV,28,0.2384341726349282,0.23186422987575678,0.33753080925242984,0.035039694715580716,-0.02956474241627123,0.11059403644605163,0.06953189420123049,0.11552149351543017,0.0714481275059888,0.1995620113098308,-0.027374761496547433,0.08896797486377916,trial_env,,
NUST,2014,Ottawa_KS_2014|PTIIIA,23,0.004943154336005272,-0.20662385124502033,-0.07661889220808173,-0.2926347366915121,-0.37123089063399595,-0.38111719930600646,-0.3059812533987263,-0.07464163047367961,-0.1873455493345998,-0.05437469769605798,-0.2797825354178984,-0.2535838174370705,trial_env,,
NUST,2014,Ottawa_KS_2014|PTIIIB,26,0.08789330199371916,-0.04822161704713775,-0.042065665934737186,0.01060191580468986,0.06668947038433944,0.11456909014745495,-0.01538987778100141,-0.04856361433116,-0.22879618301088764,-0.1149110874314772,0.012311902224801127,0.15287278595794734,trial_env,,
NUST,2014,Ottawa_KS_2014|PTIV,36,-0.09695488012139872,-0.06965815424392657,-0.11613984312018812,-0.09901501037630228,0.0007725488455888344,0.020601302549035586,-0.31198097547695763,-0.18116270429058165,-0.03586145001028558,-0.23395354207248537,-0.12051761991185818,-0.14305029457486584,trial_env,,
NUST,2014,Ottawa_KS_2014|UTIII,16,0.22533161403404056,-0.11487494048794225,-0.04565542506572064,-0.2297498809758845,-0.44919047242079985,-0.033873379887470155,0.060382981538533755,0.004418266941843933,0.43151740465342414,0.07805604930590948,-0.42562638206429887,0.2297498809758845,trial_env,,
NUST,2015,Ottawa_KS_2015|PTIIIA,26,0.6176470949441899,0.4740082356548434,0.4521204094774192,0.33242136006963047,0.3064295664839392,0.3365253274778975,0.4514364149093747,0.28283175388640364,0.5944929110376997,0.4264706131757502,0.3419972840222536,0.7233242557070664,trial_env,,
NUST,2015,Ottawa_KS_2015|PTIIIB,26,0.14398085657336873,-0.1060191580468986,-0.00034199728402225355,-0.23016417214697665,-0.2595759385728904,-0.16244870991057045,-0.10191519063863155,-0.027017785437758034,-0.22435021831859836,-0.42270864305150535,-0.10909713360309888,-0.2995896208034941,trial_env,,
NUST,2015,Ottawa_KS_2015|PTIV,24,-0.02786852790257034,0.1040715338861611,0.017853275687584123,0.09144360718030892,0.00914436071803089,0.10755509987398239,0.2795561705226587,0.47376497434369574,0.084911920953144,-0.06618775376860456,0.11016777436484837,0.05530161005666301,trial_env,,
NUST,2015,Ottawa_KS_2015|UTIII,24,0.20869565217391303,0.11739130434782606,0.23043478260869563,0.027826086956521737,0.08956521739130434,-0.1060869565217391,0.08956521739130434,0.24434782608695652,0.09739130434782609,-0.006956521739130434,0.3426086956521739,0.32521739130434785,trial_env,,
NUST,2015,Ottawa_KS_2015|UTIV,13,-0.08253102718210943,0.2090786021946772,-0.041265513591054716,0.13755171197018234,0.12104550653376049,0.17606619132183343,-0.11829447229435683,-0.19257239675825533,0.4704268549380237,0.5116923685290784,0.3163689375314194,0.19257239675825533,trial_env,,
NUST,2016,Ottawa_KS_2016|PTIIIA,27,0.5410687275132563,0.5447328498214725,0.2158778726590701,0.5224427724464907,0.4387786464088879,0.4247328442273925,0.4054962021092575,0.5670229271964544,0.3462595581264293,0.20122138342620535,0.4400000205116266,0.45435116621880667,trial_env,,
NUST,2016,Ottawa_KS_2016|PTIIIB,28,0.49260686466970655,0.5851589048355548,0.29216871851171594,0.6289705214821102,0.11089815463659322,0.4676890077019783,0.5909091795204152,0.6229464241932088,0.5547645957870071,0.48795188040101023,0.33159917349361573,0.6007667932658901,trial_env,,
NUST,2016,Ottawa_KS_2016|PTIV,26,0.4246365967698018,0.36475633533973306,0.28468787148466973,0.3849445377647277,0.330196870171522,0.32609079510203154,0.13276309391352387,0.06740806572413455,0.2723696462761984,0.13652699606055677,0.23096672265883664,0.18614206981689943,trial_env,,
NUST,2016,Ottawa_KS_2016|UTIII,23,0.41957006469907887,0.2367185641824014,0.09587348946009576,0.3829997645957433,0.1922411721648312,0.511984201446697,0.0919199435029784,0.0474425514854082,0.27279467104109717,0.3246849617282624,0.3543365564066426,0.228317279023527,trial_env,,
NUST,2016,Ottawa_KS_2016|UTIV,13,-0.2087912087912088,-0.34065934065934067,-0.15384615384615383,0.13736263736263735,0.24175824175824176,0.15934065934065936,-0.005494505494505494,0.07142857142857142,-0.3867462340768809,-0.3548834168830705,0.2692307692307692,-0.25274725274725274,trial_env,,
NUST,2017,Ottawa_KS_2017|PTIV,27,0.5434284905322483,0.20699130144992378,0.025950236907438827,0.23202564764298245,0.1337200442995083,0.09555793120033354,0.43718516766414584,0.47687376528728753,0.42076335877862586,0.4415267175572519,0.089757290009259,0.41184552456629375,trial_env,,
NUST,2017,Ottawa_KS_2017|UTIV,15,0.5304693572221639,0.3225827172296943,0.33691972688434735,-0.05017953379128578,-0.3835150082619698,-0.16845986344217367,0.41218902757127596,0.4587843089488985,0.1792126206831635,0.05376378620494905,0.18279687309682677,0.27240318343840847,trial_env,,
NUST,2019,Ottawa_KS_2019|PTIIIA,28,0.11389460234920587,0.10403833868437075,0.03750855894673367,0.23846682366864982,0.36824096192231226,0.30527038850808785,0.37782344048534644,0.26146477221993175,0.05941136709081172,0.16563998658959025,0.23189598122542643,0.2565366403875142,trial_env,,
NUST,2019,Ottawa_KS_2019|PTIIIB,31,0.2502268386544522,0.4058876923540792,0.23712067869269604,0.42242161722891003,0.23732231192287692,0.27966529026085835,0.31051517447853055,0.5268676304625975,0.3567251461988304,0.45407803436730565,0.4260510153721656,0.33491279533041507,trial_env,,
NUST,2019,Ottawa_KS_2019|PTIV,24,0.2579382584158014,0.044367120334589796,0.05915616044611972,0.08438452298931784,-0.03175293906299073,0.07177034171771877,0.12309701034008737,0.09047412774112427,-0.19121166430224937,0.1903415315864257,0.24401916184024383,0.06176599105403677,trial_env,,
NUST,2019,Ottawa_KS_2019|UTIII,27,0.26450829614573507,0.2932193583139789,0.17287724667261672,0.31429449969279616,0.11820405382032273,0.008552231284157717,0.10537570689408617,0.079719013041613,-0.22021995556706123,-0.07299940274691766,0.13622482688336934,0.3222358573137997,trial_env,,
NUST,2019,Ottawa_KS_2019|UTIV,19,0.30377535851782905,0.6409133286647839,0.4293241338590128,0.5794558861900786,0.37576836255962676,0.33011426243555997,0.4679545262716847,0.46356470895206286,0.4073750472609037,0.2142230851975442,0.352063349033669,0.3318701893634087,trial_env,,
NUST,2020,Ottawa_KS_2020|PTIV,26,0.10841313903505438,0.2920656805550046,0.07831737804109606,0.1436388592893465,-0.008891929384578593,0.12346101953203353,-0.09917921236645352,-0.17749659040754961,0.11362081431974771,-0.13885089731303496,-0.21751027263815326,0.0854993210055634,trial_env,,
NUST,2020,Ottawa_KS_2020|UTIV,20,0.4406787475557582,0.371375423153827,0.47608370676109263,0.2983056137300517,0.371375423153827,0.3397369489703367,0.7065925900979507,0.705839293093582,0.7269316092159088,0.5838051783858336,0.50320239891837,0.33069738491791084,trial_env,,
NUST,2005,Ottawa_ONT_2005|PT0,15,-0.11828032965088792,0.2150551448197962,0.13620159171920423,0.23656065930177583,0.09677481516890828,0.2508976689564289,0.2473134165427656,0.12186458206455118,0.11111182482356136,-0.3870992606756331,-0.2688189310247452,-0.028674019309306156,trial_env,,
NUST,2006,Ottawa_ONT_2006|PT0,15,0.2254394038280234,0.19297612967678804,0.15149527937243176,0.19658316013803642,0.23626049521176853,0.10460388337620286,0.37873819843107936,0.46350341427041625,-0.05951600261059819,0.20740425152178155,0.2092077667524057,0.24888510182613782,trial_env,,
NUST,2007,Ottawa_ONT_2007|PT0,17,0.5882352941176471,0.6813725490196079,0.732843137254902,0.590686274509804,0.5784313725490197,0.44852941176470595,0.6348039215686275,0.627450980392157,0.6134017902189434,0.6068814387118383,0.5000000000000001,0.5073529411764706,trial_env,,
NUST,2007,Ottawa_ONT_2007|PT0RR,10,0.309090909090909,0.09090909090909088,0.28484848484848485,-0.04242424242424241,0.2121212121212121,0.17575757575757575,0.04242424242424241,-0.04242424242424241,-0.2727272727272727,-0.4545454545454545,0.17575757575757575,-0.09090909090909088,trial_env,,
NUST,2007,Ottawa_ONT_2007|UT0,11,0.6545454545454547,0.4000000000000001,0.46363636363636374,0.3545454545454546,0.26363636363636367,-0.2545454545454546,0.4727272727272727,0.46363636363636374,0.15454545454545454,-0.15454545454545454,0.33636363636363636,0.7090909090909092,trial_env,,
NUST,2008,Ottawa_ONT_2008|UT0,16,0.5974983221708391,0.3061075148067353,0.2693157462001565,0.31052252703952476,0.2295806361050515,0.1456954036820519,0.3679176860657877,0.39146441797399806,0.3181148748159057,0.30022083182968273,0.3414276126690509,0.37821938127562965,trial_env,,
NUST,2013,Ottawa_ONT_2013|UT0,18,0.3810015995603409,0.3665462543195691,0.19617968541047362,0.5110997067272866,0.5276201012881685,0.573051186330594,0.2953020527757656,0.27361903491460793,0.4202375366424356,0.5637584643900978,0.19204958677025313,0.36035110635923834,trial_env,,
NUST,2014,Ottawa_ONT_2014|UT0,14,0.5164835164835165,0.23956043956043957,0.3054945054945055,0.059340659340659345,0.08131868131868132,0.059340659340659345,0.3362637362637363,0.2,0.002197802197802198,-0.01098901098901099,0.43736263736263736,0.389010989010989,trial_env,,
NUST,2014,Ottawa_ONT_2014|UT00,15,0.5933871895815745,0.7506705410369316,0.7256481896690339,0.7202862572330558,0.6738161761212458,0.3967830002623781,0.5004470273579544,0.5272566895378449,0.6303183221078918,0.684257602862254,0.8060771762087052,0.7149243247970778,trial_env,,
NUST,2015,Ottawa_ONT_2015|UT0,14,0.42857142857142855,0.3450549450549451,0.2043956043956044,0.35824175824175825,0.3010989010989011,0.18681318681318684,0.3318681318681319,0.3230769230769231,0.178021978021978,0.3538461538461538,0.3626373626373627,0.45054945054945056,trial_env,,
NUST,2015,Ottawa_ONT_2015|UT00,13,0.5604395604395606,0.23076923076923078,0.2912087912087912,0.15934065934065936,-0.06043956043956044,0.10989010989010989,0.32417582417582413,0.23076923076923078,0.08241758241758242,0.2857142857142857,0.2087912087912088,0.6483516483516483,trial_env,,
NUST,2016,Ottawa_ONT_2016|UT0,23,0.2124505928853755,0.13438735177865613,0.06719367588932806,0.08300395256916995,-0.06027667984189724,-0.05138339920948617,0.09387351778656126,0.10375494071146245,-0.023715415019762844,0.13043478260869565,-0.15118577075098816,0.3675889328063241,trial_env,,
NUST,2017,Ottawa_ONT_2017|UT0,25,-0.12697192167259452,-0.38322434541183076,-0.4193921049185698,-0.11966141709144514,-0.0631011974372894,-0.05463640265911643,-0.3055021388122426,-0.23893807078388243,-0.07272028241248596,-0.16759669350093692,-0.45863797161737174,-0.10696422492418568,trial_env,,
NUST,2019,Palmyra_NE_2019|PTI,38,0.10537834452496651,0.05996607767360503,0.17563057420827752,0.008754171923154018,-0.010833287754903099,-0.01707063525015034,-0.0036110959183010324,0.028779340197368837,-0.12507523135206305,-0.01816490674054459,-0.0368769492262863,-0.00853531762507517,trial_env,,
NUST,2020,Palmyra_ONT_2020|PTI,35,0.4518840218026295,0.38548816739021585,0.38338703275691166,0.3529906183951104,0.3293178348598828,0.38744922638129986,0.17243311557316704,0.35046925683514546,0.3447261555041138,0.19302423497954851,0.3164308757756169,0.30676565646241744,trial_env,,
NUST,2020,Palmyra_ONT_2020|UTI,18,0.2509034923933952,0.1228704345465598,0.06917915222369332,0.4336603572231522,0.5503356438093813,0.348993335098632,0.09602479338512657,0.04026846174214985,0.2880743801553797,0.3830666488804511,0.31182244733664755,0.2880743801553797,trial_env,,
NUST,2008,Phillips_NE_2008|PTIIA,10,0.29696969696969694,0.8787878787878788,0.6484848484848483,-0.01818181818181818,-0.13939393939393938,-0.41818181818181815,-0.19999999999999998,0.07878787878787878,0.09090909090909088,-0.2727272727272727,-0.3939393939393939,-0.2121212121212121,trial_env,,
NUST,2008,Phillips_NE_2008|UTI,11,0.8545454545454546,0.5727272727272729,0.5181818181818182,0.7181818181818183,0.790909090909091,0.7272727272727273,0.7181818181818183,0.43636363636363645,0.4100238428203847,0.5454545454545455,0.46363636363636374,0.8000000000000002,trial_env,,
NUST,2008,Phillips_NE_2008|UTIRR,11,0.6636363636363638,0.48181818181818187,0.7181818181818183,0.3545454545454546,0.22727272727272727,0.15454545454545454,0.5181818181818182,0.5090909090909091,0.3272727272727273,0.4727272727272727,0.14545454545454548,0.4909090909090909,trial_env,,
NUST,2009,Phillips_NE_2009|PTI,16,0.5264705882352941,0.5764705882352941,0.4617647058823529,0.6382352941176471,0.6323529411764706,0.5852941176470587,0.5558823529411765,0.36764705882352944,0.5617647058823529,0.6681385178954703,0.4558823529411765,0.6058823529411764,trial_env,,
NUST,2009,Phillips_NE_2009|PTIIB,16,-0.22647058823529412,-0.16764705882352943,-0.3147058823529411,-0.02941176470588235,0.09705882352941177,0.0,0.29411764705882354,-0.05294117647058824,0.2119205871738937,0.5029411764705883,-0.19117647058823528,-0.1411764705882353,trial_env,,
NUST,2009,Phillips_NE_2009|UTIRR,18,0.37913243371169514,0.661157377589877,0.6126036326731205,0.6291325671128674,0.5103308508271863,0.7169425313240229,0.43285147064087265,0.38119855051666346,0.3780993753092109,0.655992085577456,0.5712812965737532,0.3068183455378023,trial_env,,
NUST,2010,Phillips_NE_2010|PTI,20,0.4992481203007519,0.5338345864661653,0.5037593984962406,0.5368421052631579,0.47518796992481205,0.524812030075188,0.5624060150375939,0.6917293233082705,0.5603610776121272,0.5633697276932661,0.6345864661654135,0.5022556390977443,trial_env,,
NUST,2010,Phillips_NE_2010|PTIIA,14,0.24422457022770955,0.44004427068055774,0.3828385154920852,0.3520354165444462,0.022002213534027888,0.22222235669368165,0.5236526821098638,0.48624891910201623,0.4110519822215458,-0.00441991378732845,0.5940597654187529,-0.16281638015180636,trial_env,,
NUST,2010,Phillips_NE_2010|PTIIB,21,-0.09746590751484106,0.12605590705252778,-0.04873295375742053,0.014944772485608965,0.0038986363005936433,0.05912931722567025,0.3288917950742873,0.14689633534938523,0.13389665965474937,-0.12869678937689502,0.31513976763131946,-0.12800522520282462,trial_env,,
NUST,2010,Phillips_NE_2010|UTI,11,0.5545454545454546,0.5,0.30000000000000004,0.4000000000000001,0.21818181818181823,-0.05454545454545456,0.4272727272727273,0.45454545454545453,0.39090909090909093,0.38181818181818183,0.27272727272727276,0.6272727272727273,trial_env,,
NUST,2011,Phillips_NE_2011|PTI,22,0.3140355956912694,0.360350197933507,0.23552669676845206,0.2564247489997056,0.24061000677064884,0.29313754346001586,0.24964700233010986,0.19090653119361342,0.18153556561512735,0.4100536735105424,0.3360632723674556,0.3258966523630619,trial_env,,
NUST,2011,Phillips_NE_2011|PTIIA,17,0.28186274509803927,0.45098039215686275,0.2303921568627451,0.5588235294117647,0.5490196078431373,0.5343137254901961,0.5245098039215687,0.42997672783227414,0.6011091691724716,0.49662792902910313,0.1985294117647059,0.28921568627450983,trial_env,,
NUST,2011,Phillips_NE_2011|PTIIB,13,-0.2857142857142857,0.21978021978021978,0.23076923076923078,0.1043956043956044,0.005494505494505494,-0.12087912087912088,0.3516483516483516,0.4450549450549451,0.18131868131868134,-0.16483516483516483,0.38461538461538464,0.04395604395604395,trial_env,,
NUST,2011,Phillips_NE_2011|PTIIIB,10,0.01818181818181818,0.22424242424242422,-0.0303030303030303,0.2727272727272727,0.13939393939393938,0.1515151515151515,0.24848484848484845,0.309090909090909,-0.04242424242424241,0.06666666666666665,-0.006060606060606061,0.01818181818181818,trial_env,,
NUST,2011,Phillips_NE_2011|UTII,11,0.02727272727272728,0.10000000000000002,0.02727272727272728,0.009090909090909092,0.05454545454545456,-0.15454545454545454,0.045454545454545456,0.045454545454545456,0.173121178079718,-0.173121178079718,0.14545454545454548,-0.10000000000000002,trial_env,,
NUST,2012,Phillips_NE_2012|PTI,19,0.6315789473684211,0.6403508771929824,0.5754385964912281,0.6596491228070176,0.6035087719298246,0.543859649122807,0.5807017543859649,0.7,0.5,0.38421052631578945,0.763157894736842,0.6491228070175438,trial_env,,
NUST,2012,Phillips_NE_2012|PTIIB,14,0.5736263736263736,0.49890109890109896,0.5076923076923077,0.4461538461538462,0.27472527472527475,0.4901098901098901,0.5208791208791209,0.3494505494505495,0.34323453113083496,0.45494505494505494,0.27472527472527475,0.2703296703296703,trial_env,,
NUST,2012,Phillips_NE_2012|PTIIIA,13,0.16483516483516483,0.14835164835164835,0.18131868131868134,0.35714285714285715,0.34065934065934067,0.33516483516483514,0.32967032967032966,-0.016483516483516484,-0.054945054945054944,0.10989010989010989,-0.14835164835164835,0.16483516483516483,trial_env,,
NUST,2012,Phillips_NE_2012|PTIIIB,10,0.38181818181818183,0.49090909090909085,0.38181818181818183,0.6242424242424242,0.49090909090909085,0.6363636363636362,0.2606060606060606,0.35757575757575755,-0.01818181818181818,0.33333333333333326,0.09090909090909088,0.5393939393939393,trial_env,,
NUST,2012,Phillips_NE_2012|UTII,16,-0.15588235294117647,0.17058823529411765,0.08529411764705883,0.21764705882352942,0.2088235294117647,0.37941176470588234,0.21470588235294116,0.18823529411764706,0.18235294117647058,0.36176470588235293,0.12352941176470587,0.10588235294117648,trial_env,,
NUST,2012,Phillips_NE_2012|UTIIRR,20,0.39097744360902253,0.393984962406015,0.28120300751879695,0.3533834586466165,0.23308270676691725,0.3233082706766917,0.26315789473684204,0.38796992481203,-0.08123355219075132,0.3639097744360902,0.3082706766917293,0.15037593984962402,trial_env,,
NUST,2013,Phillips_NE_2013|PTIA,28,0.685823754789272,0.7268746579091406,0.746031746031746,0.6973180076628351,0.6808976464148878,0.6491516146688561,0.5758073344280241,0.5769020251778874,0.5084838533114395,0.5971538040503558,0.4920634920634921,0.6119321291735085,trial_env,,
NUST,2013,Phillips_NE_2013|PTIB,28,0.6481456198646514,0.6549883734527495,0.5830026057059576,0.6722321124947568,0.6092787794842542,0.6117421707759695,0.7110989528751538,0.6585466053185605,0.6095524896277781,0.6894758515367639,0.5504310986266107,0.7310797933524003,trial_env,,
NUST,2013,Phillips_NE_2013|PTIIA,16,0.3061075148067353,-0.10154528135415737,0.2325239775935778,-0.09860193986563108,-0.15158208665910447,-0.07799854944594697,0.10154528135415737,0.04415012232789452,-0.09601223580635435,-0.0898379970544919,-0.35467264936741927,0.33406925894773515,trial_env,,
NUST,2013,Phillips_NE_2013|PTIIB,14,-0.3274725274725274,0.1912087912087912,-0.11208791208791209,0.3230769230769231,0.1252747252747253,0.6571428571428571,-0.006593406593406593,-0.27472527472527475,0.3142857142857143,0.3758241758241759,0.14285714285714285,-0.0989010989010989,trial_env,,
NUST,2013,Phillips_NE_2013|UTII,20,0.21511848080143406,0.31139528339788003,0.2722828323430739,0.3068823082761717,0.45656264981283384,0.314403933479019,0.18653630503061416,0.1526889916178011,0.458819137373688,0.447536699569417,0.2880782452690533,0.4054155984334719,trial_env,,
NUST,2014,Phillips_NE_2014|PTI,20,0.4842105263157894,0.4541353383458646,0.41052631578947363,0.4330827067669173,0.23458646616541348,0.3278195488721804,0.4842105263157894,0.47518796992481205,0.42105263157894735,0.41503759398496237,0.4631578947368421,0.4977443609022556,trial_env,,
NUST,2014,Phillips_NE_2014|PTIIA,21,0.12796363130239174,-0.09938292177292352,0.20136408986670776,-0.13186100078368285,-0.11302371495744243,-0.15524521767142954,-0.06365703486108827,-0.0669048427621642,-0.08249432068732866,0.08184475910711349,-0.1760311882383155,0.08769081332905015,trial_env,,
NUST,2014,Phillips_NE_2014|PTIIB,23,0.3929807697124192,0.4755314471237071,0.4251112728964534,0.498764272502932,0.3346515485475569,0.5501730775973868,0.4241226420292523,0.4823238713522281,0.48367952522255186,0.49171818560716635,0.4794859705925114,0.4379634741700671,trial_env,,
NUST,2014,Phillips_NE_2014|UTI,15,0.6285714285714286,0.6,0.7178571428571427,0.48571428571428565,0.4357142857142856,0.4142857142857142,0.6392857142857141,0.5535714285714285,0.5469171084697645,0.47142857142857136,0.39642857142857135,0.5249999999999999,trial_env,,
NUST,2014,Phillips_NE_2014|UTII,21,0.5566742742444147,0.3572588691183524,0.5040597862469847,0.20331277460735334,0.27281586369037825,0.15524521767142954,0.6268269249076548,0.5384865499983895,0.21802827428285432,0.2930474333983106,0.3228321053669477,0.390386509709327,trial_env,,
NUST,2014,Phillips_NE_2014|UTIIRR,13,0.5659340659340659,0.42857142857142855,0.3626373626373627,0.2087912087912088,0.30769230769230765,0.19780219780219782,0.35714285714285715,0.2582417582417582,0.15600398929587578,0.1045393010973386,-0.21428571428571427,0.13736263736263735,trial_env,,
NUST,2014,Phillips_NE_2014|UTIRR,10,0.406060606060606,0.3939393939393939,0.41818181818181815,0.32121212121212117,0.34545454545454546,0.406060606060606,0.5636363636363636,0.4424242424242424,0.7744046403152623,0.8693049274624923,0.006060606060606061,0.3696969696969697,trial_env,,
NUST,2017,Phillips_NE_2017|PTI,19,0.5054849104434401,0.6020184870906248,0.19218957532484962,0.7099605773415678,0.7187363570367664,0.6853883941950116,0.550241386888953,0.5440983411023139,0.6801229263778924,0.6871435501340514,0.5932427073954262,0.6441422296275782,trial_env,,
NUST,2017,Phillips_NE_2017|PTIIA,24,0.6182608695652172,0.37130434782608696,0.4017391304347826,0.35913043478260864,0.3608695652173913,0.28782608695652173,0.3913043478260869,0.45999999999999996,0.3504347826086956,0.30491520935830824,0.29913043478260865,0.5104347826086956,trial_env,,
NUST,2017,Phillips_NE_2017|PTIIB,28,0.1718664477285167,0.20744389709906952,0.1417624521072797,0.26491516146688554,0.2764094143404488,0.1691297208538588,0.04980842911877395,0.06349206349206349,0.042151362102684255,0.307608100711549,-0.14833059660645867,0.013683634373289545,trial_env,,
NUST,2017,Phillips_NE_2017|UTI,18,0.2239422084623323,0.15789473684210525,0.20949432404540763,-0.011351909184726523,-0.027863777089783277,-0.07533539731682146,0.1991744066047472,0.23632610939112486,-0.15170278637770898,-0.10216718266253869,-0.1991744066047472,0.07120743034055728,trial_env,,
NUST,2017,Phillips_NE_2017|UTII,34,0.48498739541038477,0.47688899214738834,0.45014898137334386,0.5079074046452801,0.4516769819890036,0.5309802139417413,0.5409122179435293,0.5260906119716304,0.3673313480045888,0.459469785128868,0.18947207634180122,0.43303537447795537,trial_env,,
NUST,2019,Phillips_NE_2019|PTI,38,0.8303971988182514,0.7087208666156034,0.6450377503009082,0.7231644600065653,0.7743735638472481,0.7106904475325527,0.6990918043549622,0.6262173104278367,0.5710690447532553,0.5887952730057994,0.2968596126490863,0.7640879746142903,trial_env,,
NUST,2019,Phillips_NE_2019|PTIIA,32,0.07533681637359851,0.17230318100044426,0.06433874099059142,0.2027311895600972,0.15800568300253506,0.15947209305360266,0.13252680836523534,0.08010264903956824,0.07771973270658337,0.11089726011198807,0.16295481692488825,0.11584639403434126,trial_env,,
NUST,2019,Phillips_NE_2019|PTIIB,35,0.46106442577030815,0.5719887955182072,0.34985994397759107,0.6691876750700281,0.6212885154061625,0.5492997198879552,0.3081232492997199,0.38851540616246505,0.365546218487395,0.6140056022408964,0.40504201680672275,0.3582633053221289,trial_env,,
NUST,2019,Phillips_NE_2019|PTIIIA,28,0.584918576710625,0.5731490405390963,0.4915834177689671,0.6629259676149433,0.6462296488599839,0.6506090111563667,0.5367455914504143,0.240591216157529,0.28192144782964146,0.5104694176721177,0.38565759222520857,0.5219652437001225,trial_env,,
NUST,2019,Phillips_NE_2019|PTIIIB,31,0.4258064516129033,0.48588709677419356,0.45725806451612905,0.5592741935483871,0.5600806451612904,0.628225806451613,0.530241935483871,0.4713709677419356,0.23389454700980222,0.6197580645161291,0.6294354838709677,0.36935483870967745,trial_env,,
NUST,2019,Phillips_NE_2019|UTI,13,0.8363144087787088,0.8995881962849928,0.8280613060604979,0.8830819908485709,0.8335633745393052,0.8280613060604979,0.718019936484352,0.7345261419207739,0.8280613060604979,0.8280613060604979,0.7785426897512322,0.7977999294270577,trial_env,,
NUST,2019,Phillips_NE_2019|UTII,35,0.30420168067226894,0.46750700280112045,0.3700280112044818,0.4246498599439776,0.3551820728291317,0.31232492997198885,0.4170868347338936,0.44257703081232497,0.3357377975878107,0.3212885154061625,0.5011204481792717,0.31764705882352945,trial_env,,
NUST,2019,Phillips_NE_2019|UTIII,27,0.08485958485958486,0.15384615384615385,0.23748473748473747,0.03418803418803419,-0.17155067155067155,0.14041514041514042,0.23931623931623933,0.19352869352869354,0.48656898656898656,0.5347985347985348,0.3705738705738706,0.16788766788766787,trial_env,,
NUST,2019,Phillips_NE_2019|UTIIIRR,37,0.0651967757230915,0.015884305357989566,0.07847321005215742,0.24442863916548122,0.138217164532954,0.3423423423423423,-0.059743954480796585,0.019203413940256042,0.07765263836431555,0.2231444217352909,0.11901375059269793,0.17093409198672352,trial_env,,
NUST,2019,Phillips_NE_2019|UTIIRR,25,0.3977688090506554,0.44316215476436666,0.5177918926326714,0.41815734568477997,0.32083093495961956,0.36045394011650306,0.35506828893013054,0.42700520120524915,0.5143296882985747,0.5062512115190161,0.2881323384709294,0.3754568255642551,trial_env,,
NUST,2005,PineTree_AR_2005|UTII,11,0.24545454545454545,0.33636363636363636,0.26363636363636367,0.2545454545454546,0.36363636363636365,0.6181818181818182,-0.10000000000000002,0.17272727272727276,0.15454545454545454,0.3181818181818182,-0.36363636363636365,0.22727272727272727,trial_env,,
NUST,2017,Pontiac_IL_2017|UTII,34,0.6789944397855933,0.5269351403062628,0.5290746681381328,0.457858956020175,0.3432413935985691,0.3716665490791274,0.5379384262987369,0.5458852439599683,0.5102773879009894,0.494689399411651,0.3848093629034715,0.569420050110538,trial_env,,
NUST,2017,Pontiac_IL_2017|UTIIRR,16,0.5205882352941177,0.5352941176470588,0.4970588235294117,0.37941176470588234,0.3029411764705882,0.2323529411764706,0.4823529411764706,0.33529411764705885,0.1545254281476308,0.16176470588235295,0.2088235294117647,0.4647058823529412,trial_env,,
NUST,2019,Pontiac_IL_2019|UTII,35,0.32796302772375124,0.34799665137368563,0.28327263650466683,0.2319977675824571,0.13785374595479336,0.07130849257214411,0.41145980881019106,0.3733538952942319,0.3457793421367598,0.13841412703591038,0.48374896827429004,0.3527598905631805,trial_env,,
NUST,2019,Pontiac_IL_2019|UTIIRR,25,-0.10694364498653985,-0.12194653043429185,0.1434891351797819,-0.2900557853232052,-0.33429506292555083,-0.308905564475509,-0.1661858080366375,-0.12463935602747812,-0.34006540348237857,-0.34160416096419927,-0.26235815065043233,-0.24543181835040445,trial_env,,
NUST,2020,Pontiac_IL_2020|UTII,39,0.5042774142790253,0.3258921896334436,0.4236902185821564,0.2830675868950321,0.20612503823973008,0.14467223951108757,0.6037965265529225,0.5452796934966534,0.24570995471897097,0.26403443012240474,0.31323716518355843,0.599443198142162,trial_env,,
NUST,2008,PortagevilleClay_MO_2008|UTIV,18,0.33660303917797046,0.3882292721807268,0.3779040255801755,0.4026846174214985,0.30046467607604116,0.4202375366424356,0.5658235137102081,0.5472380698292159,0.5485537190082646,0.44914822712397906,0.5327827245884441,0.47702639294546745,trial_env,,
NUST,2010,PortagevilleClay_MO_2010|PTIV,16,0.2796174414099986,-0.03384842711805246,-0.21486392866241996,-0.013245036698368353,0.16482712335747285,-0.014716707442631503,0.03384842711805246,-0.09271525688857848,0.07799854944594697,0.023546731908210407,0.09713026912136795,0.2781457706657354,trial_env,,
NUST,2011,PortagevilleClay_MO_2011|PTIV,18,-0.003095975232198142,0.2239422084623323,0.2507739938080495,0.28586171310629516,0.3828689370485036,0.413828689370485,0.15170278637770898,0.21775025799793604,-0.15583075335397317,0.054695562435500514,0.17027863777089783,0.052631578947368425,trial_env,,
NUST,2011,PortagevilleClay_MO_2011|UTIV,13,-0.1623110201248152,-0.06327378750628389,0.21458067067348452,-0.01925723967582553,0.17606619132183343,0.008253102718210942,0.5612109848383441,0.46767582069862007,0.3650137741046832,0.2916096293767866,0.2310868761099064,0.3163689375314194,trial_env,,
NUST,2012,PortagevilleClay_MO_2012|PTIV,18,-0.07946336429308565,-0.034055727554179564,-0.07533539731682146,0.08771929824561403,-0.07327141382868937,0.11867905056759545,0.08771929824561403,0.05056759545923632,0.005159958720330237,0.01547987616099071,0.17853457172342618,0.14344685242518057,trial_env,,
NUST,2014,PortagevilleClay_MO_2014|PTIV,36,0.3122466059622364,0.17015251981948745,0.14453954595861146,-0.033721603776630645,-0.14955917400169771,-0.10309543750030972,-0.07876954775304562,0.015187592540619908,-0.14364783112369675,-0.0754231290576548,-0.15470751045614514,0.11532273657962233,trial_env,,
NUST,2014,PortagevilleClay_MO_2014|UTIII,16,0.35346135534751466,-0.033873379887470155,0.3357882875801389,-0.34020655452198284,-0.5434468338468038,-0.23711365921229102,0.4418266941843933,0.44919047242079985,0.058910225891252437,-0.03829164682931409,0.1340207639025993,0.4226808707697362,trial_env,,
NUST,2014,PortagevilleClay_MO_2014|UTIIIRR,12,0.6713286713286714,0.5454545454545455,0.39860139860139865,0.3356643356643357,0.32867132867132864,0.2377622377622378,0.4055944055944056,0.6363636363636365,0.6444843508712786,0.5454545454545455,0.6853146853146854,0.32867132867132864,trial_env,,
NUST,2015,PortagevilleClay_MO_2015|PTIV,24,-0.2748423635313472,-0.24657534829473715,-0.27092846911397045,-0.2317895249402027,-0.24266145387736038,-0.23570341935757944,-0.2961513442481764,0.0017395086299452356,-0.24787997976719608,-0.20134812391616103,-0.46662318998280944,-0.30919765897276563,trial_env,,
NUST,2015,PortagevilleClay_MO_2015|UTIII,24,-0.03569098957387337,-0.10881399260327247,-0.07399351497022527,-0.010881399260327246,0.21545170535447947,0.05005443659750533,0.2589773023957885,0.19586518668589042,0.11273129633699026,0.03394996569222101,0.11534283215946882,0.256801022543723,trial_env,,
NUST,2015,PortagevilleClay_MO_2015|UTIV,13,-0.08241758241758242,-0.11538461538461539,-0.13736263736263735,-0.22527472527472525,-0.20329670329670327,-0.13186813186813187,0.1043956043956044,-0.1043956043956044,0.26373626373626374,0.14835164835164835,0.1043956043956044,0.42857142857142855,trial_env,,
NUST,2016,PortagevilleClay_MO_2016|PTIV,26,-0.11557531370831267,0.10463327217379785,0.011283980332468397,0.04000683936056977,0.07625235194365007,-0.18669858368265893,-0.05060694209713099,-0.01538724590791145,0.09608480222495816,-0.033510002199451605,0.08890408746793284,-0.03214224700763726,trial_env,,
NUST,2016,PortagevilleClay_MO_2016|UTIII,23,0.3647146145440756,-0.08005930563162635,-0.10723993408680814,0.021744502764145426,-0.10476896786360979,0.2490733952983931,-0.06375092855851729,-0.20854954923794028,-0.04447739201757019,0.08450704483338338,0.2975043332730806,0.2031134235469039,trial_env,,
NUST,2016,PortagevilleClay_MO_2016|UTIIIRR,15,0.27703317585886766,0.2752458650468749,0.09830209465959819,0.3592494732105315,0.44146577056219555,0.39142106782640007,0.1537087298313717,0.3842718245784293,0.05361932435978083,0.24843620286698453,0.06791781085572238,0.5487044192817572,trial_env,,
NUST,2016,PortagevilleClay_MO_2016|UTIV,13,-0.07142857142857142,-0.4505494505494505,-0.18131868131868134,-0.4230769230769231,-0.4450549450549451,-0.15934065934065936,-0.16483516483516483,0.005494505494505494,-0.16574838603294895,-0.12654757501256778,-0.532967032967033,-0.06593406593406594,trial_env,,
NUST,2019,PortagevilleClay_MO_2019|UTIV,19,0.3018868215148323,0.20184293298956807,0.36156212344218286,-0.19569988720292902,-0.23343573989228308,-0.05177710020167182,0.2509872992826803,0.29925408760627265,0.2062308228371674,-0.07196139350062863,-0.015796403451357504,0.21149629065428657,trial_env,,
NUST,2019,PortagevilleClay_MO_2019|UTIVRR,30,-0.08793412468627342,-0.18944794964055361,-0.10796974803251295,-0.007791631301315366,-0.04719502388225308,-0.026268928387291807,-0.13579700268006784,0.05899377985281634,-0.17742657563280992,-0.1077471299953325,-0.16629567377378798,-0.2804987268473532,trial_env,,
NUST,2020,PortagevilleClay_MO_2020|UTIV,20,0.20601503759398496,-0.012030075187969924,0.11278195488721804,-0.4601503759398496,-0.47368421052631576,-0.431578947368421,0.12180451127819547,0.22556390977443608,0.3744360902255639,-0.003007518796992481,0.024060150375939848,0.17744360902255638,trial_env,,
NUST,2020,PortagevilleClay_MO_2020|UTIVRR,21,0.3598571154392132,0.34491719909426394,0.45794091405170634,-0.050016241676569345,-0.2533290162839227,-0.09288730597077165,0.28255928739360603,0.3468658838349095,0.08509256700818942,0.029230271109683383,-0.5319909341962377,0.42611239662116224,trial_env,,
NUST,2005,PortagevilleLoam_MO_2005|UTI,12,0.2447552447552448,-0.02097902097902098,-0.034965034965034975,0.17482517482517487,0.5244755244755246,0.35664335664335667,-0.09090909090909093,0.013986013986013986,0.4436729735785192,0.3012263813854889,0.2797202797202798,0.20979020979020982,trial_env,,
NUST,2005,PortagevilleLoam_MO_2005|UTII,11,0.21818181818181823,0.24545454545454545,0.3454545454545455,0.045454545454545456,-0.21818181818181823,0.009090909090909092,-0.009090909090909092,0.2545454545454546,-0.21818181818181823,0.09090909090909091,-0.5636363636363637,0.10000000000000002,trial_env,,
NUST,2007,PortagevilleLoam_MO_2007|PTIIIA,11,0.3545454545454546,0.5272727272727273,0.4090909090909091,0.6181818181818182,0.5454545454545455,0.6545454545454547,0.5636363636363637,0.3454545454545455,0.23636363636363636,-0.5272727272727273,0.6363636363636364,0.4090909090909091,trial_env,,
NUST,2007,PortagevilleLoam_MO_2007|PTIIIB,10,-0.01818181818181818,0.2606060606060606,0.28484848484848485,0.2606060606060606,0.2606060606060606,0.07878787878787878,0.05454545454545454,0.006060606060606061,-0.1036604636642477,0.14589733048321551,-0.18787878787878787,0.05454545454545454,trial_env,,
NUST,2007,PortagevilleLoam_MO_2007|UTIV,12,0.5849396010625192,0.4098079839779326,0.22416846986827083,0.6304738215045116,0.7145369977051133,0.6514896155546621,0.29422111670210543,0.29071848436041375,0.03852895575860905,0.49387116017853416,0.6725054096048123,0.5253948512537597,trial_env,,
NUST,2008,PortagevilleLoam_MO_2008|UTIV,18,0.5376676986584108,0.543859649122807,0.4097007223942208,0.5995872033023736,0.5541795665634675,0.6470588235294118,0.696594427244582,0.5583075335397317,0.6195147960330746,0.6656346749226005,0.5314757481940144,0.6181630546955624,trial_env,,
NUST,2011,PortagevilleLoam_MO_2011|UTIV,13,-0.07692307692307691,-0.43956043956043955,0.027472527472527472,-0.5934065934065934,-0.7142857142857143,-0.6538461538461539,-0.35714285714285715,0.005494505494505494,-0.5061903000502711,-0.16483516483516483,-0.6428571428571429,-0.7142857142857143,trial_env,,
NUST,2013,PortagevilleLoam_MO_2013|UTIIIRR,12,0.0979020979020979,0.07692307692307693,0.04895104895104895,-0.02097902097902098,0.1188811188811189,-0.06293706293706294,0.2027972027972028,0.1958041958041958,-0.024561554703787635,0.04195804195804196,-0.1958041958041958,0.11188811188811189,trial_env,,
NUST,2013,PortagevilleLoam_MO_2013|UTIV,28,0.14041330362777288,0.2701519116581127,0.21842069453209115,-0.0016422608611435423,-0.2917750129965027,-0.005200492726954551,-0.04434104325087565,-0.040235391098016784,0.05611057942240437,0.009306144879813405,0.35308608514586165,0.16696318754959347,trial_env,,
NUST,2014,PortagevilleLoam_MO_2014|UTIII,16,0.5095734539593336,0.06480124848037767,0.350515844052952,-0.10162013966241044,-0.23269539227044714,-0.10898391789881702,0.5714291911451487,0.6715765751602778,-0.1885127228520078,-0.020618579061938352,0.47570007407186343,0.620030127505432,trial_env,,
NUST,2014,PortagevilleLoam_MO_2014|UTIIIRR,12,0.44755244755244755,0.31468531468531474,0.23076923076923078,0.4825174825174825,0.5034965034965035,0.5524475524475525,0.6083916083916086,0.49650349650349657,0.3117342784105641,0.21678321678321683,0.4545454545454546,0.4825174825174825,trial_env,,
NUST,2015,PortagevilleLoam_MO_2015|UTIII,24,0.008264463591737313,-0.11135277260446065,0.06698565226987085,-0.1035232807807095,-0.030882995527018384,-0.1561548647070366,-0.03305785436694925,0.09134407127709664,0.15919966708293984,-0.09482384542098601,0.19269249321787527,0.22531537581683833,trial_env,,
NUST,2015,PortagevilleLoam_MO_2015|UTIV,13,0.33516483516483514,0.11538461538461539,0.1868131868131868,0.17032967032967034,-0.03846153846153846,0.18131868131868134,0.4010989010989011,0.16483516483516483,0.5054945054945055,-0.34615384615384615,0.14285714285714285,0.6483516483516483,trial_env,,
NUST,2016,PortagevilleLoam_MO_2016|UTIII,23,0.734371161534548,0.4773906743219201,0.43192489581507054,0.37904621863862603,-0.02816901494446112,0.38398815108502266,0.41166297278484415,0.25154436152159143,0.25105016827695176,0.2016308438129849,0.516431940648454,0.6360267058512538,trial_env,,
NUST,2016,PortagevilleLoam_MO_2016|UTIIIRR,15,0.7006258383011362,0.33243981103064113,0.502234338169947,0.5218947571018667,0.43610383812621745,0.3592494732105315,0.4700627435540786,0.1322610000874594,-0.2859697299188311,0.008936554059963471,0.6487938247533481,0.7095623923610996,trial_env,,
NUST,2016,PortagevilleLoam_MO_2016|UTIV,13,0.060522753266880246,-0.03576344511224741,0.1568089516460079,-0.4594227179804091,-0.6850075256115081,-0.24209101306752098,0.01925723967582553,0.20082549947646627,-0.16321025703436767,-0.05234159779614325,0.14305378044898964,0.0,trial_env,,
NUST,2019,PortagevilleLoam_MO_2019|UTIV,19,0.14210526315789473,0.0,0.26842105263157895,-0.27368421052631575,-0.24912280701754386,-0.32631578947368417,0.015789473684210527,-0.02631578947368421,-0.13157894736842105,-0.15614035087719297,-0.22456140350877193,-0.07894736842105264,trial_env,,
NUST,2019,PortagevilleLoam_MO_2019|UTIVRR,30,0.3819799777530589,0.3730812013348164,0.41713014460511677,0.35661846496106786,0.29343715239154616,0.3081201334816463,0.40200222469410457,0.5301446051167964,0.3032258064516129,0.43359288097886545,0.21913236929922134,0.35706340378198,trial_env,,
NUST,2020,PortagevilleLoam_MO_2020|UTIV,20,0.37457693510179774,0.3083866333167411,0.30387365819503276,0.014291087885409956,-0.1263633034078354,-0.2610003945388029,0.23016173120712877,0.21436631828114935,0.10981572796157124,0.019556225527403093,0.09477247755587653,0.30387365819503276,trial_env,,
NUST,2020,PortagevilleLoam_MO_2020|UTIVRR,21,0.007147499884421679,-0.18063681526083877,-0.1189084071681061,-0.33528272185105323,-0.3716699939899273,-0.30344385872953855,-0.21247567838235354,-0.29369726797805445,-0.2858999953768671,-0.10916181641662201,-0.2280702235847281,-0.03898636300593643,trial_env,,
NUST,2008,Queenstown_MD_2008|UTIV,18,-0.037170887761984475,-0.1063500399856778,0.10428499066556755,-0.23128552385234785,-0.08982964542479581,-0.33453798985786026,-0.37996907490028575,-0.2519360170534503,-0.569214876033058,-0.5193599040077275,-0.23541562249256834,-0.16933404424904036,trial_env,,
NUST,2011,Ridgetown_ONT_2011|PTI,22,0.47374364765669114,0.5742518351214004,0.22190852625635235,0.4703557312252965,0.4059853190287973,0.5719932241671373,0.4861660079051384,0.4624505928853756,0.7383948054780707,0.5640880858272164,0.3935629587803502,0.5821569734613213,trial_env,,
NUST,2012,Ridgetown_ONT_2012|PTI,19,0.5842105263157895,0.6368421052631579,0.487719298245614,0.6052631578947367,0.5807017543859649,0.5614035087719299,0.5596491228070175,0.38596491228070173,0.11578947368421051,0.43684210526315786,0.5736842105263157,0.4789473684210526,trial_env,,
NUST,2014,Ridgetown_ONT_2014|PTI,20,0.5250094391587447,0.6746897806954069,0.6453554424043022,0.6122602915117739,0.3783377477032214,0.47611887534023684,0.5889432533829471,0.5972170411060792,0.5611132401324119,0.34373827177012367,0.4114328985957497,0.5490786398078562,trial_env,,
NUST,2014,Ridgetown_ONT_2014|UTI,15,0.48614854086201287,0.34852560833857543,0.509383581417918,0.4271672840662539,0.45755156787012974,0.36818602727049504,0.584450635521611,0.48793585167400566,0.2862254025044722,0.22877578393506487,0.21626460825111604,0.4700627435540786,trial_env,,
NUST,2015,Ridgetown_ONT_2015|PTI,42,0.31589610833505793,0.32870051703617115,0.2922322644064184,0.31654443282625355,0.2745654220213382,0.33753393822871125,0.2595729181624399,0.3081162144407107,0.26484055465340417,0.18679849402573334,0.20025122721804214,0.3310506933167552,trial_env,,
NUST,2015,Ridgetown_ONT_2015|UTI,12,0.5454545454545455,0.4055944055944056,0.5804195804195805,0.44055944055944063,0.4685314685314686,0.46153846153846156,0.4265734265734266,0.4685314685314686,0.3216783216783217,0.4055944055944056,0.3706293706293707,0.4685314685314686,trial_env,,
NUST,2016,Ridgetown_ONT_2016|PTI,32,0.16715542521994134,0.2412023460410557,0.10227272727272727,0.32624633431085037,0.22470674486803516,0.22947214076246328,0.21444281524926684,0.08504398826979472,0.1386138707059352,0.31598240469208205,0.23973607038123165,0.2701612903225806,trial_env,,
NUST,2016,Ridgetown_ONT_2016|UTI,14,0.38461538461538464,0.3054945054945055,0.26153846153846155,0.4813186813186813,0.5120879120879122,0.3538461538461538,0.3010989010989011,0.3274725274725274,0.5340659340659341,0.5736263736263736,0.37142857142857144,0.3230769230769231,trial_env,,
NUST,2017,Ridgetown_ONT_2017|PTI,19,0.7210526315789473,0.7824561403508771,0.6666666666666666,0.7105263157894737,0.6263157894736843,0.5789473684210525,0.5052631578947369,0.5719298245614035,0.4385964912280701,0.5473684210526315,0.6982456140350877,0.7543859649122807,trial_env,,
NUST,2017,Ridgetown_ONT_2017|UTI,18,0.48813209494324045,0.45304437564499483,0.42002063983488136,0.48194014447884415,0.2652218782249742,0.34365325077399383,0.32714138286893707,0.3353973168214654,0.2961816305469556,0.32714138286893707,0.3457172342621259,0.5025799793601652,trial_env,,
NUST,2019,Riley_KS_2019|PTIV,24,0.42270059707669233,0.3605131635561501,0.27092846911397045,0.42965863159647316,0.38486628437538345,0.4105240366670756,0.38834530163527387,0.1417699533405367,0.5132666376685515,0.5880817746846454,0.3705153381783352,0.3861709158478424,trial_env,,
NUST,2019,Riley_KS_2019|UTIV,19,0.5452153110970285,0.5750660688704567,0.6646183421907417,0.30553128544567776,0.2344162448678045,0.38279207027102163,0.42054449921976916,0.45390711084889496,0.5065849186843566,0.14925378886714147,0.47322230705523083,0.4776121243748526,trial_env,,
NUST,2007,Rippey_IA_2007|PTIIA,14,0.11208791208791209,0.2923076923076923,0.2967032967032967,0.17362637362637365,-0.15164835164835166,0.26593406593406593,-0.16483516483516483,-0.032967032967032975,-0.03736263736263736,-0.03736263736263736,-0.059340659340659345,-0.16043956043956045,trial_env,,
NUST,2007,Rippey_IA_2007|UTII,12,0.27272727272727276,0.39860139860139865,0.35664335664335667,0.21678321678321683,0.02097902097902098,0.2377622377622378,0.37762237762237766,0.2657342657342658,0.4545454545454546,-0.2027972027972028,0.2797202797202798,0.15384615384615385,trial_env,,
NUST,2005,Rohwer_AR_2005|UTII,11,0.06363636363636364,0.17272727272727276,0.3090909090909091,-0.07272727272727274,-0.29090909090909095,-0.02727272727272728,-0.045454545454545456,0.3181818181818182,0.08181818181818183,-0.14545454545454548,-0.48181818181818187,-0.009090909090909092,trial_env,,
NUST,2019,Romney_IN_2019|UTIIIRR,37,0.21455666192508294,0.14058795637743005,0.3442389758179231,-0.05310573731626362,-0.1377430061640588,0.06875296348980559,-0.12683736367946893,-0.19938359412043621,-0.06828690030205459,-0.15793218371488177,-0.252963489805595,-0.22807017543859648,trial_env,,
NUST,2019,Romney_IN_2019|UTIVRR,30,0.33837597330367075,0.43403781979977757,0.4505005561735262,0.5332591768631813,0.5043381535038932,0.5768631813125694,0.6711902113459399,0.5105672969966629,0.5261401557285873,0.6671857619577308,0.6342602892102336,0.5581757508342603,trial_env,,
NUST,2020,Romney_IN_2020|PTIIIRR,17,0.7254901960784315,0.6666666666666667,0.7132352941176472,0.536764705882353,0.590686274509804,0.5122549019607844,0.6004901960784315,0.5686274509803922,0.6004901960784315,0.5759803921568628,0.2034313725490196,0.6151960784313726,trial_env,,
NUST,2020,Romney_IN_2020|PTIV,26,-0.04274234974419847,0.02427765465470473,0.0362455125830803,0.0786459235293252,0.14429817273641402,0.17746623613791204,-0.11831082409194138,-0.1176269464960342,0.07869975373653765,0.13609164158552794,0.045477860127827174,0.08856214866997922,trial_env,,
NUST,2020,Romney_IN_2020|UTIII,39,0.22537208693737074,0.24541866070808022,0.12605042598249172,0.23721778962006268,0.30444468347739156,0.13172016401865197,0.10387770044822207,0.20350309736932395,0.16968715979651092,0.17687557766378556,0.2974587562542656,0.26364281868145256,trial_env,,
NUST,2020,Romney_IN_2020|UTIIIRR,13,0.38461538461538464,0.7967032967032966,0.4340659340659341,0.7637362637362637,0.6703296703296703,0.7527472527472527,0.2857142857142857,0.2087912087912088,0.17679827843514556,0.6373626373626374,0.6208791208791209,0.26373626373626374,trial_env,,
NUST,2020,Romney_IN_2020|UTIV,20,-0.1677322420234958,0.056412189021355086,-0.06619030178505664,0.26325688209965703,0.37908991022350613,0.3948853231494856,-0.013538925365125222,-0.03008650081138938,0.206844693078302,0.2993606830733243,-0.2316660562476982,-0.16547575446264157,trial_env,,
NUST,2020,Romney_IN_2020|UTIVRR,21,-0.15584415584415584,0.02857142857142857,-0.08051948051948052,0.4506493506493507,0.6246753246753247,0.41038961038961036,-0.16623376623376623,-0.14155844155844155,-0.15194805194805194,-0.0935064935064935,0.3337662337662338,0.0012987012987012987,trial_env,,
NUST,2005,Rosemount_MN_2005|PT0,15,0.18214285714285713,0.48571428571428565,0.37499999999999994,0.43214285714285705,0.4107142857142856,0.4678571428571427,0.2178571428571428,0.43214285714285705,0.4142857142857142,0.24285714285714283,0.2571428571428571,0.1714285714285714,trial_env,,
NUST,2006,Rosemount_MN_2006|PT0,15,0.02323504055590503,0.07864167572767856,-0.042895459487824666,0.42359266244226856,0.40035762188636353,0.4271672840662539,0.4164434191942978,0.14655948658340093,0.2252011623110795,0.25379813530296264,0.04468277029981736,0.026809662179890417,trial_env,,
NUST,2007,Rosemount_MN_2007|PT0,17,0.16666666666666669,0.21568627450980393,0.07843137254901962,0.29411764705882354,0.286764705882353,0.31127450980392163,0.2720588235294118,0.30147058823529416,0.2532279935573193,0.2530720169527099,0.058823529411764705,0.21078431372549022,trial_env,,
NUST,2007,Rosemount_MN_2007|PT0RR,10,-0.01818181818181818,-0.17575757575757575,-0.05454545454545454,-0.2606060606060606,-0.0303030303030303,0.0303030303030303,-0.12727272727272726,-0.29696969696969694,-0.5636363636363636,-0.5393939393939393,-0.06666666666666665,-0.5515151515151515,trial_env,,
NUST,2007,Rosemount_MN_2007|UT0,11,0.5090909090909091,0.4272727272727273,0.3272727272727273,0.45454545454545453,0.4090909090909091,-0.23636363636363636,0.43636363636363645,0.3272727272727273,0.6636363636363638,0.29090909090909095,0.20000000000000004,0.5727272727272729,trial_env,,
NUST,2008,Rosemount_MN_2008|PT0,17,0.4328633554253664,0.3789087162222046,0.3862661670226357,0.2660944706155935,0.36664629822148603,0.2244022494131503,0.4402208062257976,0.3090129336181086,0.10913552020639551,0.06253833180366483,0.13856532340812014,0.49908041262924685,trial_env,,
NUST,2008,Rosemount_MN_2008|UT0,16,0.5209714434691554,0.48417967486257646,0.4959530408166817,0.4518029184887871,0.33554092969199834,0.15894044038042027,0.47534965039699756,0.44885957700026086,0.22680412371134018,0.35467264936741927,0.30169250257394586,0.5489331876101552,trial_env,,
NUST,2009,Rosemount_MN_2009|PT0,17,0.6862745098039217,0.4436274509803922,0.3970588235294118,0.5539215686274511,0.42156862745098045,0.607843137254902,0.15686274509803924,0.007352941176470588,0.1891897602462006,0.19607843137254904,0.31127450980392163,0.5441176470588236,trial_env,,
NUST,2009,Rosemount_MN_2009|UT0,13,0.11829447229435683,0.14305378044898964,0.21182963643408084,0.024759308154632828,0.008253102718210942,0.013755171197018235,0.3411282456860522,0.3301241087284377,0.011019283746556474,-0.14305378044898964,0.1568089516460079,0.4594227179804091,trial_env,,
NUST,2010,Rosemount_MN_2010|PT0,16,0.29705882352941176,0.4764705882352941,0.23823529411764705,0.6029411764705882,0.4911764705882353,0.6,0.21470588235294116,0.07058823529411765,0.4823529411764706,0.55,0.4323529411764706,0.19411764705882353,trial_env,,
NUST,2010,Rosemount_MN_2010|UT0,14,0.3626373626373627,0.47252747252747257,0.27472527472527475,0.5120879120879122,0.48571428571428577,0.5692307692307692,0.26593406593406593,0.2527472527472528,0.47252747252747257,0.5434546742904888,0.26593406593406593,0.3362637362637363,trial_env,,
NUST,2012,Rosemount_MN_2012|PT0,27,0.22836208478546163,0.5226683010062972,0.3669668795616643,0.5388490369603474,0.5141199876720821,0.4460387779031543,0.48816975076464325,0.5675469460109267,0.4506182314750553,0.36940925480001147,0.4454281840935676,0.3883376628972022,trial_env,,
NUST,2012,Rosemount_MN_2012|UT0,12,0.04203158810030077,0.12959739664259406,0.007005264683383463,0.007005264683383463,0.03152369107522558,0.0770579115172181,-0.0665500144921429,0.0035026323416917316,0.17513161708458658,0.2837132196770302,0.2767079549936468,-0.024518426391842117,trial_env,,
NUST,2013,Rosemount_MN_2013|PT0,23,0.0415430470282174,0.3115728527116305,0.14441154443142237,0.35509414007452494,0.3659744619152486,0.37487654342129506,0.40257190810677335,0.363007101413233,0.35113765940517083,0.3303661358910621,0.21958467714914912,0.17210690911690066,trial_env,,
NUST,2013,Rosemount_MN_2013|UT0,18,0.5897588276046514,0.6094174551914732,0.49663901271970645,0.6808093132699309,0.6808093132699309,0.4542177637165649,0.5369909325031826,0.5100896526475318,0.6911559593682581,0.6487347103651165,0.44904444066740123,0.5194016341360264,trial_env,,
NUST,2014,Rosemount_MN_2014|PT0,18,0.04439856038237034,-0.10325246600551242,-0.07537430018402407,0.13526073046722129,0.15900879764848913,0.17552919220937113,-0.011357771260606367,0.005162623300275622,-0.15797627298843403,-0.0640165289234177,0.2581311650137811,0.07124420154380358,trial_env,,
NUST,2014,Rosemount_MN_2014|UT0,14,0.4818484763952107,0.30583076812298765,0.18041815097902866,0.5060509112826413,0.5940597654187529,0.4972500258690302,0.1496150520313896,0.12321239579055618,-0.10121018225652828,0.16061615879840357,0.04180420571465299,0.45764604150778004,trial_env,,
NUST,2015,Rosemount_MN_2015|PT0,22,-0.046932475505417695,-0.342098164828647,-0.38959609184617827,-0.2753748863992581,-0.2109134140183229,-0.11365575393480673,-0.24936411684203863,-0.10178127218042393,-0.05993786028402742,-0.252191374402606,-0.01979080292397132,-0.06333056935670822,trial_env,,
NUST,2015,Rosemount_MN_2015|UT0,14,0.7098901098901099,0.389010989010989,0.27912087912087913,0.45494505494505494,0.4021978021978022,0.389010989010989,0.23076923076923075,0.3318681318681319,0.11208791208791209,0.14285714285714285,0.3186813186813187,0.6263736263736264,trial_env,,
NUST,2016,Rosemount_MN_2016|PT0,21,0.461038961038961,0.06623376623376624,0.14155844155844155,0.3064935064935065,0.3974025974025974,0.40129870129870127,0.187012987012987,0.10389610389610389,-0.32987012987012987,-0.062337662337662345,-0.04285714285714286,0.39350649350649347,trial_env,,
NUST,2016,Rosemount_MN_2016|UT0,23,0.2994811062516393,0.014331604094550395,-0.1695082829114064,0.386459117308221,0.47541390134336137,0.4334074755489896,-0.03063998116765947,-0.05386706366572391,-0.09883864892793377,-0.06473931504779662,0.03459352712477682,0.17494440860244276,trial_env,,
NUST,2017,Rosemount_MN_2017|PTI,19,-0.062308035835910144,-0.05089952223215195,-0.3580518115641033,0.11935060385470113,0.24835456537412073,0.22465996019708448,0.07985959522630737,0.010530935634238335,0.11232998009854224,0.052654678171191675,-0.09390084273862515,0.10794209025094292,trial_env,,
NUST,2017,Rosemount_MN_2017|UTI,18,-0.04643962848297213,0.034055727554179564,0.01547987616099071,-0.038183694530443756,-0.07327141382868937,-0.09597523219814243,0.13106295149638802,0.1393188854489164,0.10835913312693499,-0.15170278637770898,-0.013415892672858616,0.09597523219814243,trial_env,,
NUST,2017,Rosemount_MN_2017|UTIRR,12,0.7762237762237763,0.7762237762237763,0.6573426573426573,0.4825174825174825,0.3426573426573427,0.5594405594405596,0.3846153846153847,0.4265734265734266,0.4545454545454546,0.46153846153846156,0.22377622377622378,0.4055944055944056,trial_env,,
NUST,2019,Rosemount_MN_2019|PTI,38,0.4876073761196788,0.4907807634418222,0.4405537020327261,0.5137604647401015,0.48651310462928465,0.4914373263360588,0.3773048098879382,0.4282978613403104,0.40334847135932145,0.4599223074127043,0.2687530780408284,0.5340044873123951,trial_env,,
NUST,2019,Rosemount_MN_2019|UTI,13,0.8021978021978022,0.6538461538461539,0.576923076923077,0.5714285714285714,0.5824175824175823,0.5494505494505494,0.37912087912087916,0.3736263736263736,0.5439560439560439,0.5934065934065934,0.7527472527472527,0.7692307692307693,trial_env,,
NUST,2019,Rosemount_MN_2019|UTIRR,31,0.07620967741935485,0.16008064516129034,0.03225806451612904,0.10524193548387097,0.031048387096774197,0.15201612903225808,0.1713709677419355,0.25080645161290327,0.19699566588670409,0.2788587573401349,0.3423387096774194,0.2056451612903226,trial_env,,
NUST,2020,Rosemount_MN_2020|PTI,35,0.2947191512314732,0.34192464265970823,0.1968062773194961,0.37092030059930653,0.36881916596600234,0.32119344761110646,0.2888359742582214,0.2956996807270152,0.31825185912448056,0.2814119652205464,0.4811598310266685,0.4214876074408283,trial_env,,
NUST,2020,Rosemount_MN_2020|UTI,18,0.5255550519680583,0.6577182084551142,0.6081570247724682,0.4532783257641996,0.357253532379073,0.4677336710049713,0.6236448946732951,0.765100773100847,0.6504905358347283,0.5245225273080031,0.5709861370104837,0.5018069847867904,trial_env,,
NUST,2020,Rosemount_MN_2020|UTIRR,29,0.3073891625615763,0.293103448275862,0.31674876847290634,0.2374384236453201,0.20197044334975364,0.11773399014778321,0.28866995073891616,0.18571428571428567,0.1364700096568987,0.2266009852216748,0.04729064039408866,0.31379310344827577,trial_env,,
NUST,2005,SCharleston_OH_2005|PTIIIB,16,0.48527245949926356,0.4955817378497791,0.4882179675994109,0.4219440353460972,0.5058910162002945,0.329160530191458,0.5589101620029455,0.39233081022074257,0.667674158533159,0.5044253274266689,-0.5530191458026509,0.5972017673048601,trial_env,,
NUST,2006,SCharleston_OH_2006|PTIIIA,10,-0.16363636363636364,-0.16363636363636364,-0.12727272727272726,-0.3939393939393939,-0.33333333333333326,-0.28484848484848485,0.43030303030303024,0.18787878787878787,-0.16363636363636364,0.28484848484848485,0.2606060606060606,0.23636363636363633,trial_env,,
NUST,2008,SCharleston_OH_2008|PTIIIB,11,-0.48747279090867957,-0.3280190742563077,-0.29157251045005134,0.1138955118945513,0.2687934080711411,0.2961283309258334,-0.5922566618516668,-0.6059241232790129,-0.2968036529680365,-0.8337151470681156,-0.30523997187739754,-0.4829169704328976,trial_env,,
NUST,2008,SCharleston_OH_2008|UTIV,18,0.26226126365400154,0.44914822712397906,0.41197733936199454,0.40681471606171893,0.2798141828749387,0.36035110635923834,0.26742388695427716,0.5379453478887197,0.36260330578512406,0.2292204745322376,0.2643263129741118,0.4057821914016639,trial_env,,
NUST,2009,SCharleston_OH_2009|PTIIIB,10,-0.04242424242424241,0.1515151515151515,0.06666666666666665,0.18787878787878787,0.01818181818181818,-0.13939393939393938,0.34545454545454546,0.10303030303030303,0.7333333333333332,0.406060606060606,0.01818181818181818,0.41818181818181815,trial_env,,
NUST,2010,SCharleston_OH_2010|PTIIIB,15,0.25357142857142856,0.05714285714285713,0.15,-0.0035714285714285704,0.13928571428571426,-0.0964285714285714,0.12142857142857141,0.14285714285714282,0.12153713521550323,0.2785714285714285,0.06785714285714285,-0.15357142857142855,trial_env,,
NUST,2011,SCharleston_OH_2011|PTIIIB,10,0.32121212121212117,0.24848484848484845,0.10303030303030303,-0.07878787878787878,-0.11515151515151514,-0.06666666666666665,0.29696969696969694,-0.09090909090909088,0.5030303030303029,0.5757575757575757,-0.3696969696969697,0.4424242424242424,trial_env,,
NUST,2011,SCharleston_OH_2011|UTIV,13,0.1458048146883933,0.2503441157857319,-0.13480067773077872,0.2090786021946772,0.2448420473069246,0.3191199717708231,-0.23933997882811733,-0.2448420473069246,0.22589531680440772,0.12379654077316414,0.1568089516460079,0.19807446523706262,trial_env,,
NUST,2012,SCharleston_OH_2012|PTIIIA,13,0.4230769230769231,0.34615384615384615,0.37912087912087916,0.2912087912087912,0.42857142857142855,0.21428571428571427,0.39560439560439564,0.2912087912087912,0.48901098901098894,0.40659340659340654,0.3736263736263736,0.2967032967032967,trial_env,,
NUST,2012,SCharleston_OH_2012|PTIIIB,10,0.22424242424242422,-0.16363636363636364,0.01818181818181818,-0.24848484848484845,-0.2727272727272727,-0.32121212121212117,-0.17575757575757575,-0.10303030303030303,0.11515151515151514,-0.17575757575757575,0.16363636363636364,0.1515151515151515,trial_env,,
NUST,2013,SCharleston_OH_2013|PTIIIA,15,-0.19302956769521099,-0.11974982440351054,-0.3199286353466923,0.05719394598376622,0.128686378463474,0.3521002299625608,-0.20375343256716716,0.014298486495941554,0.07327974329170046,0.064343189231737,0.026809662179890417,-0.07864167572767856,trial_env,,
NUST,2013,SCharleston_OH_2013|PTIIIB,21,0.2540611322553524,0.009746590751484107,0.11955817988487172,0.0090968180347185,0.049382726474186144,-0.11371022543398125,0.04613386289035811,-0.2735543137583206,-0.29694613156188243,-0.37946726659111457,0.34178044901870935,0.12215727075193415,trial_env,,
NUST,2014,SCharleston_OH_2014|PTIIIA,23,-0.029157401433740463,0.17642698833636178,0.29206820758204427,0.059797382601399926,0.03657030010333549,0.1092167070653668,0.13886830174374695,-0.003459352712477682,0.2841611156678096,0.26686435210542114,0.040523846060452846,0.10378058137433045,trial_env,,
NUST,2014,SCharleston_OH_2014|PTIIIB,26,0.4889724810736305,0.23662164818388276,0.32586767444976916,0.17575654214814412,0.2882544066748745,0.2957770602298534,0.12514960005101314,0.11625919130421984,-0.1429304175445997,-0.09711061861881892,0.17985980772358715,0.25918960884881953,trial_env,,
NUST,2014,SCharleston_OH_2014|UTIII,16,0.43529411764705883,0.0058823529411764705,0.3382352941176471,-0.24705882352941175,-0.4323529411764706,-0.21764705882352942,0.25588235294117645,0.2676470588235294,-0.09705882352941177,-0.07058823529411765,-0.02941176470588235,0.4735294117647058,trial_env,,
NUST,2015,SCharleston_OH_2015|PTIIIA,26,0.4418604909567516,0.34097129217018685,0.3201094578448293,0.1959644437447513,0.12277702496398903,0.35704516451923274,0.19049248720039524,0.18809850621223945,0.4316743692345093,0.19186047633648426,0.1709986420111268,0.40116281415810345,trial_env,,
NUST,2015,SCharleston_OH_2015|PTIIIB,26,0.10259918520667606,-0.17510260941939382,-0.1538987778100141,-0.26162792227702397,-0.1169630711356107,-0.2582079494368014,-0.18467853337201695,0.13679891360890142,-0.1655266854667707,-0.13816690274499044,-0.03283173926613634,0.1060191580468986,trial_env,,
NUST,2015,SCharleston_OH_2015|UTIII,24,0.1269841299860022,0.13307241019081054,0.012611437567102961,0.10480539495420045,0.10958904368654986,0.2530985056570318,0.04522722437857613,0.12046097262370757,0.15699065385255753,-0.00782778883475356,0.1561208995375849,0.030876278181527935,trial_env,,
NUST,2015,SCharleston_OH_2015|UTIV,13,0.5714285714285714,0.48901098901098894,0.5604395604395606,0.4230769230769231,0.12087912087912088,0.22527472527472525,0.42857142857142855,0.4835164835164835,0.24725274725274726,-0.48901098901098894,0.4175824175824176,0.4175824175824176,trial_env,,
NUST,2016,SCharleston_OH_2016|PTIIIA,27,0.6255533579216723,0.43443749552100525,0.38681117837323514,0.4103190400423268,0.37215692694315206,0.5223630041015038,0.12486643406049976,0.21676080240331252,0.2927797316968686,0.12028698048859877,0.1486795926343848,0.41703557194778157,trial_env,,
NUST,2016,SCharleston_OH_2016|PTIIIB,28,0.2983032293377121,0.0717022441160372,-0.03831417624521073,0.12643678160919541,0.16748768472906403,0.18555008210180626,0.003284072249589491,0.15435139573070608,0.21565407772304324,0.03667214012041598,0.11603721948549535,0.17022441160372195,trial_env,,
NUST,2016,SCharleston_OH_2016|UTIII,23,0.4505928853754941,0.13932806324110672,0.02865612648221344,0.19664031620553357,0.02766798418972332,0.2381422924901186,0.06027667984189724,-0.05731225296442688,0.22529644268774704,0.3992094861660079,0.16304347826086957,0.47134387351778656,trial_env,,
NUST,2016,SCharleston_OH_2016|UTIV,13,0.021978021978021976,-0.021978021978021976,-0.03846153846153846,0.20329670329670327,0.32967032967032966,0.25274725274725274,-0.054945054945054944,-0.11538461538461539,0.13812365502745746,0.15405791740660424,0.17032967032967034,0.15384615384615383,trial_env,,
NUST,2017,SCharleston_OH_2017|PTIIIA,24,0.1269565217391304,0.2939130434782608,0.2069565217391304,0.2756521739130435,0.15304347826086956,0.1678260869565217,0.18956521739130433,0.1826086956521739,0.19652173913043475,0.07565217391304348,0.08086956521739129,0.35826086956521735,trial_env,,
NUST,2017,SCharleston_OH_2017|PTIIIB,23,0.30830039525691705,0.36067193675889325,0.42193675889328064,0.274703557312253,0.23023715415019763,0.02075098814229249,0.021739130434782608,0.004940711462450594,-0.1007905138339921,-0.11857707509881424,-0.10375494071146245,0.19861660079051385,trial_env,,
NUST,2017,SCharleston_OH_2017|UTIII,20,0.5172932330827067,0.28721804511278193,0.4270676691729323,0.23609022556390977,0.41804511278195483,0.04210526315789473,0.4195488721804511,0.42556390977443603,0.15488721804511277,0.19849624060150375,0.08120300751879699,0.5037593984962406,trial_env,,
NUST,2017,SCharleston_OH_2017|UTIV,15,0.2607142857142857,0.05357142857142857,0.18928571428571428,0.05357142857142857,0.03214285714285714,0.06071428571428571,0.05714285714285713,0.075,-0.28571428571428564,-0.16428571428571426,-0.14285714285714282,0.010714285714285713,trial_env,,
NUST,2014,SaginawCounty_MI_2014|UTI,15,0.2571428571428571,0.36785714285714277,0.2785714285714285,0.23571428571428568,0.07142857142857141,0.03214285714285714,0.1714285714285714,0.1464285714285714,0.19124225688321828,0.23571428571428568,0.37499999999999994,0.17857142857142855,trial_env,,
NUST,2014,SaginawCounty_MI_2014|UTIRR,10,0.06666666666666665,0.1515151515151515,-0.09090909090909088,0.05454545454545454,0.04242424242424241,0.12727272727272726,-0.2121212121212121,-0.29696969696969694,-0.2195162759948775,-0.2249250511616239,-0.38181818181818183,-0.29696969696969694,trial_env,,
NUST,2017,SaginawCounty_MI_2017|UTI,18,0.614352172732799,0.5172948546876172,0.5575633164297672,0.6577182084551142,0.5369128232286646,0.5854414822512555,0.6566856837950591,0.6659784057355551,0.506969608087066,0.6566856837950591,0.31595254597686806,0.7485803785399652,trial_env,,
NUST,2017,SaginawCounty_MI_2017|UTIRR,12,0.45884483676161686,0.3817869252443987,0.1366026613259775,0.33975533714409795,0.2031526758181204,0.34676060182748136,0.021015794050150385,0.11558686727582713,0.3537658665108649,-0.1366026613259775,0.4063053516362408,0.44483430739484986,trial_env,,
NUST,2019,SaginawCounty_MI_2019|UTI,13,0.5934065934065934,0.4835164835164835,0.5,0.46153846153846156,0.4230769230769231,0.39560439560439564,0.4945054945054945,0.532967032967033,0.40659340659340654,0.4340659340659341,0.532967032967033,0.46703296703296704,trial_env,,
NUST,2019,SaginawCounty_MI_2019|UTIRR,31,0.6912061877419551,0.6331182443309007,0.5707947217127904,0.6480436186795744,0.5306575663697356,0.5798709628707676,0.560710009315038,0.4931424362500963,0.3659102537641173,0.4649521140718249,0.3531666281692919,0.6185962584781372,trial_env,,
NUST,2020,Saginaw_County_MI_2020|UTIRR,29,0.6069713064884449,0.4948885368243855,0.48873014288679967,0.4532577938063062,0.44217268471865195,0.3773863804952506,0.13228230177934044,0.22342653205560853,0.3712737127371274,0.4438970350211759,0.408178350183179,0.5601675125627936,trial_env,,
NUST,2020,Savoy_IL_2020|PTIV,26,-0.02461959345265832,0.146007866726182,0.008548469948839696,0.16960164378497955,0.18054368531949436,0.2270473618411823,-0.10258163938607634,-0.3395452263679127,0.06467066720089397,-0.14429817273641402,-0.28791246787692093,-0.10976235414310168,trial_env,,
NUST,2020,Savoy_IL_2020|UTIV,20,0.1985709053551699,0.181271167388621,0.05415570146050089,0.09702896511673074,0.1827754924291905,0.13614141617153694,0.0917638274747376,0.01504325040569469,0.543813502165863,0.3354644840469916,-0.03159082585195885,-0.08649868983274446,trial_env,,
NUST,2019,Shelly_MN_2019|UT0,19,0.1754385964912281,0.36315789473684207,0.13684210526315788,0.39122807017543854,0.31578947368421056,0.056140350877192984,0.37894736842105264,0.5333333333333333,-0.11057482415950252,0.22456140350877193,0.47543859649122805,0.27017543859649124,trial_env,,
NUST,2019,Shelly_MN_2019|UT0RR,28,0.20251778872468526,0.30925013683634367,0.0016420361247947454,0.5922276956759714,0.6633825944170771,0.5358511220580187,-0.14614121510673234,-0.17490078171178727,0.020862022086300686,0.42833693266922296,-0.10016420361247948,0.2889983579638752,trial_env,,
NUST,2020,Shelly_MN_2020|PT0RR,13,-0.4835164835164835,-0.6373626373626374,-0.5989010989010989,-0.6098901098901099,-0.4945054945054945,-0.532967032967033,-0.576923076923077,-0.6318681318681317,-0.6113562516036379,-0.6208791208791209,-0.6263736263736264,-0.6813186813186813,trial_env,,
NUST,2020,Shelly_MN_2020|UT0,17,0.07112202440416784,-0.08951565140524576,-0.012262418000718596,-0.19374620441135382,-0.04169222120244322,-0.06989578260409599,-0.1606376758094136,-0.2329859420136533,0.09325153374233129,-0.11158800380653922,-0.06744329900395228,-0.09687310220567691,trial_env,,
NUST,2020,Shelly_MN_2020|UT0RR,21,-0.33506493506493507,-0.37272727272727274,-0.3233766233766234,-0.2753246753246753,-0.3,0.04025974025974026,-0.3116883116883117,-0.3228321053669477,-0.25520020508242813,-0.27622296376458355,-0.5675324675324676,-0.44415584415584414,trial_env,,
NUST,2006,StBrunoMontarville_QUE_2006|PT0,15,0.450402324622159,0.3699733380824877,0.34137636509060465,0.5415551760337864,0.555853662529728,0.5111708922299105,0.4128687975703124,0.14119755414742285,0.5487044192817572,0.6934765950531654,0.49687240573396907,0.5987491220175526,trial_env,,
NUST,2006,StHyacinthe_QUE_2006|PTI,10,0.33333333333333326,0.2606060606060606,0.34545454545454546,0.19999999999999998,0.19999999999999998,0.1515151515151515,0.18787878787878787,0.32121212121212117,0.43030303030303024,0.10303030303030303,0.34545454545454546,0.2727272727272727,trial_env,,
NUST,2006,StHyacinthe_QUE_2006|UTI,14,0.2838285545889597,0.5720575518847251,0.4466449347407661,0.3322334243638211,0.16721682285861195,0.14081416661777846,0.41144139308632144,0.3828385154920852,0.5764579945915306,-0.13201328120416733,0.2486250129345151,0.13861394526437568,trial_env,,
NUST,2007,StHyacinthe_QUE_2007|PT0RR,10,0.6242424242424242,0.07878787878787878,0.34545454545454546,-0.35757575757575755,-0.22424242424242422,-0.10303030303030303,0.09090909090909088,-0.1515151515151515,-0.709090909090909,-0.309090909090909,-0.06666666666666665,-0.5151515151515151,trial_env,,
NUST,2007,StHyacinthe_QUE_2007|PTI,11,0.5,0.3727272727272728,0.5,0.43636363636363645,0.3454545454545455,0.30000000000000004,0.1272727272727273,0.07272727272727274,0.4090909090909091,0.29090909090909095,0.33636363636363636,0.5636363636363637,trial_env,,
NUST,2008,StHyacinthe_QUE_2008|UTI,11,-0.17272727272727276,-0.26363636363636367,-0.20909090909090913,-0.3454545454545455,-0.33636363636363636,-0.3727272727272728,-0.17272727272727276,-0.10909090909090911,0.054669845709384636,-0.38181818181818183,-0.10000000000000002,-0.08181818181818183,trial_env,,
NUST,2008,StHyacinthe_QUE_2008|UTIRR,11,-0.009090909090909092,0.05454545454545456,0.16363636363636366,-0.09090909090909091,-0.33636363636363636,-0.46363636363636374,0.08181818181818183,-0.06363636363636364,-0.22727272727272727,-0.3727272727272728,0.20909090909090913,-0.08181818181818183,trial_env,,
NUST,2009,StHyacinthe_QUE_2009|PTI,16,0.4558823529411765,0.6558823529411765,0.5176470588235293,0.6882352941176471,0.5205882352941177,0.7558823529411764,0.5735294117647058,0.5352941176470588,0.5617647058823529,0.5827816147282076,0.4970588235294117,0.5882352941176471,trial_env,,
NUST,2009,StHyacinthe_QUE_2009|UTIRR,18,-0.10738256464573291,0.04646360970248059,-0.08156944814435482,0.15487869900826864,0.059886430283197206,0.24987096773334005,-0.04336603572231522,-0.04646360970248059,-0.18378938948981213,0.29426952811571044,0.04749613436253572,-0.20134230871074926,trial_env,,
NUST,2010,StHyacinthe_QUE_2010|PTI,20,0.18879279259146836,0.29484770795161597,0.19932306787545462,0.2677698572213655,0.2421963315316845,0.24445281909253871,0.2421963315316845,0.22640091860570508,0.1963882618510158,0.1075996990218209,0.351259896972971,0.1918014426726073,trial_env,,
NUST,2010,StHyacinthe_QUE_2010|UTI,11,-0.15454545454545454,-0.009090909090909092,0.045454545454545456,-0.4090909090909091,-0.4000000000000001,-0.5181818181818182,-0.045454545454545456,-0.018181818181818184,-0.10909090909090911,-0.4090909090909091,0.009090909090909092,-0.03636363636363637,trial_env,,
NUST,2011,StHyacinthe_QUE_2011|PTI,22,0.5580344757967162,0.5456086069024573,0.4597571490875778,0.3750353157176311,0.23609150899091835,0.4699237690919715,0.3744705034951648,0.2863597967904201,0.21127228073148985,0.3083874734666063,0.2914431067926169,0.48912738465582606,trial_env,,
NUST,2012,StHyacinthe_QUE_2012|PTI,19,0.5835893497307078,0.4589732780588874,0.3949100862839376,0.40368586597913614,0.3931549303448978,0.30715228933195143,0.5397104512547146,0.75910494363468,0.32996931653946787,0.28609041806347474,0.5440983411023139,0.7906977505373949,trial_env,,
NUST,2013,StHyacinthe_QUE_2013|PTIA,28,0.6768851849346633,0.7165731557456324,0.5988777940303451,0.7132886340233453,0.6730532429253284,0.7064458804352471,0.7329957643570677,0.7461338512462161,0.6407554459895055,0.815108807414245,0.6840016486662854,0.6886547211061921,trial_env,,
NUST,2013,StHyacinthe_QUE_2013|PTIB,28,0.32452424420977555,0.31356983934193505,0.23250724331991515,0.29385191057982213,0.27577714254788527,0.33438320859083204,0.30288929459579056,0.2612625560979965,0.19909630847300155,0.27029994011396496,0.27714644315636533,0.2653704579234367,trial_env,,
NUST,2014,StHyacinthe_QUE_2014|PTI,20,0.36794592808851684,0.5658391368559604,0.6267872353736902,0.5349888647667392,0.22874348085666488,0.5033861470168053,0.23626793746379202,0.33333342769573204,0.25282174199947166,0.18359674121390204,0.3115125035350633,0.34687744958856087,trial_env,,
NUST,2014,StHyacinthe_QUE_2014|UTI,15,-0.6,-0.6285714285714286,-0.5285714285714286,-0.7392857142857142,-0.7571428571428571,-0.7857142857142856,-0.6071428571428571,-0.7,-0.6398572706933845,-0.7178571428571427,-0.6392857142857141,-0.6892857142857142,trial_env,,
NUST,2014,StHyacinthe_QUE_2014|UTIRR,10,-0.3696969696969697,-0.309090909090909,-0.17575757575757575,-0.33333333333333326,-0.32121212121212117,-0.34545454545454546,-0.09090909090909088,-0.17575757575757575,-0.7134278969833519,-0.7112494861056755,0.04242424242424241,-0.11515151515151514,trial_env,,
NUST,2015,StHyacinthe_QUE_2015|PTI,42,0.7202593216518581,0.7045380898336245,0.6235818496974626,0.691247976337798,0.6683144268297563,0.6931928709957239,0.657860618043405,0.6824149130997184,0.6640194511268368,0.6230145887555676,0.4903565656295447,0.6935170201053782,trial_env,,
NUST,2015,StHyacinthe_QUE_2015|UTI,12,0.7132867132867133,0.5594405594405596,0.7342657342657343,0.5454545454545455,0.43356643356643365,0.5244755244755246,0.46153846153846156,0.4545454545454546,0.3426573426573427,0.5034965034965035,0.4685314685314686,0.7132867132867133,trial_env,,
NUST,2015,StHyacinthe_QUE_2015|UTIRR,10,0.406060606060606,-0.6121212121212121,0.01818181818181818,-0.6363636363636362,-0.4545454545454545,-0.43030303030303024,0.18787878787878787,0.13939393939393938,-0.2857156055296304,-0.1515151515151515,-0.09090909090909088,0.16363636363636364,trial_env,,
NUST,2016,StHyacinthe_QUE_2016|PTI,32,0.4278251323989754,0.3490055921540914,0.33104206902851313,0.4699844213671692,0.4401063165766667,0.4745669527767556,0.40582898163296127,0.36678581402328614,0.27982030947538344,0.3409403368732195,0.49344698218425104,0.37008523663818826,trial_env,,
NUST,2016,StHyacinthe_QUE_2016|UTI,14,0.14725274725274726,0.23956043956043957,0.12967032967032965,0.2,0.2835164835164835,-0.059340659340659345,0.1912087912087912,0.0857142857142857,0.11208791208791209,0.1076923076923077,0.2,-0.006593406593406593,trial_env,,
NUST,2017,StHyacinthe_QUE_2017|PTI,19,0.4161546819001473,0.5794558861900786,0.5460932745609529,0.4644426724159872,0.4047411568691307,0.44776136660142435,0.3318701893634087,0.39683948569381144,0.4626867454881385,0.35733112981721515,0.5592627265198182,0.3143109200849214,trial_env,,
NUST,2017,StHyacinthe_QUE_2017|UTI,18,0.6264189886480908,0.5500515995872033,0.5975232198142414,0.6099071207430341,0.5190918472652218,0.6057791537667698,0.5459236326109391,0.5335397316821465,0.5975232198142414,0.5583075335397317,0.36016511867905054,0.5851393188854489,trial_env,,
NUST,2017,StHyacinthe_QUE_2017|UTIRR,12,-0.006993006993006993,-0.10489510489510491,-0.2377622377622378,-0.16083916083916086,-0.31468531468531474,-0.10489510489510491,-0.27272727272727276,-0.2937062937062937,-0.027972027972027972,-0.2027972027972028,-0.32867132867132864,0.02097902097902098,trial_env,,
NUST,2019,StHyacinthe_QUE_2019|PTI,38,0.4274299705049907,0.4820490627667039,0.3605516831865402,0.5221103608985417,0.5388572970028346,0.515214563679127,0.6015762145698921,0.5237522173793547,0.481173405976937,0.4162653464354621,0.2574430961914822,0.4696804106112458,trial_env,,
NUST,2019,StHyacinthe_QUE_2019|UTI,13,0.8033019979058651,0.5859702929929769,0.7015137310479301,0.4649247864592164,0.48418202613504197,0.5419537451625185,0.5529578821201331,0.4621737522198128,0.5089413342896748,0.5639620190777477,0.5474558136413259,0.5667130533171513,trial_env,,
NUST,2020,StHyacinthe_QUE_2020|PTI,35,0.1615185298668763,0.3221965470024418,0.21545143012598064,0.3625411581053562,0.34475030529261275,0.40652799104395054,0.218953566506442,0.3062268051075382,0.22147510470037415,0.23282202657306883,0.15675562438944887,0.28185193589952734,trial_env,,
NUST,2020,StHyacinthe_QUE_2020|UTI,18,0.48425406556585326,0.49251426284629424,0.4522458011041445,0.3851316982005614,0.24161077045289905,0.35105838441874226,0.5049045587669558,0.5782138096308695,0.4305627832429868,0.40681471606171893,0.26535883763416696,0.40991229004188434,trial_env,,
NUST,2020,StHyacinthe_QUE_2020|UTIRR,29,0.36453201970443344,0.5330049261083742,0.5438423645320195,0.4423645320197043,0.33152709359605903,0.3950738916256157,0.47093596059113285,0.35566502463054184,0.5020322737919848,0.434975369458128,-0.07881773399014776,0.5458128078817732,trial_env,,
NUST,2007,StMathieudeBeloeil_QUE_2007|PT0,17,0.482843137254902,0.607843137254902,0.678921568627451,0.6323529411764707,0.5882352941176471,0.5171568627450981,0.6151960784313726,0.5441176470588236,0.590045810230647,0.5847683498518929,0.5392156862745099,0.3651960784313726,trial_env,,
NUST,2007,StMathieudeBeloeil_QUE_2007|UT0,11,0.28181818181818186,-0.009090909090909092,0.009090909090909092,-0.11818181818181818,-0.2545454545454546,-0.38181818181818183,0.06363636363636364,0.009090909090909092,-0.09090909090909091,-0.6454545454545455,-0.009090909090909092,0.3090909090909091,trial_env,,
NUST,2008,StMathieudeBeloeil_QUE_2008|PT0,17,0.7279411764705883,0.465686274509804,0.5612745098039216,0.5220588235294118,0.5220588235294118,0.5931372549019609,0.625,0.5637254901960785,0.6495098039215687,0.5049019607843138,0.45833333333333337,0.6544117647058824,trial_env,,
NUST,2008,StMathieudeBeloeil_QUE_2008|UT0,16,0.5911764705882353,0.22352941176470587,0.31176470588235294,0.10882352941176471,0.0823529411764706,-0.03823529411764706,0.3558823529411765,0.4794117647058824,0.2884474658755775,0.11470588235294117,0.25,0.44705882352941173,trial_env,,
NUST,2009,StMathieudeBeloeil_QUE_2009|PT0,17,0.44117647058823534,0.38970588235294124,0.286764705882353,0.45098039215686275,0.43137254901960786,0.4607843137254902,0.35294117647058826,0.26960784313725494,0.34643839213914657,0.3308823529411765,0.5465686274509804,0.5245098039215687,trial_env,,
NUST,2009,StMathieudeBeloeil_QUE_2009|UT0,13,0.30769230769230765,0.16483516483516483,0.14835164835164835,0.4010989010989011,0.3681318681318681,0.3021978021978022,0.24725274725274726,0.17032967032967034,0.3713896223194924,0.46703296703296704,0.21978021978021978,0.4450549450549451,trial_env,,
NUST,2010,StMathieudeBeloeil_QUE_2010|PT0,16,0.39999999999999997,0.4323529411764706,0.3058823529411765,0.5852941176470587,0.5352941176470588,0.5735294117647058,0.2764705882352941,0.023529411764705882,0.5529411764705882,0.5705882352941177,0.30882352941176466,0.33529411764705885,trial_env,,
NUST,2010,StMathieudeBeloeil_QUE_2010|UT0,14,0.5956043956043956,0.4901098901098901,0.3054945054945055,0.5912087912087912,0.6307692307692307,0.45494505494505494,0.5384615384615385,0.3494505494505495,0.7142857142857143,0.6380641924868088,0.2879120879120879,0.3626373626373627,trial_env,,
NUST,2011,StMathieudeBeloeil_QUE_2011|PT0,17,0.5211527650305403,0.6339670106371514,0.32004910981875534,0.6584918466385885,0.6572656048385167,0.690374133440457,0.4426732898259413,0.40956476122400115,0.5530350518324086,0.6400982196375107,0.3911711342229232,0.637645736037367,trial_env,,
NUST,2011,StMathieudeBeloeil_QUE_2011|UT0,14,0.23348074259403878,-0.15418539605266712,-0.10792977723686697,-0.1850224752632005,-0.27533106437976274,-0.03744502475564772,-0.11013242575190507,-0.055066212875952536,-0.22246750001884827,0.06167415842106684,-0.1563880445677052,0.16299599011281948,trial_env,,
NUST,2012,StMathieudeBeloeil_QUE_2012|PT0,27,0.39548026748289855,0.5051153377735245,0.367384372032376,0.618415090079436,0.5805467092548185,0.537181305407273,0.3432585487650795,0.4309055269639922,0.35486337514681704,0.4806841243382875,0.4263246744448852,0.5582532269951648,trial_env,,
NUST,2012,StMathieudeBeloeil_QUE_2012|UT0,12,0.5314685314685316,0.3916083916083916,0.15384615384615385,0.5174825174825175,0.5524475524475525,0.6503496503496504,0.2937062937062937,0.16783216783216784,0.3916083916083916,0.5384615384615385,0.31468531468531474,0.5104895104895105,trial_env,,
NUST,2012,StMathieudeBeloeil_QUE_2012|UT00,12,0.34325796948578974,-0.0770579115172181,0.014010529366766927,-0.2451842639184212,-0.5709290716957522,-0.25218952860180466,0.11908949961751886,0.04203158810030077,-0.18914214645135352,-0.28721585201872196,-0.3642737635359401,-0.0035026323416917316,trial_env,,
NUST,2013,StMathieudeBeloeil_QUE_2013|PT0,23,0.20805535599330058,0.4605881040041714,0.33110947390857814,0.4680010026737664,0.4591055242702523,0.5025945297985432,0.4175932917205202,0.36669138752263425,0.2391895304055997,0.4516926256006573,0.147763780147261,0.4096861998062854,trial_env,,
NUST,2013,StMathieudeBeloeil_QUE_2013|UT0,18,0.42436763528265614,0.365513729659514,0.2684564116143323,0.44192055450359324,0.49870941080662506,0.6381002399140667,0.3541559583989076,0.31801759529697826,0.38409917354050627,0.5420754465289402,0.15591122366832377,0.39442442014105744,trial_env,,
NUST,2014,StMathieudeBeloeil_QUE_2014|PT0,18,0.19504643962848298,0.33746130030959753,0.3663570691434469,0.4716202270381837,0.45510835913312697,0.3663570691434469,0.23632610939112486,0.23426212590299278,0.12899896800825592,0.10216718266253869,0.4654282765737873,0.3787409700722394,trial_env,,
NUST,2014,StMathieudeBeloeil_QUE_2014|UT0,14,0.6483516483516484,0.4153846153846154,0.4153846153846154,0.3538461538461538,0.3626373626373627,0.432967032967033,0.4681318681318682,0.3274725274725274,-0.054945054945054944,0.16923076923076924,0.3186813186813187,0.4813186813186813,trial_env,,
NUST,2014,StMathieudeBeloeil_QUE_2014|UT00,15,0.11260058115553975,0.06076856760775161,0.7721182707808439,-0.05361932435978083,-0.13404831089945207,-0.3896337570144074,0.39142106782640007,0.7828421356528001,0.09197778090844776,-0.014311270125223612,0.26630931098691146,0.10008940547159088,trial_env,,
NUST,2015,StMathieudeBeloeil_QUE_2015|PT0,22,0.21632308120459745,0.12030500338532442,0.05139791224443438,0.11013838338093081,0.09206439226200884,0.24004519454818254,-0.17848066229935458,-0.06438859336115954,-0.3055634123542747,-0.29878566568467896,0.007907371114528366,0.20559164897773752,trial_env,,
NUST,2015,StMathieudeBeloeil_QUE_2015|UT0,14,0.4153846153846154,0.24835164835164836,0.5648351648351648,-0.1076923076923077,-0.221978021978022,-0.16923076923076924,0.7054945054945055,0.6263736263736264,0.054945054945054944,0.2879120879120879,0.3274725274725274,0.5076923076923077,trial_env,,
NUST,2015,StMathieudeBeloeil_QUE_2015|UT00,13,0.19230769230769232,-0.049450549450549455,0.06593406593406594,-0.027472527472527472,0.12637362637362637,-0.24725274725274726,0.12637362637362637,-0.016483516483516484,0.0879120879120879,-0.12637362637362637,0.021978021978021976,0.38461538461538464,trial_env,,
NUST,2016,StMathieudeBeloeil_QUE_2016|UT0,23,0.34997532698917316,0.18091944869779295,0.2239248914210388,0.05981216746566379,-0.15719230788496766,-0.09540287868490174,0.4191794876932471,0.39644097774762277,-0.11369254972812126,-0.1038062410561107,0.14236284487695183,0.508156265741342,trial_env,,
NUST,2017,StMathieudeBeloeil_QUE_2017|UT0,29,0.021677546660301604,-0.28574947870397566,-0.36827195746762376,0.054932873923264285,0.10518536845396345,0.2303239332657045,-0.2842714641589551,-0.27762039870636257,-0.21234142296795433,0.009115545700911555,-0.2694913187087494,-0.05197684483322316,trial_env,,
NUST,2007,StPauls_ONT_2007|PT0,17,-0.1912937208112101,-0.04414470480258695,0.07970571700467087,-0.06989578260409599,-0.1814837864106352,-0.11649297100682665,-0.06499081540380856,-0.013488659800790455,-0.05166067292339303,-0.0663799530397055,-0.19497244621142565,-0.19251996261128193,trial_env,,
NUST,2007,StPauls_ONT_2007|UT0,11,0.46363636363636374,0.4727272727272727,0.5545454545454546,0.4272727272727273,0.3545454545454546,0.018181818181818184,0.6000000000000001,0.5545454545454546,0.19090909090909092,0.009090909090909092,0.4090909090909091,0.4272727272727273,trial_env,,
NUST,2009,StPauls_ONT_2009|PT0,17,0.5174740396303247,0.6143471418360016,0.59350103123478,0.40956476122400115,0.2942980320172463,0.4475782570262288,0.4500307406263725,0.37155126542177347,0.24585167792483517,0.47332933482773776,-0.13488659800790456,0.43776832262565385,trial_env,,
NUST,2009,StPauls_ONT_2009|UT0,13,0.576923076923077,0.532967032967033,0.6648351648351648,0.32967032967032966,0.23626373626373626,0.13186813186813187,0.7417582417582418,0.7527472527472527,0.2778544581797684,0.18131868131868134,0.46153846153846156,0.8351648351648352,trial_env,,
NUST,2010,StPauls_ONT_2010|PT0,16,0.2369389898263672,0.2796174414099986,0.2325239775935778,0.2663724047116302,0.2575423802460513,0.2663724047116302,0.004415012232789452,-0.05298014679347341,0.3237675637378931,0.24282567280341982,0.37821938127562965,0.24576901429194614,trial_env,,
NUST,2010,StPauls_ONT_2010|UT0,14,0.4312433852669466,0.41364161443972425,0.18921903639263984,0.4994502472224331,0.4466449347407661,0.3872389581988908,0.3256327603036127,0.2486250129345151,0.4620464842145856,0.3898678414096917,0.13201328120416733,0.198019921806251,trial_env,,
NUST,2011,StPauls_ONT_2011|PT0,17,0.4803921568627451,0.6495098039215687,0.5539215686274511,0.5857843137254902,0.5857843137254902,0.5392156862745099,0.4607843137254902,0.40196078431372556,0.45098039215686275,0.4607843137254902,0.3504901960784314,0.3357843137254902,trial_env,,
NUST,2011,StPauls_ONT_2011|UT0,14,0.7590763669239621,0.5808584372983363,0.6094613148925725,0.3784380727852797,0.2728274478219458,0.44884515609416886,0.6028606508323641,0.6072610935391697,0.33663386707062665,0.30583076812298765,0.426842942560141,0.6842688409082672,trial_env,,
NUST,2013,StPauls_ONT_2013|PT0,23,0.20316364320981667,0.2694019113122873,0.17004450915858135,0.29214042125791156,0.3143846157699353,0.24666340136666307,0.33564017941475793,0.3672763671651917,0.3079585151331285,0.2570440254722741,0.005931785203206326,0.2664360187106842,trial_env,,
NUST,2013,StPauls_ONT_2013|UT0,18,0.5204362987458591,0.49663901271970645,0.48215370818204834,0.3962765455659324,0.32178069365797646,0.2928100845826603,0.4666337390345575,0.543198920162179,0.3393699920251327,0.3962765455659324,0.3435086504644636,0.4925003542803756,trial_env,,
NUST,2014,StPauls_ONT_2014|PT0,18,0.14994861440734467,0.042399263384145736,-0.021716695879684403,0.2368153979260823,0.2761122761845588,0.28645355993678945,-0.042399263384145736,0.12306127665154494,0.1892454926658212,0.1561533846586831,0.2574979654305436,0.2761122761845588,trial_env,,
NUST,2014,StPauls_ONT_2014|UT0,14,0.6747252747252748,0.5032967032967033,0.5252747252747253,0.4241758241758242,0.3450549450549451,0.18681318681318684,0.6175824175824175,0.5252747252747253,0.18681318681318684,0.4197802197802198,0.3494505494505495,0.5648351648351648,trial_env,,
NUST,2015,StPauls_ONT_2015|PTI,42,0.6194683276006436,0.6197925292636559,0.5942616483014418,0.5821851363542356,0.5290971140359808,0.5338790885654113,0.5248014420010686,0.521316274123687,0.5156427450209728,0.4718755205143199,0.410601406205006,0.553412238761899,trial_env,,
NUST,2015,StPauls_ONT_2015|UTI,12,0.5849396010625192,0.5008764248619176,0.7180396300468049,0.5183895865703763,0.28721585201872196,0.40280271929454914,0.6584948802380455,0.6549922478963537,0.5744317040374439,0.45534220441992507,0.4728553661283838,0.6935212036549627,trial_env,,
NUST,2016,StPauls_ONT_2016|PTI,32,0.39354779745527,0.4468884630628544,0.4181101658106525,0.3609201738190157,0.322060307465724,0.36348639140838407,0.4074786929404123,0.4972963085683035,0.5126982865617117,0.3108789308263335,0.4065621866584951,0.3715516466892559,trial_env,,
NUST,2016,StPauls_ONT_2016|UTI,14,0.1076923076923077,0.26593406593406593,-0.04615384615384615,0.18681318681318684,0.0857142857142857,0.3230769230769231,-0.1076923076923077,0.002197802197802198,0.04175824175824176,0.1076923076923077,0.11208791208791209,0.2175824175824176,trial_env,,
NUST,2017,StPauls_ONT_2017|PTI,19,0.38630392412671904,0.4003513395495089,0.22212475637286347,0.5039510282925834,0.510096772540054,0.5355577129938605,0.5162425167875245,0.45654100124066793,0.4240563530754666,0.4679545262716847,0.2396840256513507,0.4846358320862475,trial_env,,
NUST,2017,StPauls_ONT_2017|UTI,18,0.5128998968008256,0.4282765737874097,0.43653250773993807,0.39938080495356043,0.23632610939112486,0.3415892672858617,0.39938080495356043,0.4406604747162023,0.23219814241486067,0.1867905056759546,0.17027863777089783,0.413828689370485,trial_env,,
NUST,2019,StPauls_ONT_2019|PTI,30,0.3926107666960917,0.3587803604955214,0.3122635519697373,0.368795941278585,0.38281775437487403,0.35477412818229603,0.3091475935038953,0.40106836824623426,0.3042510873432865,0.26396619574918634,0.12152238016783792,0.3523258751019916,trial_env,,
NUST,2019,StPauls_ONT_2019|UTI,13,0.8335633745393052,0.6464930462598572,0.6134806353870134,0.5612109848383441,0.5859702929929769,0.5171944370078857,0.42641030710756533,0.4401654783045835,0.49518616309265656,0.5502068478807294,0.7510323473571957,0.7372771761601775,trial_env,,
NUST,2007,StevensCreek_NE_2007|PTIIIA,11,0.33636363636363636,0.02727272727272728,-0.045454545454545456,0.05454545454545456,0.3090909090909091,-0.2545454545454546,0.08181818181818183,0.20909090909090913,-0.4727272727272727,0.045454545454545456,-0.21818181818181823,0.20909090909090913,trial_env,,
NUST,2007,StevensCreek_NE_2007|PTIIIB,10,0.32121212121212117,0.4787878787878787,0.309090909090909,0.5757575757575757,0.5757575757575757,0.006060606060606061,0.6,0.4787878787878787,0.7987953376480265,0.4863244349440517,0.24848484848484845,0.34545454545454546,trial_env,,
NUST,2007,StevensCreek_NE_2007|UTIV,12,0.2797202797202798,0.3076923076923077,0.5524475524475525,0.18181818181818185,0.10489510489510491,0.04895104895104895,0.5174825174825175,0.3216783216783217,0.27272727272727276,0.4055944055944056,0.07692307692307693,0.20979020979020982,trial_env,,
NUST,2015,StevensCreek_NE_2015|PTIIIA,26,0.38604890288960064,0.32860318483339784,0.3580099214574064,0.24551205693067601,0.21063429953941007,-0.020516327877215267,0.2178150142964354,0.26226705803040185,0.6350889192886456,0.20242776838852397,0.03453581859331237,0.2824414471096635,trial_env,,
NUST,2015,StevensCreek_NE_2015|PTIIIB,26,0.03658745138103389,-0.1784920525317728,-0.33544196079246963,0.00615489836316458,0.18327919570312304,-0.1603692962402327,-0.07488459675183572,-0.06052316723778503,-0.31526757171320796,-0.24175073015318654,-0.056077962864388396,-0.07420071915592855,trial_env,,
NUST,2015,StevensCreek_NE_2015|UTIII,24,0.09130434782608696,0.2295652173913043,0.03826086956521739,0.40782608695652167,0.45826086956521733,0.41478260869565214,0.3347826086956522,0.18347826086956517,-0.1678260869565217,0.1878260869565217,0.2582608695652174,0.2982608695652174,trial_env,,
NUST,2017,StevensCreek_NE_2017|PTIIIA,24,0.3309415168470812,0.28049576657866926,0.33659491989440316,0.21613394727069557,0.19612959802632535,0.18264840614424976,0.10524027211168678,0.10350076348174153,0.07523374824513145,0.09958686906436474,0.03261578681147317,0.11915634115124865,trial_env,,
NUST,2017,StevensCreek_NE_2017|PTIIIB,23,-0.013837410849910728,0.18828762620771383,-0.06226834882459827,0.2525327480108708,0.17642698833636178,0.24017791689487905,-0.18334569376131712,-0.21052632221649892,0.10476896786360979,0.12107734493671887,-0.4151223254973218,-0.036076106858695826,trial_env,,
NUST,2017,StevensCreek_NE_2017|UTIII,20,0.24360902255639094,0.09323308270676692,0.19999999999999998,0.06616541353383458,0.14436090225563908,0.051127819548872175,0.31127819548872177,0.3759398496240601,0.1744360902255639,0.193984962406015,-0.06917293233082707,0.14736842105263157,trial_env,,
NUST,2020,StevensCreek_NE_2020|PTI,34,0.5000763941940413,0.4661573720397249,0.28770053475935825,0.6458365164247517,0.6803666921313979,0.6605042016806721,0.6754774637127577,0.3533995416348357,0.6562261268143621,0.7152024446142092,0.6372803666921313,0.49946524064171116,trial_env,,
NUST,2020,StevensCreek_NE_2020|PTIIA,35,0.5312784914338079,0.3023467786166027,0.2488266352284923,0.3871103564956781,0.2849737477785773,0.31467602630810454,0.24952716066550945,0.33134853170911277,0.09891419170682182,0.25541157433645356,0.180035037313408,0.39495624139027014,trial_env,,
NUST,2020,StevensCreek_NE_2020|PTIIB,36,0.1964090357371693,0.12948066182935275,0.11197631788423151,0.30182122464198036,0.48355750148397453,0.44610335377786947,0.15290559269708856,-0.12780745248165734,0.015058884129258722,0.15753909550609124,0.265525452638126,-0.04183023369238533,trial_env,,
NUST,2020,StevensCreek_NE_2020|PTIIIA,34,0.4310819121236534,0.46164425966875466,0.4413202985512623,0.3976161415617675,0.3421454807674087,0.2906479251539131,0.48578851422938474,0.3235024487648969,0.4972873858790624,0.38722494339643315,0.39868582372584604,0.3406173633901537,trial_env,,
NUST,2020,StevensCreek_NE_2020|PTIIIB,33,0.28810160427807485,0.2540106951871658,0.1126336898395722,0.5297459893048129,0.5127005347593584,0.661764705882353,0.4558823529411765,0.21223262032085563,0.3713235294117647,0.4361631016042781,0.2449866310160428,0.2737299465240642,trial_env,,
NUST,2020,StevensCreek_NE_2020|UTI,18,0.009287925696594427,-0.038183694530443756,-0.1455108359133127,0.2549019607843137,0.31888544891640863,0.29205366357069146,-0.04231166150670795,-0.029927760577915376,0.35810113519091846,0.20123839009287925,0.2115583075335397,-0.038183694530443756,trial_env,,
NUST,2020,StevensCreek_NE_2020|UTII,39,0.19981779634712626,0.44619901028274195,0.30296588878771474,0.5497520020067085,0.4699868431812093,0.5203968039617913,0.49913959158443744,0.41006174924124034,0.4509565768624354,0.6509768228512507,0.4985322426593703,0.19688227654263454,trial_env,,
NUST,2020,StevensCreek_NE_2020|UTIII,38,0.3279890605068881,0.5801368067223938,0.4608481594242596,0.5702872853858505,0.5765253155656612,0.3279890605068881,0.40317374004250117,0.372968541277102,0.5803556849743168,0.6043228535599053,0.324268130224194,0.3963885142328825,trial_env,,
NUST,2005,Tekamah_NE_2005|PTIIIB,16,-0.2960235640648012,-0.6170839469808541,-0.7319587628865979,-0.4756995581737849,-0.3799705449189985,-0.593519882179676,-0.321060382916053,-0.10471987791606284,-0.43027890216581366,-0.3908558823627698,0.18409425625920472,-0.2842415316642121,trial_env,,
NUST,2006,Tekamah_NE_2006|PTIIIA,10,0.3696969696969697,0.4545454545454545,0.41818181818181815,0.41818181818181815,0.1515151515151515,0.04242424242424241,0.23636363636363633,0.2121212121212121,0.2606060606060606,-0.04242424242424241,-0.06666666666666665,0.19999999999999998,trial_env,,
NUST,2005,Urbana_IL_2005|PTII,12,0.4063053516362408,0.6655001449214291,0.7460606887803388,0.5709290716957522,0.5604211746706771,0.5709290716957522,0.07355527917552636,0.0824561403508772,-0.005263157894736842,0.5210526315789474,-0.25919479328518813,0.4518395720782334,trial_env,,
NUST,2005,Urbana_IL_2005|PTIIIB,16,0.6298750785446283,0.3208242222493668,0.2766740999214723,0.34437095415757724,0.6210450540790495,0.39735110095105064,0.6181017125905232,0.37582995306242817,0.5945342210045482,0.35224846581145225,-0.6387051030102073,0.6504784689643125,trial_env,,
NUST,2005,Urbana_IL_2005|UTII,11,0.39090909090909093,0.3454545454545455,0.30000000000000004,0.3181818181818182,0.15454545454545454,0.36363636363636365,-0.03636363636363637,0.22727272727272727,-0.5454545454545455,0.27272727272727276,-0.790909090909091,0.3090909090909091,trial_env,,
NUST,2006,Urbana_IL_2006|PTIIIA,10,-0.03647433262080388,0.05471149893120582,0.03039527718400323,0.10334394242561099,0.2796365500928297,0.006079055436800646,0.2613993837824278,0.3039527718400323,-0.10942299786241164,-0.09726488698881033,0.01823716631040194,0.2978737164032316,trial_env,,
NUST,2006,Urbana_IL_2006|UTII,13,0.06043956043956044,0.12087912087912088,0.13736263736263735,-0.14835164835164835,-0.42857142857142855,0.07692307692307691,0.1868131868131868,0.20329670329670327,-0.010989010989010988,-0.35714285714285715,-0.43956043956043955,0.4505494505494505,trial_env,,
NUST,2007,Urbana_IL_2007|PTIIA,14,-0.03736263736263736,-0.12087912087912088,0.09010989010989012,-0.15164835164835166,-0.16923076923076924,-0.3406593406593406,0.06813186813186813,-0.09010989010989012,0.02417582417582418,-0.4241758241758242,-0.4945054945054946,0.3494505494505495,trial_env,,
NUST,2007,Urbana_IL_2007|PTIIIA,11,-0.4090909090909091,-0.03636363636363637,-0.045454545454545456,-0.06363636363636364,-0.15454545454545454,0.18181818181818182,0.18181818181818182,-0.045454545454545456,0.14545454545454548,-0.46363636363636374,0.30000000000000004,-0.44545454545454555,trial_env,,
NUST,2007,Urbana_IL_2007|PTIIIB,10,0.09090909090909088,0.22424242424242422,0.04242424242424241,0.43030303030303024,0.43030303030303024,0.11515151515151514,0.35757575757575755,0.28484848484848485,0.6829395253173965,0.3586642707712381,0.2606060606060606,0.10303030303030303,trial_env,,
NUST,2007,Urbana_IL_2007|UTII,12,-0.0979020979020979,-0.06993006993006995,-0.006993006993006993,-0.2937062937062937,-0.5384615384615385,0.02097902097902098,0.02097902097902098,-0.18881118881118883,-0.2517482517482518,-0.8251748251748254,-0.2027972027972028,-0.2937062937062937,trial_env,,
NUST,2007,Urbana_IL_2007|UTIV,12,0.29772374904379717,0.3712790282193235,0.2206658375265791,0.4063053516362408,0.4658501014450003,0.4238185133446995,0.14360792600936098,0.4098079839779326,-0.3187395430939476,0.5078816895453011,0.7075317330217298,0.33275007246071453,trial_env,,
NUST,2008,Urbana_IL_2008|PTIIA,10,0.6606060606060605,-0.17575757575757575,0.13939393939393938,0.32121212121212117,0.6121212121212121,0.33333333333333326,0.7454545454545454,0.5272727272727272,0.8424242424242423,0.6,-0.24848484848484845,0.7818181818181817,trial_env,,
NUST,2008,Urbana_IL_2008|PTIIIB,11,0.22831288248861156,0.10045766829498909,0.06849386474658346,-0.059361349447039004,-0.08219263769590017,-0.35616809668223404,0.26940920133656165,0.16438527539180034,-0.13501179513945166,-0.08219263769590017,-0.534252145023351,0.33790306608314513,trial_env,,
NUST,2008,Urbana_IL_2008|UTIV,18,0.41942171140857826,0.28822329429308696,0.21177697250925748,0.40702501057876805,0.45041346348310374,0.4421489962632303,0.5578515373414588,0.3450415064297171,0.3198966835455542,0.26446295103595086,0.3460745648322013,0.4369837042508094,trial_env,,
NUST,2009,Urbana_IL_2009|PTIIB,16,0.3235294117647059,0.14411764705882352,0.05294117647058824,0.19117647058823528,0.2647058823529412,0.19705882352941176,0.28823529411764703,0.3058823529411765,0.03973511009510507,0.37941176470588234,-0.0823529411764706,0.38235294117647056,trial_env,,
NUST,2009,Urbana_IL_2009|PTIIIB,10,0.05454545454545454,0.22424242424242422,0.10303030303030303,0.05454545454545454,-0.4787878787878787,-0.11515151515151514,0.0303030303030303,0.06666666666666665,0.5151515151515151,0.2727272727272727,-0.18787878787878787,0.1515151515151515,trial_env,,
NUST,2010,Urbana_IL_2010|PTIIA,14,0.4884491404554191,0.6732677341412533,0.4532455988009745,0.739274374743337,0.6226626430129892,0.7810785804579901,0.47304759098159954,0.6424646351936143,0.49282038728712213,0.6121580595449904,0.3828385154920852,0.3300332030104183,trial_env,,
NUST,2010,Urbana_IL_2010|PTIIB,21,0.48181818181818176,0.24675324675324672,0.26493506493506497,0.46623376623376617,0.5077922077922078,0.3194805194805195,0.3208834206263021,0.36115623859964363,0.6040922696001233,0.40662554921470667,0.34545454545454546,0.3987012987012987,trial_env,,
NUST,2010,Urbana_IL_2010|PTIIIB,15,0.514745513853896,0.29311897316680185,0.2913316623548092,0.4128687975703124,0.5326186219738229,0.1948168785072037,0.4307419056902393,0.3878464462024147,0.6207513416815742,0.7649690275328731,0.26809662179890414,0.2502235136789772,trial_env,,
NUST,2010,Urbana_IL_2010|PTIV,16,-0.008823529411764706,0.36764705882352944,0.07058823529411765,0.40294117647058825,0.5852941176470587,0.38235294117647056,0.32647058823529407,0.32647058823529407,0.3029411764705882,0.19117647058823528,0.15882352941176472,0.16176470588235295,trial_env,,
NUST,2011,Urbana_IL_2011|PTIIA,17,0.4264705882352942,0.16176470588235298,0.25490196078431376,0.4264705882352942,0.6200980392156864,0.3308823529411765,0.5955882352941178,0.6461935966850748,0.2544572556619665,0.4843655110283845,0.16176470588235298,0.5882352941176471,trial_env,,
NUST,2011,Urbana_IL_2011|PTIIB,13,0.16253505200525303,-0.005509662779839086,-0.049586965018551775,0.06611595335806904,-0.06060629057822995,0.04683213362863223,-0.11845774976654036,-0.26446381343227615,0.35812808068954055,0.005509662779839086,0.049586965018551775,0.1542705578354944,trial_env,,
NUST,2011,Urbana_IL_2011|PTIIIB,10,-0.19999999999999998,-0.33333333333333326,-0.1515151515151515,-0.6363636363636362,-0.5636363636363636,-0.4424242424242424,-0.35757575757575755,-0.6848484848484848,0.04242424242424241,0.11515151515151514,-0.406060606060606,-0.10303030303030303,trial_env,,
NUST,2011,Urbana_IL_2011|PTIV,18,0.052631578947368425,0.1413828689370485,0.04437564499484004,0.19504643962848298,0.45717234262125905,0.16408668730650156,0.07533539731682146,0.1413828689370485,0.3333333333333333,0.3023735810113519,0.10835913312693499,-0.03611971104231166,trial_env,,
NUST,2011,Urbana_IL_2011|UTII,11,0.48181818181818187,0.13636363636363638,0.22727272727272727,0.20000000000000004,0.2545454545454546,0.08181818181818183,0.02727272727272728,0.07272727272727274,-0.18678863950706415,0.22323520331332058,-0.28181818181818186,0.45454545454545453,trial_env,,
NUST,2011,Urbana_IL_2011|UTIV,13,0.4945054945054945,-0.005494505494505494,0.34065934065934067,-0.14285714285714285,-0.13736263736263735,-0.06593406593406594,0.0879120879120879,0.07692307692307691,-0.1458048146883933,0.06593406593406594,-0.17032967032967034,-0.0879120879120879,trial_env,,
NUST,2012,Urbana_IL_2012|PTIIB,14,0.1032967032967033,0.07252747252747253,0.05054945054945055,0.0857142857142857,0.0989010989010989,0.03736263736263736,0.18681318681318684,0.16923076923076924,0.26182634105493185,0.26593406593406593,0.3802197802197802,0.1824175824175824,trial_env,,
NUST,2012,Urbana_IL_2012|PTIIIA,13,0.43191237558637263,0.5804682245141696,0.4539206495016018,0.3603854853618778,0.22008273915229176,0.3218710060102268,0.39889996471352884,0.47867995765623467,0.4236592728681617,0.4924351288532529,0.3108668690526121,0.4594227179804091,trial_env,,
NUST,2012,Urbana_IL_2012|PTIIIB,10,-0.12766016417281356,0.04863244349440517,0.024316221747202584,0.37690143708164003,0.5531940447488588,0.46200821319684915,0.19452977397762067,0.08510677611520905,0.395138603392042,0.37690143708164003,0.26747843921922837,0.04255338805760452,trial_env,,
NUST,2012,Urbana_IL_2012|PTIV,18,-0.07028432219742135,0.0062015578409489415,-0.1994834438838577,0.018604673522846827,0.23875997687653427,0.005167964867457453,0.12713193573945333,-0.026873417310778747,-0.04754527678060856,0.005167964867457453,0.1302327146599278,0.18087877036101083,trial_env,,
NUST,2012,Urbana_IL_2012|UTII,16,0.4617647058823529,0.31176470588235294,0.16764705882352943,0.2529411764705882,0.2735294117647059,0.1411764705882353,0.02058823529411765,0.02647058823529412,0.22941176470588234,0.08529411764705883,0.4294117647058823,0.08529411764705883,trial_env,,
NUST,2012,Urbana_IL_2012|UTIIRR,20,-0.29559987047190067,-0.19706658031460042,-0.5543437774498494,-0.17600602974662788,-0.04136893861566039,-0.08424220227189026,-0.04738623877793827,-0.032342988372243586,-0.050413844996237765,0.4294847990825834,0.13463709113096747,-0.2391876814505456,trial_env,,
NUST,2013,Urbana_IL_2013|PTIIA,16,0.1592927284529154,0.2389390926793731,0.12979407503570883,-0.014749326708603275,-0.2772873421217416,-0.09439569093506098,0.3451342449813167,0.3392345142978754,-0.19837163095233296,-0.10627332320123117,0.28318707280518296,0.15634286311119475,trial_env,,
NUST,2013,Urbana_IL_2013|PTIIB,14,0.26153846153846155,0.49890109890109896,0.3626373626373627,0.37142857142857144,0.06373626373626373,0.006593406593406593,-0.1164835164835165,-0.18681318681318684,-0.015384615384615385,0.2087912087912088,0.0945054945054945,-0.26593406593406593,trial_env,,
NUST,2013,Urbana_IL_2013|PTIIIA,15,-0.05357142857142857,-0.075,-0.05714285714285713,0.14285714285714282,0.125,0.22499999999999998,0.2178571428571428,0.1857142857142857,0.28928571428571426,0.2678571428571428,0.0964285714285714,0.3428571428571428,trial_env,,
NUST,2013,Urbana_IL_2013|PTIIIB,21,0.4884703083218201,0.4443001208671875,0.34231895277340324,0.3929847560301877,0.33972070645254243,0.30399481954070723,0.27671323317166935,0.08639169016861978,0.0714517738236705,-0.031178955850328947,0.505358909407415,0.6632023733997053,trial_env,,
NUST,2013,Urbana_IL_2013|UTII,20,0.05864661654135337,-0.18796992481203004,-0.10526315789473684,-0.2045112781954887,-0.0781954887218045,-0.08721804511278194,-0.012030075187969924,-0.02706766917293233,-0.28721804511278193,-0.2706766917293233,-0.17142857142857143,-0.021052631578947364,trial_env,,
NUST,2013,Urbana_IL_2013|UTIIIRR,12,0.056042117467067706,-0.03152369107522558,0.15061319069274445,0.09106844088398502,0.26269742562687987,0.09106844088398502,0.06304738215045116,0.2031526758181204,0.48681973248802113,0.03152369107522558,0.48336326315345896,0.11208423493413541,trial_env,,
NUST,2013,Urbana_IL_2013|UTIIRR,23,0.35927848885303926,0.13145540307415193,0.1932295586541105,-0.049913517708606546,0.0301457879230198,-0.32073141577114506,-0.2807017629553319,-0.2218927668432113,0.2389315522975976,-0.2513593672763223,-0.06622189478171563,-0.10081542190649245,trial_env,,
NUST,2013,Urbana_IL_2013|UTIV,28,0.3944703131652485,0.35395566615035834,0.35395566615035834,0.4199288413570376,0.23651793933016985,0.47851083095964914,0.44538736954882674,0.11743772682018848,0.46126473121682426,0.667122937670861,0.017793594972755834,0.38653163233124976,trial_env,,
NUST,2014,Urbana_IL_2014|PTIIA,21,0.23196885988532176,0.2800520409259767,0.020792726936499428,0.3528265852037247,0.46913590150476836,0.4028590843946764,0.2189734055500096,0.03443795398857718,0.24171545063680588,0.1923327241626197,0.2508122686715244,0.3736193121402241,trial_env,,
NUST,2014,Urbana_IL_2014|PTIIB,23,-0.1116600790513834,0.010869565217391304,-0.1274703557312253,0.19466403162055337,0.4397233201581028,0.3201581027667984,-0.1492094861660079,-0.09735606919401477,0.15076620724816078,0.29404498056060296,0.23221343873517786,0.07707509881422926,trial_env,,
NUST,2014,Urbana_IL_2014|PTIIIA,23,-0.1799308178305919,0.29609494472671577,0.29164610582431105,0.22886804575704411,0.039050919254441645,0.2980722064611179,0.2199703679522346,0.30153241449632157,0.464162192150895,0.19920911974101246,0.24320319333145937,0.049925858793653244,trial_env,,
NUST,2014,Urbana_IL_2014|PTIIIB,26,0.2096802054686562,0.06259621142049607,0.10193262843337611,0.12382419964054413,0.20694375906776022,-0.025654185008400027,0.01915512480627202,0.057807430218928056,-0.0950915124311361,0.05643920701848006,0.4094407927340644,0.07525227602464009,trial_env,,
NUST,2014,Urbana_IL_2014|PTIV,36,-0.22011971833388294,-0.01570444774077995,-0.1695308006115344,0.11430778355584097,0.2108515196671931,0.311514455185963,0.011713973314844063,-0.04672716827789445,0.03656024747081102,0.055866641963102454,0.017506597481525193,0.007337323944462765,trial_env,,
NUST,2014,Urbana_IL_2014|UTII,21,0.5311688311688313,0.6454545454545455,0.6324675324675325,0.5688311688311689,0.5311688311688313,0.4896103896103896,0.6597402597402597,0.6220779220779221,0.741055412914974,0.752192309889186,0.7311688311688312,0.5454545454545454,trial_env,,
NUST,2014,Urbana_IL_2014|UTIII,16,0.18690218452142013,0.3590876616002087,0.2369389898263672,0.2531273680132619,0.008830024465578904,0.5548198705872077,0.09271525688857848,-0.019131719675420957,0.5857249562167339,0.5136130897478395,-0.26342906322310394,0.10596029358694682,trial_env,,
NUST,2014,Urbana_IL_2014|UTIIIRR,12,0.6503496503496504,0.4825174825174825,0.3216783216783217,0.5244755244755246,0.5594405594405596,0.5244755244755246,0.6783216783216784,0.5594405594405596,0.4763579984700755,0.4125874125874127,0.5874125874125874,0.5594405594405596,trial_env,,
NUST,2014,Urbana_IL_2014|UTIIRR,13,0.7472527472527472,0.8241758241758241,0.8131868131868131,0.5384615384615384,0.6098901098901099,0.6318681318681317,0.6978021978021978,0.4010989010989011,0.14486084720331321,0.10178826685793495,0.33516483516483514,0.5989010989010989,trial_env,,
NUST,2015,Urbana_IL_2015|PTIIA,23,0.21167171581044106,0.3006925308709069,0.409495749278143,0.09297729572981987,0.10385761757054349,0.0633036907096646,-0.15924834694150003,0.038575686526201865,-0.12367057572339418,-0.17111778894956214,0.21068259564310252,-0.0939664158971584,trial_env,,
NUST,2015,Urbana_IL_2015|PTIIB,23,0.21299728843969726,0.5248332258073283,0.11317025302248417,0.5663454583570605,0.3998023349134921,0.47986164054511843,0.5885841543658455,0.7081789195686455,0.38151718486182434,0.5831480286748093,0.4813442202790375,0.3741042861922293,trial_env,,
NUST,2015,Urbana_IL_2015|PTIIIA,26,0.40978284853417646,0.30340349469934436,0.3444501907127844,0.20181292206608023,0.17239612325644818,0.3376090747105444,0.1012485168331521,0.25414745948321626,0.5013684864052885,0.24149139487907226,0.1802634066590242,0.34376607911256035,trial_env,,
NUST,2015,Urbana_IL_2015|PTIIIB,26,0.09675213675213674,-0.07145299145299144,-0.05914529914529914,-0.16854700854700852,-0.13435897435897434,-0.019487179487179485,-0.17811965811965808,-0.06666666666666665,-0.002393162393162393,-0.26700854700854704,-0.3162393162393162,-0.26905982905982906,trial_env,,
NUST,2015,Urbana_IL_2015|PTIV,24,0.30397913308292995,0.4274842458090417,0.2965862214056627,0.49880409963679634,0.3557295148238007,0.40139161635986315,0.4205262112892607,0.28049576657866926,0.20134812391616103,0.3887801787927602,0.06914546804032312,0.3605131635561501,trial_env,,
NUST,2015,Urbana_IL_2015|UTII,24,0.011311727446822505,-0.003045465081836829,-0.10528607854350178,-0.13182513139950844,-0.2049162933635923,-0.03175985013915549,-0.18098763914916008,0.030889717258630687,0.020239391121290033,0.03154917618123847,-0.007831195924723273,-0.20317602760254272,trial_env,,
NUST,2015,Urbana_IL_2015|UTIII,24,0.037415713862566743,0.09745488261877852,0.0870132880524808,0.07396129484460869,0.20709162556490432,0.08483795585116878,0.12660433411635957,0.24668267162878307,0.15705898493472786,0.25799439907560556,0.365020743380157,0.22362415029487565,trial_env,,
NUST,2015,Urbana_IL_2015|UTIIRR,14,0.40397744718229534,0.3245064739661061,0.36865701464176676,0.2494505548174829,0.25828066295261504,0.21413012227695435,-0.05518817584457587,-0.3730720687093328,0.09955776577523592,0.05960322991214193,-0.28477098735801143,0.22737528447965252,trial_env,,
NUST,2015,Urbana_IL_2015|UTIV,13,0.15955998588541154,0.14030274620958602,-0.13204964349137507,0.6574971832174717,0.8225592375816905,0.7702895870330213,0.07152689022449482,0.20632756795527354,0.19807446523706262,-0.07427792446389848,0.08528206142151305,0.030261376633440123,trial_env,,
NUST,2016,Urbana_IL_2016|PTIIA,23,0.5583003952569171,0.6116600790513834,0.4940711462450593,0.6373517786561265,0.5622529644268774,0.5642292490118578,0.5701581027667983,0.5128458498023715,0.5711462450592886,0.4407114624505929,0.5691699604743083,0.6432806324110673,trial_env,,
NUST,2016,Urbana_IL_2016|PTIIB,23,0.3243511398852117,0.4192831808272249,0.30309031821590665,0.40791111342271286,0.3648950323708632,0.4781212687027434,0.28331280968632055,0.2323857252226364,0.5137207840559984,0.36192840609142524,0.3322621432970461,0.24474666805362771,trial_env,,
NUST,2016,Urbana_IL_2016|PTIIIA,27,0.1972519175923045,0.3025954339535198,0.2537404698439707,0.3529771156914923,0.5618320872598147,0.3511450545373842,0.28213741773264606,0.14778626643138604,0.2986259681196189,0.22961833131488077,0.3880916211452307,0.36732826139867236,trial_env,,
NUST,2016,Urbana_IL_2016|PTIIIB,28,0.22936910027304808,0.46667579470828996,0.21048310036989734,0.4967839104959216,0.12754892688214844,0.5649377362333785,0.33885315768261753,0.32680991136756493,0.4160394181563641,0.34898043299300274,0.18721773817036383,0.387573563229876,trial_env,,
NUST,2016,Urbana_IL_2016|PTIV,26,0.40006839360569774,0.3330483892067945,0.04513592132987359,0.5163275849099175,0.4824756439125123,0.27252522196900947,0.4588818668537148,0.2557702208692837,0.42092666028086656,0.18840827767242685,0.35151308429628825,0.4017780875954656,trial_env,,
NUST,2016,Urbana_IL_2016|UTII,27,0.535572544050932,0.41740459961096016,0.3654962002445642,0.4100763549945277,0.39908398806987927,0.3172519231863845,0.44916032628216707,0.4806107094276893,0.4372327428222358,0.38540235599702544,0.4531297921160679,0.6030534632272467,trial_env,,
NUST,2016,Urbana_IL_2016|UTIII,23,0.35369801967624537,0.08013857229028218,-0.026218174885092316,0.13702706496548248,-0.06529809594022992,0.042048016325148055,0.21221881180574725,-0.04353206396015328,-0.13208023951546508,-0.022755397070080122,0.1538462714955417,0.30027230481605727,trial_env,,
NUST,2016,Urbana_IL_2016|UTIIIRR,15,0.42142857142857143,0.7,0.46071428571428563,0.6321428571428571,0.532142857142857,0.6321428571428571,0.6035714285714285,0.5785714285714285,0.021428571428571425,0.18214285714285713,0.4428571428571427,0.825,trial_env,,
NUST,2016,Urbana_IL_2016|UTIIRR,11,0.39180056091725646,0.15034207570080774,0.02277910237891026,0.6287032256579232,0.6833730713673077,0.7380429170766925,-0.0956722299914231,0.2414584852164488,-0.5517372590682452,-0.5922566618516668,0.13211879379767952,0.6788172508915258,trial_env,,
NUST,2016,Urbana_IL_2016|UTIV,13,-0.21428571428571427,-0.39560439560439564,-0.5824175824175823,0.1758241758241758,0.24725274725274726,0.3021978021978022,-0.08241758241758242,0.021978021978021976,-0.011049892402196598,-0.15405791740660424,-0.06593406593406594,-0.08241758241758242,trial_env,,
NUST,2017,Urbana_IL_2017|PTIIA,20,0.3684210526315789,0.5353383458646617,0.17593984962406017,0.5368421052631579,0.524812030075188,0.49624060150375937,0.5654135338345864,0.7037593984962407,0.7187969924812029,0.6967646818199726,0.4857142857142857,0.3759398496240601,trial_env,,
NUST,2017,Urbana_IL_2017|PTIIB,28,0.4050355774493705,0.26108374384236455,0.16748768472906403,0.174055829228243,0.15216201423097975,0.03338806787082649,0.2260536398467433,0.14066776135741652,-0.05747913014002399,-0.04159824849480022,0.3344280240831965,0.3700054734537493,trial_env,,
NUST,2017,Urbana_IL_2017|PTIIIA,24,0.48281866246465366,0.6798608733623908,0.6280992329720358,0.6798608733623908,0.6424533013155797,0.5628534677741097,0.6955198570098929,0.6468030189954412,0.476294085944861,0.5367551616949392,0.36581125687637267,0.5872118867813354,trial_env,,
NUST,2017,Urbana_IL_2017|PTIIIB,20,0.07822490210961237,-0.28958257030962276,-0.22715308112598984,-0.24746146917367765,-0.0218127130882573,-0.11207221552242544,-0.15569764169894001,-0.303121495674748,-0.314403933479019,-0.3866115354263535,-0.25347876933595553,0.04212110113594513,trial_env,,
NUST,2017,Urbana_IL_2017|PTIV,27,0.38888888888888884,0.3455433455433455,0.15873015873015872,0.43101343101343104,0.46764346764346765,0.3577533577533577,0.34371184371184366,0.3162393162393162,0.11937108977421859,0.027171424526612413,-0.07020757020757021,0.3974358974358974,trial_env,,
NUST,2017,Urbana_IL_2017|UTII,34,0.573699105774278,0.5114999752334864,0.4722243571770162,0.495759163327586,0.4343241498696052,0.3935202976475135,0.5053870385710009,0.42500192145931465,0.3993275874768749,0.3157331786173837,0.39459006156344856,0.5996790865898419,trial_env,,
NUST,2017,Urbana_IL_2017|UTIII,17,0.31127450980392163,0.34068627450980393,0.27696078431372556,0.18872549019607845,0.019607843137254905,0.03921568627450981,0.28186274509803927,0.17401960784313728,0.08088235294117649,0.17892156862745098,0.20098039215686278,0.411764705882353,trial_env,,
NUST,2017,Urbana_IL_2017|UTIIIRR,14,0.5516483516483517,0.6263736263736264,0.6483516483516484,0.6175824175824175,0.7010989010989012,0.6263736263736264,0.5956043956043956,0.5296703296703297,0.5780219780219781,0.5692307692307692,0.7318681318681319,0.6395604395604396,trial_env,,
NUST,2017,Urbana_IL_2017|UTIIRR,14,0.6175824175824175,0.8549450549450549,0.6527472527472528,0.8417582417582418,0.7978021978021977,0.7494505494505495,0.7010989010989012,0.7538461538461538,0.7172721612093091,0.7362637362637363,0.7098901098901099,0.6395604395604396,trial_env,,
NUST,2017,Urbana_IL_2017|UTIV,15,0.4642857142857142,0.4892857142857142,0.4464285714285714,0.13928571428571426,-0.16428571428571426,0.18928571428571428,0.32499999999999996,0.36785714285714277,-0.13928571428571426,0.1964285714285714,-0.17857142857142855,0.43214285714285705,trial_env,,
NUST,2019,Urbana_IL_2019|PTIIA,32,0.27332722732408954,0.09495875503278228,-0.03813015646103999,0.1428047686689911,0.158386803761243,0.18368469602866377,0.19505041574301224,0.208432634116358,0.13107241283482493,0.12942255029564534,0.20659945351726955,0.21154904113480838,trial_env,,
NUST,2019,Urbana_IL_2019|PTIIB,35,0.008826620506416112,-0.2502276861025266,-0.2479860047040717,-0.2010508004239225,-0.04511383814390457,-0.11516638184561975,-0.06893170300248773,-0.0627670791567368,0.07705779807188669,-0.17513135925428794,0.014150613827746466,0.1597197996399106,trial_env,,
NUST,2019,Urbana_IL_2019|PTIIIA,28,0.2742200328407225,-0.02736726874657909,0.14285714285714285,0.05473453749315818,0.14942528735632182,0.1652983032293377,0.11275314723590585,0.05692391899288451,0.006568144499178982,-0.019157088122605366,-0.07389162561576354,0.12643678160919541,trial_env,,
NUST,2019,Urbana_IL_2019|PTIIIB,31,0.46763461325874023,0.18249647477324704,0.24279089019556843,0.10566646716152646,0.24319419732213918,0.06372252599817245,0.2760637281376522,0.042145594726639375,0.13693657425674427,-0.032264570125656936,-0.10566646716152646,0.24037104743614418,trial_env,,
NUST,2019,Urbana_IL_2019|PTIV,24,0.10656808315661274,-0.19704221089773702,-0.09308395834904133,-0.1852979731621103,-0.1326663892357832,-0.11874729266022561,-0.08438452298931784,-0.18964769084197203,0.4254948980377699,0.02436371604306249,-0.2905611410147645,-0.12179209503612883,trial_env,,
NUST,2019,Urbana_IL_2019|UTII,35,0.1294298934115405,0.003922117982167894,0.04888639913487839,-0.061773358219144335,-0.14918055896460025,-0.2025493786505277,0.23966942383890238,0.08922818409431958,0.03950409759637791,-0.11808376639169767,0.284213478064952,0.14890040768015972,trial_env,,
NUST,2019,Urbana_IL_2019|UTIII,27,0.06319645929223336,0.005190047381487765,-0.008243016429421745,-0.13768890406182246,-0.3202564531282744,-0.35536559717951516,-0.051595176910084244,-0.0436574573854559,-0.3657456919424907,-0.38772706908761534,-0.19752709740132848,0.03236147190810018,trial_env,,
NUST,2019,Urbana_IL_2019|UTIIIRR,37,0.12545951226698057,0.1382663433868614,0.2655045821982699,0.019921737297592376,-0.03616743973670045,0.12403653103143826,-0.14040081524017486,-0.0686588446149166,-0.12156072448211448,-0.054560550733686465,-0.034625876731529615,-0.09344243446727855,trial_env,,
NUST,2019,Urbana_IL_2019|UTIIRR,25,0.3593690146733433,0.282031571472763,0.3682185728505242,0.2035398380751591,0.13966911383985398,0.21969990083348928,0.14582532822397978,0.17198923935651442,0.1392843504408461,0.011927665369243728,0.14428627462794832,0.3520585100921939,trial_env,,
NUST,2019,Urbana_IL_2019|UTIV,19,0.5736842105263157,0.6649122807017543,0.6421052631578947,0.31228070175438594,0.13684210526315788,0.32280701754385965,0.6456140350877193,0.6929824561403508,0.6754385964912282,0.24035087719298245,0.3298245614035088,0.6421052631578947,trial_env,,
NUST,2019,Urbana_IL_2019|UTIVRR,30,0.06364749436628267,0.027817960824424233,0.08122844560731877,-0.16089908540846978,-0.20741071590690713,-0.05385557215608532,0.20140203636883147,0.26460444336192335,0.286413724648272,0.18960722097927563,0.15911873591570663,0.10682096956578908,trial_env,,
NUST,2020,Urbana_IL_2020|PTIIA,36,0.30383007688910385,0.15770840855472548,0.11998713205959523,0.20057934737001004,0.19053750584570917,0.20714516682820677,0.13002897358389615,0.009784358408293172,0.053685229687608596,-0.180753147437416,0.11934342426957595,0.12011587361759908,trial_env,,
NUST,2020,Urbana_IL_2020|PTIIB,37,0.5222650909398856,0.3271865090606595,0.33050699556073143,0.40142310009798204,0.4638008107779048,0.44328494775960325,0.5133709306718358,0.2632671439342748,0.11989328041331163,0.2644530319700148,0.22104952986193158,0.41672105575902774,trial_env,,
NUST,2020,Urbana_IL_2020|PTIIIA,34,0.11294513747882645,0.18707016004612123,0.1584899967057416,0.23078099809611358,0.19394773945958155,0.16383922513843296,0.28549596320764253,0.05823017236729753,0.45670616408587256,0.5874981170075898,0.3415864442018635,0.208008568482656,trial_env,,
NUST,2020,Urbana_IL_2020|PTIIIB,33,0.29090011306661717,0.5276014701622257,0.40414874822826163,0.44797613731592917,0.4101708322250404,0.27500850251956216,0.32452341538196505,0.30628988328060724,0.3706927260239354,0.3598195188075293,0.3322183004889601,0.28989643240048735,trial_env,,
NUST,2020,Urbana_IL_2020|PTIIRR,34,0.10010698924036715,-0.09093688335575337,0.07320801197883338,-0.30047380281917835,-0.2905395214441801,-0.33883541243647936,-0.34938103420378525,-0.06250955511345063,-0.20116172659349366,-0.31975545357016244,-0.1320495247384385,-0.26272353359418493,trial_env,,
NUST,2020,Urbana_IL_2020|PTIV,26,0.28454174030651497,0.36764708032392257,0.17510260941939382,0.3683310748919671,0.3419972840222536,0.5150479097375139,0.19562244646072902,-0.06634747310031719,0.26317592232495784,0.22503421288664283,0.0017099864201112678,0.1757866039874383,trial_env,,
NUST,2020,Urbana_IL_2020|UTII,39,0.35517991846691643,0.2609443801104903,0.2586163270683874,0.3169188728184426,0.23756262999197852,0.259527304345732,0.4118629490572479,0.3589250472737776,0.38918973682111524,0.3399969638445062,0.3668201836774309,0.44030568404989634,trial_env,,
NUST,2020,Urbana_IL_2020|UTIII,39,0.28071063744175356,0.19567748365485382,0.2022574300788401,0.28060940749676916,0.3182669470309676,0.30024801682374364,0.37596801567207816,0.23090550450942657,0.35329250799557155,0.41868705245549687,0.3318317596588778,0.2389026701631945,trial_env,,
NUST,2020,Urbana_IL_2020|UTIIIRR,13,0.06043956043956044,0.07142857142857142,0.2802197802197803,-0.22527472527472525,-0.41208791208791207,-0.3186813186813187,0.06593406593406594,0.049450549450549455,0.12154881642416257,-0.24725274725274726,-0.23076923076923078,-0.021978021978021976,trial_env,,
NUST,2020,Urbana_IL_2020|UTIV,20,0.2572395819373792,0.42196317387973603,0.37908991022350613,0.33245583396585265,0.43926291184628496,0.4512975121708407,0.22640091860570508,0.28958257030962276,0.42196317387973603,0.5611132401324119,0.1594584543003637,0.04287326365622987,trial_env,,
NUST,2011,Volga_SD_2011|PT0,17,0.8571430182502299,0.8044146208471399,0.5395463920316182,0.9074189320531761,0.9147763828536073,0.8534642928500143,0.6866954080402413,0.6229308344365047,0.7541387070441936,0.8583692600503017,0.45738819142680365,0.7614961578446248,trial_env,,
NUST,2011,Volga_SD_2011|PTI,22,0.324202215695663,0.30217453901947683,0.053092348911833315,0.23552669676845206,0.27562836456356016,0.4360350357439927,0.20276758786540597,0.22536007676405845,0.33786572508400453,0.3095170979115389,0.12425868894258862,0.3998870535061488,trial_env,,
NUST,2011,Volga_SD_2011|PTIIA,17,-0.19117647058823534,-0.3970588235294118,-0.002450980392156863,-0.49754901960784315,-0.3774509803921569,-0.5416666666666667,-0.2622549019607843,-0.1793617207528915,-0.003687786313941543,-0.08093195880474273,-0.3186274509803922,-0.25980392156862747,trial_env,,
NUST,2011,Volga_SD_2011|PTIIB,13,0.3131868131868132,0.4230769230769231,0.37912087912087916,0.47802197802197804,0.15934065934065936,-0.12087912087912088,0.39010989010989006,0.13736263736263735,0.39560439560439564,0.45604395604395603,0.10989010989010989,0.37912087912087916,trial_env,,
NUST,2011,Volga_SD_2011|UT0,14,0.6087912087912088,0.5560439560439561,0.38461538461538464,0.5516483516483517,0.4241758241758242,0.4153846153846154,0.5340659340659341,0.38461538461538464,0.432967032967033,0.47252747252747257,0.4901098901098901,0.6439560439560439,trial_env,,
NUST,2011,Volga_SD_2011|UTII,11,-0.25968176711957697,0.3690214585383462,0.346242356159436,0.4236913042477308,0.39180056091725646,0.7107079942220003,0.523919354714936,0.4510262271024232,0.5844748858447489,0.31506849315068497,0.7243754556493464,0.013667461427346159,trial_env,,
NUST,2012,Volga_SD_2012|PT0,27,0.14623721739603762,0.38589528765885495,0.387421772182822,0.3816211309917474,0.22683560026149466,0.38192642789654085,0.2991909666975299,0.33216303241521694,0.15386964001587256,0.1798198769233114,0.38406350623009455,0.11051747953521004,trial_env,,
NUST,2012,Volga_SD_2012|PTI,19,0.5546292767365523,0.48617819511400306,0.5844669277002276,0.4879333510530428,0.4431768746075299,0.455462966180808,0.2676612807035577,0.26678370273403784,0.2904783079110741,0.3238262707528288,0.4580957000893676,0.23606847380084267,trial_env,,
NUST,2012,Volga_SD_2012|PTIIB,14,0.6527472527472528,0.6263736263736264,0.665934065934066,0.7142857142857143,0.7098901098901099,0.6439560439560439,0.6791208791208792,0.7186813186813187,0.8184823434658374,0.7098901098901099,0.745054945054945,0.6395604395604396,trial_env,,
NUST,2012,Volga_SD_2012|UT0,12,0.5874125874125874,0.6153846153846154,0.4545454545454546,0.6013986013986015,0.6433566433566434,0.7202797202797203,0.4755244755244756,0.46153846153846156,0.6643356643356644,0.6503496503496504,0.6293706293706295,0.5104895104895105,trial_env,,
NUST,2012,Volga_SD_2012|UTII,16,-0.14159353640259148,-0.2359892273376524,-0.017699192050323935,-0.30088626485550685,-0.3038361301972275,-0.28908680348862426,-0.023598922733765244,0.008849596025161967,-0.32743505293099273,-0.1858415165284013,-0.24778868870453502,-0.0914458255933403,trial_env,,
NUST,2013,Volga_SD_2013|PT0,23,0.031644013647337724,0.11965392660399576,0.022249697095784334,0.12311499059667333,0.03658839077973425,0.08751547524341838,0.02818294965466016,0.04548826961804797,0.05092708446368415,0.16860326021472133,0.28232393425984126,0.15871450594992828,trial_env,,
NUST,2013,Volga_SD_2013|PTIA,28,0.07007938943116143,0.23733918217506625,0.24254038685941026,0.14590747877659782,0.1053928317617076,0.18094717349217854,0.05803449437268056,0.048453327848888963,0.043252123164544944,0.02956474241627123,0.04544210408426874,-0.022173556812203423,trial_env,,
NUST,2013,Volga_SD_2013|PTIB,28,-0.24062415355465197,-0.23597044410023887,-0.12181768865963609,-0.31234602867560624,-0.33862579971229173,-0.27675883873009455,-0.17629346403776547,-0.21105941113838073,-0.3517656852306345,-0.2721051292756815,-0.3640843279040809,-0.2814125481845076,trial_env,,
NUST,2013,Volga_SD_2013|PTIIA,16,-0.0823529411764706,0.22352941176470587,0.0,0.13823529411764704,0.02941176470588235,-0.1647058823529412,0.02058823529411765,-0.10588235294117648,-0.010332173664634446,0.08682857391152587,0.1764705882352941,-0.23823529411764705,trial_env,,
NUST,2013,Volga_SD_2013|PTIIB,14,0.0044052970300762035,-0.07268740099625735,0.1475774505075528,-0.1585906930827433,-0.5242303465790682,-0.09911918317671456,-0.12995626238724797,-0.3876661386467059,-0.5198250495489919,-0.1563880445677052,-0.03744502475564772,-0.31938403468052473,trial_env,,
NUST,2013,Volga_SD_2013|UT0,18,0.2302529991922927,0.31595254597686806,0.1941146360903634,0.3138874966567578,0.3851316982005614,0.27465155957466303,0.22405785123196195,0.2085699813311351,0.4563758997443649,0.42436763528265614,0.12493548386667003,0.15487869900826864,trial_env,,
NUST,2013,Volga_SD_2013|UTII,20,-0.0631816517039177,0.09402031503559181,-0.07747273958932765,0.05566002650107035,-0.0631816517039177,-0.04287326365622987,-0.12109816576584224,-0.1835276549494752,-0.12410681584698119,0.10605491536014756,0.25573525689680976,0.006769462682562611,trial_env,,
NUST,2005,Wanatah_IN_2005|UTI,12,0.3152369107522558,0.18563951410966176,0.3187395430939476,-0.18914214645135352,-0.41331061631962435,-0.5919448657459025,0.28021058733533855,0.26269742562687987,-0.4726697555088551,-0.256140350877193,-0.32574480777733106,0.29772374904379717,trial_env,,
NUST,2005,Wanatah_IN_2005|UTII,11,0.30000000000000004,0.3272727272727273,0.26363636363636367,0.3727272727272728,0.10909090909090911,0.24545454545454545,-0.05454545454545456,0.17272727272727276,-0.14545454545454548,0.009090909090909092,-0.6272727272727273,0.36363636363636365,trial_env,,
NUST,2006,Wanatah_IN_2006|UTI,14,0.3828385154920852,0.32343253895020996,0.22662279940048724,0.3278329816570155,0.1958197004528482,0.24202434887430674,0.18261837233243144,0.14521460932458408,0.4532455988009745,-0.0022002213534027884,-0.024202434887430676,0.3080309894763904,trial_env,,
NUST,2006,Wanatah_IN_2006|UTII,13,0.12707376262526085,0.4088460188812741,0.13812365502745744,0.5414447277076332,0.3922711802779792,0.5745944049142231,0.15469849363075233,0.07734924681537617,0.7679675219526635,0.30939698726150466,0.2651974176527183,0.24862257904942345,trial_env,,
NUST,2007,Wanatah_IN_2007|UTII,12,-0.09090909090909093,-0.02097902097902098,-0.06993006993006995,0.04895104895104895,-0.2377622377622378,0.4265734265734266,-0.055944055944055944,-0.013986013986013986,0.41958041958041964,-0.04195804195804196,0.17482517482517487,-0.10489510489510491,trial_env,,
NUST,2008,Wanatah_IN_2008|UTI,11,0.7334870966009104,0.3826889199656924,0.3371307152078719,0.34168653568365387,0.4236913042477308,0.5056960728118078,0.25512594664379495,0.20501192141019234,0.07990867579908675,0.2369026647406667,-0.06378148666094874,0.701596353270436,trial_env,,
NUST,2008,Wanatah_IN_2008|UTIRR,11,0.33636363636363636,0.23636363636363636,0.4272727272727273,0.2545454545454546,0.20909090909090913,0.14545454545454548,0.3090909090909091,0.16363636363636366,0.33636363636363636,0.41818181818181827,0.009090909090909092,0.26363636363636367,trial_env,,
NUST,2009,Wanatah_IN_2009|UTIRR,18,0.4202375366424356,0.11874033590633928,0.056788856303031834,0.25503359103361567,0.23748067181267857,0.12183790988650468,0.1569437483283789,0.11667528658622904,0.12183790988650468,0.29426952811571044,-0.03200826446170885,0.2684564116143323,trial_env,,
NUST,2010,Wanatah_IN_2010|UTI,11,0.6090909090909091,0.5727272727272729,0.27272727272727276,0.7090909090909092,0.6181818181818182,0.5181818181818182,0.38181818181818183,0.33636363636363636,0.4090909090909091,0.6545454545454547,0.18181818181818182,0.4272727272727273,trial_env,,
NUST,2011,Wanatah_IN_2011|UTII,11,0.8181818181818182,0.5090909090909091,0.5909090909090909,0.4909090909090909,0.5727272727272729,0.39090909090909093,0.36363636363636365,0.39090909090909093,0.19590028045862823,0.21412356236175648,-0.13636363636363638,0.6818181818181819,trial_env,,
NUST,2012,Wanatah_IN_2012|UTII,16,0.23823529411764705,-0.2058823529411765,-0.06176470588235294,-0.29705882352941176,-0.30882352941176466,-0.4264705882352941,-0.411764705882353,-0.30882352941176466,-0.2676470588235294,-0.5529411764705882,-0.2323529411764706,-0.12352941176470587,trial_env,,
NUST,2012,Wanatah_IN_2012|UTIIRR,20,0.1526889916178011,0.36780747241923517,0.1745017047060584,0.31365177095873426,0.16397142942207213,-0.3587815221758183,0.5588567525715576,0.48890563818507743,0.4228743416102332,0.06393381422420244,0.48740131314450796,0.5152313263950432,trial_env,,
NUST,2013,Wanatah_IN_2013|UTII,20,0.38195488721804516,0.05563909774436089,0.34285714285714286,0.013533834586466165,0.030075187969924807,-0.03308270676691729,0.23609022556390977,0.28120300751879695,-0.12781954887218044,-0.13383458646616542,0.009022556390977442,0.3157894736842105,trial_env,,
NUST,2013,Wanatah_IN_2013|UTIIIRR,12,-0.013986013986013986,-0.34965034965034975,-0.3426573426573427,-0.15384615384615385,-0.08391608391608392,-0.1258741258741259,-0.10489510489510491,0.1188811188811189,0.06666707705313787,-0.2027972027972028,0.4545454545454546,-0.08391608391608392,trial_env,,
NUST,2013,Wanatah_IN_2013|UTIIRR,23,0.16518306794553106,-0.08209697388909629,-0.12858562175400623,-0.09990113690118946,-0.01582592267741615,-0.2502474023366429,-0.4104848694454814,-0.44213671480031375,-0.20594059405940596,-0.25080392756704345,0.0633036907096646,-0.22453027798584166,trial_env,,
NUST,2014,Wanatah_IN_2014|UTI,15,0.7928571428571427,0.7035714285714285,0.6214285714285712,0.8392857142857142,0.8607142857142854,0.807142857142857,0.7642857142857141,0.7357142857142855,0.6648796220612823,0.7535714285714286,0.7499999999999999,0.7749999999999999,trial_env,,
NUST,2014,Wanatah_IN_2014|UTII,21,0.1948051948051948,0.33766233766233766,0.251948051948052,0.27792207792207796,0.17922077922077922,0.3,0.032467532467532464,0.087012987012987,0.35979248756978105,0.21045795198972034,0.28441558441558445,0.2597402597402597,trial_env,,
NUST,2014,Wanatah_IN_2014|UTIII,16,-0.2911764705882353,0.2764705882352941,0.07058823529411765,0.28529411764705886,0.2029411764705882,0.3735294117647059,-0.4294117647058823,-0.3411764705882353,0.03529411764705882,0.23823529411764705,-0.12352941176470587,-0.4705882352941176,trial_env,,
NUST,2015,Wanatah_IN_2015|UTI,12,0.5594405594405596,0.3426573426573427,0.6363636363636365,0.30069930069930073,0.23076923076923078,0.21678321678321683,0.5104895104895105,0.5524475524475525,0.3216783216783217,0.20979020979020982,0.4685314685314686,0.5174825174825175,trial_env,,
NUST,2015,Wanatah_IN_2015|UTII,24,-0.006523157362294634,-0.11306806094644033,-0.20178300107364738,-0.009567297464698797,-0.28484453815353233,0.2339639107276342,-0.03000652386655532,-0.12872363861594746,0.1692408132277019,-0.158329708568943,0.43792129758871307,-0.10176125485179628,trial_env,,
NUST,2015,Wanatah_IN_2015|UTIII,24,-0.22048271884555865,-0.04522722437857613,-0.17221135436457835,0.037399435543822565,0.10306588632425523,0.0878451858122344,-0.22439661326293542,-0.20134812391616103,-0.05914329341813802,-0.014785823354534504,-0.1765601259394414,-0.13872581323813257,trial_env,,
NUST,2015,Wanatah_IN_2015|UTIIRR,14,0.3586360806046545,0.04840486977486135,0.14741483067798686,0.28602877594236253,0.3894391795522936,0.3080309894763904,-0.0968097395497227,-0.1936194790994454,0.3197355857332124,0.2156216926334733,-0.12321239579055618,0.28602877594236253,trial_env,,
NUST,2015,Wanatah_IN_2015|UTIRR,10,0.5471149893120582,0.5227987675648555,-0.3404271044608362,0.6079055436800646,0.6565379871744699,0.6565379871744699,-0.10334394242561099,-0.38905954795524134,0.5609756097560976,0.15197638592001614,-0.10942299786241164,0.0790277206784084,trial_env,,
NUST,2016,Wanatah_IN_2016|UTI,14,0.8593406593406594,0.7406593406593407,0.6791208791208792,0.4593406593406593,0.2923076923076923,0.12087912087912088,0.6395604395604396,0.6307692307692307,0.6131868131868132,0.3538461538461538,0.7098901098901099,0.7538461538461538,trial_env,,
NUST,2016,Wanatah_IN_2016|UTIII,23,0.2614928643746789,-0.036085026652838484,0.22046468338583514,-0.090954039782497,-0.043005442723245864,0.1290163281697376,-0.04498270445764797,-0.06376669093446802,0.18339102586579556,0.11913001949772706,-0.17202177089298346,0.04102818098884376,trial_env,,
NUST,2016,Wanatah_IN_2016|UTIIIRR,15,0.11617520277952513,0.48257391923802745,0.23413771637104297,0.45755156787012974,0.47542467599005667,0.5773013922736402,0.24843620286698453,0.47185005436607136,0.2716712434228895,0.3949956894503855,0.16443259470332788,0.502234338169947,trial_env,,
NUST,2016,Wanatah_IN_2016|UTIIRR,11,0.6940711627653792,0.17808404834111702,0.5114208567744899,0.3653006119817785,0.3881319002306396,0.4794570532260843,-0.3059392625347395,-0.35616809668223404,-0.5253512004288644,-0.4703245379265399,-0.534252145023351,0.5525171756224401,trial_env,,
NUST,2017,Wanatah_IN_2017|UTI,18,0.5108359133126935,0.3973168214654283,0.5108359133126935,0.6037151702786379,0.5706914344685242,0.5273477812177503,0.6037151702786379,0.5851393188854489,0.6635706914344685,0.6408668730650156,0.2528379772961816,0.6367389060887513,trial_env,,
NUST,2017,Wanatah_IN_2017|UTII,34,0.3745988253864731,0.26104234751533906,0.29329055320956426,0.21427480750380876,0.1532936033711271,0.2668500812422611,0.2511080661403408,0.21916553064226943,0.19669877122496568,0.2090784141691943,0.17178665023843157,0.35090938518455417,trial_env,,
NUST,2017,Wanatah_IN_2017|UTIII,20,-0.37293233082706767,-0.3654135338345864,-0.3233082706766917,-0.33233082706766914,-0.33233082706766914,-0.193984962406015,-0.16541353383458643,-0.22105263157894736,-0.31729323308270674,-0.1263157894736842,-0.14285714285714285,-0.3578947368421052,trial_env,,
NUST,2017,Wanatah_IN_2017|UTIIIRR,14,0.7802197802197802,0.8197802197802198,0.8065934065934066,0.8373626373626375,0.8813186813186813,0.8109890109890111,0.745054945054945,0.7098901098901099,0.7274725274725276,0.7758241758241758,0.7010989010989012,0.8153846153846154,trial_env,,
NUST,2017,Wanatah_IN_2017|UTIIRR,16,0.3235294117647059,0.3382352941176471,0.31176470588235294,0.19411764705882353,0.07352941176470588,-0.06470588235294117,0.34411764705882353,0.3147058823529411,0.16777046484599917,0.13529411764705881,0.37058823529411766,0.08823529411764705,trial_env,,
NUST,2017,Wanatah_IN_2017|UTIRR,12,0.44755244755244755,0.3426573426573427,0.013986013986013986,0.5524475524475525,0.5104895104895105,0.5874125874125874,-0.06993006993006995,-0.013986013986013986,0.18181818181818185,0.2027972027972028,0.20979020979020982,0.3916083916083916,trial_env,,
NUST,2019,Wanatah_IN_2019|UTI,13,0.7472527472527472,0.6098901098901099,0.5659340659340659,0.6098901098901099,0.6098901098901099,0.5384615384615384,0.3516483516483516,0.3736263736263736,0.46153846153846156,0.5164835164835164,0.6758241758241759,0.6813186813186813,trial_env,,
NUST,2019,Wanatah_IN_2019|UTII,35,0.04145658263305322,-0.14677871148459384,-0.09187675070028012,-0.21064425770308126,-0.2669467787114846,-0.265546218487395,0.004201680672268907,-0.017366946778711485,-0.1967924929540567,-0.18599439775910365,0.16414565826330535,0.11036414565826332,trial_env,,
NUST,2019,Wanatah_IN_2019|UTIII,27,0.48229548229548225,0.6684981684981686,0.5891330891330891,0.4884004884004884,0.5042735042735043,0.13553113553113552,0.44932844932844934,0.3919413919413919,0.2612942612942613,0.18315018315018314,0.43711843711843706,0.3974358974358974,trial_env,,
NUST,2019,Wanatah_IN_2019|UTIIIRR,37,0.40184921763869125,0.3639165481270744,0.469890943575154,0.25462304409672826,0.1785206258890469,0.41014698909435743,-0.0739687055476529,0.05144618302513039,0.020272673527172456,0.22053593221447454,0.11000474158368895,0.20815552394499764,trial_env,,
NUST,2019,Wanatah_IN_2019|UTIIRR,25,0.24461538461538462,0.25076923076923074,0.3623076923076923,0.22999999999999998,0.18769230769230769,0.24846153846153846,0.012307692307692308,0.016923076923076923,0.12307692307692307,-0.07384615384615385,0.09846153846153846,0.21307692307692308,trial_env,,
NUST,2019,Wanatah_IN_2019|UTIRR,31,0.2830645161290323,0.23870967741935487,0.14919354838709678,0.2842741935483871,0.29637096774193555,0.3467741935483872,0.1338709677419355,0.12661290322580646,0.03084988421767219,0.10061498186025113,0.059677419354838716,0.19959677419354843,trial_env,,
NUST,2020,Wanatah_IN_2020|UTI,18,0.43307545589293456,0.37932862127137706,0.2573646503993811,0.3317833444907684,0.32971615854378544,0.20878578064528105,0.37829502829788547,0.3720934704569365,0.30180914825951516,0.3669255055894791,0.4981918132228984,0.4103364104761216,trial_env,,
NUST,2020,Wanatah_IN_2020|UTII,39,-0.05376943497826926,-0.1261708398925113,-0.23138071360705323,-0.04799757472636465,-0.05478204204000691,-0.04830135684488594,-0.0698698872598979,-0.13275278579380603,-0.09113463555638858,-0.07533796539328122,-0.026732826429873978,-0.019847098410057957,trial_env,,
NUST,2020,Wanatah_IN_2020|UTIII,39,0.2942338057481636,0.28704502384585123,0.18984459249064237,0.43071941144276943,0.46646082005567435,0.5277173418993216,0.2398623144588436,0.33999900884457446,0.3667291274672569,0.3810054408225532,0.47375085240731496,0.37482916341352435,trial_env,,
NUST,2020,Wanatah_IN_2020|UTIIIRR,13,0.03296703296703297,0.42857142857142855,0.2967032967032967,0.6318681318681317,0.7142857142857143,0.576923076923077,0.35714285714285715,0.3681318681318681,-0.17679827843514556,0.4340659340659341,0.5054945054945055,0.4340659340659341,trial_env,,
NUST,2020,Wanatah_IN_2020|UTIRR,29,0.10322739904308106,0.04311406881274269,0.1322985997282447,0.06085242855284254,-0.033259424512687215,0.002217294967512481,-0.029317566792665027,-0.04804139096277042,-0.21387212186452303,-0.05272234700529677,-0.1825572856585276,-0.048780489285274585,trial_env,,
NUST,2005,Waseca_MN_2005|PTI,16,0.37086102755431394,0.19573220898699903,0.1486387451705782,0.22222228238373573,0.5239147849576816,0.33701260043626147,-0.11479031805252575,-0.09271525688857848,0.17083946980854198,0.2766740999214723,-0.005886682977052602,0.34437095415757724,trial_env,,
NUST,2005,Waseca_MN_2005|UTI,12,0.39860139860139865,0.16783216783216784,0.18181818181818185,0.04895104895104895,0.27272727272727276,-0.32867132867132864,0.1328671328671329,0.18881118881118883,0.0,0.23817899923503774,0.10489510489510491,0.4125874125874127,trial_env,,
NUST,2005,Waseca_MN_2005|UTII,11,0.24545454545454545,0.15454545454545454,0.30000000000000004,0.13636363636363638,-0.07272727272727274,-0.20909090909090913,0.36363636363636365,0.3181818181818182,0.02727272727272728,-0.11818181818181818,-0.09090909090909091,0.16363636363636366,trial_env,,
NUST,2006,Waseca_MN_2006|PTI,10,0.3696969696969697,0.4666666666666666,0.4666666666666666,0.4424242424242424,0.406060606060606,0.4424242424242424,0.5515151515151515,0.6121212121212121,0.38181818181818183,0.2727272727272727,0.12727272727272726,0.2727272727272727,trial_env,,
NUST,2006,Waseca_MN_2006|UTI,14,0.21145425744365773,0.19383306932335295,0.08810594060152405,0.09471388614663837,0.08149799505640974,0.06387680693610494,0.01541853960526671,-0.013215891090228608,0.3061681435902961,-0.2665204703196103,-0.02202648515038101,0.29956019804518175,trial_env,,
NUST,2006,Waseca_MN_2006|UTII,13,-0.07142857142857142,-0.23076923076923078,-0.2692307692307692,0.03296703296703297,0.2967032967032967,-0.23076923076923078,-0.34615384615384615,-0.24725274725274726,-0.19780219780219782,0.42857142857142855,0.23076923076923078,-0.34065934065934067,trial_env,,
NUST,2007,Waseca_MN_2007|PTI,11,0.7090909090909092,0.4090909090909091,0.6272727272727273,0.6090909090909091,0.690909090909091,0.6272727272727273,0.41818181818181827,0.45454545454545453,0.5909090909090909,0.5272727272727273,0.46363636363636374,0.6272727272727273,trial_env,,
NUST,2007,Waseca_MN_2007|UTII,12,-0.18881118881118883,-0.14685314685314685,-0.1328671328671329,0.17482517482517487,0.2657342657342658,0.2657342657342658,-0.1958041958041958,-0.1958041958041958,0.1398601398601399,0.44055944055944063,0.006993006993006993,-0.1258741258741259,trial_env,,
NUST,2008,Waseca_MN_2008|UTI,11,0.6181818181818182,0.45454545454545453,0.41818181818181827,0.5818181818181819,0.7090909090909092,0.6000000000000001,0.5545454545454546,0.43636363636363645,0.39180056091725646,0.6181818181818182,0.3181818181818182,0.5818181818181819,trial_env,,
NUST,2008,Waseca_MN_2008|UTIRR,11,0.33636363636363636,0.24545454545454545,0.20909090909090913,0.2545454545454546,0.17272727272727276,0.5636363636363637,0.21818181818181823,0.3090909090909091,0.28181818181818186,0.3272727272727273,-0.14545454545454548,0.14545454545454548,trial_env,,
NUST,2009,Waseca_MN_2009|PTI,16,0.44624496112623724,0.4874821192501139,0.620030127505432,0.3961712691186726,0.30044215204538743,0.36377064487848376,0.326951753696451,0.1870399672047265,0.2577322382742294,0.15696393355557356,-0.0530192033021272,0.5301920330212719,trial_env,,
NUST,2009,Waseca_MN_2009|UTIRR,18,0.21786270327163124,0.23851319647273372,0.21476512929146582,0.3304078912176398,0.3221476939371988,0.41920501198238047,0.053691282322866456,-0.06711410290358308,0.2767166088947733,0.30769234869642703,-0.04852865902259085,0.10325246600551242,trial_env,,
NUST,2010,Waseca_MN_2010|PTI,20,0.2670176947010807,0.3091387958370259,0.04663407625765354,0.41970668631888186,0.43775858680571544,0.20458820551744777,0.28206094510677543,0.2384355189302608,0.1696764484574868,0.21106094808126408,0.18954495511175307,0.2421963315316845,trial_env,,
NUST,2010,Waseca_MN_2010|UTI,11,0.4419145861508591,0.5649217389969744,0.2505701261680129,0.29157251045005134,0.15945371665237182,0.10933969141876927,0.21412356236175645,0.25968176711957697,0.4009122018688206,0.20956774188597443,0.34168653568365387,0.5011402523360258,trial_env,,
NUST,2011,Waseca_MN_2011|PTI,22,-0.23070421694229423,-0.25728043801162714,-0.20525889889718826,-0.19338441714280546,-0.05145608760232543,0.01809444838763092,-0.31382558922297377,-0.2550186319631733,0.04139499481360849,-0.08594862984124686,-0.2838566590809601,-0.1639809385129052,trial_env,,
NUST,2011,Waseca_MN_2011|UTII,11,0.5922566618516668,0.3690214585383462,0.2414584852164488,0.36446563806256416,0.3143516128289616,0.173121178079718,0.1138955118945513,0.2277910237891026,0.07990867579908675,0.3127853881278539,-0.3280190742563077,0.5922566618516668,trial_env,,
NUST,2012,Waseca_MN_2012|PTI,19,0.5519965428279927,0.45019749836368883,0.4071961778572156,0.41597195755241423,0.4001755541010567,0.3150504910576302,0.4563405441503279,0.5168934240471983,0.1605967684221346,0.35980696750314306,0.5774463039440687,0.5362001393766352,trial_env,,
NUST,2012,Waseca_MN_2012|UTII,16,0.10588235294117648,-0.0823529411764706,-0.02941176470588235,-0.2029411764705882,-0.2676470588235294,-0.30882352941176466,-0.3058823529411765,-0.2088235294117647,-0.18529411764705883,-0.21764705882352942,-0.16176470588235295,-0.16176470588235295,trial_env,,
NUST,2012,Waseca_MN_2012|UTIIRR,20,0.04589918530347551,0.328066308070743,0.19714076310673093,0.29571114466009635,0.267870655213726,0.06772010946414421,0.26486087257087515,0.39653886319559994,0.43507718550010066,-0.04589918530347551,0.21519945896383602,0.24680217671377,trial_env,,
NUST,2013,Waseca_MN_2013|PTIA,28,0.4839857832589587,0.5305228778030893,0.34492199485649766,0.5691212915132211,0.5359978301023989,0.5726800105077723,0.47194088820047775,0.4954831830875086,0.5617301059091534,0.7120175465251988,0.3854366418713879,0.49384069739771574,trial_env,,
NUST,2013,Waseca_MN_2013|PTIB,28,0.7256055904819217,0.6366497938366465,0.4915834177689671,0.6270699388133093,0.6369235039801704,0.5909401998681514,0.6593677357491322,0.6659367791937064,0.488025185903156,0.6084576490536825,0.7149308948844887,0.6946763442637184,trial_env,,
NUST,2013,Waseca_MN_2013|UTII,20,0.3482512468918321,0.49793158842849417,0.3151560959993037,0.3873636979466383,0.2421963315316845,0.1827754924291905,0.314403933479019,0.2594960694982334,0.4422715619274239,0.30387365819503276,0.5723956779366829,0.3249342087630053,trial_env,,
NUST,2013,Waseca_MN_2013|UTIIRR,23,-0.15567087206149569,0.059797382601399926,0.00840128515887437,0.04793674473004788,0.17296763562388412,0.19619471812194855,-0.13639733552054858,-0.13392636929735025,-0.08805344991505668,-0.11492832427088481,0.005436125691036357,-0.28613788864636824,trial_env,,
NUST,2015,Waseca_MN_2015|PTI,42,0.4844801101003535,0.5214361037781323,0.4438771433622677,0.5632547282029872,0.560418193600526,0.6131777372063022,0.528000655286685,0.5156009468816409,0.5049031592380734,0.47499798014355504,0.5134127630454567,0.5419401967616366,trial_env,,
NUST,2015,Waseca_MN_2015|PTIIA,23,0.26679841897233203,0.015810276679841896,-0.01482213438735178,0.12055335968379448,0.1818181818181818,0.12154150197628459,0.058300395256917006,0.0790513833992095,0.03360514063549748,0.10276679841897234,0.09980237154150197,0.22430830039525693,trial_env,,
NUST,2015,Waseca_MN_2015|PTIIB,23,-0.06325673531387761,-0.11267605977784448,0.051396097442525567,-0.08500123807802304,-0.0019767729785586754,-0.07116382722811232,0.2520385547662311,0.0934025232368974,-0.3647146145440756,-0.5055596892663812,0.027180628455181786,0.23721275742704107,trial_env,,
NUST,2015,Waseca_MN_2015|UTI,12,0.6293706293706295,0.49650349650349657,0.6013986013986015,0.5734265734265735,0.5944055944055945,0.6153846153846154,0.7062937062937064,0.39860139860139865,0.4265734265734266,0.5244755244755246,0.44055944055944063,0.6503496503496504,trial_env,,
NUST,2015,Waseca_MN_2015|UTII,24,0.14049588105953434,0.34101786610116075,0.321879108309769,0.17485865073044213,-0.03958243088674187,0.251848653663995,0.4119182642829072,0.41322317958686566,0.4858572671888599,0.3232543039284898,0.17007396128259422,0.14180079636349285,trial_env,,
NUST,2015,Waseca_MN_2015|UTIIRR,14,-0.002197802197802198,-0.4153846153846154,-0.13406593406593406,-0.07252747252747253,-0.11208791208791209,-0.015384615384615385,-0.26153846153846155,-0.26593406593406593,0.27753371289480083,-0.01978021978021978,-0.3626373626373627,0.04175824175824176,trial_env,,
NUST,2015,Waseca_MN_2015|UTIRR,10,-0.29179466096643103,-0.04863244349440517,-0.12766016417281356,-0.10334394242561099,-0.2492412729088265,-0.2613993837824278,-0.37690143708164003,-0.35258521533443743,0.20731707317073175,-0.2857156055296304,-0.2492412729088265,-0.3039527718400323,trial_env,,
NUST,2016,Waseca_MN_2016|PTI,32,0.2907691007373046,0.3114859408276674,0.19415162527163024,0.4396370135990268,0.36300303875149,0.41800349916838236,0.34485288681391546,0.2539187922579867,0.228335626819744,0.23778532386903153,0.27866899944558826,0.41415346693919997,trial_env,,
NUST,2016,Waseca_MN_2016|PTIIA,23,0.6426100636806853,0.7612457677448119,0.682649613802328,0.7043994928807513,0.6678201507943122,0.7231834793575712,0.6900643453063359,0.8175977271752719,0.8052398413352587,0.7820070159560341,0.8027682641672562,0.7602571368776108,trial_env,,
NUST,2016,Waseca_MN_2016|PTIIB,23,0.09693377639917394,0.2284867586551957,0.22947587882253417,0.1256182612519907,0.12364002091731367,0.20079139396971743,0.2987142905362299,0.32443141488703114,0.054401609203618015,0.11869442008062113,0.06033633020764908,0.17408514945157766,trial_env,,
NUST,2016,Waseca_MN_2016|UTI,14,0.08131868131868132,0.1912087912087912,-0.1164835164835165,0.5340659340659341,0.6307692307692307,0.45494505494505494,0.04615384615384615,0.07692307692307693,0.4241758241758242,0.6967032967032967,0.3098901098901099,0.0857142857142857,trial_env,,
NUST,2016,Waseca_MN_2016|UTII,27,0.45282444859038323,0.20183207047757473,0.4464122345510049,-0.047633590006810375,-0.10320611168142248,-0.12458015847935022,0.29160306702887123,0.28244276125833073,-0.07819181429444105,-0.09665597913871518,0.18931298592450277,0.40916032441747374,trial_env,,
NUST,2016,Waseca_MN_2016|UTIIRR,11,0.4272727272727273,0.38181818181818183,0.27272727272727276,0.6454545454545455,0.6818181818181819,0.7636363636363637,-0.018181818181818184,0.30000000000000004,-0.5229577884350213,-0.33636363636363636,-0.09090909090909091,0.6636363636363638,trial_env,,
NUST,2017,Waseca_MN_2017|PTIIA,24,-0.09391304347826085,-0.06434782608695652,-0.12,0.03043478260869565,0.06608695652173913,0.02695652173913043,0.23043478260869563,0.10782608695652172,0.16869565217391302,0.18747283200204118,-0.17304347826086955,0.04869565217391304,trial_env,,
NUST,2017,Waseca_MN_2017|PTIIB,28,0.10782703886152162,0.0421455938697318,-0.07608100711548987,-0.14504652435686918,-0.337712096332786,-0.14504652435686918,0.2742200328407225,0.15161466885604818,0.08375530391832064,-0.10946907498631636,-0.23152709359605914,0.025725232621784347,trial_env,,
NUST,2017,Waseca_MN_2017|UTII,34,0.3000993209155625,0.23531209481159185,0.37451295089818937,0.21055848483790487,0.20475208249839807,0.1703720686460551,0.22538009080980387,0.13522805448588232,0.04645121871605449,0.10283444143389694,0.21315608588452636,0.4014057617337998,trial_env,,
NUST,2017,Waseca_MN_2017|UTIIRR,16,0.4794117647058824,0.25588235294117645,0.5235294117647059,0.055882352941176466,0.02941176470588235,0.047058823529411764,0.3558823529411765,0.18529411764705883,0.08682857391152587,0.10294117647058824,0.22352941176470587,0.3382352941176471,trial_env,,
NUST,2020,Waseca_MN_2020|PTI,34,0.397188059645005,0.21838466226729975,0.17880339737770515,0.2214411305985426,0.21960724959979688,0.23534806150569743,0.19576679661610286,0.2834874377227719,0.24130817475162095,0.1421257774027913,0.38542065656972,0.39183924006533,trial_env,,
NUST,2020,Waseca_MN_2020|UTI,18,0.5541795665634675,0.41589267285861714,0.4303405572755417,0.5232198142414861,0.49226006191950467,0.5067079463364293,0.39938080495356043,0.41589267285861714,0.35810113519091846,0.564499484004128,0.413828689370485,0.5748194014447885,trial_env,,
NUST,2020,Waseca_MN_2020|UTIRR,29,0.6338219040563184,0.5104076895471014,0.5261731780273207,0.4951348725818888,0.4438970350211759,0.48528144228175174,0.45301145804880283,0.37319867261769235,0.40946045824094607,0.31407809081686977,0.1145461272390937,0.5650942277128622,trial_env,,
NUST,2007,Watertown_SD_2007|PT0RR,10,0.4545454545454545,0.23636363636363633,0.2606060606060606,-0.0303030303030303,0.07878787878787878,0.12727272727272726,-0.1515151515151515,0.07878787878787878,-0.5636363636363636,-0.5757575757575757,-0.2727272727272727,-0.07878787878787878,trial_env,,
NUST,2010,Watertown_SD_2010|PTI,20,0.3121474459181648,0.4738623877793827,0.28431743266762965,0.5543437774498494,0.5062053761516263,0.6002256911872181,0.40767208599432603,0.27303499486335864,0.5048908954100826,0.3671933784800601,0.5204964640370362,0.4512975121708407,trial_env,,
NUST,2010,Watertown_SD_2010|UTI,11,0.054669845709384636,0.013667461427346159,-0.041002384282038465,0.04555820475782052,0.009111640951564104,-0.4236913042477308,-0.04555820475782052,0.009111640951564104,0.3963563813930386,0.25512594664379495,-0.14578625522502567,0.03189074333047437,trial_env,,
NUST,2011,Watertown_SD_2011|PTI,22,0.2049689440993789,0.2874082439299831,0.3822699040090345,0.23546019198193116,0.2682100508187465,0.2241671372106155,0.2907961603613778,0.13495200451722192,-0.03793899690723216,0.1993224167137211,0.21513269339356297,0.2614342179559571,trial_env,,
NUST,2012,Watertown_SD_2012|PT0,27,0.26290077561451114,0.5908397221998596,0.5651908660423461,0.6006107150217693,0.4699236860287254,0.5178626195612206,0.49862597744308557,0.5505343768094815,0.4912977328266532,0.480916052953374,0.5636641484139228,0.31206108324974485,trial_env,,
NUST,2012,Watertown_SD_2012|PTI,19,0.4317683610037717,0.4194822694304937,0.38876704049729854,0.4124616456743348,0.4212374253695334,0.3712154811069014,0.183413795629651,0.2790697943073159,0.3159280690271501,0.386134306588739,0.423870159278093,0.20798597877620711,trial_env,,
NUST,2013,Watertown_SD_2013|PT0,23,0.33160366715321776,0.34642946449240786,0.24857920205375342,0.4383494079953863,0.4175932917205202,0.26884112508397984,0.3424759185352905,0.5025945297985432,0.39930814166885237,0.26142822641438485,0.3538423631620029,0.35235978342808383,trial_env,,
NUST,2013,Watertown_SD_2013|PTIA,28,0.4535377078191416,0.49404680906068227,0.3251676505064214,0.4398522006429454,0.4048173022718832,0.4111126355729335,0.41932393987865113,0.391131795095687,0.45955933097666796,0.49897359164411303,0.3295470128028042,0.3796359690676822,trial_env,,
NUST,2013,Watertown_SD_2013|PTIB,28,0.3333333333333333,0.21729611384783798,0.2868089764641488,0.1395730706075534,0.15161466885604818,0.07443897099069512,0.21346469622331687,0.2326217843459223,0.03557744937055282,0.12698412698412698,0.2227695675971538,0.1538040503557745,trial_env,,
NUST,2013,Watertown_SD_2013|UT0,18,0.27966976264189886,0.3973168214654283,0.2631578947368421,0.40144478844169246,0.45717234262125905,0.28792569659442724,0.24664602683178533,0.2507739938080495,0.3684210526315789,0.4489164086687306,0.08359133126934985,0.2507739938080495,trial_env,,
NUST,2020,Williamston_MI_2020|PTI,35,0.338026203442127,0.20340408097719367,0.2274987792747676,0.18028998086614897,0.21194929374551932,0.1753869899335031,0.16502066624733758,0.2270785229091122,0.16726203353083285,0.06555999304223599,0.33494432342732106,0.22357638652865092,trial_env,,
NUST,2020,Williamston_MI_2020|PTIIA,36,0.46465820383816414,0.41714950968014736,0.33809710259878606,0.36938331582479716,0.2694734332594285,0.26625468704276073,0.22659973365341338,0.4373632359208211,0.301017146182773,0.06656367176069018,0.14432858035538432,0.2536372018734229,trial_env,,
NUST,2020,Williamston_MI_2020|PTIIB,37,0.06804979300933912,-0.003438055744374276,-0.18944872687965839,0.14641375325180106,0.24362774326514267,0.14107883916570305,0.07931238941332382,-0.10480142338023656,0.023829282917904468,0.05287492627554921,0.06757557842390818,0.01553052767286311,trial_env,,
NUST,2020,Williamston_MI_2020|PTIIRR,34,0.08101498864677761,0.19841029295003274,0.07291348978209986,0.15148274292255964,0.1340568774400452,0.10348518361107253,0.1867930492950231,0.07887497007874952,0.2601284328906619,0.26614692763792647,0.296545430141035,-0.041271786669113124,trial_env,,
NUST,2020,Williamston_MI_2020|UTI,18,0.27155398559449767,0.2302529991922927,0.2085699813311351,0.30046467607604116,0.3097573980165373,0.2798141828749387,0.10118741668540218,0.16417142094876477,0.2684564116143323,0.3810015995603409,0.08569954678457531,0.33350546519780516,trial_env,,
NUST,2020,Williamston_MI_2020|UTII,39,0.33297900332537933,0.10012655344749168,0.2737534888999166,0.027334852811752023,-0.01721083325184387,0.022374083227397028,0.20308783237175762,0.2132118519316658,-0.02429764694377958,-0.06236396048903425,0.14203999442551143,0.32619591022024086,trial_env,,
NUST,2020,Williamston_MI_2020|UTIRR,29,0.615270935960591,0.4458128078817733,0.5689655172413792,0.3600985221674876,0.3118226600985221,0.34187192118226595,0.30788177339901474,0.25221674876847283,0.36260623504504497,0.3251231527093595,0.08571428571428569,0.5758620689655172,trial_env,,
NUST,2006,Woodstock_ONT_2006|PT0,15,0.5249999999999999,0.19999999999999998,0.06428571428571428,0.2178571428571428,0.32499999999999996,0.2714285714285714,0.035714285714285705,-0.08928571428571427,0.25,0.5821428571428571,-0.007142857142857141,0.4107142857142856,trial_env,,
NUST,2007,Woodstock_ONT_2007|PT0,17,0.8848039215686275,0.823529411764706,0.8382352941176472,0.8382352941176472,0.8480392156862745,0.678921568627451,0.8161764705882354,0.8210784313725491,0.7768936501370185,0.8206412976913119,0.7892156862745099,0.8455882352941178,trial_env,,
NUST,2007,Woodstock_ONT_2007|UT0,11,0.7272727272727273,0.6090909090909091,0.6727272727272727,0.5545454545454546,0.5,-0.24545454545454545,0.7181818181818183,0.6727272727272727,0.5,0.16363636363636366,0.5272727272727273,0.7363636363636363,trial_env,,
NUST,2008,Woodstock_ONT_2008|PT0,17,0.08338444240488645,0.14469653240847943,0.12630290540740155,0.08338444240488645,0.11894545460697037,0.18393627001077892,0.13120787260768896,0.09687310220567691,0.11649297100682665,-0.040465979402371365,0.06376457360373669,0.10423055300610805,trial_env,,
NUST,2008,Woodstock_ONT_2008|UT0,16,0.6970588235294117,0.7441176470588236,0.7147058823529412,0.5205882352941177,0.5558823529411765,0.2323529411764706,0.7764705882352941,0.7147058823529412,0.4415012232789452,0.4823529411764706,0.5205882352941177,0.7235294117647059,trial_env,,
NUST,2009,Woodstock_ONT_2009|PT0,17,0.38650335842787,0.5361967226443783,0.5079758425052006,0.3006137232216767,0.28466279096909786,0.3104296815309559,0.45276107701550483,0.40368128546910864,0.23985257996416673,0.37300641575261106,-0.034355854082477336,0.4073622698350884,trial_env,,
NUST,2009,Woodstock_ONT_2009|UT0,13,0.43956043956043955,0.37912087912087916,0.46153846153846156,0.2967032967032967,0.1043956043956044,0.18131868131868134,0.5439560439560439,0.47802197802197804,0.5281985739655003,0.13186813186813187,0.47802197802197804,0.6703296703296703,trial_env,,
NUST,2010,Woodstock_ONT_2010|PT0,16,0.31176470588235294,0.4294117647058823,0.2411764705882353,0.6147058823529412,0.6411764705882352,0.5823529411764706,0.5176470588235293,0.19117647058823528,0.4676470588235294,0.5470588235294118,0.12058823529411765,0.31176470588235294,trial_env,,
NUST,2010,Woodstock_ONT_2010|UT0,14,0.3274725274725274,0.2351648351648352,0.1164835164835165,0.3098901098901099,0.3098901098901099,0.3318681318681319,0.15164835164835166,0.12967032967032965,0.3626373626373627,0.37843807278527963,0.2043956043956044,0.3142857142857143,trial_env,,
NUST,2011,Woodstock_ONT_2011|PT0,17,0.5637254901960785,0.661764705882353,0.5661764705882354,0.6323529411764707,0.6372549019607844,0.5220588235294118,0.465686274509804,0.43137254901960786,0.5220588235294118,0.536764705882353,0.303921568627451,0.44852941176470595,trial_env,,
NUST,2011,Woodstock_ONT_2011|UT0,14,0.5242303465790682,0.5308382921241824,0.34141051983090576,0.5242303465790682,0.4251111634023536,0.48678532182342044,0.5308382921241824,0.3920714356767821,0.5000012129136491,0.4030846782519726,0.5770939109399826,0.5704859653948683,trial_env,,
NUST,2012,Woodstock_ONT_2012|PT0,27,0.2613740579860877,0.1416793959176924,-0.033587787825315005,0.22992367484056547,0.1926717647070343,0.18961832945018747,-0.047633590006810375,0.08458015661465688,0.06625954507357598,0.1386259606608456,0.01923664211813496,0.4977099468660314,trial_env,,
NUST,2012,Woodstock_ONT_2012|UT0,12,0.7762237762237763,0.5174825174825175,0.30069930069930073,0.6433566433566434,0.6573426573426573,0.6153846153846154,0.4265734265734266,0.34965034965034975,0.4685314685314686,0.6573426573426573,0.39860139860139865,0.7692307692307694,trial_env,,
NUST,2013,Woodstock_ONT_2013|PT0,23,0.017786561264822136,0.20454545454545459,0.06324110671936758,0.23023715415019763,0.21047430830039524,0.19466403162055337,0.22134387351778656,0.2065217391304348,0.14723320158102768,0.3191699604743083,0.0009881422924901185,0.13339920948616601,trial_env,,
NUST,2013,Woodstock_ONT_2013|UT0,18,0.7097111225066337,0.6311986839178357,0.5568184789389746,0.6043391654532471,0.6280995087103832,0.537190369291775,0.5950416398308893,0.5754135301836899,0.47727298194769247,0.5733474133787215,0.3739671416992742,0.6890499544569499,trial_env,,
NUST,2014,Woodstock_ONT_2014|PT0,18,0.12906558250689054,0.3810015995603409,0.26742388695427716,0.34176566247824613,0.2798141828749387,0.24367581977300937,0.24367581977300937,0.42436763528265614,0.49044921352618404,0.11977286056639441,0.42643268460276634,0.34486323645841155,trial_env,,
NUST,2014,Woodstock_ONT_2014|UT0,14,0.767032967032967,0.6615384615384616,0.7098901098901099,0.4945054945054946,0.3802197802197802,0.24395604395604395,0.7142857142857143,0.6791208791208792,0.3010989010989011,0.4593406593406593,0.5296703296703297,0.7538461538461538,trial_env,,
NUST,2015,Woodstock_ONT_2015|PT0,22,0.41840767927724454,0.1925465838509317,0.07509881422924902,0.2173913043478261,0.18802936194240544,0.29757199322416716,0.17899491812535295,-0.08413325804630155,-0.13382269904009036,0.22190852625635235,0.015245623941276118,0.4568040654997177,trial_env,,
NUST,2015,Woodstock_ONT_2015|UT0,14,0.5192522394030581,0.30143032541618203,0.38063829413868244,0.008800885413611154,-0.12761283849736174,-0.1342135025575701,0.4840486977486135,0.4422444920339605,0.04180420571465299,0.198019921806251,0.6006604294789614,0.5764579945915306,trial_env,,
NUST,2015,Woodstock_ONT_2015|UTI,12,0.19264477879304523,0.14360792600936098,0.2206658375265791,0.14010529366766927,-0.07005264683383464,-0.07005264683383464,0.3047290137271806,0.3012263813854889,0.2662000579685716,0.16112108771781963,0.5008764248619176,0.3047290137271806,trial_env,,
NUST,2016,Woodstock_ONT_2016|PT0,20,0.5368421052631579,0.41052631578947363,0.21804511278195485,0.6015037593984961,0.6015037593984961,0.6345864661654135,0.4030075187969925,0.18345864661654135,-0.12481203007518797,0.33233082706766914,0.04962406015037594,0.5804511278195488,trial_env,,
NUST,2016,Woodstock_ONT_2016|UT0,23,0.3424759185352905,0.3681739672565533,0.15665925855077503,0.5159377474038143,0.30887077789979306,0.37608105917078805,0.35779590911912024,0.31826044954794674,0.20509019652546256,0.08747220430122138,0.1922411721648312,0.5109958149574175,trial_env,,
NUST,2016,Woodstock_ONT_2016|UTI,14,0.24835164835164836,0.6175824175824175,0.2351648351648352,0.18681318681318684,-0.002197802197802198,0.015384615384615385,0.12087912087912088,0.21318681318681318,0.26593406593406593,0.059340659340659345,0.44175824175824174,0.367032967032967,trial_env,,
NUST,2017,Woodstock_ONT_2017|UT0,29,-0.01650449575272963,-0.21677546660301603,-0.5283901998448515,0.19632959873023154,0.2357433199307799,0.3155561053618904,-0.2712156690112735,-0.20692203630287892,0.00985343030013709,0.0800689825080069,-0.16578396479980656,0.09483926663881952,trial_env,,
NUST,2017,Woodstock_ONT_2017|UTI,18,0.31888544891640863,0.19091847265221878,0.3106295149638803,0.16408668730650156,0.12280701754385966,0.16615067079463364,0.08978328173374613,0.09597523219814243,0.027863777089783277,0.09597523219814243,-0.17647058823529413,0.10835913312693499,trial_env,,
NUST,2019,Woodstock_ONT_2019|PTI,30,-0.3349282483260678,-0.3567375296124164,-0.33826640362499877,-0.29976634584399564,-0.2897518799472028,-0.2715032976463806,-0.307332831188239,-0.3765439177194065,-0.28685881202146274,-0.24724603580748264,-0.21319685175838735,-0.28797153045443974,trial_env,,
NUST,2019,Woodstock_ONT_2019|UT0,19,0.5649122807017544,0.32105263157894737,0.21228070175438596,0.4912280701754386,0.5070175438596491,0.5877192982456141,0.16842105263157894,0.34210526315789475,0.08336990710438683,0.3315789473684211,0.25789473684210523,0.6596491228070176,trial_env,,
NUST,2019,Woodstock_ONT_2019|UTI,13,0.6813186813186813,0.6758241758241759,0.7582417582417583,0.7747252747252747,0.7692307692307693,0.7912087912087913,0.6043956043956044,0.5934065934065934,0.6813186813186813,0.7252747252747254,0.6263736263736264,0.6868131868131868,trial_env,,
NUST,2020,Woodstock_ONT_2020|PTI,35,0.42358874207413255,0.41294299326539113,0.35635243380839726,0.4205070779452864,0.35481160174397414,0.40958117785210435,0.19582574782395412,0.36321614027719107,0.3553719043128552,0.28309287292718976,0.31124807701346646,0.29738058843365855,trial_env,,
NUST,2020,Woodstock_ONT_2020|UT0,17,0.5269607843137256,0.10294117647058824,0.12745098039215688,0.19117647058823534,0.22549019607843138,0.47058823529411764,0.18137254901960786,0.16911764705882354,0.09196813500538946,0.17156862745098042,-0.01715686274509804,0.5049019607843138,trial_env,,
NUST,2020,Woodstock_ONT_2020|UTI,18,0.6718266253869969,0.49226006191950467,0.5706914344685242,0.4840041279669762,0.47368421052631576,0.32507739938080493,0.38906088751289986,0.32714138286893707,0.32714138286893707,0.4489164086687306,0.28792569659442724,0.6924664602683178,trial_env,,
NUST,2012,Wooster_OH_2012|PTIIB,14,-0.044004427068055775,0.07040708330888923,0.0022002213534027884,0.0792079687225004,-0.03300332030104183,-0.030803098947639045,0.1364137239109729,0.04620464842145856,-0.012114537444933923,0.004400442706805577,0.1166117317303478,-0.0198019921806251,trial_env,,
NUST,2012,Wooster_OH_2012|UTII,16,0.34411764705882353,0.5676470588235295,0.4617647058823529,0.4941176470588235,0.5088235294117647,0.29705882352941176,0.33529411764705885,0.28529411764705886,0.5058823529411764,0.6264705882352941,0.44117647058823534,0.37058823529411766,trial_env,,
NUST,2013,Wooster_OH_2013|PTIIA,16,-0.32647058823529407,-0.17058823529411765,-0.21176470588235297,-0.17941176470588235,-0.03823529411764706,0.23823529411764705,-0.12352941176470587,0.1264705882352941,0.1697428530618516,0.32523923448215625,-0.2676470588235294,-0.09117647058823529,trial_env,,
NUST,2013,Wooster_OH_2013|PTIIB,14,0.2087912087912088,0.5296703296703297,0.3494505494505495,0.5560439560439561,0.2351648351648352,0.432967032967033,0.09010989010989012,-0.1384615384615385,-0.01098901098901099,0.24835164835164836,-0.15604395604395604,-0.17362637362637365,trial_env,,
NUST,2013,Wooster_OH_2013|UTII,20,-0.011282437804271019,0.05791651406192455,-0.08574652731245974,0.11282437804271017,0.21436631828114935,0.1459195289352385,-0.03008650081138938,-0.08950733991388339,0.23016173120712877,0.18202332990890577,-0.060925164143063495,0.024069200649111507,trial_env,,
NUST,2014,Wooster_OH_2014|PTIIA,21,-0.18051948051948052,-0.0038961038961038965,-0.29480519480519485,0.11168831168831168,0.07792207792207792,0.18311688311688312,0.08311688311688312,0.08571428571428572,-0.08961038961038961,0.13246753246753248,-0.0038961038961038965,0.09480519480519481,trial_env,,
NUST,2014,Wooster_OH_2014|PTIIB,23,-0.15118577075098816,-0.11363636363636365,-0.1689723320158103,-0.03557312252964427,0.3270750988142293,0.13537549407114624,-0.05237154150197629,0.07412898669595032,-0.06080079833286484,0.02965159467838013,0.10276679841897234,0.1492094861660079,trial_env,,
NUST,2014,Wooster_OH_2014|UTII,21,0.5818181818181818,0.4116883116883117,0.37272727272727274,0.3948051948051948,0.3974025974025974,0.4324675324675325,0.2636363636363636,0.40259740259740256,0.30514046414145996,0.30399481954070723,0.4246753246753247,0.5337662337662338,trial_env,,
NUST,2015,Wooster_OH_2015|PTIIA,23,0.39495803144682123,0.4760257625573077,0.4409293667716703,0.417202225958845,0.4345032661348634,0.31191303860193265,0.2619871798082794,0.4394464204708687,0.08677379746008818,0.11220960342731967,0.11171528799371915,0.2871972669219063,trial_env,,
NUST,2015,Wooster_OH_2015|PTIIB,23,0.2562455583109023,0.2448678597758622,-0.02226071452507838,0.3462777815012193,0.3264904797011496,0.29730420954604686,0.5070496086267854,0.3393522258711949,0.2997776222710556,0.1929261925506793,0.2631711139409266,0.48528357664670874,trial_env,,
NUST,2015,Wooster_OH_2015|UTII,24,0.5313043478260869,0.20869565217391303,0.3217391304347825,0.1643478260869565,0.38608695652173913,-0.08608695652173912,0.36695652173913035,0.2713043478260869,0.13571119161168643,0.12872363861594743,-0.13217391304347825,0.39739130434782605,trial_env,,
NUST,2016,Wooster_OH_2016|PTIIA,23,-0.049407114624505935,0.08893280632411067,-0.03656126482213439,0.09486166007905138,0.15217391304347824,0.1442687747035573,-0.07608695652173912,-0.1274703557312253,0.03359683794466403,0.14624505928853757,0.12648221343873517,-0.001976284584980237,trial_env,,
NUST,2016,Wooster_OH_2016|PTIIB,23,0.29164610582431105,0.5595650708357968,0.35343553502437697,0.5511617084645878,0.435986212435665,0.4829461786277151,0.20415227407701772,0.2110726901474251,0.5462185541285824,0.501730165104535,0.42115674942764914,0.18536828760019772,trial_env,,
NUST,2016,Wooster_OH_2016|UTII,27,0.12702290668482766,0.2128244374022233,0.10839695161806208,0.3166412361350151,0.34961833690896077,0.333129786521988,0.2589313097806103,0.19236642118134958,-0.0015271838729383016,-0.011604825299434997,0.14259542649474644,0.18198474130807038,trial_env,,
NUST,2017,Wooster_OH_2017|PTIIA,24,0.05217391304347826,0.13565217391304346,0.09999999999999999,0.12782608695652173,0.13826086956521738,0.1217391304347826,0.04,0.10869565217391304,0.24608695652173912,0.08438452298931784,0.11739130434782606,-0.10173913043478258,trial_env,,
NUST,2017,Wooster_OH_2017|PTIIB,28,0.12862616310892172,-0.029009304871373837,-0.10454296661193212,0.14504652435686918,0.2386425834701697,0.0120415982484948,-0.0005473453749315818,-0.04871373836891078,-0.13001231817386377,0.02736726874657909,0.1346469622331691,0.09195402298850575,trial_env,,
NUST,2017,Wooster_OH_2017|UTII,34,0.29200091765256625,0.1607456647673991,0.21544808680801586,0.12300404956060482,0.1738864700620724,0.06035602431855765,0.25089770109132065,0.3156849271952914,0.2319504934571405,0.24264649776675834,0.3688593486202485,0.20276568169804052,trial_env,,
NUST,2019,Wooster_OH_2019|UTIIIRR,37,0.21787577050734944,0.1081081081081081,0.30938833570412516,0.02631578947368421,0.01944049312470365,0.005926979611190137,-0.05334281650071124,-0.12920815552394496,0.020628334466245655,0.04149869692207854,-0.08582266477003318,-0.049312470365101946,trial_env,,
NUST,2019,Wooster_OH_2019|UTIIRR,25,-0.18461538461538463,-0.17153846153846153,-0.009230769230769232,-0.17384615384615384,-0.1453846153846154,-0.10384615384615385,-0.29384615384615387,-0.3123076923076923,-0.13538461538461538,-0.1476923076923077,-0.31692307692307686,-0.2276923076923077,trial_env,,
NUST,2020,Wooster_OH_2020|PTIIIRR,17,0.012254901960784315,-0.11519607843137256,0.07107843137254903,-0.09068627450980393,-0.03676470588235294,-0.11029411764705883,0.06617647058823531,0.2720588235294118,-0.17156862745098042,-0.232843137254902,0.029411764705882353,0.15686274509803924,trial_env,,
NUST,2020,Wooster_OH_2020|PTIIRR,34,0.2932009167303285,0.30145148968678376,0.3240641711229947,0.3320091673032849,0.32100840336134456,0.38242933537051177,0.27028265851795263,-0.06707410236822,0.17924816835201896,0.3386049364301867,0.19511077158135978,0.04660045836516424,trial_env,,
NUST,2020,Wooster_OH_2020|UTIIIRR,13,0.33516483516483514,-0.021978021978021976,0.23626373626373626,-0.11538461538461539,-0.016483516483516484,-0.32417582417582413,0.4725274725274725,0.5549450549450549,0.18784817083734215,-0.24175824175824176,-0.2857142857142857,0.5604395604395606,trial_env,,
NUST,2015,Worms_NE_2015|PTI,42,0.6674770071521446,0.6296341320349841,0.5276123338069216,0.6573477579237826,0.6806855481459286,0.6529719222571301,0.5988412143807634,0.5643207330105057,0.5690207046524657,0.6367651234917509,0.45930067701084804,0.6542684661583605,trial_env,,
NUST,2015,Worms_NE_2015|PTIIA,23,0.31225296442687744,0.3804347826086957,0.23221343873517786,0.383399209486166,0.45652173913043476,0.3794466403162055,0.09980237154150197,0.34189723320158105,0.21299728843969726,0.208498023715415,0.0909090909090909,-0.003952569169960474,trial_env,,
NUST,2015,Worms_NE_2015|PTIIB,23,0.5149493609145349,0.43538424852754826,0.17296763562388412,0.5124783946913366,0.44675069315426064,0.5411416028804374,0.7556214710540536,0.5455893420821943,0.4813442202790375,0.39387201597781607,0.14974055312581966,0.7121324655257627,trial_env,,
NUST,2015,Worms_NE_2015|UTI,12,0.8581449237144743,0.6479869832129704,0.6549922478963537,0.8651501883978578,0.8511396590310907,0.8231186002975568,0.8056054385890983,0.5043790572036093,0.6760080419465042,0.8896686147896997,0.62697118916282,0.938705467573384,trial_env,,
NUST,2015,Worms_NE_2015|UTII,24,0.54,0.40434782608695646,0.5582608695652173,0.4313043478260869,0.6191304347826087,0.23043478260869563,0.6608695652173912,0.5339130434782609,0.06916051110980173,0.344857585886643,0.05826086956521739,0.551304347826087,trial_env,,
NUST,2015,Worms_NE_2015|UTIIRR,14,0.059405976541875294,-0.024202434887430676,0.05280531248166693,-0.026402656240833464,-0.017601770827222307,-0.035203541654444614,0.011001106767013944,0.06600664060208367,-0.17089315789188939,-0.41144139308632144,-0.1364137239109729,-0.07040708330888923,trial_env,,
NUST,2015,Worms_NE_2015|UTIRR,10,0.11515151515151514,0.18787878787878787,-0.34545454545454546,0.1515151515151515,0.19999999999999998,0.11515151515151514,-0.49090909090909085,-0.2606060606060606,-0.41337576970244394,-0.6363636363636362,-0.2606060606060606,-0.09090909090909088,trial_env,,
NUST,2016,Worms_NE_2016|PTI,32,0.2949317215209732,0.36385299392115095,0.24892310616872695,0.5035285512853409,0.3451562657700389,0.3378242155147008,0.33177527405404694,0.3682522240743537,0.30530852901475325,0.357804052460497,0.4657684924703499,0.4489047768830724,trial_env,,
NUST,2016,Worms_NE_2016|PTIIA,23,0.10474308300395258,0.2707509881422925,0.19367588932806326,0.2984189723320158,0.33300395256917,0.31225296442687744,0.17687747035573123,0.24011857707509882,0.5296442687747036,0.408102766798419,0.5108695652173914,0.33498023715415026,trial_env,,
NUST,2016,Worms_NE_2016|PTIIB,23,0.35829010236375985,0.4813442202790375,0.3266617347068211,0.5193971001162919,0.49271066490574983,0.528292578519806,0.2807017629553319,0.07709414616378833,0.4902396986825515,0.5589325596874655,0.3157894833247484,0.3691623537458326,trial_env,,
NUST,2016,Worms_NE_2016|UTI,14,0.34141051983090576,0.6541866089663162,0.13876685644740042,0.40088202973693443,0.1762118812030481,0.050660915845876335,0.05726886139099064,0.07048475248121926,0.2511019307143436,0.22026485150381014,0.46696148518807756,0.37445024755647727,trial_env,,
NUST,2016,Worms_NE_2016|UTII,27,0.3765460770705899,0.33165372238334195,0.2519468885508813,0.39914494949818413,0.4596122027503956,0.33440223389480617,0.501450655758239,0.5106123607964528,0.3390866085071536,0.38454491714327454,0.46969007829243087,0.45380978955952683,trial_env,,
NUST,2016,Worms_NE_2016|UTIIRR,11,0.14545454545454548,-0.6272727272727273,-0.28181818181818186,-0.21818181818181823,-0.10909090909090911,-0.02727272727272728,-0.08181818181818183,-0.26363636363636367,0.2018433569398328,-0.27272727272727276,-0.43636363636363645,0.08181818181818183,trial_env,,
NUST,2013,Wymore_NE_2013|PTIIIA,15,-0.28928571428571426,-0.3142857142857143,-0.5035714285714286,0.10357142857142855,0.2964285714285714,0.13214285714285715,-0.125,0.2285714285714285,-0.0035714285714285704,0.08928571428571427,-0.23571428571428568,0.1607142857142857,trial_env,,
NUST,2013,Wymore_NE_2013|PTIIIB,21,0.38986363005936425,0.23261863260208737,0.28070181364274227,0.27680317734214865,0.31384022219778823,0.02923977225445232,0.21117613294882231,0.05068227190771736,-0.13515272508724627,-0.3157895403480851,0.3365822672845845,0.3190384039319131,trial_env,,
NUST,2013,Wymore_NE_2013|UTIIIRR,12,0.2517482517482518,-0.08391608391608392,0.08391608391608392,-0.034965034965034975,0.1258741258741259,0.08391608391608392,0.35664335664335667,0.2027972027972028,0.46316074584285255,-0.006993006993006993,0.43356643356643365,0.31468531468531474,trial_env,,
NUST,2014,Wymore_NE_2014|PTIIIA,23,0.3440435417859669,0.07217005330567697,0.20563522037781934,-0.050914489660854295,-0.15323778441616345,-0.05437469769605798,-0.2016806969090151,-0.10973802625931704,-0.05882353659846273,-0.43895210503726817,-0.2491349785346657,-0.19327733453780613,trial_env,,
NUST,2014,Wymore_NE_2014|PTIIIB,26,-0.15558215306888243,-0.10736878255742656,-0.15489827547297527,0.08138143391295388,0.16686613340135084,0.16276286782590776,0.02906479782605496,0.0530005136828061,0.09437510823519023,0.1203624568796629,0.1378013355752959,0.17267909296656184,trial_env,,
NUST,2014,Wymore_NE_2014|UTIII,16,0.3529411764705882,0.3147058823529411,0.07647058823529412,0.4088235294117647,0.2411764705882353,0.33529411764705885,-0.22352941176470587,-0.15882352941176472,-0.1411764705882353,0.18529411764705883,-0.047058823529411764,0.3970588235294118,trial_env,,
NUST,2014,Wymore_NE_2014|UTIIIRR,12,0.6433566433566434,0.5874125874125874,0.4055944055944056,0.5244755244755246,0.5384615384615385,0.5874125874125874,0.7902097902097903,0.7692307692307694,0.574431704037444,0.5874125874125874,0.5594405594405596,0.7622377622377624,trial_env,,
NUST,2015,Wymore_NE_2015|PTIIIA,26,0.4623803279980868,0.2253762101706651,0.20451437584530763,0.23016417214697665,0.30232559907567214,0.09575923952623101,0.21922025905826453,0.04856361433116,0.3736959178991295,0.2688098652414913,0.25068400918831185,0.5451436707314722,trial_env,,
NUST,2015,Wymore_NE_2015|PTIIIB,26,0.11253635823684811,0.20386525686675222,0.04583547721500805,0.3444501907127844,0.3858389425263364,0.2206259910722402,0.29519415549665634,0.37181465472174446,0.11185224663662412,0.2852745372934083,0.2059175916674242,0.3488969161142404,trial_env,,
NUST,2015,Wymore_NE_2015|UTIII,24,0.2043922640185652,0.21700370158566815,0.22613612189288065,0.2483148569246824,0.2504892427121139,0.31398130770511506,0.09523809748950167,0.2613611716492717,-0.12350511272611174,-0.11132855231649508,0.24222657671987408,0.2539682599720044,trial_env,,
NUST,2016,Wymore_NE_2016|PTIIIA,27,-0.057997557997558,-0.04822954822954823,-0.152014652014652,-0.010989010989010988,0.09035409035409035,-0.017094017094017096,-0.08485958485958486,0.14835164835164835,-0.21245421245421242,-0.06105006105006105,-0.05006105006105006,-0.10134310134310134,trial_env,,
NUST,2016,Wymore_NE_2016|PTIIIB,28,0.3964408274078127,0.42327176738430844,0.4829569195769211,0.37316909375472984,0.16043806965537175,0.21574266021916882,0.4591376157202362,0.6020534388603456,0.40082138903662845,0.5618070288956022,0.5935661007045153,0.5571526821649856,trial_env,,
NUST,2016,Wymore_NE_2016|UTIII,23,0.4740485008229056,0.14236284487695183,0.23628277726105198,0.1324765362049413,0.004448838902404745,0.004448838902404745,0.29312905212511264,0.43153737353326016,0.17696492522898874,0.31240735403553316,0.11616412689612389,0.48393480949491613,trial_env,,
NUST,2016,Wymore_NE_2016|UTIIIRR,15,0.41785714285714276,0.5857142857142856,0.5821428571428571,0.7571428571428571,0.7642857142857141,0.475,0.47857142857142854,0.19999999999999998,-0.04642857142857142,0.36785714285714277,0.7321428571428571,0.4928571428571427,trial_env,,
NUST,2017,Wymore_NE_2017|PTIIIA,24,0.32288959139163376,0.24891219174665027,0.27067025046576304,0.22367284363247944,0.19408188377448604,0.11923416178073808,0.20278510726213117,0.14795479928996694,0.23063542242259558,0.1897302720306635,-0.08877287957398017,0.3872934452002076,trial_env,,
NUST,2017,Wymore_NE_2017|PTIIIB,23,0.2608695652173913,0.5296442687747036,0.3527667984189723,0.24802371541501977,0.12252964426877472,0.03260869565217391,0.05434782608695652,0.026679841897233204,0.2549407114624506,0.30138339920948615,-0.23221343873517786,-0.21343873517786563,trial_env,,
NUST,2017,Wymore_NE_2017|UTIII,20,0.4601503759398496,0.26165413533834586,0.35488721804511275,0.20751879699248119,0.31127819548872177,-0.11278195488721804,0.544360902255639,0.48872180451127817,0.38646616541353385,0.19849624060150375,0.22105263157894736,0.4646616541353384,trial_env,,
NUST,2019,Wymore_NE_2019|PTIIIA,28,-0.04050355774493705,-0.16146688560481665,-0.17350848385331144,-0.09797482211275313,0.03393541324575808,-0.08210180623973727,-0.15435139573070608,-0.07717569786535304,-0.2922824302134647,-0.19485495347564313,-0.16091954022988503,0.06677613574165298,trial_env,,
NUST,2019,Wymore_NE_2019|PTIIIB,31,0.43669354838709684,0.36733870967741944,0.42661290322580653,0.3782258064516129,0.5096774193548388,0.4391129032258065,0.3306451612903226,0.21653225806451612,-0.2215949199687695,0.2633064516129032,0.31612903225806455,0.2612903225806452,trial_env,,
NUST,2019,Wymore_NE_2019|UTIII,27,0.37973137973137966,0.36568986568986567,0.43650793650793646,0.12148962148962149,0.09523809523809523,-0.06227106227106227,0.42490842490842484,0.35470085470085466,0.3431013431013431,0.2039072039072039,0.27228327228327226,0.14285714285714285,trial_env,,
URSN,2000,BRK_00,14,0.40704095037951593,0.5852588800051418,0.5852588800051418,0.5852588800051418,0.5852588800051418,0.21122124992666771,0.2684270051151402,,-0.13876651982378854,0.09460951819631992,0.6314635284266003,0.42464272120673824,orig,0.29702988270937647,0.024202434887430676
URSN,2001,BRK_01,13,0.3108668690526121,0.19807446523706262,0.19807446523706262,0.19807446523706262,0.19807446523706262,-0.24759308154632828,0.514443402768482,-0.049518616309265656,-0.008253102718210942,0.24209101306752098,0.43191237558637263,0.27785445817976834,orig,0.4649247864592164,0.48418202613504197
URSN,2002,BRK_02,15,0.16428571428571426,0.03214285714285714,0.03214285714285714,0.03214285714285714,0.03214285714285714,-0.08214285714285713,0.1714285714285714,-0.33928571428571425,-0.09285714285714285,0.15357142857142855,0.3857142857142856,0.1714285714285714,orig,0.24285714285714283,0.24642857142857136
URSN,2003,BRK_03,16,0.5773202137342739,0.49631865313380175,0.4904276305446766,0.4005895360605166,0.33726104322742023,-0.0132548008255318,0.6229756387999946,0.2577322382742294,0.16642138814278815,0.12665698566619274,0.5478651007886477,0.5125189652538963,orig,0.4536087393626438,0.7025044437531853
URSN,2004,BRK_04,13,0.8846153846153846,0.8736263736263737,0.8351648351648352,0.8571428571428571,0.7967032967032966,0.5549450549450549,0.6868131868131868,0.5824175824175823,0.40659340659340654,0.18131868131868134,0.5824175824175823,0.8076923076923077,orig,0.8021978021978022,0.6813186813186813
URSN,2008,BRK_08,11,0.5,0.6272727272727273,0.6727272727272727,0.5818181818181819,0.3454545454545455,0.46363636363636374,0.7454545454545456,0.8000000000000002,0.690909090909091,0.13636363636363638,-0.45454545454545453,0.6727272727272727,orig,0.4272727272727273,0.5636363636363637
URSN,2009,BRK_09,13,0.6703296703296703,0.6483516483516483,0.8021978021978022,0.6428571428571429,0.25274725274725274,0.46153846153846156,0.3021978021978022,0.521978021978022,0.4175824175824176,0.07692307692307691,0.7857142857142857,0.6538461538461539,orig,0.46153846153846156,0.30769230769230765
URSN,2014,BRK_14,18,0.47781217750258,0.4489164086687306,0.4097007223942208,0.3457172342621259,0.05056759545923632,0.10835913312693499,0.6078431372549019,0.4901960784313726,0.4489164086687306,0.027863777089783277,0.4220846233230134,0.38493292053663575,orig,0.4984520123839009,0.40144478844169246
URSN,2015,BRK_15,27,0.7783206469702542,0.7349618663230293,0.5621374307854994,0.7865649221637405,0.721832094718588,0.7569466001723265,0.6821374363795795,0.7062595749086692,0.745762720558428,0.6831577419693708,0.627786288807706,0.7438168285678851,orig,0.7080916360627773,0.5914504092512288
URSN,2019,BRK_19,23,0.47207123908850346,0.49283248729972556,0.5323777219877678,0.4345032661348634,0.3257538707427475,0.3677706825987922,0.30548693796512577,0.38161151473960697,0.38062288387240595,0.29955515276191946,0.37963425300520487,0.49036091013172295,orig,0.501730165104535,0.14977757638095973
URSN,1999,BRK_99,14,0.45544582015437723,0.5368540102302805,0.5368540102302805,0.5368540102302805,0.5368540102302805,0.4312433852669466,0.6094613148925725,,0.2209956893664225,,0.27722789052875135,0.48624891910201623,orig,0.3696371873716685,0.3828385154920852
URSN,2000,CRK_00,14,0.6791208791208792,0.8021978021978022,0.8021978021978022,0.8021978021978022,0.8021978021978022,0.4461538461538462,0.8285714285714285,,0.4048407290261131,0.7758241758241758,0.7406593406593407,0.6967032967032967,orig,0.7318681318681319,0.42857142857142855
URSN,2001,CRK_01,13,0.46703296703296704,0.4230769230769231,0.4230769230769231,0.4230769230769231,0.4230769230769231,0.3516483516483516,0.3021978021978022,0.39010989010989006,0.20329670329670327,0.4230769230769231,0.04395604395604395,0.41208791208791207,orig,0.4725274725274725,0.4010989010989011
URSN,2002,CRK_02,10,0.43161293601284584,0.5775102664960614,0.5775102664960614,0.5775102664960614,0.5775102664960614,0.6626170426112704,0.5227987675648555,0.4012176588288426,0.6504589317376691,0.3161108827136336,-0.14589733048321551,0.42553388057604524,orig,0.395138603392042,0.3708223816448394
URSN,2003,CRK_03,16,0.4970588235294117,0.4705882352941176,0.4794117647058824,0.44705882352941173,0.36764705882352944,0.17352941176470588,0.4441176470588235,0.15,0.2647058823529412,0.011764705882352941,0.4441176470588235,0.5029411764705883,orig,0.33529411764705885,0.25
URSN,2004,CRK_04,13,0.8516483516483516,0.8571428571428571,0.8186813186813187,0.8681318681318682,0.6208791208791209,0.6923076923076923,0.6648351648351648,0.6373626373626374,0.6373626373626374,0.34065934065934067,0.4725274725274725,0.7087912087912087,orig,0.8186813186813187,0.4835164835164835
URSN,2008,CRK_08,11,0.44545454545454555,0.3090909090909091,0.33636363636363636,0.20000000000000004,0.1272727272727273,0.6090909090909091,0.3272727272727273,0.5,0.4000000000000001,-0.14545454545454548,-0.05454545454545456,0.20000000000000004,orig,0.4272727272727273,0.4000000000000001
URSN,2009,CRK_09,13,0.42641030710756533,0.34938134840426316,0.40440203319233614,0.19532343099765895,-0.02751034239403647,0.187070328279448,0.335626177207245,0.3053648005738049,0.27785445817976834,0.14855584892779697,0.48143099189563826,0.5089413342896748,orig,0.34663031416485957,0.3438792799254559
URSN,2014,CRK_14,19,0.6210526315789473,0.5403508771929825,0.5666666666666667,0.5350877192982456,0.3877192982456141,0.3350877192982456,0.5017543859649122,0.4666666666666667,0.419298245614035,0.38596491228070173,0.5491228070175439,0.524561403508772,orig,0.6526315789473683,0.5175438596491229
URSN,2015,CRK_15,20,0.38796992481203,0.1744360902255639,0.362406015037594,0.13834586466165413,0.08120300751879699,0.022556390977443608,0.2827067669172932,0.10075187969924812,0.09025950243416814,0.036103800973667256,0.4947368421052631,0.3684210526315789,orig,0.43909774436090226,0.306766917293233
URSN,2019,CRK_19,24,0.7034782608695651,0.6921739130434782,0.7182608695652173,0.7052173913043478,0.6260869565217391,0.6739130434782608,0.5026086956521739,0.5904347826086956,0.4313043478260869,0.6208695652173912,0.5791304347826086,0.7226086956521738,orig,0.7295652173913043,0.4765217391304347
URSN,1999,CRK_99,14,0.2621151732895341,0.3920714356767821,0.3920714356767821,0.3920714356767821,0.3920714356767821,0.4405297030076203,0.22246750001884827,,0.44247895900104856,,0.4207058663722774,0.24229133665419114,orig,0.35462641092113434,0.1850224752632005
URSN,2015,CRT_15,27,0.16544566544566544,0.30341880341880345,0.29426129426129427,0.29181929181929184,0.3498168498168498,0.32112332112332115,0.31318681318681324,0.34493284493284493,0.237826288834057,0.25858647836000803,0.12454212454212454,0.26495726495726496,orig,0.3516483516483516,0.37545787545787546
URSN,1999,FRG_99,14,0.15231936533102938,0.36865701464176676,0.36865701464176676,0.36865701464176676,0.36865701464176676,0.2936010954931436,-0.015452689236481243,,0.32150776053215085,,-0.2362053926147847,0.0022075270337830345,orig,0.25828066295261504,0.18763979787155796
URSN,2000,GLL_00,14,0.767032967032967,0.6527472527472528,0.6527472527472528,0.6527472527472528,0.6527472527472528,0.27912087912087913,0.48571428571428577,,0.1540154947381952,0.3186813186813187,0.8065934065934066,0.7230769230769231,orig,0.7010989010989012,0.4197802197802198
URSN,2001,GLL_01,13,0.25068965648267844,0.33884426096010384,0.33884426096010384,0.33884426096010384,0.33884426096010384,0.22589617397340256,0.8126752600262652,0.23140583675324164,0.32231527262058657,0.2617089820423566,0.319560441230667,0.2424251623129198,orig,0.2699734762121152,0.5068889757451959
URSN,2002,GLL_02,15,0.13928571428571426,0.1714285714285714,0.1714285714285714,0.1714285714285714,0.1714285714285714,-0.25357142857142856,0.23928571428571427,0.07857142857142857,-0.21428571428571427,0.2178571428571428,0.0,0.1964285714285714,orig,0.24285714285714283,0.21071428571428572
URSN,2003,GLL_03,16,0.3558823529411765,0.411764705882353,0.37941176470588234,0.38235294117647056,0.2352941176470588,0.0058823529411764705,0.3735294117647059,0.02647058823529412,0.2823529411764706,-0.22941176470588234,0.4176470588235294,0.3411764705882353,orig,0.19705882352941176,0.43529411764705883
URSN,2008,GLL_08,11,0.3599098175867821,0.346242356159436,0.4510262271024232,0.26423758759535904,0.29157251045005134,0.31890743330474364,0.4464704066266411,0.5102518932875899,0.2414584852164488,0.48747279090867957,-0.3826889199656924,0.346242356159436,orig,0.19590028045862823,0.4009122018688206
URSN,2009,GLL_09,13,0.7362637362637362,0.6483516483516483,0.521978021978022,0.6043956043956044,0.5164835164835164,0.5714285714285714,0.2912087912087912,0.34615384615384615,0.4725274725274725,-0.3186813186813187,0.18131868131868134,0.6428571428571429,orig,0.5054945054945055,0.47802197802197804
URSN,2000,LGD_00,14,0.5148517966962525,0.6600664060208365,0.6600664060208365,0.6600664060208365,0.6600664060208365,0.26402656240833466,0.6688672914344478,,0.3612334801762115,0.5808584372983363,0.6248628643663919,0.532453567523475,orig,0.6798683982014617,0.25742589834812624
URSN,2001,LGD_01,13,0.1868131868131868,0.3021978021978022,0.3021978021978022,0.3021978021978022,0.3021978021978022,0.21428571428571427,0.32967032967032966,0.19230769230769232,0.19780219780219782,0.23626373626373626,0.19780219780219782,0.2747252747252747,orig,0.24725274725274726,0.26373626373626374
URSN,2002,LGD_02,14,0.0857142857142857,0.1824175824175824,0.1824175824175824,0.1824175824175824,0.1824175824175824,-0.002197802197802198,0.1956043956043956,0.4197802197802198,-0.02417582417582418,0.18681318681318684,-0.015384615384615385,0.0857142857142857,orig,0.4901098901098901,0.45054945054945056
URSN,2003,LGD_03,16,0.6769940959248903,0.6047223950527344,0.620946654432198,0.5516248189017626,0.5250760308262767,0.10767008497280392,0.684368759279192,0.6474954425076838,0.42625554187863474,0.33185985094357373,0.6135719910778964,0.666669567228868,orig,0.7035428840003763,0.7404162007718846
URSN,2004,LGD_04,13,0.8055241376915793,0.7586271844698093,0.7669031173912981,0.6869024324835729,0.5848325931185439,0.5462115728182627,0.7669031173912981,0.4772454651391892,0.16000136981545068,-0.011034577228651771,0.48552139806067796,0.7337993857053428,orig,0.8248346478417199,0.7089715869408763
URSN,2008,LGD_08,12,0.5314685314685316,0.6013986013986015,0.5734265734265735,0.6993006993006995,0.7622377622377624,0.5454545454545455,0.4825174825174825,0.6573426573426573,0.2517482517482518,0.3426573426573427,-0.3636363636363637,0.3706293706293707,orig,0.46153846153846156,0.5524475524475525
URSN,2009,LGD_09,13,0.23076923076923078,0.10989010989010989,0.18131868131868134,0.09890109890109891,-0.049450549450549455,-0.054945054945054944,0.35714285714285715,0.049450549450549455,-0.1868131868131868,0.5164835164835164,0.46153846153846156,0.4230769230769231,orig,0.03296703296703297,0.14285714285714285
URSN,2014,LGD_14,18,0.43446852425180604,0.3952528379772961,0.4406604747162023,0.3869969040247678,0.21362229102167182,0.23219814241486067,0.3869969040247678,0.3828689370485036,0.2652218782249742,0.2507739938080495,0.3828689370485036,0.3952528379772961,orig,0.34365325077399383,0.42414860681114547
URSN,2015,LGD_15,27,0.5518925518925519,0.568986568986569,0.5183150183150182,0.5573870573870574,0.4877899877899878,0.5384615384615385,0.6178266178266179,0.5805860805860806,0.5989925272046467,0.5031292990995198,0.44566544566544564,0.562881562881563,orig,0.6526251526251526,0.6056166056166056
URSN,2019,MRD_19,15,0.8035714285714284,0.8285714285714284,0.8535714285714284,0.825,0.6071428571428571,0.6321428571428571,0.6928571428571427,0.7964285714285713,0.7071428571428571,0.7642857142857141,0.6464285714285712,0.8499999999999999,orig,0.7249999999999999,0.5928571428571427
URSN,1999,MRS_99,14,0.6600664060208365,0.6006604294789614,0.6006604294789614,0.6006604294789614,0.6006604294789614,0.3828385154920852,0.5368540102302805,,0.17900650838680224,,0.24642479158111236,0.792079687225004,orig,0.6182622003061836,0.4664469269213912
URSN,2000,PRP_00,14,0.02857142857142857,0.14725274725274726,0.14725274725274726,0.14725274725274726,0.14725274725274726,-0.1824175824175824,-0.02857142857142857,,0.29042921864916815,-0.06813186813186813,0.21318681318681318,0.032967032967032975,orig,0.3406593406593406,0.0857142857142857
URSN,2001,PRP_01,13,0.2699734762121152,0.34710875512986245,0.34710875512986245,0.34710875512986245,0.34710875512986245,0.2754831389919543,0.4517923479468051,0.20661235424396576,0.4986244815754373,0.3278249354004256,0.38567639458873604,0.25619931926251754,orig,0.25068965648267844,0.40220538292825325
URSN,2004,PRP_04,13,0.8626373626373626,0.8681318681318682,0.8021978021978022,0.8736263736263737,0.6868131868131868,0.6098901098901099,0.6868131868131868,0.5714285714285714,0.5824175824175823,0.4010989010989011,0.5604395604395606,0.7802197802197801,orig,0.5659340659340659,0.40659340659340654
URSN,2014,PRP_14,18,0.5665634674922602,0.4757481940144479,0.47781217750258,0.4447884416924664,0.23839009287925697,0.27966976264189886,0.5025799793601652,0.40763673890608876,0.4757481940144479,0.18885448916408668,0.49226006191950467,0.43446852425180604,orig,0.5541795665634675,0.21775025799793604
URSN,2015,PRP_15,27,0.4991604393372056,0.5357960679124134,0.6017401993477872,0.48816975076464325,0.45214471599902234,0.3837582093253012,0.5138146907672888,0.444206996474394,0.4018320610687023,0.42381679389312976,0.42588918218679006,0.47901084362084134,orig,0.5510609131520833,0.48755915695505647
URSN,2019,PRP_19,23,0.7233201581027668,0.733201581027668,0.733201581027668,0.7193675889328064,0.5879446640316206,0.5652173913043479,0.6017786561264823,0.7124505928853756,0.3853754940711462,0.6788537549407114,0.4930830039525692,0.7727272727272727,orig,0.6956521739130435,0.7411067193675891
URSN,2000,STP_00,14,0.3098901098901099,0.2879120879120879,0.2879120879120879,0.2879120879120879,0.2879120879120879,0.08131868131868132,0.6,,0.3168318748900016,0.16483516483516483,0.43736263736263736,0.26153846153846155,orig,0.18681318681318684,0.3054945054945055
URSN,2001,STP_01,13,0.21978021978021978,0.25274725274725274,0.25274725274725274,0.25274725274725274,0.25274725274725274,0.3131868131868132,0.7032967032967032,0.13736263736263735,0.10989010989010989,0.21978021978021978,0.2582417582417582,0.2582417582417582,orig,0.4230769230769231,0.010989010989010988
URSN,2002,STP_02,15,0.4964285714285714,0.36428571428571427,0.36428571428571427,0.36428571428571427,0.36428571428571427,0.175,0.2821428571428571,0.15,-0.07142857142857141,0.3714285714285714,0.27499999999999997,0.4142857142857142,orig,0.47857142857142854,0.4428571428571427
URSN,2003,STP_03,16,0.38823529411764707,0.4147058823529412,0.40294117647058825,0.4588235294117647,0.3941176470588235,0.21176470588235297,0.03529411764705882,0.0411764705882353,0.4176470588235294,0.044117647058823525,0.21764705882352942,0.3235294117647059,orig,0.5411764705882353,0.17941176470588235
URSN,2004,STP_04,13,0.8406593406593407,0.8131868131868131,0.7967032967032966,0.7802197802197801,0.7087912087912087,0.37912087912087916,0.6813186813186813,0.6153846153846153,0.532967032967033,0.42857142857142855,0.5824175824175823,0.7967032967032966,orig,0.8516483516483516,0.6868131868131868
URSN,2008,STP_08,11,0.5545454545454546,0.6636363636363638,0.5363636363636364,0.6636363636363638,0.5727272727272729,0.6363636363636364,0.38181818181818183,0.6363636363636364,0.41818181818181827,-0.20000000000000004,-0.5636363636363637,0.27272727272727276,orig,0.6090909090909091,0.4272727272727273
URSN,2009,STP_09,13,0.39560439560439564,0.32417582417582413,0.4010989010989011,0.2582417582417582,-0.021978021978021976,0.1758241758241758,0.3516483516483516,0.26373626373626374,0.04395604395604395,0.23076923076923078,0.46153846153846156,0.5,orig,0.3186813186813187,0.18131868131868134
URSN,2014,STP_14,19,0.2789473684210526,0.23508771929824557,0.25263157894736843,0.3017543859649123,0.3140350877192983,0.13684210526315788,0.39649122807017545,0.39122807017543854,0.3719298245614035,0.20877192982456141,0.41052631578947374,0.3315789473684211,orig,0.18596491228070175,0.20877192982456141
URSN,2015,STP_15,20,0.42556390977443603,0.5263157894736841,0.5744360902255639,0.3924812030075188,0.2541353383458646,0.1969924812030075,0.4090225563909774,0.2796992481203007,0.4776232003808064,0.277547969985067,0.193984962406015,0.3714285714285714,orig,0.4240601503759398,0.49624060150375937
URSN,2019,STP_19,24,0.7147826086956521,0.6852173913043478,0.6930434782608694,0.6956521739130433,0.6565217391304347,0.568695652173913,0.6652173913043479,0.6669565217391304,0.4660869565217391,0.5060869565217391,0.4460869565217391,0.5991304347826086,orig,0.49304347826086947,0.7530434782608695
URSN,1999,STP_99,14,0.4021978021978022,0.5120879120879122,0.5120879120879122,0.5120879120879122,0.5120879120879122,0.6263736263736264,0.12087912087912088,,-0.08609355431753833,,0.3406593406593406,0.3186813186813187,orig,0.2923076923076923,-0.0945054945054945
URSN,2000,BRK_00,10,0.309090909090909,0.4424242424242424,0.4424242424242424,0.4424242424242424,0.4424242424242424,-0.06666666666666665,0.13939393939393938,,-0.4666666666666666,0.11515151515151514,0.6848484848484848,0.2727272727272727,nocheck_n3,0.11515151515151514,-0.38181818181818183
URSN,2001,BRK_01,9,-0.33333333333333337,-0.5,-0.5,-0.5,-0.5,-0.6166666666666666,0.25,-0.5833333333333334,-0.2833333333333333,-0.16666666666666669,-0.13333333333333333,-0.4666666666666666,nocheck_n3,-0.08333333333333334,-0.18333333333333335
URSN,2002,BRK_02,11,-0.4000000000000001,-0.5909090909090909,-0.5909090909090909,-0.5909090909090909,-0.5909090909090909,-0.3272727272727273,-0.41818181818181827,-0.8727272727272729,-0.5,-0.11818181818181818,0.06363636363636364,-0.39090909090909093,nocheck_n3,-0.2545454545454546,-0.21818181818181823
URSN,2003,BRK_03,12,0.2031526758181204,0.03152369107522558,0.03152369107522558,0.049036852783684234,-0.17162898474289487,-0.05253948512537598,0.3012263813854889,-0.3607711311942483,-0.14360792600936098,-0.21716320518488735,0.15061319069274445,0.07005264683383464,nocheck_n3,-0.04553422044199251,0.6199659244794364
URSN,2004,BRK_04,8,0.6904761904761906,0.6666666666666669,0.5952380952380953,0.6428571428571429,0.8095238095238096,0.8333333333333335,0.19047619047619052,0.2142857142857143,0.28571428571428575,0.261904761904762,0.6904761904761906,0.4285714285714286,nocheck_n3,0.4761904761904762,0.19047619047619052
URSN,2008,BRK_08,6,-0.3142857142857143,0.3142857142857143,0.3142857142857143,0.2571428571428572,-0.08571428571428573,-0.08571428571428573,0.48571428571428577,0.6,0.4285714285714286,0.7714285714285715,-0.5428571428571429,0.2571428571428572,nocheck_n3,-0.6571428571428573,-0.08571428571428573
URSN,2009,BRK_09,9,0.31666666666666665,0.38333333333333336,0.6333333333333333,0.43333333333333335,0.11666666666666665,0.38333333333333336,-0.5166666666666667,0.06666666666666667,0.19999999999999998,0.31666666666666665,0.6,0.2833333333333333,nocheck_n3,-0.06666666666666667,-0.39999999999999997
URSN,2014,BRK_14,14,0.5164835164835165,0.44175824175824174,0.4197802197802198,0.43736263736263736,0.27912087912087913,0.3054945054945055,0.6263736263736264,0.5032967032967033,0.6131868131868132,0.2923076923076923,0.4241758241758242,0.38461538461538464,nocheck_n3,0.5912087912087912,0.3758241758241759
URSN,2015,BRK_15,23,0.7736036535848251,0.721206217623169,0.5496787621637863,0.7933762709288461,0.7983194252648513,0.837370344519293,0.6322294395750743,0.7004449694119469,0.7332509494775543,0.7426452637324926,0.6594167884231034,0.7632230294792139,nocheck_n3,0.7365299960647856,0.5595650708357968
URSN,2019,BRK_19,20,0.36404665981781154,0.39413316062920084,0.49040996322564684,0.3490034094121168,0.2865739202284838,0.3091387958370259,0.2226401060042814,0.3204212336412969,0.2053403680377325,0.30161717063417853,0.3873636979466383,0.458819137373688,nocheck_n3,0.4264761490014444,-0.0654381392647719
URSN,1999,BRK_99,10,-0.10303030303030303,0.12727272727272726,0.12727272727272726,0.12727272727272726,0.12727272727272726,0.16363636363636364,0.29696969696969694,,-0.17792750455055614,,-0.32121212121212117,0.10303030303030303,nocheck_n3,-0.19999999999999998,-0.16363636363636364
URSN,2000,CRK_00,10,0.7696969696969697,0.8909090909090909,0.8909090909090909,0.8909090909090909,0.8909090909090909,0.5878787878787878,0.7575757575757575,,0.2727272727272727,0.7454545454545454,0.8303030303030302,0.8181818181818182,nocheck_n3,0.7818181818181817,0.1515151515151515
URSN,2001,CRK_01,9,0.35,0.26666666666666666,0.26666666666666666,0.26666666666666666,0.26666666666666666,0.31666666666666665,0.16666666666666669,0.16666666666666669,0.16666666666666669,0.08333333333333334,-0.6,0.11666666666666665,nocheck_n3,0.26666666666666666,0.15
URSN,2002,CRK_02,6,0.2571428571428572,0.48571428571428577,0.48571428571428577,0.48571428571428577,0.48571428571428577,0.6,0.4285714285714286,0.3714285714285715,0.6,-0.08571428571428573,-0.48571428571428577,0.48571428571428577,nocheck_n3,0.14285714285714288,-0.2
URSN,2003,CRK_03,12,0.1958041958041958,0.1328671328671329,0.1328671328671329,0.15384615384615385,-0.034965034965034975,0.07692307692307693,0.034965034965034975,-0.44055944055944063,-0.027972027972027972,-0.3426573426573427,0.04195804195804196,0.2027972027972028,nocheck_n3,-0.18181818181818185,-0.27272727272727276
URSN,2004,CRK_04,8,0.7619047619047621,0.8095238095238096,0.7142857142857144,0.8333333333333335,0.6904761904761906,0.8095238095238096,0.30952380952380953,0.28571428571428575,0.7380952380952381,0.6666666666666669,0.7619047619047621,0.523809523809524,nocheck_n3,0.7380952380952381,-0.2142857142857143
URSN,2008,CRK_08,6,0.2571428571428572,-0.2571428571428572,-0.2571428571428572,-0.3142857142857143,0.2,0.2,-0.6571428571428573,0.028571428571428574,-0.7142857142857143,-0.3714285714285715,0.3142857142857143,-0.8857142857142858,nocheck_n3,0.2571428571428572,-0.14285714285714288
URSN,2009,CRK_09,9,-0.16666666666666669,-0.25,-0.11666666666666665,-0.3,-0.26666666666666666,-0.19999999999999998,-0.33333333333333337,-0.39999999999999997,-0.18333333333333335,0.5166666666666667,0.13333333333333333,0.0,nocheck_n3,-0.31666666666666665,-0.38333333333333336
URSN,2014,CRK_14,14,0.49890109890109896,0.45054945054945056,0.44175824175824174,0.47252747252747257,0.42857142857142855,0.410989010989011,0.18681318681318684,0.178021978021978,0.367032967032967,0.5032967032967033,0.3802197802197802,0.3186813186813187,nocheck_n3,0.45494505494505494,0.21318681318681318
URSN,2015,CRK_15,15,0.075,-0.11428571428571425,0.08214285714285713,-0.04642857142857142,0.028571428571428564,0.0035714285714285704,-0.2607142857142857,-0.4428571428571427,-0.10902595953155435,-0.15907066226734978,0.48214285714285704,-0.007142857142857141,nocheck_n3,0.15,-0.13214285714285715
URSN,2019,CRK_19,20,0.6932330827067669,0.6872180451127818,0.7082706766917292,0.7338345864661654,0.7218045112781954,0.7473684210526315,0.43909774436090226,0.5458646616541353,0.39097744360902253,0.6015037593984961,0.7203007518796991,0.7052631578947368,nocheck_n3,0.6962406015037594,0.3744360902255639
URSN,1999,CRK_99,10,-0.17073488132934914,0.19512557866211333,0.19512557866211333,0.19512557866211333,0.19512557866211333,0.29268836799317,-0.2743953449935969,,0.14815097074344716,,-0.06707441766510146,-0.12805116099701186,nocheck_n3,0.0731720919982925,-0.2500046476608327
URSN,2015,CRT_15,23,0.00691699604743083,0.19960474308300394,0.10968379446640317,0.19762845849802374,0.299407114624506,0.3725296442687747,0.2005928853754941,0.2114624505928854,0.27971337646605254,0.23424759795920305,0.024703557312252968,0.09189723320158102,nocheck_n3,0.20355731225296442,0.29051383399209485
URSN,1999,FRG_99,10,-0.08510677611520905,0.3404271044608362,0.3404271044608362,0.3404271044608362,0.3404271044608362,0.2978737164032316,-0.41337576970244394,,0.2769348755833153,,-0.480245379507251,-0.3404271044608362,nocheck_n3,0.12766016417281356,0.06686960980480709
URSN,2000,GLL_00,10,0.5272727272727272,0.3939393939393939,0.3939393939393939,0.3939393939393939,0.3939393939393939,0.1515151515151515,0.34545454545454546,,-0.33333333333333326,0.07878787878787878,0.5878787878787878,0.43030303030303024,nocheck_n3,0.33333333333333326,-0.09090909090909088
URSN,2001,GLL_01,9,-0.06694619270045785,-0.07531446678801507,-0.07531446678801507,-0.07531446678801507,-0.07531446678801507,-0.06694619270045785,0.6359888306543495,-0.1422606594884729,-0.10041928905068677,-0.025104822262671692,0.17573375583870182,-0.09205101496312953,nocheck_n3,-0.18410202992625907,0.1338923854009157
URSN,2002,GLL_02,11,-0.6818181818181819,-0.6454545454545455,-0.6454545454545455,-0.6454545454545455,-0.6454545454545455,-0.6454545454545455,-0.5090909090909091,-0.3181818181818182,-0.6363636363636364,-0.18181818181818182,-0.5545454545454546,-0.4727272727272727,nocheck_n3,-0.5636363636363637,-0.30000000000000004
URSN,2003,GLL_03,12,0.02097902097902098,0.04895104895104895,0.04895104895104895,0.09090909090909093,-0.18181818181818185,-0.04895104895104895,0.04895104895104895,-0.49650349650349657,0.04195804195804196,-0.6083916083916086,0.1328671328671329,0.0,nocheck_n3,-0.22377622377622378,0.2027972027972028
URSN,2008,GLL_08,6,0.11595420713048969,0.5507824838698261,0.5507824838698261,0.40583972495671394,0.20291986247835697,0.20291986247835697,0.5217939320872036,0.8116794499134279,0.2608969660436018,0.6957252427829382,-0.3188740696088466,-0.1449427589131121,nocheck_n3,-0.6377481392176932,0.3478626213914691
URSN,2009,GLL_09,9,0.7666666666666667,0.21666666666666667,0.0,0.48333333333333334,0.7166666666666667,0.19999999999999998,-0.11666666666666665,-0.48333333333333334,-0.11666666666666665,-0.5833333333333334,-0.26666666666666666,0.7833333333333333,nocheck_n3,0.06666666666666667,0.09999999999999999
URSN,2000,LGD_00,10,0.43161293601284584,0.6261427099904666,0.6261427099904666,0.6261427099904666,0.6261427099904666,0.35258521533443743,0.44985010232324774,,0.23708316203522517,0.40729671426564323,0.5471149893120582,0.5045616012544536,nocheck_n3,0.5471149893120582,-0.11550205329921229
URSN,2001,LGD_01,9,-0.13333333333333333,0.03333333333333333,0.03333333333333333,0.03333333333333333,0.03333333333333333,0.2833333333333333,-0.15,-0.11666666666666665,0.03333333333333333,-0.08333333333333334,-0.25,-0.049999999999999996,nocheck_n3,-0.25,-0.25
URSN,2002,LGD_02,10,-0.43030303030303024,-0.38181818181818183,-0.38181818181818183,-0.38181818181818183,-0.38181818181818183,-0.5030303030303029,-0.4787878787878787,0.2121212121212121,-0.6242424242424242,0.06666666666666665,-0.07878787878787878,-0.3939393939393939,nocheck_n3,0.23636363636363633,-0.04242424242424241
URSN,2003,LGD_03,12,0.42531346865098013,0.30580389894739896,0.30580389894739896,0.27416901284939216,0.2108992406533786,-0.017574936721114886,0.3233788356685138,0.33743878504540575,0.3409537723896287,0.05623979750756762,0.22847417737449344,0.40070855724141924,nocheck_n3,0.3901635952087504,0.439373418027872
URSN,2004,LGD_04,8,0.7142857142857144,0.6428571428571429,0.6190476190476191,0.5952380952380953,0.6666666666666669,0.8095238095238096,0.523809523809524,0.04761904761904763,-0.09523809523809526,0.09523809523809526,0.5714285714285715,0.6428571428571429,nocheck_n3,0.7142857142857144,0.4523809523809524
URSN,2008,LGD_08,6,0.4285714285714286,0.48571428571428577,0.48571428571428577,0.6571428571428573,0.7142857142857143,0.7142857142857143,0.5428571428571429,0.8857142857142858,-0.08571428571428573,0.6,-0.2,-0.14285714285714288,nocheck_n3,0.08571428571428573,0.3142857142857143
URSN,2009,LGD_09,9,0.049999999999999996,-0.03333333333333333,0.13333333333333333,-0.09999999999999999,-0.2833333333333333,-0.13333333333333333,0.11666666666666665,-0.19999999999999998,-0.35,0.7,0.41666666666666663,0.26666666666666666,nocheck_n3,-0.21666666666666667,-0.09999999999999999
URSN,2014,LGD_14,14,0.07252747252747253,0.11208791208791209,0.14725274725274726,0.14725274725274726,0.178021978021978,0.14725274725274726,-0.07252747252747253,-0.01098901098901099,-0.059340659340659345,0.3406593406593406,0.059340659340659345,0.059340659340659345,nocheck_n3,-0.002197802197802198,-0.04175824175824176
URSN,2015,LGD_15,23,0.3992094861660079,0.4891304347826087,0.4229249011857708,0.5256916996047432,0.5335968379446641,0.6156126482213439,0.4822134387351779,0.4426877470355731,0.6216951017567034,0.5712873908034571,0.4654150197628459,0.4318181818181818,nocheck_n3,0.5424901185770752,0.42786561264822137
URSN,2019,MRD_19,12,0.6923076923076924,0.7272727272727274,0.7552447552447553,0.8111888111888113,0.7202797202797203,0.7902097902097903,0.5454545454545455,0.7132867132867133,0.6783216783216784,0.7622377622377624,0.8741258741258742,0.7692307692307694,nocheck_n3,0.5524475524475525,0.39860139860139865
URSN,1999,MRS_99,10,0.2121212121212121,0.09090909090909088,0.09090909090909088,0.09090909090909088,0.09090909090909088,-0.17575757575757575,0.01818181818181818,,0.1043023302537743,,-0.2121212121212121,0.5636363636363636,nocheck_n3,0.16363636363636364,-0.1515151515151515
URSN,2000,PRP_00,10,-0.7696969696969697,-0.4666666666666666,-0.4666666666666666,-0.4666666666666666,-0.4666666666666666,-0.6242424242424242,-0.7212121212121211,,-0.11515151515151514,-0.43030303030303024,-0.5393939393939393,-0.7575757575757575,nocheck_n3,-0.2121212121212121,-0.6242424242424242
URSN,2001,PRP_01,9,0.17573375583870182,0.22594340036404525,0.22594340036404525,0.22594340036404525,0.22594340036404525,0.23431167445160245,0.4435185266405332,0.04184137043778616,0.4184137043778615,0.35146751167740364,0.25941649671427414,0.15899720766358738,nocheck_n3,0.10041928905068677,0.3096261412396175
URSN,2004,PRP_04,8,0.7619047619047621,0.7380952380952381,0.6428571428571429,0.7619047619047621,0.6666666666666669,0.8333333333333335,0.4285714285714286,0.14285714285714288,0.5952380952380953,0.7380952380952381,0.8571428571428572,0.5952380952380953,nocheck_n3,0.8095238095238096,-0.19047619047619052
URSN,2014,PRP_14,14,0.367032967032967,0.27472527472527475,0.26593406593406593,0.2835164835164835,0.2,0.2,0.16483516483516483,0.08131868131868132,0.3142857142857143,0.2571428571428571,0.26593406593406593,0.16923076923076924,nocheck_n3,0.2527472527472528,-0.14725274725274726
URSN,2015,PRP_15,23,0.33300395256917,0.42786561264822137,0.46245059288537554,0.4525691699604743,0.48616600790513836,0.4822134387351779,0.3300395256916996,0.23023715415019763,0.441808760707864,0.4289597363472325,0.38241106719367585,0.2806324110671937,nocheck_n3,0.4041501976284585,0.3142292490118577
URSN,2019,PRP_19,20,0.6541353383458646,0.669172932330827,0.6511278195488721,0.724812030075188,0.7263157894736841,0.7443609022556391,0.4330827067669173,0.6015037593984961,0.3639097744360902,0.6180451127819548,0.6992481203007518,0.6917293233082705,nocheck_n3,0.6781954887218045,0.6676691729323309
URSN,2000,STP_00,10,0.06666666666666665,-0.006060606060606061,-0.006060606060606061,-0.006060606060606061,-0.006060606060606061,-0.17575757575757575,0.16363636363636364,,0.04242424242424241,-0.2121212121212121,0.19999999999999998,-0.0303030303030303,nocheck_n3,-0.12727272727272726,-0.01818181818181818
URSN,2001,STP_01,9,0.016666666666666666,-0.049999999999999996,-0.049999999999999996,-0.049999999999999996,-0.049999999999999996,0.08333333333333334,0.5833333333333334,-0.2333333333333333,-0.2833333333333333,-0.19999999999999998,0.08333333333333334,0.049999999999999996,nocheck_n3,0.43333333333333335,-0.3666666666666667
URSN,2002,STP_02,11,0.1272727272727273,-0.10909090909090911,-0.10909090909090911,-0.10909090909090911,-0.10909090909090911,0.06363636363636364,-0.23636363636363636,-0.19090909090909092,-0.41818181818181827,0.20000000000000004,-0.1272727272727273,0.05454545454545456,nocheck_n3,0.17272727272727276,0.15454545454545454
URSN,2003,STP_03,12,0.14685314685314685,0.16783216783216784,0.16783216783216784,0.2377622377622378,0.1258741258741259,0.18881118881118883,-0.49650349650349657,-0.44055944055944063,0.1398601398601399,-0.18881118881118883,-0.14685314685314685,0.027972027972027972,nocheck_n3,0.35664335664335667,-0.16783216783216784
URSN,2004,STP_04,8,0.523809523809524,0.5476190476190477,0.4523809523809524,0.5952380952380953,0.4523809523809524,0.6190476190476191,0.261904761904762,0.19047619047619052,0.8095238095238096,0.8571428571428572,0.7857142857142858,0.3571428571428572,nocheck_n3,0.5476190476190477,0.30952380952380953
URSN,2008,STP_08,6,0.48571428571428577,0.14285714285714288,0.14285714285714288,0.14285714285714288,0.3142857142857143,0.3142857142857143,-0.4285714285714286,0.48571428571428577,-0.8857142857142858,-0.3714285714285715,-0.2571428571428572,-0.942857142857143,nocheck_n3,0.3714285714285715,-0.3142857142857143
URSN,2009,STP_09,9,-0.03333333333333333,-0.16666666666666669,0.049999999999999996,-0.19999999999999998,-0.2333333333333333,-0.21666666666666667,-0.13333333333333333,-0.3,-0.4666666666666666,0.5333333333333333,0.31666666666666665,0.11666666666666665,nocheck_n3,-0.08333333333333334,-0.09999999999999999
URSN,2014,STP_14,14,0.07252747252747253,0.05054945054945055,0.07252747252747253,0.0989010989010989,0.15164835164835166,0.015384615384615385,0.24395604395604395,0.24835164835164836,0.4241758241758242,0.17362637362637365,0.2835164835164835,0.0857142857142857,nocheck_n3,-0.09010989010989012,-0.015384615384615385
URSN,2015,STP_15,15,0.06428571428571428,0.30357142857142855,0.36428571428571427,0.1964285714285714,0.18214285714285713,0.19999999999999998,-0.05714285714285713,-0.1714285714285714,0.40929417594632705,0.0661305000437297,-0.06785714285714285,-0.021428571428571425,nocheck_n3,0.10714285714285714,0.2678571428571428
URSN,2019,STP_19,20,0.6375939849624059,0.5954887218045113,0.5969924812030075,0.6827067669172932,0.7278195488721804,0.6676691729323309,0.5804511278195488,0.5669172932330826,0.40751879699248117,0.46917293233082696,0.5353383458646617,0.49022556390977434,nocheck_n3,0.37293233082706767,0.6330827067669172
URSN,1999,STP_99,10,0.19999999999999998,0.43030303030303024,0.43030303030303024,0.43030303030303024,0.43030303030303024,0.33333333333333326,-0.33333333333333326,,-0.4356156145892926,,0.05454545454545454,-0.07878787878787878,nocheck_n3,-0.06666666666666665,-0.7575757575757575
URSN,2000,BRK_00,10,0.309090909090909,0.4424242424242424,0.4424242424242424,0.4424242424242424,0.4424242424242424,-0.06666666666666665,0.13939393939393938,,-0.4666666666666666,0.11515151515151514,0.6848484848484848,0.2727272727272727,nocheck_n8,0.11515151515151514,-0.38181818181818183
URSN,2001,BRK_01,9,-0.33333333333333337,-0.5,-0.5,-0.5,-0.5,-0.6166666666666666,0.25,-0.5833333333333334,-0.2833333333333333,-0.16666666666666669,-0.13333333333333333,-0.4666666666666666,nocheck_n8,-0.08333333333333334,-0.18333333333333335
URSN,2002,BRK_02,11,-0.4000000000000001,-0.5909090909090909,-0.5909090909090909,-0.5909090909090909,-0.5909090909090909,-0.3272727272727273,-0.41818181818181827,-0.8727272727272729,-0.5,-0.11818181818181818,0.06363636363636364,-0.39090909090909093,nocheck_n8,-0.2545454545454546,-0.21818181818181823
URSN,2003,BRK_03,12,0.2031526758181204,0.03152369107522558,0.03152369107522558,0.049036852783684234,-0.17162898474289487,-0.05253948512537598,0.3012263813854889,-0.3607711311942483,-0.14360792600936098,-0.21716320518488735,0.15061319069274445,0.07005264683383464,nocheck_n8,-0.04553422044199251,0.6199659244794364
URSN,2004,BRK_04,8,0.6904761904761906,0.6666666666666669,0.5952380952380953,0.6428571428571429,0.8095238095238096,0.8333333333333335,0.19047619047619052,0.2142857142857143,0.28571428571428575,0.261904761904762,0.6904761904761906,0.4285714285714286,nocheck_n8,0.4761904761904762,0.19047619047619052
URSN,2009,BRK_09,9,0.31666666666666665,0.38333333333333336,0.6333333333333333,0.43333333333333335,0.11666666666666665,0.38333333333333336,-0.5166666666666667,0.06666666666666667,0.19999999999999998,0.31666666666666665,0.6,0.2833333333333333,nocheck_n8,-0.06666666666666667,-0.39999999999999997
URSN,2014,BRK_14,14,0.5164835164835165,0.44175824175824174,0.4197802197802198,0.43736263736263736,0.27912087912087913,0.3054945054945055,0.6263736263736264,0.5032967032967033,0.6131868131868132,0.2923076923076923,0.4241758241758242,0.38461538461538464,nocheck_n8,0.5912087912087912,0.3758241758241759
URSN,2015,BRK_15,23,0.7736036535848251,0.721206217623169,0.5496787621637863,0.7933762709288461,0.7983194252648513,0.837370344519293,0.6322294395750743,0.7004449694119469,0.7332509494775543,0.7426452637324926,0.6594167884231034,0.7632230294792139,nocheck_n8,0.7365299960647856,0.5595650708357968
URSN,2019,BRK_19,20,0.36404665981781154,0.39413316062920084,0.49040996322564684,0.3490034094121168,0.2865739202284838,0.3091387958370259,0.2226401060042814,0.3204212336412969,0.2053403680377325,0.30161717063417853,0.3873636979466383,0.458819137373688,nocheck_n8,0.4264761490014444,-0.0654381392647719
URSN,1999,BRK_99,10,-0.10303030303030303,0.12727272727272726,0.12727272727272726,0.12727272727272726,0.12727272727272726,0.16363636363636364,0.29696969696969694,,-0.17792750455055614,,-0.32121212121212117,0.10303030303030303,nocheck_n8,-0.19999999999999998,-0.16363636363636364
URSN,2000,CRK_00,10,0.7696969696969697,0.8909090909090909,0.8909090909090909,0.8909090909090909,0.8909090909090909,0.5878787878787878,0.7575757575757575,,0.2727272727272727,0.7454545454545454,0.8303030303030302,0.8181818181818182,nocheck_n8,0.7818181818181817,0.1515151515151515
URSN,2001,CRK_01,9,0.35,0.26666666666666666,0.26666666666666666,0.26666666666666666,0.26666666666666666,0.31666666666666665,0.16666666666666669,0.16666666666666669,0.16666666666666669,0.08333333333333334,-0.6,0.11666666666666665,nocheck_n8,0.26666666666666666,0.15
URSN,2003,CRK_03,12,0.1958041958041958,0.1328671328671329,0.1328671328671329,0.15384615384615385,-0.034965034965034975,0.07692307692307693,0.034965034965034975,-0.44055944055944063,-0.027972027972027972,-0.3426573426573427,0.04195804195804196,0.2027972027972028,nocheck_n8,-0.18181818181818185,-0.27272727272727276
URSN,2004,CRK_04,8,0.7619047619047621,0.8095238095238096,0.7142857142857144,0.8333333333333335,0.6904761904761906,0.8095238095238096,0.30952380952380953,0.28571428571428575,0.7380952380952381,0.6666666666666669,0.7619047619047621,0.523809523809524,nocheck_n8,0.7380952380952381,-0.2142857142857143
URSN,2009,CRK_09,9,-0.16666666666666669,-0.25,-0.11666666666666665,-0.3,-0.26666666666666666,-0.19999999999999998,-0.33333333333333337,-0.39999999999999997,-0.18333333333333335,0.5166666666666667,0.13333333333333333,0.0,nocheck_n8,-0.31666666666666665,-0.38333333333333336
URSN,2014,CRK_14,14,0.49890109890109896,0.45054945054945056,0.44175824175824174,0.47252747252747257,0.42857142857142855,0.410989010989011,0.18681318681318684,0.178021978021978,0.367032967032967,0.5032967032967033,0.3802197802197802,0.3186813186813187,nocheck_n8,0.45494505494505494,0.21318681318681318
URSN,2015,CRK_15,15,0.075,-0.11428571428571425,0.08214285714285713,-0.04642857142857142,0.028571428571428564,0.0035714285714285704,-0.2607142857142857,-0.4428571428571427,-0.10902595953155435,-0.15907066226734978,0.48214285714285704,-0.007142857142857141,nocheck_n8,0.15,-0.13214285714285715
URSN,2019,CRK_19,20,0.6932330827067669,0.6872180451127818,0.7082706766917292,0.7338345864661654,0.7218045112781954,0.7473684210526315,0.43909774436090226,0.5458646616541353,0.39097744360902253,0.6015037593984961,0.7203007518796991,0.7052631578947368,nocheck_n8,0.6962406015037594,0.3744360902255639
URSN,1999,CRK_99,10,-0.17073488132934914,0.19512557866211333,0.19512557866211333,0.19512557866211333,0.19512557866211333,0.29268836799317,-0.2743953449935969,,0.14815097074344716,,-0.06707441766510146,-0.12805116099701186,nocheck_n8,0.0731720919982925,-0.2500046476608327
URSN,2015,CRT_15,23,0.00691699604743083,0.19960474308300394,0.10968379446640317,0.19762845849802374,0.299407114624506,0.3725296442687747,0.2005928853754941,0.2114624505928854,0.27971337646605254,0.23424759795920305,0.024703557312252968,0.09189723320158102,nocheck_n8,0.20355731225296442,0.29051383399209485
URSN,1999,FRG_99,10,-0.08510677611520905,0.3404271044608362,0.3404271044608362,0.3404271044608362,0.3404271044608362,0.2978737164032316,-0.41337576970244394,,0.2769348755833153,,-0.480245379507251,-0.3404271044608362,nocheck_n8,0.12766016417281356,0.06686960980480709
URSN,2000,GLL_00,10,0.5272727272727272,0.3939393939393939,0.3939393939393939,0.3939393939393939,0.3939393939393939,0.1515151515151515,0.34545454545454546,,-0.33333333333333326,0.07878787878787878,0.5878787878787878,0.43030303030303024,nocheck_n8,0.33333333333333326,-0.09090909090909088
URSN,2001,GLL_01,9,-0.06694619270045785,-0.07531446678801507,-0.07531446678801507,-0.07531446678801507,-0.07531446678801507,-0.06694619270045785,0.6359888306543495,-0.1422606594884729,-0.10041928905068677,-0.025104822262671692,0.17573375583870182,-0.09205101496312953,nocheck_n8,-0.18410202992625907,0.1338923854009157
URSN,2002,GLL_02,11,-0.6818181818181819,-0.6454545454545455,-0.6454545454545455,-0.6454545454545455,-0.6454545454545455,-0.6454545454545455,-0.5090909090909091,-0.3181818181818182,-0.6363636363636364,-0.18181818181818182,-0.5545454545454546,-0.4727272727272727,nocheck_n8,-0.5636363636363637,-0.30000000000000004
URSN,2003,GLL_03,12,0.02097902097902098,0.04895104895104895,0.04895104895104895,0.09090909090909093,-0.18181818181818185,-0.04895104895104895,0.04895104895104895,-0.49650349650349657,0.04195804195804196,-0.6083916083916086,0.1328671328671329,0.0,nocheck_n8,-0.22377622377622378,0.2027972027972028
URSN,2009,GLL_09,9,0.7666666666666667,0.21666666666666667,0.0,0.48333333333333334,0.7166666666666667,0.19999999999999998,-0.11666666666666665,-0.48333333333333334,-0.11666666666666665,-0.5833333333333334,-0.26666666666666666,0.7833333333333333,nocheck_n8,0.06666666666666667,0.09999999999999999
URSN,2000,LGD_00,10,0.43161293601284584,0.6261427099904666,0.6261427099904666,0.6261427099904666,0.6261427099904666,0.35258521533443743,0.44985010232324774,,0.23708316203522517,0.40729671426564323,0.5471149893120582,0.5045616012544536,nocheck_n8,0.5471149893120582,-0.11550205329921229
URSN,2001,LGD_01,9,-0.13333333333333333,0.03333333333333333,0.03333333333333333,0.03333333333333333,0.03333333333333333,0.2833333333333333,-0.15,-0.11666666666666665,0.03333333333333333,-0.08333333333333334,-0.25,-0.049999999999999996,nocheck_n8,-0.25,-0.25
URSN,2002,LGD_02,10,-0.43030303030303024,-0.38181818181818183,-0.38181818181818183,-0.38181818181818183,-0.38181818181818183,-0.5030303030303029,-0.4787878787878787,0.2121212121212121,-0.6242424242424242,0.06666666666666665,-0.07878787878787878,-0.3939393939393939,nocheck_n8,0.23636363636363633,-0.04242424242424241
URSN,2003,LGD_03,12,0.42531346865098013,0.30580389894739896,0.30580389894739896,0.27416901284939216,0.2108992406533786,-0.017574936721114886,0.3233788356685138,0.33743878504540575,0.3409537723896287,0.05623979750756762,0.22847417737449344,0.40070855724141924,nocheck_n8,0.3901635952087504,0.439373418027872
URSN,2004,LGD_04,8,0.7142857142857144,0.6428571428571429,0.6190476190476191,0.5952380952380953,0.6666666666666669,0.8095238095238096,0.523809523809524,0.04761904761904763,-0.09523809523809526,0.09523809523809526,0.5714285714285715,0.6428571428571429,nocheck_n8,0.7142857142857144,0.4523809523809524
URSN,2009,LGD_09,9,0.049999999999999996,-0.03333333333333333,0.13333333333333333,-0.09999999999999999,-0.2833333333333333,-0.13333333333333333,0.11666666666666665,-0.19999999999999998,-0.35,0.7,0.41666666666666663,0.26666666666666666,nocheck_n8,-0.21666666666666667,-0.09999999999999999
URSN,2014,LGD_14,14,0.07252747252747253,0.11208791208791209,0.14725274725274726,0.14725274725274726,0.178021978021978,0.14725274725274726,-0.07252747252747253,-0.01098901098901099,-0.059340659340659345,0.3406593406593406,0.059340659340659345,0.059340659340659345,nocheck_n8,-0.002197802197802198,-0.04175824175824176
URSN,2015,LGD_15,23,0.3992094861660079,0.4891304347826087,0.4229249011857708,0.5256916996047432,0.5335968379446641,0.6156126482213439,0.4822134387351779,0.4426877470355731,0.6216951017567034,0.5712873908034571,0.4654150197628459,0.4318181818181818,nocheck_n8,0.5424901185770752,0.42786561264822137
URSN,2019,MRD_19,12,0.6923076923076924,0.7272727272727274,0.7552447552447553,0.8111888111888113,0.7202797202797203,0.7902097902097903,0.5454545454545455,0.7132867132867133,0.6783216783216784,0.7622377622377624,0.8741258741258742,0.7692307692307694,nocheck_n8,0.5524475524475525,0.39860139860139865
URSN,1999,MRS_99,10,0.2121212121212121,0.09090909090909088,0.09090909090909088,0.09090909090909088,0.09090909090909088,-0.17575757575757575,0.01818181818181818,,0.1043023302537743,,-0.2121212121212121,0.5636363636363636,nocheck_n8,0.16363636363636364,-0.1515151515151515
URSN,2000,PRP_00,10,-0.7696969696969697,-0.4666666666666666,-0.4666666666666666,-0.4666666666666666,-0.4666666666666666,-0.6242424242424242,-0.7212121212121211,,-0.11515151515151514,-0.43030303030303024,-0.5393939393939393,-0.7575757575757575,nocheck_n8,-0.2121212121212121,-0.6242424242424242
URSN,2001,PRP_01,9,0.17573375583870182,0.22594340036404525,0.22594340036404525,0.22594340036404525,0.22594340036404525,0.23431167445160245,0.4435185266405332,0.04184137043778616,0.4184137043778615,0.35146751167740364,0.25941649671427414,0.15899720766358738,nocheck_n8,0.10041928905068677,0.3096261412396175
URSN,2004,PRP_04,8,0.7619047619047621,0.7380952380952381,0.6428571428571429,0.7619047619047621,0.6666666666666669,0.8333333333333335,0.4285714285714286,0.14285714285714288,0.5952380952380953,0.7380952380952381,0.8571428571428572,0.5952380952380953,nocheck_n8,0.8095238095238096,-0.19047619047619052
URSN,2014,PRP_14,14,0.367032967032967,0.27472527472527475,0.26593406593406593,0.2835164835164835,0.2,0.2,0.16483516483516483,0.08131868131868132,0.3142857142857143,0.2571428571428571,0.26593406593406593,0.16923076923076924,nocheck_n8,0.2527472527472528,-0.14725274725274726
URSN,2015,PRP_15,23,0.33300395256917,0.42786561264822137,0.46245059288537554,0.4525691699604743,0.48616600790513836,0.4822134387351779,0.3300395256916996,0.23023715415019763,0.441808760707864,0.4289597363472325,0.38241106719367585,0.2806324110671937,nocheck_n8,0.4041501976284585,0.3142292490118577
URSN,2019,PRP_19,20,0.6541353383458646,0.669172932330827,0.6511278195488721,0.724812030075188,0.7263157894736841,0.7443609022556391,0.4330827067669173,0.6015037593984961,0.3639097744360902,0.6180451127819548,0.6992481203007518,0.6917293233082705,nocheck_n8,0.6781954887218045,0.6676691729323309
URSN,2000,STP_00,10,0.06666666666666665,-0.006060606060606061,-0.006060606060606061,-0.006060606060606061,-0.006060606060606061,-0.17575757575757575,0.16363636363636364,,0.04242424242424241,-0.2121212121212121,0.19999999999999998,-0.0303030303030303,nocheck_n8,-0.12727272727272726,-0.01818181818181818
URSN,2001,STP_01,9,0.016666666666666666,-0.049999999999999996,-0.049999999999999996,-0.049999999999999996,-0.049999999999999996,0.08333333333333334,0.5833333333333334,-0.2333333333333333,-0.2833333333333333,-0.19999999999999998,0.08333333333333334,0.049999999999999996,nocheck_n8,0.43333333333333335,-0.3666666666666667
URSN,2002,STP_02,11,0.1272727272727273,-0.10909090909090911,-0.10909090909090911,-0.10909090909090911,-0.10909090909090911,0.06363636363636364,-0.23636363636363636,-0.19090909090909092,-0.41818181818181827,0.20000000000000004,-0.1272727272727273,0.05454545454545456,nocheck_n8,0.17272727272727276,0.15454545454545454
URSN,2003,STP_03,12,0.14685314685314685,0.16783216783216784,0.16783216783216784,0.2377622377622378,0.1258741258741259,0.18881118881118883,-0.49650349650349657,-0.44055944055944063,0.1398601398601399,-0.18881118881118883,-0.14685314685314685,0.027972027972027972,nocheck_n8,0.35664335664335667,-0.16783216783216784
URSN,2004,STP_04,8,0.523809523809524,0.5476190476190477,0.4523809523809524,0.5952380952380953,0.4523809523809524,0.6190476190476191,0.261904761904762,0.19047619047619052,0.8095238095238096,0.8571428571428572,0.7857142857142858,0.3571428571428572,nocheck_n8,0.5476190476190477,0.30952380952380953
URSN,2009,STP_09,9,-0.03333333333333333,-0.16666666666666669,0.049999999999999996,-0.19999999999999998,-0.2333333333333333,-0.21666666666666667,-0.13333333333333333,-0.3,-0.4666666666666666,0.5333333333333333,0.31666666666666665,0.11666666666666665,nocheck_n8,-0.08333333333333334,-0.09999999999999999
URSN,2014,STP_14,14,0.07252747252747253,0.05054945054945055,0.07252747252747253,0.0989010989010989,0.15164835164835166,0.015384615384615385,0.24395604395604395,0.24835164835164836,0.4241758241758242,0.17362637362637365,0.2835164835164835,0.0857142857142857,nocheck_n8,-0.09010989010989012,-0.015384615384615385
URSN,2015,STP_15,15,0.06428571428571428,0.30357142857142855,0.36428571428571427,0.1964285714285714,0.18214285714285713,0.19999999999999998,-0.05714285714285713,-0.1714285714285714,0.40929417594632705,0.0661305000437297,-0.06785714285714285,-0.021428571428571425,nocheck_n8,0.10714285714285714,0.2678571428571428
URSN,2019,STP_19,20,0.6375939849624059,0.5954887218045113,0.5969924812030075,0.6827067669172932,0.7278195488721804,0.6676691729323309,0.5804511278195488,0.5669172932330826,0.40751879699248117,0.46917293233082696,0.5353383458646617,0.49022556390977434,nocheck_n8,0.37293233082706767,0.6330827067669172
URSN,1999,STP_99,10,0.19999999999999998,0.43030303030303024,0.43030303030303024,0.43030303030303024,0.43030303030303024,0.33333333333333326,-0.33333333333333326,,-0.4356156145892926,,0.05454545454545454,-0.07878787878787878,nocheck_n8,-0.06666666666666665,-0.7575757575757575
