environment,genotype,observed,predicted,candidate
E00,G000,-0.4154,0.7129,epoch01
E00,G001,-2.5288,0.4507,epoch01
E00,G002,0.0976,0.3416,epoch01
E00,G003,0.2616,0.013,epoch01
E00,G004,-2.788,0.0617,epoch01
E00,G005,-0.2772,0.2677,epoch01
E00,G006,-2.7185,0.2091,epoch01
E00,G007,-2.1974,-0.4101,epoch01
E00,G008,-1.4414,0.3095,epoch01
E00,G009,-0.556,0.9982,epoch01
E00,G010,-0.6607,-0.4715,epoch01
E00,G011,0.2955,0.4162,epoch01
E00,G012,0.6534,0.222,epoch01
E00,G013,-0.9257,0.0622,epoch01
E00,G014,-1.2855,0.4989,epoch01
E00,G015,-0.4211,-0.2657,epoch01
E00,G016,1.1629,0.1679,epoch01
E00,G017,0.9834,0.5654,epoch01
E00,G018,-3.0006,0.0288,epoch01
E00,G019,-0.1714,-0.0204,epoch01
E00,G020,-1.4727,0.1288,epoch01
E00,G021,0.1383,-0.0294,epoch01
E00,G022,-0.2985,0.5975,epoch01
E00,G023,1.238,-0.1758,epoch01
E00,G024,-0.8287,0.3656,epoch01
E00,G025,-0.0812,-0.2633,epoch01
E00,G026,-3.4712,0.2927,epoch01
E00,G027,-1.8146,0.0572,epoch01
E00,G028,-0.1893,-0.6885,epoch01
E00,G029,-1.2814,0.0996,epoch01
E00,G030,-1.015,-0.2339,epoch01
E00,G031,1.0094,-0.0083,epoch01
E00,G032,1.3314,0.5918,epoch01
E00,G033,-2.7054,-0.2602,epoch01
E00,G034,0.9677,-0.2059,epoch01
E00,G035,1.4464,0.5578,epoch01
E00,G036,1.8098,0.1347,epoch01
E00,G037,0.8517,0.606,epoch01
E00,G038,0.7926,0.2234,epoch01
E00,G039,-1.6721,-0.1737,epoch01
E00,G040,0.1383,0.08,epoch01
E00,G041,-0.6238,0.4935,epoch01
E00,G042,-0.6454,0.3962,epoch01
E00,G043,-0.0818,0.108,epoch01
E00,G044,-0.8602,0.1248,epoch01
E00,G045,-0.8876,0.0745,epoch01
E00,G046,1.6464,-0.0438,epoch01
E00,G047,-2.6381,0.6967,epoch01
E00,G048,-1.1767,0.1138,epoch01
E00,G049,-1.287,-0.2509,epoch01
E00,G050,0.1955,-0.038,epoch01
E00,G051,-2.7683,0.3003,epoch01
E00,G052,-3.1422,0.2891,epoch01
E00,G053,-0.4029,0.0668,epoch01
E00,G054,0.2103,-0.1048,epoch01
E00,G055,2.2968,0.1371,epoch01
E00,G056,-2.6215,-0.4385,epoch01
E00,G057,-1.1492,-0.2959,epoch01
E00,G058,0.6893,0.3551,epoch01
E00,G059,-2.023,-0.0571,epoch01
E01,G000,-0.2253,1.0561,epoch01
E01,G001,-2.0616,1.2888,epoch01
E01,G002,3.0404,1.1487,epoch01
E01,G003,2.6715,0.9655,epoch01
E01,G004,0.5158,1.5767,epoch01
E01,G005,-0.3818,1.1359,epoch01
E01,G006,-0.3281,0.8042,epoch01
E01,G007,-1.8268,1.1395,epoch01
E01,G008,-0.4833,1.0506,epoch01
E01,G009,2.6181,0.6669,epoch01
E01,G010,0.2107,0.9446,epoch01
E01,G011,-0.0383,0.8839,epoch01
E01,G012,0.3805,0.329,epoch01
E01,G013,-0.0083,0.8718,epoch01
E01,G014,0.3205,0.8308,epoch01
E01,G015,-0.3888,0.7952,epoch01
E01,G016,-0.3668,0.4392,epoch01
E01,G017,0.5899,0.8304,epoch01
E01,G018,-1.254,0.9012,epoch01
E01,G019,0.15,0.9609,epoch01
E01,G020,0.6929,0.5716,epoch01
E01,G021,0.2603,1.1231,epoch01
E01,G022,2.358,0.5735,epoch01
E01,G023,-1.3717,0.8567,epoch01
E01,G024,0.6172,1.3279,epoch01
E01,G025,3.1627,0.7288,epoch01
E01,G026,2.094,0.7879,epoch01
E01,G027,0.4189,1.2616,epoch01
E01,G028,0.2735,0.8122,epoch01
E01,G029,2.8339,0.8504,epoch01
E01,G030,-0.4203,1.0033,epoch01
E01,G031,-0.3059,1.2497,epoch01
E01,G032,2.4199,0.2745,epoch01
E01,G033,-0.4987,0.6587,epoch01
E01,G034,-0.0638,0.6235,epoch01
E01,G035,1.688,0.612,epoch01
E01,G036,-0.1889,0.6671,epoch01
E01,G037,2.9178,0.7052,epoch01
E01,G038,0.8504,1.0337,epoch01
E01,G039,-1.2757,0.654,epoch01
E01,G040,0.4228,0.9721,epoch01
E01,G041,2.1007,1.0673,epoch01
E01,G042,-1.1847,0.7022,epoch01
E01,G043,0.3374,0.9762,epoch01
E01,G044,2.28,1.4515,epoch01
E01,G045,-0.0107,1.0409,epoch01
E01,G046,2.5722,0.7627,epoch01
E01,G047,-1.0126,0.9096,epoch01
E01,G048,1.7758,0.6558,epoch01
E01,G049,2.2408,1.0111,epoch01
E01,G050,3.3374,1.2096,epoch01
E01,G051,-0.8708,0.6699,epoch01
E01,G052,0.8018,0.8656,epoch01
E01,G053,0.6872,1.2767,epoch01
E01,G054,2.5713,0.807,epoch01
E01,G055,3.9162,1.0157,epoch01
E01,G056,-1.628,0.6117,epoch01
E01,G057,0.613,0.6728,epoch01
E01,G058,0.3774,0.7774,epoch01
E01,G059,0.8277,1.5739,epoch01
E02,G000,0.2838,-0.4784,epoch01
E02,G001,-2.387,-0.5369,epoch01
E02,G002,-0.0581,-0.5299,epoch01
E02,G003,1.2929,-0.3998,epoch01
E02,G004,-1.412,-0.1783,epoch01
E02,G005,-0.01,-0.3064,epoch01
E02,G006,-3.4272,0.2239,epoch01
E02,G007,-3.0483,-0.3042,epoch01
E02,G008,-2.4997,0.0349,epoch01
E02,G009,0.3819,-0.278,epoch01
E02,G010,-1.4589,-0.1953,epoch01
E02,G011,0.2659,-0.7871,epoch01
E02,G012,1.823,-0.3854,epoch01
E02,G013,-0.2903,-0.3756,epoch01
E02,G014,-4.7103,-0.479,epoch01
E02,G015,-2.5947,-1.0316,epoch01
E02,G016,1.0271,-0.0951,epoch01
E02,G017,-2.6697,-0.4888,epoch01
E02,G018,-1.0323,-0.5156,epoch01
E02,G019,-1.2145,-0.4405,epoch01
E02,G020,-3.9153,-0.4599,epoch01
E02,G021,-1.7111,-0.2715,epoch01
E02,G022,0.4602,-0.731,epoch01
E02,G023,-2.762,-0.6539,epoch01
E02,G024,-1.2487,-0.2809,epoch01
E02,G025,1.1571,-0.3106,epoch01
E02,G026,-0.6792,-0.4929,epoch01
E02,G027,-2.2836,-0.5518,epoch01
E02,G028,-0.2852,-0.6155,epoch01
E02,G029,-0.5877,-0.3905,epoch01
E02,G030,-3.7055,-0.0409,epoch01
E02,G031,0.0998,-0.6772,epoch01
E02,G032,0.5986,0.1072,epoch01
E02,G033,-2.4839,-0.1281,epoch01
E02,G034,-1.0106,-0.4991,epoch01
E02,G035,-0.9596,-0.135,epoch01
E02,G036,-1.9963,-0.8211,epoch01
E02,G037,0.1289,-0.8673,epoch01
E02,G038,-0.2122,-0.7408,epoch01
E02,G039,-1.3194,-0.5097,epoch01
E02,G040,-0.1478,-0.459,epoch01
E02,G041,1.0143,-0.5098,epoch01
E02,G042,1.7453,-0.3205,epoch01
E02,G043,-0.3885,-1.0088,epoch01
E02,G044,2.1406,-0.2102,epoch01
E02,G045,-0.906,-0.7833,epoch01
E02,G046,1.5518,-0.5459,epoch01
E02,G047,-2.6941,-0.5099,epoch01
E02,G048,1.0514,-0.7133,epoch01
E02,G049,1.072,-0.7755,epoch01
E02,G050,-2.57,-0.666,epoch01
E02,G051,-2.7847,-0.3829,epoch01
E02,G052,-0.8038,-0.1983,epoch01
E02,G053,0.7165,-0.1889,epoch01
E02,G054,0.935,-0.6526,epoch01
E02,G055,-1.1513,-0.6075,epoch01
E02,G056,-2.0382,-0.6635,epoch01
E02,G057,-2.2051,-0.2574,epoch01
E02,G058,-2.3923,-0.9959,epoch01
E02,G059,-2.0215,-0.0234,epoch01
E03,G000,-3.4471,-2.5265,epoch01
E03,G001,-2.4902,-2.6398,epoch01
E03,G002,-4.1106,-2.3028,epoch01
E03,G003,-1.231,-2.0842,epoch01
E03,G004,-3.0079,-2.2982,epoch01
E03,G005,-3.4625,-2.0829,epoch01
E03,G006,-3.7202,-2.3767,epoch01
E03,G007,-4.4648,-2.0419,epoch01
E03,G008,-4.9541,-2.0433,epoch01
E03,G009,-3.4651,-2.4198,epoch01
E03,G010,-3.1338,-1.9737,epoch01
E03,G011,-1.3074,-2.3395,epoch01
E03,G012,-1.7767,-2.3751,epoch01
E03,G013,-2.1974,-2.6681,epoch01
E03,G014,-4.1744,-2.5174,epoch01
E03,G015,-1.9815,-2.1583,epoch01
E03,G016,-3.258,-2.7989,epoch01
E03,G017,-1.6359,-2.1992,epoch01
E03,G018,-2.7034,-2.3085,epoch01
E03,G019,-3.9729,-2.3282,epoch01
E03,G020,-2.2434,-3.0524,epoch01
E03,G021,-2.1739,-2.4224,epoch01
E03,G022,-1.4073,-2.1908,epoch01
E03,G023,-3.3942,-2.6259,epoch01
E03,G024,-0.9659,-2.3641,epoch01
E03,G025,-3.572,-3.1182,epoch01
E03,G026,-2.1724,-2.1979,epoch01
E03,G027,-3.2066,-2.5944,epoch01
E03,G028,-1.699,-2.1309,epoch01
E03,G029,-2.5249,-2.9547,epoch01
E03,G030,-4.0608,-2.204,epoch01
E03,G031,-0.2542,-2.4656,epoch01
E03,G032,0.335,-2.1252,epoch01
E03,G033,-1.7626,-2.6876,epoch01
E03,G034,-0.4118,-2.5688,epoch01
E03,G035,-1.6991,-1.7075,epoch01
E03,G036,-3.6388,-2.6554,epoch01
E03,G037,-0.0626,-2.5844,epoch01
E03,G038,-2.6748,-2.4832,epoch01
E03,G039,-2.2779,-2.7017,epoch01
E03,G040,-1.7631,-2.0282,epoch01
E03,G041,-2.8165,-1.8622,epoch01
E03,G042,-2.1725,-2.6016,epoch01
E03,G043,-3.6846,-2.9019,epoch01
E03,G044,-1.7703,-2.0419,epoch01
E03,G045,-2.4617,-2.0559,epoch01
E03,G046,-1.6459,-2.1319,epoch01
E03,G047,-3.0834,-2.0554,epoch01
E03,G048,-0.6924,-2.6385,epoch01
E03,G049,-3.7328,-2.4455,epoch01
E03,G050,-3.8887,-2.8077,epoch01
E03,G051,-4.8853,-2.8385,epoch01
E03,G052,-5.292,-2.1127,epoch01
E03,G053,-2.2676,-2.584,epoch01
E03,G054,0.6178,-1.6956,epoch01
E03,G055,-2.0906,-2.3572,epoch01
E03,G056,-3.1409,-2.6052,epoch01
E03,G057,-5.1691,-2.1743,epoch01
E03,G058,-1.3273,-1.847,epoch01
E03,G059,-3.9271,-2.2654,epoch01
E04,G000,-1.3659,-1.3991,epoch01
E04,G001,-1.6574,-0.9346,epoch01
E04,G002,0.4356,-0.6224,epoch01
E04,G003,-0.17,-1.1706,epoch01
E04,G004,-3.4716,-1.2943,epoch01
E04,G005,-2.7324,-0.7354,epoch01
E04,G006,-3.0526,-1.0211,epoch01
E04,G007,-2.0531,-1.3709,epoch01
E04,G008,-2.6858,-1.1754,epoch01
E04,G009,-1.0115,-1.2567,epoch01
E04,G010,0.4038,-0.946,epoch01
E04,G011,-3.0678,-0.9988,epoch01
E04,G012,-1.6976,-0.6909,epoch01
E04,G013,-0.3081,-0.8203,epoch01
E04,G014,-4.0055,-1.5317,epoch01
E04,G015,-3.1631,-0.9255,epoch01
E04,G016,-1.1284,-0.7602,epoch01
E04,G017,-0.9924,-0.877,epoch01
E04,G018,-2.7285,-0.7447,epoch01
E04,G019,0.684,-1.2046,epoch01
E04,G020,-1.7016,-1.3382,epoch01
E04,G021,-2.8312,-0.7608,epoch01
E04,G022,-1.822,-1.3493,epoch01
E04,G023,-3.1238,-1.6988,epoch01
E04,G024,0.731,-0.7145,epoch01
E04,G025,-1.7076,-1.2462,epoch01
E04,G026,-1.6536,-1.1219,epoch01
E04,G027,0.7034,-1.4395,epoch01
E04,G028,0.02,-1.4259,epoch01
E04,G029,-1.0593,-1.3733,epoch01
E04,G030,-2.1129,-1.1386,epoch01
E04,G031,-2.748,-0.9222,epoch01
E04,G032,-0.8919,-1.7092,epoch01
E04,G033,-5.8616,-0.8376,epoch01
E04,G034,0.5017,-1.3756,epoch01
E04,G035,-0.612,-1.3376,epoch01
E04,G036,-0.6251,-0.8289,epoch01
E04,G037,2.0726,-1.0382,epoch01
E04,G038,0.1998,-1.4907,epoch01
E04,G039,-3.84,-0.4987,epoch01
E04,G040,0.0117,-1.2868,epoch01
E04,G041,0.4542,-0.9529,epoch01
E04,G042,-1.9217,-0.9729,epoch01
E04,G043,-1.1993,-0.5985,epoch01
E04,G044,-1.522,-1.1722,epoch01
E04,G045,-2.099,-0.7224,epoch01
E04,G046,1.9172,-1.2352,epoch01
E04,G047,-4.2765,-0.7051,epoch01
E04,G048,-1.6879,-1.2541,epoch01
E04,G049,-0.5599,-1.1305,epoch01
E04,G050,-0.8221,-0.4576,epoch01
E04,G051,-2.1187,-0.9515,epoch01
E04,G052,-2.6248,-1.0211,epoch01
E04,G053,-1.2749,-0.3596,epoch01
E04,G054,-0.4637,-0.9298,epoch01
E04,G055,-3.1172,-1.2749,epoch01
E04,G056,-1.8621,-0.8211,epoch01
E04,G057,-2.1515,-1.3901,epoch01
E04,G058,-0.4622,-0.6876,epoch01
E04,G059,-4.1053,-0.7102,epoch01
E05,G000,-3.5455,-2.8747,epoch01
E05,G001,-4.5257,-2.9065,epoch01
E05,G002,-1.27,-2.6431,epoch01
E05,G003,0.1457,-2.6689,epoch01
E05,G004,-4.3517,-3.0087,epoch01
E05,G005,-1.4424,-2.5432,epoch01
E05,G006,-2.8905,-3.3463,epoch01
E05,G007,-5.2704,-2.8471,epoch01
E05,G008,-4.1428,-2.8463,epoch01
E05,G009,-1.0113,-2.7958,epoch01
E05,G010,-2.8812,-2.6236,epoch01
E05,G011,-2.7924,-3.0756,epoch01
E05,G012,-1.7519,-2.5133,epoch01
E05,G013,-2.4634,-2.7483,epoch01
E05,G014,-4.4491,-2.9175,epoch01
E05,G015,-3.9004,-3.1214,epoch01
E05,G016,-1.4225,-3.0518,epoch01
E05,G017,-2.8564,-2.5929,epoch01
E05,G018,-4.7226,-3.0121,epoch01
E05,G019,-4.3964,-2.6907,epoch01
E05,G020,-4.417,-2.4061,epoch01
E05,G021,-5.1928,-2.4141,epoch01
E05,G022,-1.0429,-2.2137,epoch01
E05,G023,-2.3787,-2.8015,epoch01
E05,G024,-1.9942,-3.0248,epoch01
E05,G025,-0.3888,-2.3759,epoch01
E05,G026,-3.9198,-2.6304,epoch01
E05,G027,-3.0805,-2.3725,epoch01
E05,G028,-2.3732,-2.6949,epoch01
E05,G029,-2.4487,-2.3387,epoch01
E05,G030,-3.209,-2.4658,epoch01
E05,G031,-2.7668,-2.4767,epoch01
E05,G032,0.3677,-2.5317,epoch01
E05,G033,-4.8416,-2.6114,epoch01
E05,G034,-3.02,-2.6287,epoch01
E05,G035,-2.2851,-2.625,epoch01
E05,G036,-3.4729,-2.4083,epoch01
E05,G037,-1.6478,-2.8463,epoch01
E05,G038,-1.4913,-2.1601,epoch01
E05,G039,-2.1177,-2.7425,epoch01
E05,G040,-2.2459,-2.3934,epoch01
E05,G041,-4.4435,-2.7244,epoch01
E05,G042,-3.6059,-2.7799,epoch01
E05,G043,-4.5932,-2.0935,epoch01
E05,G044,-0.8097,-2.7728,epoch01
E05,G045,-0.8755,-3.0771,epoch01
E05,G046,0.7184,-2.8837,epoch01
E05,G047,-4.9455,-2.81,epoch01
E05,G048,-2.9235,-2.0515,epoch01
E05,G049,-2.3337,-2.6592,epoch01
E05,G050,-2.3013,-2.4228,epoch01
E05,G051,-2.9736,-3.0073,epoch01
E05,G052,-2.8786,-2.6134,epoch01
E05,G053,0.528,-2.4931,epoch01
E05,G054,-0.0477,-2.1474,epoch01
E05,G055,-1.9252,-2.9046,epoch01
E05,G056,-3.7991,-2.5409,epoch01
E05,G057,-2.978,-2.6242,epoch01
E05,G058,-2.4796,-2.9997,epoch01
E05,G059,-5.9056,-2.736,epoch01
E06,G000,-0.2709,-0.1072,epoch01
E06,G001,-1.9405,-0.7332,epoch01
E06,G002,-0.6592,0.1477,epoch01
E06,G003,0.0391,0.1369,epoch01
E06,G004,1.1135,-0.1709,epoch01
E06,G005,-0.5403,-0.4215,epoch01
E06,G006,-2.9432,0.3844,epoch01
E06,G007,-1.301,0.0414,epoch01
E06,G008,-1.709,0.254,epoch01
E06,G009,0.278,0.3888,epoch01
E06,G010,-1.0102,-0.1868,epoch01
E06,G011,-0.7624,0.2198,epoch01
E06,G012,-0.2848,-0.0799,epoch01
E06,G013,-1.5087,-0.0502,epoch01
E06,G014,-1.5594,-0.0757,epoch01
E06,G015,-0.5018,-0.0314,epoch01
E06,G016,-1.4414,0.3042,epoch01
E06,G017,0.3023,0.0211,epoch01
E06,G018,-1.4568,-0.0887,epoch01
E06,G019,0.5985,-0.106,epoch01
E06,G020,-1.4547,0.0674,epoch01
E06,G021,-1.669,-0.3099,epoch01
E06,G022,-0.6786,-0.1609,epoch01
E06,G023,-1.7722,-0.0476,epoch01
E06,G024,2.4065,-0.1841,epoch01
E06,G025,-1.7878,-0.0549,epoch01
E06,G026,-0.7986,-0.213,epoch01
E06,G027,-0.9475,0.5618,epoch01
E06,G028,0.3425,0.3827,epoch01
E06,G029,-1.3511,0.1038,epoch01
E06,G030,-2.4002,-0.0691,epoch01
E06,G031,0.1801,0.6344,epoch01
E06,G032,2.201,0.1005,epoch01
E06,G033,-4.3416,-0.0806,epoch01
E06,G034,0.1007,0.0696,epoch01
E06,G035,-1.1057,0.0643,epoch01
E06,G036,-1.8295,0.3825,epoch01
E06,G037,2.6433,-0.0003,epoch01
E06,G038,0.9882,0.609,epoch01
E06,G039,-0.6572,-0.3077,epoch01
E06,G040,0.1368,0.1914,epoch01
E06,G041,1.1222,-0.322,epoch01
E06,G042,1.4383,0.5234,epoch01
E06,G043,1.2899,-0.1215,epoch01
E06,G044,0.6251,-0.0511,epoch01
E06,G045,-0.6129,0.2469,epoch01
E06,G046,2.7176,0.3874,epoch01
E06,G047,0.0756,-0.3667,epoch01
E06,G048,-0.8423,-0.1216,epoch01
E06,G049,-0.1253,-0.4464,epoch01
E06,G050,-0.141,0.0216,epoch01
E06,G051,-1.3708,-0.067,epoch01
E06,G052,-0.8347,-0.1177,epoch01
E06,G053,-1.6636,-0.2389,epoch01
E06,G054,-0.0616,-0.1404,epoch01
E06,G055,1.4757,-0.2407,epoch01
E06,G056,-1.1174,0.1083,epoch01
E06,G057,-0.2017,0.4284,epoch01
E06,G058,1.1822,-0.5859,epoch01
E06,G059,-3.3457,-0.09,epoch01
E07,G000,2.885,3.0567,epoch01
E07,G001,1.9241,3.3257,epoch01
E07,G002,4.901,2.9191,epoch01
E07,G003,3.8238,3.1331,epoch01
E07,G004,2.3426,2.8692,epoch01
E07,G005,0.6425,3.3865,epoch01
E07,G006,1.3167,3.208,epoch01
E07,G007,-0.1517,3.1191,epoch01
E07,G008,0.1119,3.2785,epoch01
E07,G009,3.3663,3.1029,epoch01
E07,G010,1.6257,2.7031,epoch01
E07,G011,3.0717,3.3864,epoch01
E07,G012,4.7353,3.288,epoch01
E07,G013,4.1428,3.1407,epoch01
E07,G014,-0.1352,3.4493,epoch01
E07,G015,0.8102,3.5348,epoch01
E07,G016,2.6891,2.8614,epoch01
E07,G017,3.7268,2.9597,epoch01
E07,G018,2.4015,3.6367,epoch01
E07,G019,3.9893,3.6111,epoch01
E07,G020,2.7992,2.9497,epoch01
E07,G021,3.6807,2.8284,epoch01
E07,G022,5.7463,3.0143,epoch01
E07,G023,4.1078,3.0446,epoch01
E07,G024,3.0938,2.7337,epoch01
E07,G025,4.0081,3.2117,epoch01
E07,G026,2.5444,2.7953,epoch01
E07,G027,2.8102,2.8281,epoch01
E07,G028,3.9469,3.4633,epoch01
E07,G029,2.5344,2.9823,epoch01
E07,G030,1.1587,3.1557,epoch01
E07,G031,4.1407,3.3731,epoch01
E07,G032,5.7996,3.4582,epoch01
E07,G033,1.9499,3.0718,epoch01
E07,G034,5.3116,3.2186,epoch01
E07,G035,4.4044,2.9452,epoch01
E07,G036,2.541,3.7021,epoch01
E07,G037,2.2297,3.4038,epoch01
E07,G038,3.2711,2.8694,epoch01
E07,G039,1.3105,3.1744,epoch01
E07,G040,2.6046,3.4094,epoch01
E07,G041,4.1228,3.3433,epoch01
E07,G042,3.4003,3.7267,epoch01
E07,G043,3.5955,3.6128,epoch01
E07,G044,1.2092,3.0187,epoch01
E07,G045,5.6143,3.1688,epoch01
E07,G046,4.1316,2.8238,epoch01
E07,G047,-0.0108,3.2412,epoch01
E07,G048,3.8554,3.2412,epoch01
E07,G049,3.4186,3.9983,epoch01
E07,G050,2.6621,3.2221,epoch01
E07,G051,2.6568,2.5472,epoch01
E07,G052,2.0224,2.9809,epoch01
E07,G053,1.5478,3.2155,epoch01
E07,G054,4.2391,2.825,epoch01
E07,G055,4.8797,2.9421,epoch01
E07,G056,1.4573,3.0676,epoch01
E07,G057,2.0436,3.2749,epoch01
E07,G058,4.0689,3.1531,epoch01
E07,G059,4.2828,2.903,epoch01
E08,G000,-1.9328,-1.031,epoch01
E08,G001,-1.0843,-1.444,epoch01
E08,G002,-0.9255,-1.4123,epoch01
E08,G003,-1.8272,-1.6862,epoch01
E08,G004,-1.5307,-1.5152,epoch01
E08,G005,-0.624,-1.0753,epoch01
E08,G006,-1.6664,-1.7727,epoch01
E08,G007,-1.9231,-1.301,epoch01
E08,G008,-4.1302,-1.0803,epoch01
E08,G009,-2.1849,-1.3852,epoch01
E08,G010,-1.5424,-1.2053,epoch01
E08,G011,-0.0769,-1.5947,epoch01
E08,G012,0.469,-0.8708,epoch01
E08,G013,-2.059,-0.9525,epoch01
E08,G014,-2.3106,-1.2228,epoch01
E08,G015,0.5662,-1.7895,epoch01
E08,G016,-0.4074,-1.5724,epoch01
E08,G017,-2.4391,-0.971,epoch01
E08,G018,-5.0303,-0.786,epoch01
E08,G019,-2.4863,-1.176,epoch01
E08,G020,-0.7205,-0.9066,epoch01
E08,G021,-4.6595,-1.4809,epoch01
E08,G022,1.3263,-1.3075,epoch01
E08,G023,-2.4968,-1.2895,epoch01
E08,G024,-0.4553,-1.1519,epoch01
E08,G025,0.2125,-1.7197,epoch01
E08,G026,-1.0257,-0.9815,epoch01
E08,G027,-1.8018,-0.8754,epoch01
E08,G028,-0.8452,-1.6076,epoch01
E08,G029,0.2321,-1.6574,epoch01
E08,G030,-1.8705,-1.1634,epoch01
E08,G031,-1.2594,-1.4631,epoch01
E08,G032,1.5686,-1.9628,epoch01
E08,G033,-5.3624,-1.0547,epoch01
E08,G034,-0.5988,-1.2159,epoch01
E08,G035,-1.7204,-1.4048,epoch01
E08,G036,-1.4079,-0.6383,epoch01
E08,G037,1.6869,-1.1999,epoch01
E08,G038,0.1705,-1.4749,epoch01
E08,G039,-2.1975,-1.2582,epoch01
E08,G040,-2.7851,-1.5783,epoch01
E08,G041,0.965,-1.4819,epoch01
E08,G042,-1.6135,-1.1486,epoch01
E08,G043,0.8245,-1.4155,epoch01
E08,G044,-0.8367,-1.3996,epoch01
E08,G045,-3.3654,-0.7615,epoch01
E08,G046,-0.2945,-0.9887,epoch01
E08,G047,-2.3875,-1.0435,epoch01
E08,G048,-0.621,-1.1202,epoch01
E08,G049,-1.0001,-1.1227,epoch01
E08,G050,-0.8842,-0.8296,epoch01
E08,G051,-3.6145,-1.2849,epoch01
E08,G052,-1.5671,-0.7328,epoch01
E08,G053,0.1248,-1.5577,epoch01
E08,G054,-0.7231,-1.3376,epoch01
E08,G055,-0.91,-1.6735,epoch01
E08,G056,-5.7516,-1.4057,epoch01
E08,G057,-1.3762,-1.1244,epoch01
E08,G058,2.7468,-0.8166,epoch01
E08,G059,-2.2391,-1.487,epoch01
E09,G000,-0.6027,-1.516,epoch01
E09,G001,-1.95,-1.6329,epoch01
E09,G002,-2.0357,-1.7289,epoch01
E09,G003,-1.4515,-1.8853,epoch01
E09,G004,-4.2172,-1.5132,epoch01
E09,G005,-1.8392,-2.0337,epoch01
E09,G006,-2.6961,-1.4981,epoch01
E09,G007,-0.7673,-1.5087,epoch01
E09,G008,-2.1824,-1.7237,epoch01
E09,G009,-1.1806,-1.8168,epoch01
E09,G010,-3.3687,-1.9415,epoch01
E09,G011,-2.0184,-0.9429,epoch01
E09,G012,-1.7105,-1.9185,epoch01
E09,G013,-2.4764,-1.0497,epoch01
E09,G014,-4.7414,-1.3571,epoch01
E09,G015,-1.9856,-1.6126,epoch01
E09,G016,-2.2013,-1.8624,epoch01
E09,G017,-3.3243,-1.2004,epoch01
E09,G018,-4.2899,-1.0126,epoch01
E09,G019,-2.7238,-1.7879,epoch01
E09,G020,-2.3687,-1.6155,epoch01
E09,G021,-0.9235,-1.196,epoch01
E09,G022,0.8402,-1.4084,epoch01
E09,G023,-3.9865,-0.926,epoch01
E09,G024,-2.402,-1.6867,epoch01
E09,G025,0.7964,-1.3336,epoch01
E09,G026,-1.6199,-1.8867,epoch01
E09,G027,-3.0465,-0.9001,epoch01
E09,G028,-0.3721,-1.7391,epoch01
E09,G029,-1.59,-2.1716,epoch01
E09,G030,-4.3935,-1.5721,epoch01
E09,G031,-3.8577,-1.5677,epoch01
E09,G032,0.8703,-0.9142,epoch01
E09,G033,-2.4473,-1.63,epoch01
E09,G034,-1.7183,-1.5027,epoch01
E09,G035,-2.75,-1.3386,epoch01
E09,G036,-0.9377,-1.0375,epoch01
E09,G037,0.8585,-1.5102,epoch01
E09,G038,-0.6646,-1.1835,epoch01
E09,G039,-2.7664,-1.3811,epoch01
E09,G040,-1.5027,-1.6089,epoch01
E09,G041,-2.6143,-1.4817,epoch01
E09,G042,-2.5437,-1.5135,epoch01
E09,G043,0.0197,-1.774,epoch01
E09,G044,-2.0087,-1.1487,epoch01
E09,G045,-3.669,-1.9286,epoch01
E09,G046,-0.3447,-1.1445,epoch01
E09,G047,-1.7207,-1.2391,epoch01
E09,G048,0.8734,-1.5312,epoch01
E09,G049,-4.6481,-1.7542,epoch01
E09,G050,0.882,-1.5838,epoch01
E09,G051,-3.0177,-1.3763,epoch01
E09,G052,0.3935,-1.279,epoch01
E09,G053,0.8861,-1.413,epoch01
E09,G054,0.3749,-1.2049,epoch01
E09,G055,-0.1031,-1.6648,epoch01
E09,G056,-2.9627,-1.4465,epoch01
E09,G057,-1.8064,-1.9945,epoch01
E09,G058,-2.303,-1.2854,epoch01
E09,G059,-5.9845,-1.4913,epoch01
E10,G000,4.475,1.221,epoch01
E10,G001,0.4218,1.6698,epoch01
E10,G002,1.8611,1.533,epoch01
E10,G003,0.0026,0.4927,epoch01
E10,G004,1.8137,1.3415,epoch01
E10,G005,1.826,0.8923,epoch01
E10,G006,0.779,1.6354,epoch01
E10,G007,0.0627,2.0721,epoch01
E10,G008,-1.3862,1.1677,epoch01
E10,G009,0.5778,1.3569,epoch01
E10,G010,-1.8965,1.2539,epoch01
E10,G011,-0.8292,1.4412,epoch01
E10,G012,1.2201,1.5323,epoch01
E10,G013,-0.6708,1.7149,epoch01
E10,G014,-0.6644,1.0233,epoch01
E10,G015,0.558,1.8044,epoch01
E10,G016,2.5893,1.0543,epoch01
E10,G017,2.3889,1.4217,epoch01
E10,G018,-0.5056,1.6668,epoch01
E10,G019,2.4461,1.5542,epoch01
E10,G020,-1.6506,1.0334,epoch01
E10,G021,-0.6472,1.1112,epoch01
E10,G022,2.9311,1.2116,epoch01
E10,G023,0.948,1.3369,epoch01
E10,G024,1.5821,1.6918,epoch01
E10,G025,0.7101,0.9632,epoch01
E10,G026,1.2569,1.4792,epoch01
E10,G027,4.1856,1.5395,epoch01
E10,G028,0.4194,1.507,epoch01
E10,G029,1.2578,1.4777,epoch01
E10,G030,-0.0494,1.7907,epoch01
E10,G031,0.4971,1.4917,epoch01
E10,G032,1.8175,1.6196,epoch01
E10,G033,0.7765,1.4858,epoch01
E10,G034,5.7934,1.9047,epoch01
E10,G035,3.0237,0.7873,epoch01
E10,G036,0.263,1.7215,epoch01
E10,G037,4.4089,1.2926,epoch01
E10,G038,0.2335,1.2482,epoch01
E10,G039,1.2731,1.0406,epoch01
E10,G040,1.4542,0.7797,epoch01
E10,G041,2.3847,1.2368,epoch01
E10,G042,2.1208,1.138,epoch01
E10,G043,1.0891,1.4939,epoch01
E10,G044,-0.4296,0.8839,epoch01
E10,G045,0.4281,1.7807,epoch01
E10,G046,1.7023,1.4331,epoch01
E10,G047,-1.1045,1.2549,epoch01
E10,G048,0.8599,1.1251,epoch01
E10,G049,-0.4354,1.0959,epoch01
E10,G050,-0.1636,0.9835,epoch01
E10,G051,1.3425,1.1731,epoch01
E10,G052,-0.5975,1.3372,epoch01
E10,G053,0.9931,1.2944,epoch01
E10,G054,2.5659,0.9446,epoch01
E10,G055,3.1321,1.275,epoch01
E10,G056,0.3457,1.041,epoch01
E10,G057,0.6558,1.3708,epoch01
E10,G058,0.6773,1.8966,epoch01
E10,G059,0.3459,1.4988,epoch01
E11,G000,-0.4607,0.4377,epoch01
E11,G001,0.0596,0.014,epoch01
E11,G002,0.4465,0.1082,epoch01
E11,G003,-2.25,0.0197,epoch01
E11,G004,2.407,0.733,epoch01
E11,G005,1.936,0.2937,epoch01
E11,G006,-2.2604,0.5222,epoch01
E11,G007,-0.2794,0.3266,epoch01
E11,G008,-1.5419,0.5295,epoch01
E11,G009,0.3306,0.9413,epoch01
E11,G010,-3.0364,0.2942,epoch01
E11,G011,0.4612,0.4304,epoch01
E11,G012,2.8088,0.3057,epoch01
E11,G013,2.3143,0.8063,epoch01
E11,G014,0.5,0.2026,epoch01
E11,G015,0.9273,0.1895,epoch01
E11,G016,2.7194,0.1073,epoch01
E11,G017,1.2997,0.1213,epoch01
E11,G018,-0.4179,0.6513,epoch01
E11,G019,-1.5501,1.2928,epoch01
E11,G020,-1.5433,0.2167,epoch01
E11,G021,1.4763,0.8054,epoch01
E11,G022,0.7057,0.614,epoch01
E11,G023,0.5567,0.1887,epoch01
E11,G024,0.0387,0.4369,epoch01
E11,G025,0.4705,0.4674,epoch01
E11,G026,1.5568,0.335,epoch01
E11,G027,0.2176,1.106,epoch01
E11,G028,0.3483,-0.0423,epoch01
E11,G029,2.0823,0.649,epoch01
E11,G030,0.8152,0.6199,epoch01
E11,G031,-0.3887,0.3472,epoch01
E11,G032,1.1989,0.5892,epoch01
E11,G033,0.2702,0.7813,epoch01
E11,G034,1.8405,0.5881,epoch01
E11,G035,2.1252,0.657,epoch01
E11,G036,3.9939,0.7426,epoch01
E11,G037,3.2611,-0.0606,epoch01
E11,G038,1.6777,0.9825,epoch01
E11,G039,-0.8432,1.1929,epoch01
E11,G040,1.1533,0.8371,epoch01
E11,G041,-0.8041,0.8235,epoch01
E11,G042,-0.7691,0.0995,epoch01
E11,G043,0.8094,0.4978,epoch01
E11,G044,0.863,0.2911,epoch01
E11,G045,2.7276,0.367,epoch01
E11,G046,2.9084,0.8489,epoch01
E11,G047,-1.0827,0.2668,epoch01
E11,G048,0.4024,0.4995,epoch01
E11,G049,1.8682,-0.0506,epoch01
E11,G050,1.0605,0.4779,epoch01
E11,G051,1.8716,0.5465,epoch01
E11,G052,0.4657,0.3033,epoch01
E11,G053,0.7318,0.2935,epoch01
E11,G054,1.2833,1.1026,epoch01
E11,G055,1.7062,0.1682,epoch01
E11,G056,1.82,0.1929,epoch01
E11,G057,-0.8659,0.2805,epoch01
E11,G058,2.9338,0.8993,epoch01
E11,G059,1.7086,1.1483,epoch01
E00,G000,-0.4154,0.5429,epoch02
E00,G001,-2.5288,-0.0131,epoch02
E00,G002,0.0976,-0.1089,epoch02
E00,G003,0.2616,0.1997,epoch02
E00,G004,-2.788,0.0302,epoch02
E00,G005,-0.2772,-0.219,epoch02
E00,G006,-2.7185,-0.4598,epoch02
E00,G007,-2.1974,-0.1926,epoch02
E00,G008,-1.4414,0.5951,epoch02
E00,G009,-0.556,0.8086,epoch02
E00,G010,-0.6607,0.3416,epoch02
E00,G011,0.2955,0.5534,epoch02
E00,G012,0.6534,-0.04,epoch02
E00,G013,-0.9257,0.0909,epoch02
E00,G014,-1.2855,0.1817,epoch02
E00,G015,-0.4211,-0.2544,epoch02
E00,G016,1.1629,-0.1876,epoch02
E00,G017,0.9834,0.1846,epoch02
E00,G018,-3.0006,-0.006,epoch02
E00,G019,-0.1714,-0.23,epoch02
E00,G020,-1.4727,0.246,epoch02
E00,G021,0.1383,0.0458,epoch02
E00,G022,-0.2985,0.5153,epoch02
E00,G023,1.238,0.1281,epoch02
E00,G024,-0.8287,0.0142,epoch02
E00,G025,-0.0812,0.2073,epoch02
E00,G026,-3.4712,0.0407,epoch02
E00,G027,-1.8146,-0.1262,epoch02
E00,G028,-0.1893,-0.0029,epoch02
E00,G029,-1.2814,0.3858,epoch02
E00,G030,-1.015,0.3384,epoch02
E00,G031,1.0094,0.6198,epoch02
E00,G032,1.3314,-0.4309,epoch02
E00,G033,-2.7054,-0.0407,epoch02
E00,G034,0.9677,0.0168,epoch02
E00,G035,1.4464,0.2081,epoch02
E00,G036,1.8098,-0.0347,epoch02
E00,G037,0.8517,0.0011,epoch02
E00,G038,0.7926,0.437,epoch02
E00,G039,-1.6721,0.1821,epoch02
E00,G040,0.1383,-0.2795,epoch02
E00,G041,-0.6238,0.6121,epoch02
E00,G042,-0.6454,0.4802,epoch02
E00,G043,-0.0818,-0.0614,epoch02
E00,G044,-0.8602,0.429,epoch02
E00,G045,-0.8876,-0.1146,epoch02
E00,G046,1.6464,0.5745,epoch02
E00,G047,-2.6381,0.0514,epoch02
E00,G048,-1.1767,-0.1337,epoch02
E00,G049,-1.287,-0.0097,epoch02
E00,G050,0.1955,-0.1257,epoch02
E00,G051,-2.7683,0.149,epoch02
E00,G052,-3.1422,0.1694,epoch02
E00,G053,-0.4029,0.1522,epoch02
E00,G054,0.2103,-0.0671,epoch02
E00,G055,2.2968,-1.0917,epoch02
E00,G056,-2.6215,0.1154,epoch02
E00,G057,-1.1492,-0.524,epoch02
E00,G058,0.6893,0.2243,epoch02
E00,G059,-2.023,0.4988,epoch02
E01,G000,-0.2253,0.5534,epoch02
E01,G001,-2.0616,0.2758,epoch02
E01,G002,3.0404,0.4103,epoch02
E01,G003,2.6715,0.4452,epoch02
E01,G004,0.5158,0.2338,epoch02
E01,G005,-0.3818,0.238,epoch02
E01,G006,-0.3281,0.0906,epoch02
E01,G007,-1.8268,0.823,epoch02
E01,G008,-0.4833,0.4256,epoch02
E01,G009,2.6181,0.7721,epoch02
E01,G010,0.2107,0.3394,epoch02
E01,G011,-0.0383,0.4731,epoch02
E01,G012,0.3805,0.3891,epoch02
E01,G013,-0.0083,0.5911,epoch02
E01,G014,0.3205,0.705,epoch02
E01,G015,-0.3888,0.5233,epoch02
E01,G016,-0.3668,0.2345,epoch02
E01,G017,0.5899,0.1868,epoch02
E01,G018,-1.254,0.9851,epoch02
E01,G019,0.15,0.3419,epoch02
E01,G020,0.6929,0.3237,epoch02
E01,G021,0.2603,0.9442,epoch02
E01,G022,2.358,0.8484,epoch02
E01,G023,-1.3717,0.6171,epoch02
E01,G024,0.6172,0.2943,epoch02
E01,G025,3.1627,1.2763,epoch02
E01,G026,2.094,0.6029,epoch02
E01,G027,0.4189,0.6311,epoch02
E01,G028,0.2735,0.3814,epoch02
E01,G029,2.8339,-0.0291,epoch02
E01,G030,-0.4203,-0.0132,epoch02
E01,G031,-0.3059,0.5748,epoch02
E01,G032,2.4199,0.6163,epoch02
E01,G033,-0.4987,0.3279,epoch02
E01,G034,-0.0638,0.0403,epoch02
E01,G035,1.688,-0.0313,epoch02
E01,G036,-0.1889,0.3264,epoch02
E01,G037,2.9178,-0.0055,epoch02
E01,G038,0.8504,0.7707,epoch02
E01,G039,-1.2757,0.8344,epoch02
E01,G040,0.4228,1.4275,epoch02
E01,G041,2.1007,0.7688,epoch02
E01,G042,-1.1847,0.228,epoch02
E01,G043,0.3374,0.1487,epoch02
E01,G044,2.28,-0.7224,epoch02
E01,G045,-0.0107,0.255,epoch02
E01,G046,2.5722,0.4287,epoch02
E01,G047,-1.0126,0.7743,epoch02
E01,G048,1.7758,0.6638,epoch02
E01,G049,2.2408,0.6403,epoch02
E01,G050,3.3374,0.5406,epoch02
E01,G051,-0.8708,0.6528,epoch02
E01,G052,0.8018,0.9408,epoch02
E01,G053,0.6872,0.0815,epoch02
E01,G054,2.5713,0.3333,epoch02
E01,G055,3.9162,0.0086,epoch02
E01,G056,-1.628,0.992,epoch02
E01,G057,0.613,0.8776,epoch02
E01,G058,0.3774,0.7079,epoch02
E01,G059,0.8277,0.0103,epoch02
E02,G000,0.2838,-0.7829,epoch02
E02,G001,-2.387,-0.9634,epoch02
E02,G002,-0.0581,-0.8242,epoch02
E02,G003,1.2929,-0.898,epoch02
E02,G004,-1.412,-0.6963,epoch02
E02,G005,-0.01,-0.9925,epoch02
E02,G006,-3.4272,-0.612,epoch02
E02,G007,-3.0483,-0.7812,epoch02
E02,G008,-2.4997,-1.0203,epoch02
E02,G009,0.3819,-0.8906,epoch02
E02,G010,-1.4589,-1.0324,epoch02
E02,G011,0.2659,-0.5587,epoch02
E02,G012,1.823,-0.9219,epoch02
E02,G013,-0.2903,-0.7392,epoch02
E02,G014,-4.7103,-1.0678,epoch02
E02,G015,-2.5947,-1.4116,epoch02
E02,G016,1.0271,-0.5346,epoch02
E02,G017,-2.6697,-1.2393,epoch02
E02,G018,-1.0323,-0.658,epoch02
E02,G019,-1.2145,-0.7119,epoch02
E02,G020,-3.9153,-1.4796,epoch02
E02,G021,-1.7111,-1.2367,epoch02
E02,G022,0.4602,-1.0109,epoch02
E02,G023,-2.762,-1.1609,epoch02
E02,G024,-1.2487,-1.2737,epoch02
E02,G025,1.1571,-0.5837,epoch02
E02,G026,-0.6792,-0.9685,epoch02
E02,G027,-2.2836,-0.7517,epoch02
E02,G028,-0.2852,-1.0091,epoch02
E02,G029,-0.5877,-0.7674,epoch02
E02,G030,-3.7055,-1.1716,epoch02
E02,G031,0.0998,-0.8597,epoch02
E02,G032,0.5986,-0.6297,epoch02
E02,G033,-2.4839,-0.8716,epoch02
E02,G034,-1.0106,-1.0145,epoch02
E02,G035,-0.9596,-1.2436,epoch02
E02,G036,-1.9963,-0.8309,epoch02
E02,G037,0.1289,-0.7104,epoch02
E02,G038,-0.2122,-0.9298,epoch02
E02,G039,-1.3194,-1.1642,epoch02
E02,G040,-0.1478,-0.6649,epoch02
E02,G041,1.0143,0.0174,epoch02
E02,G042,1.7453,-0.9379,epoch02
E02,G043,-0.3885,-0.7495,epoch02
E02,G044,2.1406,-0.717,epoch02
E02,G045,-0.906,-1.7356,epoch02
E02,G046,1.5518,-0.7859,epoch02
E02,G047,-2.6941,-1.1412,epoch02
E02,G048,1.0514,-0.3828,epoch02
E02,G049,1.072,-0.9465,epoch02
E02,G050,-2.57,-1.1276,epoch02
E02,G051,-2.7847,-0.96,epoch02
E02,G052,-0.8038,-0.8191,epoch02
E02,G053,0.7165,-1.0404,epoch02
E02,G054,0.935,-0.8589,epoch02
E02,G055,-1.1513,-1.3374,epoch02
E02,G056,-2.0382,-0.9771,epoch02
E02,G057,-2.2051,-0.6383,epoch02
E02,G058,-2.3923,-0.2132,epoch02
E02,G059,-2.0215,-0.6664,epoch02
E03,G000,-3.4471,-1.6754,epoch02
E03,G001,-2.4902,-1.4016,epoch02
E03,G002,-4.1106,-1.4576,epoch02
E03,G003,-1.231,-1.2151,epoch02
E03,G004,-3.0079,-1.4292,epoch02
E03,G005,-3.4625,-1.8405,epoch02
E03,G006,-3.7202,-1.7432,epoch02
E03,G007,-4.4648,-1.7589,epoch02
E03,G008,-4.9541,-1.7269,epoch02
E03,G009,-3.4651,-1.7156,epoch02
E03,G010,-3.1338,-2.0823,epoch02
E03,G011,-1.3074,-2.5116,epoch02
E03,G012,-1.7767,-2.0372,epoch02
E03,G013,-2.1974,-2.4902,epoch02
E03,G014,-4.1744,-1.8337,epoch02
E03,G015,-1.9815,-1.7856,epoch02
E03,G016,-3.258,-2.3929,epoch02
E03,G017,-1.6359,-1.5534,epoch02
E03,G018,-2.7034,-1.5253,epoch02
E03,G019,-3.9729,-1.7895,epoch02
E03,G020,-2.2434,-1.2096,epoch02
E03,G021,-2.1739,-1.1393,epoch02
E03,G022,-1.4073,-2.1939,epoch02
E03,G023,-3.3942,-1.4389,epoch02
E03,G024,-0.9659,-1.6344,epoch02
E03,G025,-3.572,-1.6678,epoch02
E03,G026,-2.1724,-1.4774,epoch02
E03,G027,-3.2066,-2.0446,epoch02
E03,G028,-1.699,-1.9937,epoch02
E03,G029,-2.5249,-2.0935,epoch02
E03,G030,-4.0608,-2.0843,epoch02
E03,G031,-0.2542,-1.8273,epoch02
E03,G032,0.335,-2.2474,epoch02
E03,G033,-1.7626,-2.1829,epoch02
E03,G034,-0.4118,-1.5735,epoch02
E03,G035,-1.6991,-1.7909,epoch02
E03,G036,-3.6388,-1.6819,epoch02
E03,G037,-0.0626,-2.409,epoch02
E03,G038,-2.6748,-2.0747,epoch02
E03,G039,-2.2779,-1.9867,epoch02
E03,G040,-1.7631,-1.7646,epoch02
E03,G041,-2.8165,-1.9687,epoch02
E03,G042,-2.1725,-1.4629,epoch02
E03,G043,-3.6846,-1.7958,epoch02
E03,G044,-1.7703,-1.7844,epoch02
E03,G045,-2.4617,-1.7768,epoch02
E03,G046,-1.6459,-1.5188,epoch02
E03,G047,-3.0834,-1.9693,epoch02
E03,G048,-0.6924,-1.376,epoch02
E03,G049,-3.7328,-1.6344,epoch02
E03,G050,-3.8887,-1.7369,epoch02
E03,G051,-4.8853,-1.8123,epoch02
E03,G052,-5.292,-1.6342,epoch02
E03,G053,-2.2676,-1.4204,epoch02
E03,G054,0.6178,-1.4374,epoch02
E03,G055,-2.0906,-1.6361,epoch02
E03,G056,-3.1409,-1.5225,epoch02
E03,G057,-5.1691,-1.7853,epoch02
E03,G058,-1.3273,-1.3453,epoch02
E03,G059,-3.9271,-1.8314,epoch02
E04,G000,-1.3659,-2.2307,epoch02
E04,G001,-1.6574,-1.0686,epoch02
E04,G002,0.4356,-1.4749,epoch02
E04,G003,-0.17,-1.8971,epoch02
E04,G004,-3.4716,-1.6304,epoch02
E04,G005,-2.7324,-1.8279,epoch02
E04,G006,-3.0526,-0.8352,epoch02
E04,G007,-2.0531,-1.3505,epoch02
E04,G008,-2.6858,-2.1033,epoch02
E04,G009,-1.0115,-1.3155,epoch02
E04,G010,0.4038,-1.6508,epoch02
E04,G011,-3.0678,-0.8433,epoch02
E04,G012,-1.6976,-1.8786,epoch02
E04,G013,-0.3081,-2.2877,epoch02
E04,G014,-4.0055,-1.5402,epoch02
E04,G015,-3.1631,-1.6556,epoch02
E04,G016,-1.1284,-1.6466,epoch02
E04,G017,-0.9924,-2.2168,epoch02
E04,G018,-2.7285,-1.3976,epoch02
E04,G019,0.684,-0.9422,epoch02
E04,G020,-1.7016,-2.2066,epoch02
E04,G021,-2.8312,-1.1154,epoch02
E04,G022,-1.822,-1.7012,epoch02
E04,G023,-3.1238,-0.7291,epoch02
E04,G024,0.731,-1.3385,epoch02
E04,G025,-1.7076,-1.5679,epoch02
E04,G026,-1.6536,-1.1217,epoch02
E04,G027,0.7034,-1.3054,epoch02
E04,G028,0.02,-1.7072,epoch02
E04,G029,-1.0593,-1.2525,epoch02
E04,G030,-2.1129,-1.6821,epoch02
E04,G031,-2.748,-2.1291,epoch02
E04,G032,-0.8919,-0.7841,epoch02
E04,G033,-5.8616,-1.6835,epoch02
E04,G034,0.5017,-1.6999,epoch02
E04,G035,-0.612,-1.3659,epoch02
E04,G036,-0.6251,-2.0478,epoch02
E04,G037,2.0726,-1.948,epoch02
E04,G038,0.1998,-1.6778,epoch02
E04,G039,-3.84,-1.722,epoch02
E04,G040,0.0117,-1.4773,epoch02
E04,G041,0.4542,-1.1101,epoch02
E04,G042,-1.9217,-1.6733,epoch02
E04,G043,-1.1993,-1.3183,epoch02
E04,G044,-1.522,-1.3059,epoch02
E04,G045,-2.099,-1.8699,epoch02
E04,G046,1.9172,-1.3948,epoch02
E04,G047,-4.2765,-1.8507,epoch02
E04,G048,-1.6879,-1.1277,epoch02
E04,G049,-0.5599,-1.3323,epoch02
E04,G050,-0.8221,-1.4908,epoch02
E04,G051,-2.1187,-1.9972,epoch02
E04,G052,-2.6248,-1.5063,epoch02
E04,G053,-1.2749,-1.7723,epoch02
E04,G054,-0.4637,-1.2739,epoch02
E04,G055,-3.1172,-1.5462,epoch02
E04,G056,-1.8621,-1.8054,epoch02
E04,G057,-2.1515,-1.1943,epoch02
E04,G058,-0.4622,-1.2466,epoch02
E04,G059,-4.1053,-1.7831,epoch02
E05,G000,-3.5455,-1.4873,epoch02
E05,G001,-4.5257,-2.0203,epoch02
E05,G002,-1.27,-1.9845,epoch02
E05,G003,0.1457,-1.7942,epoch02
E05,G004,-4.3517,-2.173,epoch02
E05,G005,-1.4424,-2.0612,epoch02
E05,G006,-2.8905,-2.0011,epoch02
E05,G007,-5.2704,-1.3853,epoch02
E05,G008,-4.1428,-1.4097,epoch02
E05,G009,-1.0113,-1.9987,epoch02
E05,G010,-2.8812,-1.3544,epoch02
E05,G011,-2.7924,-1.9131,epoch02
E05,G012,-1.7519,-1.7343,epoch02
E05,G013,-2.4634,-1.5683,epoch02
E05,G014,-4.4491,-1.8235,epoch02
E05,G015,-3.9004,-1.0689,epoch02
E05,G016,-1.4225,-1.7954,epoch02
E05,G017,-2.8564,-2.3008,epoch02
E05,G018,-4.7226,-1.4735,epoch02
E05,G019,-4.3964,-2.0447,epoch02
E05,G020,-4.417,-2.0329,epoch02
E05,G021,-5.1928,-2.9622,epoch02
E05,G022,-1.0429,-1.5047,epoch02
E05,G023,-2.3787,-1.6234,epoch02
E05,G024,-1.9942,-1.6071,epoch02
E05,G025,-0.3888,-1.5132,epoch02
E05,G026,-3.9198,-1.3398,epoch02
E05,G027,-3.0805,-1.9167,epoch02
E05,G028,-2.3732,-1.5567,epoch02
E05,G029,-2.4487,-2.1368,epoch02
E05,G030,-3.209,-2.0413,epoch02
E05,G031,-2.7668,-1.5032,epoch02
E05,G032,0.3677,-1.7183,epoch02
E05,G033,-4.8416,-2.4003,epoch02
E05,G034,-3.02,-1.7568,epoch02
E05,G035,-2.2851,-1.935,epoch02
E05,G036,-3.4729,-2.1769,epoch02
E05,G037,-1.6478,-1.7215,epoch02
E05,G038,-1.4913,-1.9895,epoch02
E05,G039,-2.1177,-2.4474,epoch02
E05,G040,-2.2459,-2.2493,epoch02
E05,G041,-4.4435,-1.267,epoch02
E05,G042,-3.6059,-2.4198,epoch02
E05,G043,-4.5932,-1.8116,epoch02
E05,G044,-0.8097,-1.638,epoch02
E05,G045,-0.8755,-1.6533,epoch02
E05,G046,0.7184,-2.2555,epoch02
E05,G047,-4.9455,-2.0223,epoch02
E05,G048,-2.9235,-1.8308,epoch02
E05,G049,-2.3337,-1.6448,epoch02
E05,G050,-2.3013,-2.1129,epoch02
E05,G051,-2.9736,-2.3003,epoch02
E05,G052,-2.8786,-1.5708,epoch02
E05,G053,0.528,-1.4917,epoch02
E05,G054,-0.0477,-1.7336,epoch02
E05,G055,-1.9252,-2.0883,epoch02
E05,G056,-3.7991,-1.782,epoch02
E05,G057,-2.978,-1.8728,epoch02
E05,G058,-2.4796,-1.5831,epoch02
E05,G059,-5.9056,-2.3705,epoch02
E06,G000,-0.2709,0.7582,epoch02
E06,G001,-1.9405,0.6482,epoch02
E06,G002,-0.6592,0.3276,epoch02
E06,G003,0.0391,0.7984,epoch02
E06,G004,1.1135,0.7103,epoch02
E06,G005,-0.5403,0.5895,epoch02
E06,G006,-2.9432,0.8008,epoch02
E06,G007,-1.301,0.2088,epoch02
E06,G008,-1.709,0.6597,epoch02
E06,G009,0.278,0.8576,epoch02
E06,G010,-1.0102,0.812,epoch02
E06,G011,-0.7624,1.099,epoch02
E06,G012,-0.2848,0.3383,epoch02
E06,G013,-1.5087,0.19,epoch02
E06,G014,-1.5594,0.7622,epoch02
E06,G015,-0.5018,0.8707,epoch02
E06,G016,-1.4414,1.4499,epoch02
E06,G017,0.3023,0.9531,epoch02
E06,G018,-1.4568,0.3899,epoch02
E06,G019,0.5985,1.0061,epoch02
E06,G020,-1.4547,0.4133,epoch02
E06,G021,-1.669,0.1795,epoch02
E06,G022,-0.6786,1.6533,epoch02
E06,G023,-1.7722,0.8243,epoch02
E06,G024,2.4065,0.9897,epoch02
E06,G025,-1.7878,0.9288,epoch02
E06,G026,-0.7986,1.3425,epoch02
E06,G027,-0.9475,0.798,epoch02
E06,G028,0.3425,1.1622,epoch02
E06,G029,-1.3511,0.3573,epoch02
E06,G030,-2.4002,0.1919,epoch02
E06,G031,0.1801,1.223,epoch02
E06,G032,2.201,1.2853,epoch02
E06,G033,-4.3416,0.8483,epoch02
E06,G034,0.1007,0.8086,epoch02
E06,G035,-1.1057,0.777,epoch02
E06,G036,-1.8295,0.4587,epoch02
E06,G037,2.6433,1.3103,epoch02
E06,G038,0.9882,0.9607,epoch02
E06,G039,-0.6572,0.8664,epoch02
E06,G040,0.1368,0.8689,epoch02
E06,G041,1.1222,1.0922,epoch02
E06,G042,1.4383,0.9056,epoch02
E06,G043,1.2899,0.9864,epoch02
E06,G044,0.6251,0.3034,epoch02
E06,G045,-0.6129,0.8914,epoch02
E06,G046,2.7176,1.5453,epoch02
E06,G047,0.0756,0.529,epoch02
E06,G048,-0.8423,0.6917,epoch02
E06,G049,-0.1253,1.0266,epoch02
E06,G050,-0.141,1.0649,epoch02
E06,G051,-1.3708,0.9194,epoch02
E06,G052,-0.8347,0.1843,epoch02
E06,G053,-1.6636,0.8819,epoch02
E06,G054,-0.0616,0.314,epoch02
E06,G055,1.4757,0.452,epoch02
E06,G056,-1.1174,0.869,epoch02
E06,G057,-0.2017,0.6198,epoch02
E06,G058,1.1822,1.0351,epoch02
E06,G059,-3.3457,1.7607,epoch02
E07,G000,2.885,3.6295,epoch02
E07,G001,1.9241,3.6039,epoch02
E07,G002,4.901,3.0894,epoch02
E07,G003,3.8238,3.1287,epoch02
E07,G004,2.3426,2.9896,epoch02
E07,G005,0.6425,3.1684,epoch02
E07,G006,1.3167,2.9756,epoch02
E07,G007,-0.1517,3.1063,epoch02
E07,G008,0.1119,3.2625,epoch02
E07,G009,3.3663,3.0046,epoch02
E07,G010,1.6257,2.8453,epoch02
E07,G011,3.0717,2.9346,epoch02
E07,G012,4.7353,3.5523,epoch02
E07,G013,4.1428,3.3897,epoch02
E07,G014,-0.1352,3.6666,epoch02
E07,G015,0.8102,3.7004,epoch02
E07,G016,2.6891,3.2542,epoch02
E07,G017,3.7268,3.6132,epoch02
E07,G018,2.4015,2.8457,epoch02
E07,G019,3.9893,4.1581,epoch02
E07,G020,2.7992,3.7549,epoch02
E07,G021,3.6807,3.2861,epoch02
E07,G022,5.7463,2.9987,epoch02
E07,G023,4.1078,3.5129,epoch02
E07,G024,3.0938,2.7591,epoch02
E07,G025,4.0081,3.1264,epoch02
E07,G026,2.5444,3.6142,epoch02
E07,G027,2.8102,3.4019,epoch02
E07,G028,3.9469,3.2023,epoch02
E07,G029,2.5344,3.6986,epoch02
E07,G030,1.1587,2.9919,epoch02
E07,G031,4.1407,3.4636,epoch02
E07,G032,5.7996,3.2455,epoch02
E07,G033,1.9499,3.0505,epoch02
E07,G034,5.3116,3.5621,epoch02
E07,G035,4.4044,3.0351,epoch02
E07,G036,2.541,4.013,epoch02
E07,G037,2.2297,3.2057,epoch02
E07,G038,3.2711,4.0813,epoch02
E07,G039,1.3105,2.9659,epoch02
E07,G040,2.6046,3.5942,epoch02
E07,G041,4.1228,2.9762,epoch02
E07,G042,3.4003,2.8899,epoch02
E07,G043,3.5955,3.4503,epoch02
E07,G044,1.2092,3.592,epoch02
E07,G045,5.6143,2.9429,epoch02
E07,G046,4.1316,3.8161,epoch02
E07,G047,-0.0108,3.0567,epoch02
E07,G048,3.8554,3.4304,epoch02
E07,G049,3.4186,3.5029,epoch02
E07,G050,2.6621,3.5855,epoch02
E07,G051,2.6568,2.7243,epoch02
E07,G052,2.0224,3.9215,epoch02
E07,G053,1.5478,3.5546,epoch02
E07,G054,4.2391,3.2472,epoch02
E07,G055,4.8797,3.0409,epoch02
E07,G056,1.4573,2.7651,epoch02
E07,G057,2.0436,2.8721,epoch02
E07,G058,4.0689,3.5855,epoch02
E07,G059,4.2828,3.2199,epoch02
E08,G000,-1.9328,-1.3587,epoch02
E08,G001,-1.0843,-1.1764,epoch02
E08,G002,-0.9255,-0.4175,epoch02
E08,G003,-1.8272,-1.0917,epoch02
E08,G004,-1.5307,-1.1916,epoch02
E08,G005,-0.624,-0.5054,epoch02
E08,G006,-1.6664,-0.844,epoch02
E08,G007,-1.9231,-0.9738,epoch02
E08,G008,-4.1302,-1.2274,epoch02
E08,G009,-2.1849,-1.5137,epoch02
E08,G010,-1.5424,-1.3902,epoch02
E08,G011,-0.0769,-1.1209,epoch02
E08,G012,0.469,-1.0365,epoch02
E08,G013,-2.059,-0.8707,epoch02
E08,G014,-2.3106,-0.8223,epoch02
E08,G015,0.5662,-0.8837,epoch02
E08,G016,-0.4074,-0.8763,epoch02
E08,G017,-2.4391,-1.3099,epoch02
E08,G018,-5.0303,-1.7702,epoch02
E08,G019,-2.4863,-1.1434,epoch02
E08,G020,-0.7205,-1.3209,epoch02
E08,G021,-4.6595,-1.2491,epoch02
E08,G022,1.3263,-1.0333,epoch02
E08,G023,-2.4968,-1.4379,epoch02
E08,G024,-0.4553,-1.372,epoch02
E08,G025,0.2125,-0.9922,epoch02
E08,G026,-1.0257,-0.9202,epoch02
E08,G027,-1.8018,-1.2022,epoch02
E08,G028,-0.8452,-0.7879,epoch02
E08,G029,0.2321,-1.015,epoch02
E08,G030,-1.8705,-1.3226,epoch02
E08,G031,-1.2594,-0.9528,epoch02
E08,G032,1.5686,-0.2891,epoch02
E08,G033,-5.3624,-1.2535,epoch02
E08,G034,-0.5988,-0.555,epoch02
E08,G035,-1.7204,-0.4807,epoch02
E08,G036,-1.4079,-0.456,epoch02
E08,G037,1.6869,-1.2068,epoch02
E08,G038,0.1705,-0.2372,epoch02
E08,G039,-2.1975,-0.9645,epoch02
E08,G040,-2.7851,-1.0541,epoch02
E08,G041,0.965,-1.0231,epoch02
E08,G042,-1.6135,-0.7538,epoch02
E08,G043,0.8245,-0.9181,epoch02
E08,G044,-0.8367,-1.0236,epoch02
E08,G045,-3.3654,-0.5126,epoch02
E08,G046,-0.2945,-1.1805,epoch02
E08,G047,-2.3875,-1.3582,epoch02
E08,G048,-0.621,-0.7128,epoch02
E08,G049,-1.0001,-0.7245,epoch02
E08,G050,-0.8842,-0.5861,epoch02
E08,G051,-3.6145,-1.3594,epoch02
E08,G052,-1.5671,-0.6308,epoch02
E08,G053,0.1248,-0.8098,epoch02
E08,G054,-0.7231,-0.3461,epoch02
E08,G055,-0.91,-1.3876,epoch02
E08,G056,-5.7516,-0.9544,epoch02
E08,G057,-1.3762,-1.0854,epoch02
E08,G058,2.7468,-1.4899,epoch02
E08,G059,-2.2391,-1.252,epoch02
E09,G000,-0.6027,-0.8619,epoch02
E09,G001,-1.95,-1.4282,epoch02
E09,G002,-2.0357,-1.4848,epoch02
E09,G003,-1.4515,-0.9715,epoch02
E09,G004,-4.2172,-0.934,epoch02
E09,G005,-1.8392,-0.9053,epoch02
E09,G006,-2.6961,-1.5498,epoch02
E09,G007,-0.7673,-1.2676,epoch02
E09,G008,-2.1824,-0.9111,epoch02
E09,G009,-1.1806,-1.4729,epoch02
E09,G010,-3.3687,-1.5278,epoch02
E09,G011,-2.0184,-0.9407,epoch02
E09,G012,-1.7105,-0.709,epoch02
E09,G013,-2.4764,-1.6491,epoch02
E09,G014,-4.7414,-2.1859,epoch02
E09,G015,-1.9856,-1.7296,epoch02
E09,G016,-2.2013,-1.5995,epoch02
E09,G017,-3.3243,-1.2913,epoch02
E09,G018,-4.2899,-1.0623,epoch02
E09,G019,-2.7238,-1.2861,epoch02
E09,G020,-2.3687,-1.5096,epoch02
E09,G021,-0.9235,-1.1875,epoch02
E09,G022,0.8402,-1.5702,epoch02
E09,G023,-3.9865,-1.282,epoch02
E09,G024,-2.402,-1.4713,epoch02
E09,G025,0.7964,-0.2859,epoch02
E09,G026,-1.6199,-0.9593,epoch02
E09,G027,-3.0465,-1.56,epoch02
E09,G028,-0.3721,-1.6022,epoch02
E09,G029,-1.59,-1.3906,epoch02
E09,G030,-4.3935,-1.8517,epoch02
E09,G031,-3.8577,-1.5199,epoch02
E09,G032,0.8703,-1.4558,epoch02
E09,G033,-2.4473,-0.9653,epoch02
E09,G034,-1.7183,-1.367,epoch02
E09,G035,-2.75,-1.5238,epoch02
E09,G036,-0.9377,-1.7079,epoch02
E09,G037,0.8585,-1.6131,epoch02
E09,G038,-0.6646,-1.2351,epoch02
E09,G039,-2.7664,-1.3598,epoch02
E09,G040,-1.5027,-0.8639,epoch02
E09,G041,-2.6143,-1.4476,epoch02
E09,G042,-2.5437,-0.8933,epoch02
E09,G043,0.0197,-1.1312,epoch02
E09,G044,-2.0087,-1.2445,epoch02
E09,G045,-3.669,-1.9405,epoch02
E09,G046,-0.3447,-1.6598,epoch02
E09,G047,-1.7207,-1.0086,epoch02
E09,G048,0.8734,-0.7429,epoch02
E09,G049,-4.6481,-1.1935,epoch02
E09,G050,0.882,-0.9852,epoch02
E09,G051,-3.0177,-1.394,epoch02
E09,G052,0.3935,-1.3525,epoch02
E09,G053,0.8861,-1.4489,epoch02
E09,G054,0.3749,-0.8873,epoch02
E09,G055,-0.1031,-1.0984,epoch02
E09,G056,-2.9627,-1.3319,epoch02
E09,G057,-1.8064,-1.3783,epoch02
E09,G058,-2.303,-1.0534,epoch02
E09,G059,-5.9845,-1.175,epoch02
E10,G000,4.475,1.5795,epoch02
E10,G001,0.4218,2.4201,epoch02
E10,G002,1.8611,1.9219,epoch02
E10,G003,0.0026,1.8554,epoch02
E10,G004,1.8137,2.3511,epoch02
E10,G005,1.826,2.1918,epoch02
E10,G006,0.779,1.7847,epoch02
E10,G007,0.0627,2.0194,epoch02
E10,G008,-1.3862,1.4574,epoch02
E10,G009,0.5778,1.6264,epoch02
E10,G010,-1.8965,1.0557,epoch02
E10,G011,-0.8292,2.2736,epoch02
E10,G012,1.2201,1.1989,epoch02
E10,G013,-0.6708,2.0749,epoch02
E10,G014,-0.6644,1.5334,epoch02
E10,G015,0.558,1.5074,epoch02
E10,G016,2.5893,1.7787,epoch02
E10,G017,2.3889,1.9479,epoch02
E10,G018,-0.5056,2.034,epoch02
E10,G019,2.4461,2.4724,epoch02
E10,G020,-1.6506,1.9373,epoch02
E10,G021,-0.6472,2.1304,epoch02
E10,G022,2.9311,1.6686,epoch02
E10,G023,0.948,2.1267,epoch02
E10,G024,1.5821,1.9255,epoch02
E10,G025,0.7101,1.7156,epoch02
E10,G026,1.2569,1.8235,epoch02
E10,G027,4.1856,1.8659,epoch02
E10,G028,0.4194,1.9236,epoch02
E10,G029,1.2578,1.9934,epoch02
E10,G030,-0.0494,1.6741,epoch02
E10,G031,0.4971,1.6112,epoch02
E10,G032,1.8175,2.1572,epoch02
E10,G033,0.7765,1.2296,epoch02
E10,G034,5.7934,1.6924,epoch02
E10,G035,3.0237,2.4249,epoch02
E10,G036,0.263,0.9156,epoch02
E10,G037,4.4089,1.6724,epoch02
E10,G038,0.2335,2.0825,epoch02
E10,G039,1.2731,1.2706,epoch02
E10,G040,1.4542,2.7571,epoch02
E10,G041,2.3847,0.9812,epoch02
E10,G042,2.1208,2.3624,epoch02
E10,G043,1.0891,2.4076,epoch02
E10,G044,-0.4296,2.1488,epoch02
E10,G045,0.4281,1.8019,epoch02
E10,G046,1.7023,2.0022,epoch02
E10,G047,-1.1045,1.5281,epoch02
E10,G048,0.8599,2.1341,epoch02
E10,G049,-0.4354,1.4554,epoch02
E10,G050,-0.1636,1.7314,epoch02
E10,G051,1.3425,2.1963,epoch02
E10,G052,-0.5975,1.4639,epoch02
E10,G053,0.9931,1.745,epoch02
E10,G054,2.5659,1.9651,epoch02
E10,G055,3.1321,1.419,epoch02
E10,G056,0.3457,2.2057,epoch02
E10,G057,0.6558,1.9457,epoch02
E10,G058,0.6773,1.3293,epoch02
E10,G059,0.3459,1.7914,epoch02
E11,G000,-0.4607,0.1983,epoch02
E11,G001,0.0596,0.1849,epoch02
E11,G002,0.4465,0.4945,epoch02
E11,G003,-2.25,0.2097,epoch02
E11,G004,2.407,0.7727,epoch02
E11,G005,1.936,0.2077,epoch02
E11,G006,-2.2604,0.7573,epoch02
E11,G007,-0.2794,0.4191,epoch02
E11,G008,-1.5419,0.7115,epoch02
E11,G009,0.3306,0.2614,epoch02
E11,G010,-3.0364,0.2352,epoch02
E11,G011,0.4612,0.0696,epoch02
E11,G012,2.8088,0.695,epoch02
E11,G013,2.3143,0.8142,epoch02
E11,G014,0.5,1.1628,epoch02
E11,G015,0.9273,0.9093,epoch02
E11,G016,2.7194,0.5385,epoch02
E11,G017,1.2997,0.4147,epoch02
E11,G018,-0.4179,0.5639,epoch02
E11,G019,-1.5501,0.4423,epoch02
E11,G020,-1.5433,0.9445,epoch02
E11,G021,1.4763,0.7741,epoch02
E11,G022,0.7057,0.1899,epoch02
E11,G023,0.5567,0.2064,epoch02
E11,G024,0.0387,0.9197,epoch02
E11,G025,0.4705,0.5836,epoch02
E11,G026,1.5568,0.4051,epoch02
E11,G027,0.2176,0.8707,epoch02
E11,G028,0.3483,0.3279,epoch02
E11,G029,2.0823,0.3759,epoch02
E11,G030,0.8152,0.2878,epoch02
E11,G031,-0.3887,-0.2314,epoch02
E11,G032,1.1989,0.789,epoch02
E11,G033,0.2702,0.0249,epoch02
E11,G034,1.8405,0.2891,epoch02
E11,G035,2.1252,0.2101,epoch02
E11,G036,3.9939,0.7248,epoch02
E11,G037,3.2611,0.4727,epoch02
E11,G038,1.6777,0.4865,epoch02
E11,G039,-0.8432,-0.1523,epoch02
E11,G040,1.1533,0.4573,epoch02
E11,G041,-0.8041,-0.0651,epoch02
E11,G042,-0.7691,0.5554,epoch02
E11,G043,0.8094,0.5971,epoch02
E11,G044,0.863,0.466,epoch02
E11,G045,2.7276,1.1947,epoch02
E11,G046,2.9084,0.6986,epoch02
E11,G047,-1.0827,0.6311,epoch02
E11,G048,0.4024,0.5284,epoch02
E11,G049,1.8682,0.3821,epoch02
E11,G050,1.0605,0.7905,epoch02
E11,G051,1.8716,0.8272,epoch02
E11,G052,0.4657,-0.0139,epoch02
E11,G053,0.7318,0.7927,epoch02
E11,G054,1.2833,0.6552,epoch02
E11,G055,1.7062,0.7982,epoch02
E11,G056,1.82,0.5862,epoch02
E11,G057,-0.8659,0.0208,epoch02
E11,G058,2.9338,0.0759,epoch02
E11,G059,1.7086,1.0761,epoch02
E00,G000,-0.4154,-0.6869,epoch03
E00,G001,-2.5288,-0.0055,epoch03
E00,G002,0.0976,-0.151,epoch03
E00,G003,0.2616,-0.2992,epoch03
E00,G004,-2.788,-0.1212,epoch03
E00,G005,-0.2772,0.0739,epoch03
E00,G006,-2.7185,-0.0276,epoch03
E00,G007,-2.1974,-0.4327,epoch03
E00,G008,-1.4414,-0.1149,epoch03
E00,G009,-0.556,0.9226,epoch03
E00,G010,-0.6607,-0.3021,epoch03
E00,G011,0.2955,-0.5103,epoch03
E00,G012,0.6534,0.2546,epoch03
E00,G013,-0.9257,0.3481,epoch03
E00,G014,-1.2855,0.2443,epoch03
E00,G015,-0.4211,-0.3219,epoch03
E00,G016,1.1629,0.5633,epoch03
E00,G017,0.9834,-0.1435,epoch03
E00,G018,-3.0006,-0.3511,epoch03
E00,G019,-0.1714,-0.0934,epoch03
E00,G020,-1.4727,0.0628,epoch03
E00,G021,0.1383,0.4239,epoch03
E00,G022,-0.2985,0.4259,epoch03
E00,G023,1.238,0.1238,epoch03
E00,G024,-0.8287,0.4811,epoch03
E00,G025,-0.0812,0.2153,epoch03
E00,G026,-3.4712,0.4391,epoch03
E00,G027,-1.8146,-0.4563,epoch03
E00,G028,-0.1893,-0.4756,epoch03
E00,G029,-1.2814,0.4317,epoch03
E00,G030,-1.015,-0.4368,epoch03
E00,G031,1.0094,0.0822,epoch03
E00,G032,1.3314,0.1331,epoch03
E00,G033,-2.7054,-0.1115,epoch03
E00,G034,0.9677,0.0011,epoch03
E00,G035,1.4464,0.7081,epoch03
E00,G036,1.8098,-0.8727,epoch03
E00,G037,0.8517,0.5546,epoch03
E00,G038,0.7926,1.0887,epoch03
E00,G039,-1.6721,0.1274,epoch03
E00,G040,0.1383,0.1169,epoch03
E00,G041,-0.6238,0.4484,epoch03
E00,G042,-0.6454,0.8586,epoch03
E00,G043,-0.0818,-0.3224,epoch03
E00,G044,-0.8602,0.1842,epoch03
E00,G045,-0.8876,0.075,epoch03
E00,G046,1.6464,0.4359,epoch03
E00,G047,-2.6381,0.1905,epoch03
E00,G048,-1.1767,0.4137,epoch03
E00,G049,-1.287,-0.0488,epoch03
E00,G050,0.1955,0.1666,epoch03
E00,G051,-2.7683,-0.2031,epoch03
E00,G052,-3.1422,-0.1605,epoch03
E00,G053,-0.4029,0.0922,epoch03
E00,G054,0.2103,0.0705,epoch03
E00,G055,2.2968,-0.2568,epoch03
E00,G056,-2.6215,0.6779,epoch03
E00,G057,-1.1492,0.0841,epoch03
E00,G058,0.6893,-0.3956,epoch03
E00,G059,-2.023,0.5304,epoch03
E01,G000,-0.2253,-0.3423,epoch03
E01,G001,-2.0616,0.078,epoch03
E01,G002,3.0404,-0.0336,epoch03
E01,G003,2.6715,0.1,epoch03
E01,G004,0.5158,-0.034,epoch03
E01,G005,-0.3818,-0.3024,epoch03
E01,G006,-0.3281,-0.1057,epoch03
E01,G007,-1.8268,0.6778,epoch03
E01,G008,-0.4833,-0.9692,epoch03
E01,G009,2.6181,-0.0495,epoch03
E01,G010,0.2107,0.0725,epoch03
E01,G011,-0.0383,-0.4776,epoch03
E01,G012,0.3805,-0.6024,epoch03
E01,G013,-0.0083,0.7568,epoch03
E01,G014,0.3205,-0.2552,epoch03
E01,G015,-0.3888,0.7399,epoch03
E01,G016,-0.3668,0.1762,epoch03
E01,G017,0.5899,-0.021,epoch03
E01,G018,-1.254,0.065,epoch03
E01,G019,0.15,0.1709,epoch03
E01,G020,0.6929,0.3627,epoch03
E01,G021,0.2603,0.0895,epoch03
E01,G022,2.358,0.0283,epoch03
E01,G023,-1.3717,-0.0196,epoch03
E01,G024,0.6172,0.4427,epoch03
E01,G025,3.1627,0.2764,epoch03
E01,G026,2.094,-0.4294,epoch03
E01,G027,0.4189,-0.3239,epoch03
E01,G028,0.2735,0.054,epoch03
E01,G029,2.8339,-0.2896,epoch03
E01,G030,-0.4203,-0.2108,epoch03
E01,G031,-0.3059,-0.4616,epoch03
E01,G032,2.4199,-0.1175,epoch03
E01,G033,-0.4987,0.0453,epoch03
E01,G034,-0.0638,0.3234,epoch03
E01,G035,1.688,-0.0303,epoch03
E01,G036,-0.1889,0.7379,epoch03
E01,G037,2.9178,-0.017,epoch03
E01,G038,0.8504,1.2067,epoch03
E01,G039,-1.2757,0.3091,epoch03
E01,G040,0.4228,0.13,epoch03
E01,G041,2.1007,-0.2351,epoch03
E01,G042,-1.1847,-1.1961,epoch03
E01,G043,0.3374,-0.1215,epoch03
E01,G044,2.28,0.0438,epoch03
E01,G045,-0.0107,0.7102,epoch03
E01,G046,2.5722,-0.5422,epoch03
E01,G047,-1.0126,0.6701,epoch03
E01,G048,1.7758,-0.1572,epoch03
E01,G049,2.2408,0.2021,epoch03
E01,G050,3.3374,-1.0334,epoch03
E01,G051,-0.8708,-0.0468,epoch03
E01,G052,0.8018,-0.2127,epoch03
E01,G053,0.6872,0.207,epoch03
E01,G054,2.5713,0.038,epoch03
E01,G055,3.9162,-0.4497,epoch03
E01,G056,-1.628,0.2818,epoch03
E01,G057,0.613,0.1783,epoch03
E01,G058,0.3774,0.1687,epoch03
E01,G059,0.8277,0.2971,epoch03
E02,G000,0.2838,-0.0301,epoch03
E02,G001,-2.387,-0.5311,epoch03
E02,G002,-0.0581,-1.0098,epoch03
E02,G003,1.2929,-0.991,epoch03
E02,G004,-1.412,0.0163,epoch03
E02,G005,-0.01,-0.2032,epoch03
E02,G006,-3.4272,-0.522,epoch03
E02,G007,-3.0483,-0.6666,epoch03
E02,G008,-2.4997,-0.5661,epoch03
E02,G009,0.3819,-0.4664,epoch03
E02,G010,-1.4589,-0.6512,epoch03
E02,G011,0.2659,-0.7335,epoch03
E02,G012,1.823,0.4103,epoch03
E02,G013,-0.2903,-0.3703,epoch03
E02,G014,-4.7103,-0.8364,epoch03
E02,G015,-2.5947,-1.0567,epoch03
E02,G016,1.0271,-0.756,epoch03
E02,G017,-2.6697,-0.2256,epoch03
E02,G018,-1.0323,-0.2417,epoch03
E02,G019,-1.2145,-0.5705,epoch03
E02,G020,-3.9153,-0.5387,epoch03
E02,G021,-1.7111,-0.684,epoch03
E02,G022,0.4602,-0.8821,epoch03
E02,G023,-2.762,-0.003,epoch03
E02,G024,-1.2487,-0.3488,epoch03
E02,G025,1.1571,0.5142,epoch03
E02,G026,-0.6792,-0.8246,epoch03
E02,G027,-2.2836,-0.5812,epoch03
E02,G028,-0.2852,-0.1419,epoch03
E02,G029,-0.5877,-0.6051,epoch03
E02,G030,-3.7055,-1.1121,epoch03
E02,G031,0.0998,-0.8467,epoch03
E02,G032,0.5986,-0.4051,epoch03
E02,G033,-2.4839,-0.3955,epoch03
E02,G034,-1.0106,-0.52,epoch03
E02,G035,-0.9596,-0.1057,epoch03
E02,G036,-1.9963,-0.1431,epoch03
E02,G037,0.1289,-0.3158,epoch03
E02,G038,-0.2122,-0.448,epoch03
E02,G039,-1.3194,-0.6457,epoch03
E02,G040,-0.1478,-0.2613,epoch03
E02,G041,1.0143,-0.1002,epoch03
E02,G042,1.7453,-0.4238,epoch03
E02,G043,-0.3885,-0.3214,epoch03
E02,G044,2.1406,-0.5973,epoch03
E02,G045,-0.906,-1.0226,epoch03
E02,G046,1.5518,-0.834,epoch03
E02,G047,-2.6941,-0.2438,epoch03
E02,G048,1.0514,-0.3168,epoch03
E02,G049,1.072,0.1379,epoch03
E02,G050,-2.57,-0.464,epoch03
E02,G051,-2.7847,-0.1863,epoch03
E02,G052,-0.8038,0.0051,epoch03
E02,G053,0.7165,-0.0776,epoch03
E02,G054,0.935,-0.698,epoch03
E02,G055,-1.1513,-0.574,epoch03
E02,G056,-2.0382,-0.4974,epoch03
E02,G057,-2.2051,-0.9476,epoch03
E02,G058,-2.3923,-0.3562,epoch03
E02,G059,-2.0215,-0.1647,epoch03
E03,G000,-3.4471,-2.5857,epoch03
E03,G001,-2.4902,-1.6866,epoch03
E03,G002,-4.1106,-2.5737,epoch03
E03,G003,-1.231,-2.5098,epoch03
E03,G004,-3.0079,-2.5433,epoch03
E03,G005,-3.4625,-2.721,epoch03
E03,G006,-3.7202,-2.3293,epoch03
E03,G007,-4.4648,-2.4675,epoch03
E03,G008,-4.9541,-1.8393,epoch03
E03,G009,-3.4651,-2.182,epoch03
E03,G010,-3.1338,-2.2495,epoch03
E03,G011,-1.3074,-2.5043,epoch03
E03,G012,-1.7767,-3.0057,epoch03
E03,G013,-2.1974,-2.4608,epoch03
E03,G014,-4.1744,-2.8647,epoch03
E03,G015,-1.9815,-2.0501,epoch03
E03,G016,-3.258,-2.4745,epoch03
E03,G017,-1.6359,-1.7767,epoch03
E03,G018,-2.7034,-2.1936,epoch03
E03,G019,-3.9729,-2.1499,epoch03
E03,G020,-2.2434,-2.3333,epoch03
E03,G021,-2.1739,-2.3423,epoch03
E03,G022,-1.4073,-2.1504,epoch03
E03,G023,-3.3942,-2.0779,epoch03
E03,G024,-0.9659,-2.7027,epoch03
E03,G025,-3.572,-2.2694,epoch03
E03,G026,-2.1724,-1.4157,epoch03
E03,G027,-3.2066,-2.4717,epoch03
E03,G028,-1.699,-2.5261,epoch03
E03,G029,-2.5249,-2.7262,epoch03
E03,G030,-4.0608,-3.0471,epoch03
E03,G031,-0.2542,-1.9662,epoch03
E03,G032,0.335,-2.3347,epoch03
E03,G033,-1.7626,-2.3573,epoch03
E03,G034,-0.4118,-1.6786,epoch03
E03,G035,-1.6991,-1.4066,epoch03
E03,G036,-3.6388,-2.8144,epoch03
E03,G037,-0.0626,-1.9599,epoch03
E03,G038,-2.6748,-2.2033,epoch03
E03,G039,-2.2779,-2.2778,epoch03
E03,G040,-1.7631,-2.218,epoch03
E03,G041,-2.8165,-2.3994,epoch03
E03,G042,-2.1725,-1.7973,epoch03
E03,G043,-3.6846,-2.164,epoch03
E03,G044,-1.7703,-2.2923,epoch03
E03,G045,-2.4617,-1.9245,epoch03
E03,G046,-1.6459,-2.0353,epoch03
E03,G047,-3.0834,-2.2708,epoch03
E03,G048,-0.6924,-2.2601,epoch03
E03,G049,-3.7328,-1.7434,epoch03
E03,G050,-3.8887,-2.2273,epoch03
E03,G051,-4.8853,-2.5184,epoch03
E03,G052,-5.292,-2.8008,epoch03
E03,G053,-2.2676,-2.5346,epoch03
E03,G054,0.6178,-2.8008,epoch03
E03,G055,-2.0906,-2.3484,epoch03
E03,G056,-3.1409,-2.3813,epoch03
E03,G057,-5.1691,-3.2876,epoch03
E03,G058,-1.3273,-2.4032,epoch03
E03,G059,-3.9271,-2.2212,epoch03
E04,G000,-1.3659,-2.1188,epoch03
E04,G001,-1.6574,-2.5896,epoch03
E04,G002,0.4356,-1.6865,epoch03
E04,G003,-0.17,-2.4264,epoch03
E04,G004,-3.4716,-2.7426,epoch03
E04,G005,-2.7324,-2.6237,epoch03
E04,G006,-3.0526,-2.2673,epoch03
E04,G007,-2.0531,-1.815,epoch03
E04,G008,-2.6858,-1.8001,epoch03
E04,G009,-1.0115,-2.0908,epoch03
E04,G010,0.4038,-2.6541,epoch03
E04,G011,-3.0678,-2.435,epoch03
E04,G012,-1.6976,-2.5402,epoch03
E04,G013,-0.3081,-2.2507,epoch03
E04,G014,-4.0055,-2.9592,epoch03
E04,G015,-3.1631,-2.1764,epoch03
E04,G016,-1.1284,-1.9167,epoch03
E04,G017,-0.9924,-2.1871,epoch03
E04,G018,-2.7285,-2.0553,epoch03
E04,G019,0.684,-2.5683,epoch03
E04,G020,-1.7016,-2.8072,epoch03
E04,G021,-2.8312,-2.4488,epoch03
E04,G022,-1.822,-1.7187,epoch03
E04,G023,-3.1238,-1.8274,epoch03
E04,G024,0.731,-2.33,epoch03
E04,G025,-1.7076,-1.6983,epoch03
E04,G026,-1.6536,-2.3012,epoch03
E04,G027,0.7034,-1.554,epoch03
E04,G028,0.02,-1.9802,epoch03
E04,G029,-1.0593,-2.3419,epoch03
E04,G030,-2.1129,-1.8624,epoch03
E04,G031,-2.748,-2.4857,epoch03
E04,G032,-0.8919,-2.5156,epoch03
E04,G033,-5.8616,-2.832,epoch03
E04,G034,0.5017,-2.0486,epoch03
E04,G035,-0.612,-2.1622,epoch03
E04,G036,-0.6251,-2.2089,epoch03
E04,G037,2.0726,-2.2961,epoch03
E04,G038,0.1998,-1.6096,epoch03
E04,G039,-3.84,-2.3975,epoch03
E04,G040,0.0117,-2.4544,epoch03
E04,G041,0.4542,-1.676,epoch03
E04,G042,-1.9217,-1.6229,epoch03
E04,G043,-1.1993,-2.017,epoch03
E04,G044,-1.522,-2.872,epoch03
E04,G045,-2.099,-2.3939,epoch03
E04,G046,1.9172,-1.8865,epoch03
E04,G047,-4.2765,-2.1971,epoch03
E04,G048,-1.6879,-1.551,epoch03
E04,G049,-0.5599,-2.6883,epoch03
E04,G050,-0.8221,-1.8953,epoch03
E04,G051,-2.1187,-2.464,epoch03
E04,G052,-2.6248,-1.7186,epoch03
E04,G053,-1.2749,-2.2067,epoch03
E04,G054,-0.4637,-1.7904,epoch03
E04,G055,-3.1172,-2.4286,epoch03
E04,G056,-1.8621,-2.7572,epoch03
E04,G057,-2.1515,-2.6256,epoch03
E04,G058,-0.4622,-2.3999,epoch03
E04,G059,-4.1053,-2.6879,epoch03
E05,G000,-3.5455,-3.3086,epoch03
E05,G001,-4.5257,-3.2958,epoch03
E05,G002,-1.27,-3.6538,epoch03
E05,G003,0.1457,-4.1054,epoch03
E05,G004,-4.3517,-3.8609,epoch03
E05,G005,-1.4424,-4.0775,epoch03
E05,G006,-2.8905,-3.2942,epoch03
E05,G007,-5.2704,-3.6949,epoch03
E05,G008,-4.1428,-3.6479,epoch03
E05,G009,-1.0113,-3.9664,epoch03
E05,G010,-2.8812,-4.604,epoch03
E05,G011,-2.7924,-4.0954,epoch03
E05,G012,-1.7519,-4.1823,epoch03
E05,G013,-2.4634,-3.611,epoch03
E05,G014,-4.4491,-3.7953,epoch03
E05,G015,-3.9004,-4.1185,epoch03
E05,G016,-1.4225,-3.9171,epoch03
E05,G017,-2.8564,-3.1591,epoch03
E05,G018,-4.7226,-4.2114,epoch03
E05,G019,-4.3964,-4.1591,epoch03
E05,G020,-4.417,-3.9272,epoch03
E05,G021,-5.1928,-4.1098,epoch03
E05,G022,-1.0429,-3.8896,epoch03
E05,G023,-2.3787,-3.5975,epoch03
E05,G024,-1.9942,-3.0908,epoch03
E05,G025,-0.3888,-4.421,epoch03
E05,G026,-3.9198,-3.8417,epoch03
E05,G027,-3.0805,-3.7805,epoch03
E05,G028,-2.3732,-3.8001,epoch03
E05,G029,-2.4487,-3.8371,epoch03
E05,G030,-3.209,-3.9579,epoch03
E05,G031,-2.7668,-3.3541,epoch03
E05,G032,0.3677,-3.9075,epoch03
E05,G033,-4.8416,-3.9044,epoch03
E05,G034,-3.02,-3.768,epoch03
E05,G035,-2.2851,-3.71,epoch03
E05,G036,-3.4729,-3.8525,epoch03
E05,G037,-1.6478,-3.3603,epoch03
E05,G038,-1.4913,-3.7217,epoch03
E05,G039,-2.1177,-3.7324,epoch03
E05,G040,-2.2459,-3.7614,epoch03
E05,G041,-4.4435,-4.1585,epoch03
E05,G042,-3.6059,-4.1139,epoch03
E05,G043,-4.5932,-4.1907,epoch03
E05,G044,-0.8097,-3.6425,epoch03
E05,G045,-0.8755,-4.037,epoch03
E05,G046,0.7184,-4.107,epoch03
E05,G047,-4.9455,-3.7189,epoch03
E05,G048,-2.9235,-3.5582,epoch03
E05,G049,-2.3337,-4.5205,epoch03
E05,G050,-2.3013,-3.1161,epoch03
E05,G051,-2.9736,-3.7788,epoch03
E05,G052,-2.8786,-3.8645,epoch03
E05,G053,0.528,-3.3376,epoch03
E05,G054,-0.0477,-3.7098,epoch03
E05,G055,-1.9252,-3.9982,epoch03
E05,G056,-3.7991,-2.9688,epoch03
E05,G057,-2.978,-4.2338,epoch03
E05,G058,-2.4796,-3.7929,epoch03
E05,G059,-5.9056,-3.5208,epoch03
E06,G000,-0.2709,-1.1921,epoch03
E06,G001,-1.9405,-0.8344,epoch03
E06,G002,-0.6592,-0.6295,epoch03
E06,G003,0.0391,0.1797,epoch03
E06,G004,1.1135,-1.1527,epoch03
E06,G005,-0.5403,-0.7698,epoch03
E06,G006,-2.9432,-0.5964,epoch03
E06,G007,-1.301,-0.7673,epoch03
E06,G008,-1.709,-1.3049,epoch03
E06,G009,0.278,-0.6267,epoch03
E06,G010,-1.0102,-0.7364,epoch03
E06,G011,-0.7624,-0.5845,epoch03
E06,G012,-0.2848,-0.2721,epoch03
E06,G013,-1.5087,-0.3829,epoch03
E06,G014,-1.5594,-0.6709,epoch03
E06,G015,-0.5018,-0.6576,epoch03
E06,G016,-1.4414,-1.2069,epoch03
E06,G017,0.3023,-0.7917,epoch03
E06,G018,-1.4568,-0.7243,epoch03
E06,G019,0.5985,-0.9157,epoch03
E06,G020,-1.4547,-0.7517,epoch03
E06,G021,-1.669,-1.1325,epoch03
E06,G022,-0.6786,-0.1211,epoch03
E06,G023,-1.7722,0.063,epoch03
E06,G024,2.4065,-0.8882,epoch03
E06,G025,-1.7878,-0.5909,epoch03
E06,G026,-0.7986,-0.8686,epoch03
E06,G027,-0.9475,-0.3043,epoch03
E06,G028,0.3425,-0.5668,epoch03
E06,G029,-1.3511,-0.7491,epoch03
E06,G030,-2.4002,-0.9269,epoch03
E06,G031,0.1801,-0.7057,epoch03
E06,G032,2.201,-1.0784,epoch03
E06,G033,-4.3416,-0.5779,epoch03
E06,G034,0.1007,-1.0335,epoch03
E06,G035,-1.1057,-0.5597,epoch03
E06,G036,-1.8295,-0.753,epoch03
E06,G037,2.6433,-0.2513,epoch03
E06,G038,0.9882,-0.7565,epoch03
E06,G039,-0.6572,-0.4113,epoch03
E06,G040,0.1368,-1.1026,epoch03
E06,G041,1.1222,-0.5155,epoch03
E06,G042,1.4383,-0.8406,epoch03
E06,G043,1.2899,-0.6801,epoch03
E06,G044,0.6251,-0.7586,epoch03
E06,G045,-0.6129,-0.4093,epoch03
E06,G046,2.7176,-1.4584,epoch03
E06,G047,0.0756,-0.6594,epoch03
E06,G048,-0.8423,-1.3308,epoch03
E06,G049,-0.1253,-0.2987,epoch03
E06,G050,-0.141,-1.5231,epoch03
E06,G051,-1.3708,-1.1888,epoch03
E06,G052,-0.8347,-1.3886,epoch03
E06,G053,-1.6636,-0.1434,epoch03
E06,G054,-0.0616,-1.2689,epoch03
E06,G055,1.4757,-0.6972,epoch03
E06,G056,-1.1174,-1.0417,epoch03
E06,G057,-0.2017,-1.4721,epoch03
E06,G058,1.1822,-0.8483,epoch03
E06,G059,-3.3457,-0.5846,epoch03
E07,G000,2.885,3.4032,epoch03
E07,G001,1.9241,3.8347,epoch03
E07,G002,4.901,3.3936,epoch03
E07,G003,3.8238,3.4646,epoch03
E07,G004,2.3426,3.3208,epoch03
E07,G005,0.6425,3.599,epoch03
E07,G006,1.3167,4.211,epoch03
E07,G007,-0.1517,3.5787,epoch03
E07,G008,0.1119,3.5129,epoch03
E07,G009,3.3663,3.2187,epoch03
E07,G010,1.6257,3.1429,epoch03
E07,G011,3.0717,4.1204,epoch03
E07,G012,4.7353,3.0919,epoch03
E07,G013,4.1428,3.1302,epoch03
E07,G014,-0.1352,3.3623,epoch03
E07,G015,0.8102,3.275,epoch03
E07,G016,2.6891,4.2617,epoch03
E07,G017,3.7268,2.5783,epoch03
E07,G018,2.4015,3.5935,epoch03
E07,G019,3.9893,3.7661,epoch03
E07,G020,2.7992,3.0058,epoch03
E07,G021,3.6807,3.2228,epoch03
E07,G022,5.7463,3.7085,epoch03
E07,G023,4.1078,4.1473,epoch03
E07,G024,3.0938,3.1852,epoch03
E07,G025,4.0081,2.9104,epoch03
E07,G026,2.5444,3.849,epoch03
E07,G027,2.8102,4.0974,epoch03
E07,G028,3.9469,3.3623,epoch03
E07,G029,2.5344,2.6199,epoch03
E07,G030,1.1587,4.0324,epoch03
E07,G031,4.1407,3.4047,epoch03
E07,G032,5.7996,4.0048,epoch03
E07,G033,1.9499,3.4335,epoch03
E07,G034,5.3116,3.3911,epoch03
E07,G035,4.4044,3.3266,epoch03
E07,G036,2.541,4.0447,epoch03
E07,G037,2.2297,4.1119,epoch03
E07,G038,3.2711,2.6847,epoch03
E07,G039,1.3105,3.0841,epoch03
E07,G040,2.6046,4.21,epoch03
E07,G041,4.1228,3.3791,epoch03
E07,G042,3.4003,2.9322,epoch03
E07,G043,3.5955,3.5303,epoch03
E07,G044,1.2092,3.4284,epoch03
E07,G045,5.6143,3.4739,epoch03
E07,G046,4.1316,3.3569,epoch03
E07,G047,-0.0108,3.3119,epoch03
E07,G048,3.8554,3.3342,epoch03
E07,G049,3.4186,3.6236,epoch03
E07,G050,2.6621,3.1857,epoch03
E07,G051,2.6568,3.3413,epoch03
E07,G052,2.0224,3.4198,epoch03
E07,G053,1.5478,3.9878,epoch03
E07,G054,4.2391,3.6745,epoch03
E07,G055,4.8797,3.4864,epoch03
E07,G056,1.4573,3.6731,epoch03
E07,G057,2.0436,3.6094,epoch03
E07,G058,4.0689,3.9584,epoch03
E07,G059,4.2828,3.6404,epoch03
E08,G000,-1.9328,-0.5531,epoch03
E08,G001,-1.0843,-0.7708,epoch03
E08,G002,-0.9255,-1.262,epoch03
E08,G003,-1.8272,-1.4361,epoch03
E08,G004,-1.5307,-0.9451,epoch03
E08,G005,-0.624,-1.0644,epoch03
E08,G006,-1.6664,-1.3514,epoch03
E08,G007,-1.9231,-1.8715,epoch03
E08,G008,-4.1302,-2.0535,epoch03
E08,G009,-2.1849,-1.1348,epoch03
E08,G010,-1.5424,-0.9823,epoch03
E08,G011,-0.0769,-0.9232,epoch03
E08,G012,0.469,-1.7531,epoch03
E08,G013,-2.059,-0.8918,epoch03
E08,G014,-2.3106,-1.5385,epoch03
E08,G015,0.5662,-1.0959,epoch03
E08,G016,-0.4074,-1.0723,epoch03
E08,G017,-2.4391,-1.5636,epoch03
E08,G018,-5.0303,-1.5769,epoch03
E08,G019,-2.4863,-2.0657,epoch03
E08,G020,-0.7205,-1.6536,epoch03
E08,G021,-4.6595,-2.0512,epoch03
E08,G022,1.3263,-1.042,epoch03
E08,G023,-2.4968,-1.2951,epoch03
E08,G024,-0.4553,-0.93,epoch03
E08,G025,0.2125,-1.1031,epoch03
E08,G026,-1.0257,-1.4968,epoch03
E08,G027,-1.8018,-1.1341,epoch03
E08,G028,-0.8452,-1.4011,epoch03
E08,G029,0.2321,-0.9758,epoch03
E08,G030,-1.8705,-1.1375,epoch03
E08,G031,-1.2594,-1.6458,epoch03
E08,G032,1.5686,-1.2174,epoch03
E08,G033,-5.3624,-1.3166,epoch03
E08,G034,-0.5988,-1.3662,epoch03
E08,G035,-1.7204,-0.8925,epoch03
E08,G036,-1.4079,-0.5972,epoch03
E08,G037,1.6869,-1.3332,epoch03
E08,G038,0.1705,-1.347,epoch03
E08,G039,-2.1975,-2.1982,epoch03
E08,G040,-2.7851,-1.3072,epoch03
E08,G041,0.965,-1.3929,epoch03
E08,G042,-1.6135,-2.099,epoch03
E08,G043,0.8245,-1.0969,epoch03
E08,G044,-0.8367,-1.0186,epoch03
E08,G045,-3.3654,-1.531,epoch03
E08,G046,-0.2945,-1.3479,epoch03
E08,G047,-2.3875,-1.6829,epoch03
E08,G048,-0.621,-0.9896,epoch03
E08,G049,-1.0001,-1.8554,epoch03
E08,G050,-0.8842,-1.3778,epoch03
E08,G051,-3.6145,-0.5239,epoch03
E08,G052,-1.5671,-1.2961,epoch03
E08,G053,0.1248,-1.089,epoch03
E08,G054,-0.7231,-1.2994,epoch03
E08,G055,-0.91,-1.7009,epoch03
E08,G056,-5.7516,-1.3669,epoch03
E08,G057,-1.3762,-1.1323,epoch03
E08,G058,2.7468,-1.6169,epoch03
E08,G059,-2.2391,-1.1809,epoch03
E09,G000,-0.6027,-1.2138,epoch03
E09,G001,-1.95,-1.3034,epoch03
E09,G002,-2.0357,-2.297,epoch03
E09,G003,-1.4515,-2.1162,epoch03
E09,G004,-4.2172,-2.3733,epoch03
E09,G005,-1.8392,-1.2741,epoch03
E09,G006,-2.6961,-1.4998,epoch03
E09,G007,-0.7673,-1.4194,epoch03
E09,G008,-2.1824,-2.0718,epoch03
E09,G009,-1.1806,-2.1508,epoch03
E09,G010,-3.3687,-1.697,epoch03
E09,G011,-2.0184,-1.6252,epoch03
E09,G012,-1.7105,-2.0349,epoch03
E09,G013,-2.4764,-1.6435,epoch03
E09,G014,-4.7414,-1.5015,epoch03
E09,G015,-1.9856,-1.575,epoch03
E09,G016,-2.2013,-2.1056,epoch03
E09,G017,-3.3243,-2.5191,epoch03
E09,G018,-4.2899,-1.84,epoch03
E09,G019,-2.7238,-1.6123,epoch03
E09,G020,-2.3687,-1.8275,epoch03
E09,G021,-0.9235,-1.8531,epoch03
E09,G022,0.8402,-1.9509,epoch03
E09,G023,-3.9865,-1.4423,epoch03
E09,G024,-2.402,-1.7184,epoch03
E09,G025,0.7964,-1.5962,epoch03
E09,G026,-1.6199,-2.0687,epoch03
E09,G027,-3.0465,-1.9745,epoch03
E09,G028,-0.3721,-1.6454,epoch03
E09,G029,-1.59,-2.077,epoch03
E09,G030,-4.3935,-2.2426,epoch03
E09,G031,-3.8577,-1.8542,epoch03
E09,G032,0.8703,-1.1514,epoch03
E09,G033,-2.4473,-1.6571,epoch03
E09,G034,-1.7183,-1.0791,epoch03
E09,G035,-2.75,-1.7509,epoch03
E09,G036,-0.9377,-1.8113,epoch03
E09,G037,0.8585,-2.178,epoch03
E09,G038,-0.6646,-1.8676,epoch03
E09,G039,-2.7664,-1.1896,epoch03
E09,G040,-1.5027,-1.5809,epoch03
E09,G041,-2.6143,-1.3804,epoch03
E09,G042,-2.5437,-1.4379,epoch03
E09,G043,0.0197,-1.6575,epoch03
E09,G044,-2.0087,-1.7687,epoch03
E09,G045,-3.669,-1.6447,epoch03
E09,G046,-0.3447,-1.3791,epoch03
E09,G047,-1.7207,-1.543,epoch03
E09,G048,0.8734,-1.471,epoch03
E09,G049,-4.6481,-1.6617,epoch03
E09,G050,0.882,-2.0005,epoch03
E09,G051,-3.0177,-1.8061,epoch03
E09,G052,0.3935,-2.029,epoch03
E09,G053,0.8861,-1.2577,epoch03
E09,G054,0.3749,-2.4862,epoch03
E09,G055,-0.1031,-1.7346,epoch03
E09,G056,-2.9627,-0.7631,epoch03
E09,G057,-1.8064,-1.8555,epoch03
E09,G058,-2.303,-2.1389,epoch03
E09,G059,-5.9845,-1.7626,epoch03
E10,G000,4.475,1.9059,epoch03
E10,G001,0.4218,1.2725,epoch03
E10,G002,1.8611,1.5873,epoch03
E10,G003,0.0026,1.4146,epoch03
E10,G004,1.8137,1.2101,epoch03
E10,G005,1.826,2.5898,epoch03
E10,G006,0.779,1.3472,epoch03
E10,G007,0.0627,1.1369,epoch03
E10,G008,-1.3862,1.1465,epoch03
E10,G009,0.5778,1.5195,epoch03
E10,G010,-1.8965,1.5159,epoch03
E10,G011,-0.8292,1.6771,epoch03
E10,G012,1.2201,1.4379,epoch03
E10,G013,-0.6708,0.7935,epoch03
E10,G014,-0.6644,1.5373,epoch03
E10,G015,0.558,1.2458,epoch03
E10,G016,2.5893,1.2545,epoch03
E10,G017,2.3889,0.799,epoch03
E10,G018,-0.5056,1.1045,epoch03
E10,G019,2.4461,1.1007,epoch03
E10,G020,-1.6506,1.3018,epoch03
E10,G021,-0.6472,0.764,epoch03
E10,G022,2.9311,1.432,epoch03
E10,G023,0.948,1.4665,epoch03
E10,G024,1.5821,0.9671,epoch03
E10,G025,0.7101,1.1672,epoch03
E10,G026,1.2569,1.0461,epoch03
E10,G027,4.1856,1.7861,epoch03
E10,G028,0.4194,0.3912,epoch03
E10,G029,1.2578,1.2445,epoch03
E10,G030,-0.0494,0.7212,epoch03
E10,G031,0.4971,1.2302,epoch03
E10,G032,1.8175,1.7788,epoch03
E10,G033,0.7765,1.0749,epoch03
E10,G034,5.7934,1.5132,epoch03
E10,G035,3.0237,1.0976,epoch03
E10,G036,0.263,2.1391,epoch03
E10,G037,4.4089,1.8265,epoch03
E10,G038,0.2335,1.8065,epoch03
E10,G039,1.2731,0.8392,epoch03
E10,G040,1.4542,0.9513,epoch03
E10,G041,2.3847,1.8389,epoch03
E10,G042,2.1208,1.3189,epoch03
E10,G043,1.0891,1.2991,epoch03
E10,G044,-0.4296,1.4753,epoch03
E10,G045,0.4281,0.9235,epoch03
E10,G046,1.7023,1.7197,epoch03
E10,G047,-1.1045,1.3628,epoch03
E10,G048,0.8599,1.5665,epoch03
E10,G049,-0.4354,1.099,epoch03
E10,G050,-0.1636,1.5378,epoch03
E10,G051,1.3425,1.0978,epoch03
E10,G052,-0.5975,1.7471,epoch03
E10,G053,0.9931,1.8485,epoch03
E10,G054,2.5659,1.8196,epoch03
E10,G055,3.1321,1.627,epoch03
E10,G056,0.3457,1.5487,epoch03
E10,G057,0.6558,0.276,epoch03
E10,G058,0.6773,1.7069,epoch03
E10,G059,0.3459,1.2003,epoch03
E11,G000,-0.4607,1.275,epoch03
E11,G001,0.0596,1.0435,epoch03
E11,G002,0.4465,0.6931,epoch03
E11,G003,-2.25,1.0088,epoch03
E11,G004,2.407,1.4532,epoch03
E11,G005,1.936,1.7711,epoch03
E11,G006,-2.2604,0.9174,epoch03
E11,G007,-0.2794,0.8329,epoch03
E11,G008,-1.5419,1.7287,epoch03
E11,G009,0.3306,0.8638,epoch03
E11,G010,-3.0364,1.9654,epoch03
E11,G011,0.4612,1.2605,epoch03
E11,G012,2.8088,0.9335,epoch03
E11,G013,2.3143,1.6586,epoch03
E11,G014,0.5,1.8444,epoch03
E11,G015,0.9273,0.6675,epoch03
E11,G016,2.7194,1.8271,epoch03
E11,G017,1.2997,1.1591,epoch03
E11,G018,-0.4179,1.7639,epoch03
E11,G019,-1.5501,1.0655,epoch03
E11,G020,-1.5433,0.5738,epoch03
E11,G021,1.4763,1.4047,epoch03
E11,G022,0.7057,1.6213,epoch03
E11,G023,0.5567,2.0266,epoch03
E11,G024,0.0387,1.8828,epoch03
E11,G025,0.4705,1.526,epoch03
E11,G026,1.5568,1.1726,epoch03
E11,G027,0.2176,1.0226,epoch03
E11,G028,0.3483,1.1147,epoch03
E11,G029,2.0823,0.9205,epoch03
E11,G030,0.8152,1.1003,epoch03
E11,G031,-0.3887,0.2099,epoch03
E11,G032,1.1989,1.3428,epoch03
E11,G033,0.2702,1.191,epoch03
E11,G034,1.8405,2.2746,epoch03
E11,G035,2.1252,1.537,epoch03
E11,G036,3.9939,1.0586,epoch03
E11,G037,3.2611,1.5047,epoch03
E11,G038,1.6777,0.7783,epoch03
E11,G039,-0.8432,0.9438,epoch03
E11,G040,1.1533,0.5361,epoch03
E11,G041,-0.8041,1.7701,epoch03
E11,G042,-0.7691,1.4435,epoch03
E11,G043,0.8094,0.7811,epoch03
E11,G044,0.863,1.2218,epoch03
E11,G045,2.7276,1.6415,epoch03
E11,G046,2.9084,1.5069,epoch03
E11,G047,-1.0827,1.3234,epoch03
E11,G048,0.4024,0.9197,epoch03
E11,G049,1.8682,0.9599,epoch03
E11,G050,1.0605,1.2585,epoch03
E11,G051,1.8716,1.5668,epoch03
E11,G052,0.4657,0.8663,epoch03
E11,G053,0.7318,0.7372,epoch03
E11,G054,1.2833,1.7028,epoch03
E11,G055,1.7062,0.8703,epoch03
E11,G056,1.82,1.5963,epoch03
E11,G057,-0.8659,1.31,epoch03
E11,G058,2.9338,1.607,epoch03
E11,G059,1.7086,1.888,epoch03
E00,G000,-0.4154,0.4638,epoch04
E00,G001,-2.5288,-0.0044,epoch04
E00,G002,0.0976,0.9757,epoch04
E00,G003,0.2616,0.0865,epoch04
E00,G004,-2.788,0.6526,epoch04
E00,G005,-0.2772,-0.1542,epoch04
E00,G006,-2.7185,0.8851,epoch04
E00,G007,-2.1974,0.04,epoch04
E00,G008,-1.4414,0.7712,epoch04
E00,G009,-0.556,-0.2162,epoch04
E00,G010,-0.6607,0.261,epoch04
E00,G011,0.2955,1.0268,epoch04
E00,G012,0.6534,0.1492,epoch04
E00,G013,-0.9257,0.4858,epoch04
E00,G014,-1.2855,0.1738,epoch04
E00,G015,-0.4211,-0.5507,epoch04
E00,G016,1.1629,0.6724,epoch04
E00,G017,0.9834,0.7176,epoch04
E00,G018,-3.0006,-0.0565,epoch04
E00,G019,-0.1714,0.7525,epoch04
E00,G020,-1.4727,0.0958,epoch04
E00,G021,0.1383,0.0582,epoch04
E00,G022,-0.2985,0.5538,epoch04
E00,G023,1.238,0.1841,epoch04
E00,G024,-0.8287,1.4628,epoch04
E00,G025,-0.0812,-0.1276,epoch04
E00,G026,-3.4712,0.7427,epoch04
E00,G027,-1.8146,0.8632,epoch04
E00,G028,-0.1893,-0.3711,epoch04
E00,G029,-1.2814,-0.2845,epoch04
E00,G030,-1.015,0.6962,epoch04
E00,G031,1.0094,0.3673,epoch04
E00,G032,1.3314,0.7059,epoch04
E00,G033,-2.7054,0.9083,epoch04
E00,G034,0.9677,0.3851,epoch04
E00,G035,1.4464,0.0567,epoch04
E00,G036,1.8098,-0.7309,epoch04
E00,G037,0.8517,0.6778,epoch04
E00,G038,0.7926,0.1529,epoch04
E00,G039,-1.6721,0.5998,epoch04
E00,G040,0.1383,0.5727,epoch04
E00,G041,-0.6238,-0.0812,epoch04
E00,G042,-0.6454,1.2496,epoch04
E00,G043,-0.0818,0.9738,epoch04
E00,G044,-0.8602,0.8787,epoch04
E00,G045,-0.8876,-0.0147,epoch04
E00,G046,1.6464,0.4218,epoch04
E00,G047,-2.6381,0.2364,epoch04
E00,G048,-1.1767,0.332,epoch04
E00,G049,-1.287,-0.0323,epoch04
E00,G050,0.1955,0.6941,epoch04
E00,G051,-2.7683,0.4812,epoch04
E00,G052,-3.1422,0.5976,epoch04
E00,G053,-0.4029,0.2823,epoch04
E00,G054,0.2103,1.0398,epoch04
E00,G055,2.2968,0.6649,epoch04
E00,G056,-2.6215,-0.8177,epoch04
E00,G057,-1.1492,0.2084,epoch04
E00,G058,0.6893,0.479,epoch04
E00,G059,-2.023,0.8571,epoch04
E01,G000,-0.2253,1.1858,epoch04
E01,G001,-2.0616,1.1051,epoch04
E01,G002,3.0404,1.0573,epoch04
E01,G003,2.6715,1.6799,epoch04
E01,G004,0.5158,1.0473,epoch04
E01,G005,-0.3818,1.0136,epoch04
E01,G006,-0.3281,0.8891,epoch04
E01,G007,-1.8268,1.4604,epoch04
E01,G008,-0.4833,1.0247,epoch04
E01,G009,2.6181,0.545,epoch04
E01,G010,0.2107,1.5206,epoch04
E01,G011,-0.0383,0.9877,epoch04
E01,G012,0.3805,1.4518,epoch04
E01,G013,-0.0083,1.4218,epoch04
E01,G014,0.3205,1.7597,epoch04
E01,G015,-0.3888,1.7362,epoch04
E01,G016,-0.3668,1.0857,epoch04
E01,G017,0.5899,1.2412,epoch04
E01,G018,-1.254,0.6486,epoch04
E01,G019,0.15,2.0108,epoch04
E01,G020,0.6929,1.4381,epoch04
E01,G021,0.2603,1.8823,epoch04
E01,G022,2.358,1.2059,epoch04
E01,G023,-1.3717,0.3626,epoch04
E01,G024,0.6172,1.9334,epoch04
E01,G025,3.1627,1.3642,epoch04
E01,G026,2.094,1.3937,epoch04
E01,G027,0.4189,1.3056,epoch04
E01,G028,0.2735,1.5618,epoch04
E01,G029,2.8339,1.5562,epoch04
E01,G030,-0.4203,0.5999,epoch04
E01,G031,-0.3059,1.741,epoch04
E01,G032,2.4199,1.1332,epoch04
E01,G033,-0.4987,1.0108,epoch04
E01,G034,-0.0638,2.0484,epoch04
E01,G035,1.688,1.7417,epoch04
E01,G036,-0.1889,1.1295,epoch04
E01,G037,2.9178,0.5904,epoch04
E01,G038,0.8504,1.3903,epoch04
E01,G039,-1.2757,1.5035,epoch04
E01,G040,0.4228,1.259,epoch04
E01,G041,2.1007,0.7844,epoch04
E01,G042,-1.1847,0.9168,epoch04
E01,G043,0.3374,0.7503,epoch04
E01,G044,2.28,1.4435,epoch04
E01,G045,-0.0107,1.6823,epoch04
E01,G046,2.5722,1.8347,epoch04
E01,G047,-1.0126,0.9548,epoch04
E01,G048,1.7758,1.4066,epoch04
E01,G049,2.2408,1.5131,epoch04
E01,G050,3.3374,1.1109,epoch04
E01,G051,-0.8708,1.178,epoch04
E01,G052,0.8018,2.2076,epoch04
E01,G053,0.6872,1.39,epoch04
E01,G054,2.5713,1.776,epoch04
E01,G055,3.9162,1.1936,epoch04
E01,G056,-1.628,1.2775,epoch04
E01,G057,0.613,0.5013,epoch04
E01,G058,0.3774,1.2825,epoch04
E01,G059,0.8277,1.7692,epoch04
E02,G000,0.2838,-0.3929,epoch04
E02,G001,-2.387,-0.873,epoch04
E02,G002,-0.0581,-1.0321,epoch04
E02,G003,1.2929,-1.2683,epoch04
E02,G004,-1.412,-1.6482,epoch04
E02,G005,-0.01,-1.4111,epoch04
E02,G006,-3.4272,-1.1846,epoch04
E02,G007,-3.0483,-1.7045,epoch04
E02,G008,-2.4997,-1.0672,epoch04
E02,G009,0.3819,-1.7638,epoch04
E02,G010,-1.4589,-2.1727,epoch04
E02,G011,0.2659,-1.7521,epoch04
E02,G012,1.823,-2.0109,epoch04
E02,G013,-0.2903,-1.9114,epoch04
E02,G014,-4.7103,-1.0082,epoch04
E02,G015,-2.5947,-1.5177,epoch04
E02,G016,1.0271,-1.2293,epoch04
E02,G017,-2.6697,-0.8697,epoch04
E02,G018,-1.0323,-0.8694,epoch04
E02,G019,-1.2145,-1.5656,epoch04
E02,G020,-3.9153,-0.8665,epoch04
E02,G021,-1.7111,-1.2877,epoch04
E02,G022,0.4602,-1.2901,epoch04
E02,G023,-2.762,-1.192,epoch04
E02,G024,-1.2487,-1.9841,epoch04
E02,G025,1.1571,-1.6516,epoch04
E02,G026,-0.6792,-1.4524,epoch04
E02,G027,-2.2836,-1.137,epoch04
E02,G028,-0.2852,-1.513,epoch04
E02,G029,-0.5877,-1.4342,epoch04
E02,G030,-3.7055,-1.0355,epoch04
E02,G031,0.0998,-0.7106,epoch04
E02,G032,0.5986,-0.9518,epoch04
E02,G033,-2.4839,-0.8524,epoch04
E02,G034,-1.0106,-1.5191,epoch04
E02,G035,-0.9596,-1.4999,epoch04
E02,G036,-1.9963,-1.2726,epoch04
E02,G037,0.1289,-1.4171,epoch04
E02,G038,-0.2122,-1.5299,epoch04
E02,G039,-1.3194,-0.7069,epoch04
E02,G040,-0.1478,-1.4226,epoch04
E02,G041,1.0143,-1.735,epoch04
E02,G042,1.7453,-1.0785,epoch04
E02,G043,-0.3885,-0.5584,epoch04
E02,G044,2.1406,-1.2882,epoch04
E02,G045,-0.906,-0.7815,epoch04
E02,G046,1.5518,-1.4748,epoch04
E02,G047,-2.6941,-1.6439,epoch04
E02,G048,1.0514,-1.6576,epoch04
E02,G049,1.072,-1.4098,epoch04
E02,G050,-2.57,-0.5412,epoch04
E02,G051,-2.7847,-1.9089,epoch04
E02,G052,-0.8038,-0.6683,epoch04
E02,G053,0.7165,-1.7631,epoch04
E02,G054,0.935,-1.4108,epoch04
E02,G055,-1.1513,-1.0016,epoch04
E02,G056,-2.0382,-1.1577,epoch04
E02,G057,-2.2051,-1.3274,epoch04
E02,G058,-2.3923,-2.1488,epoch04
E02,G059,-2.0215,-1.3011,epoch04
E03,G000,-3.4471,-3.1293,epoch04
E03,G001,-2.4902,-1.6452,epoch04
E03,G002,-4.1106,-2.8628,epoch04
E03,G003,-1.231,-2.6451,epoch04
E03,G004,-3.0079,-3.2581,epoch04
E03,G005,-3.4625,-2.9557,epoch04
E03,G006,-3.7202,-3.3828,epoch04
E03,G007,-4.4648,-2.3612,epoch04
E03,G008,-4.9541,-2.9292,epoch04
E03,G009,-3.4651,-2.4675,epoch04
E03,G010,-3.1338,-3.0708,epoch04
E03,G011,-1.3074,-2.9296,epoch04
E03,G012,-1.7767,-2.1916,epoch04
E03,G013,-2.1974,-3.1476,epoch04
E03,G014,-4.1744,-3.6593,epoch04
E03,G015,-1.9815,-2.5409,epoch04
E03,G016,-3.258,-3.2738,epoch04
E03,G017,-1.6359,-2.9215,epoch04
E03,G018,-2.7034,-2.4016,epoch04
E03,G019,-3.9729,-3.1541,epoch04
E03,G020,-2.2434,-2.3339,epoch04
E03,G021,-2.1739,-3.0183,epoch04
E03,G022,-1.4073,-2.0416,epoch04
E03,G023,-3.3942,-2.1611,epoch04
E03,G024,-0.9659,-2.9254,epoch04
E03,G025,-3.572,-2.8672,epoch04
E03,G026,-2.1724,-3.1134,epoch04
E03,G027,-3.2066,-2.6491,epoch04
E03,G028,-1.699,-2.2179,epoch04
E03,G029,-2.5249,-3.3961,epoch04
E03,G030,-4.0608,-2.3934,epoch04
E03,G031,-0.2542,-3.3123,epoch04
E03,G032,0.335,-3.0042,epoch04
E03,G033,-1.7626,-3.5747,epoch04
E03,G034,-0.4118,-1.7668,epoch04
E03,G035,-1.6991,-2.6483,epoch04
E03,G036,-3.6388,-2.6704,epoch04
E03,G037,-0.0626,-2.9453,epoch04
E03,G038,-2.6748,-2.2856,epoch04
E03,G039,-2.2779,-3.6564,epoch04
E03,G040,-1.7631,-2.6829,epoch04
E03,G041,-2.8165,-1.7052,epoch04
E03,G042,-2.1725,-2.884,epoch04
E03,G043,-3.6846,-2.6866,epoch04
E03,G044,-1.7703,-2.4309,epoch04
E03,G045,-2.4617,-3.0624,epoch04
E03,G046,-1.6459,-2.659,epoch04
E03,G047,-3.0834,-2.338,epoch04
E03,G048,-0.6924,-2.5854,epoch04
E03,G049,-3.7328,-2.5704,epoch04
E03,G050,-3.8887,-2.8787,epoch04
E03,G051,-4.8853,-2.6656,epoch04
E03,G052,-5.292,-2.7529,epoch04
E03,G053,-2.2676,-2.0484,epoch04
E03,G054,0.6178,-2.3534,epoch04
E03,G055,-2.0906,-2.7807,epoch04
E03,G056,-3.1409,-3.8754,epoch04
E03,G057,-5.1691,-2.4892,epoch04
E03,G058,-1.3273,-2.3704,epoch04
E03,G059,-3.9271,-3.1961,epoch04
E04,G000,-1.3659,-1.5547,epoch04
E04,G001,-1.6574,-1.2221,epoch04
E04,G002,0.4356,-0.2732,epoch04
E04,G003,-0.17,-1.1014,epoch04
E04,G004,-3.4716,-0.987,epoch04
E04,G005,-2.7324,-0.6031,epoch04
E04,G006,-3.0526,-0.2506,epoch04
E04,G007,-2.0531,-0.7099,epoch04
E04,G008,-2.6858,-0.8259,epoch04
E04,G009,-1.0115,-0.9034,epoch04
E04,G010,0.4038,0.0349,epoch04
E04,G011,-3.0678,-0.2009,epoch04
E04,G012,-1.6976,-0.7247,epoch04
E04,G013,-0.3081,-1.2854,epoch04
E04,G014,-4.0055,-1.1347,epoch04
E04,G015,-3.1631,-0.4743,epoch04
E04,G016,-1.1284,-0.9742,epoch04
E04,G017,-0.9924,-0.2083,epoch04
E04,G018,-2.7285,-0.5921,epoch04
E04,G019,0.684,-0.5713,epoch04
E04,G020,-1.7016,-0.464,epoch04
E04,G021,-2.8312,-0.4794,epoch04
E04,G022,-1.822,-1.0368,epoch04
E04,G023,-3.1238,-0.8874,epoch04
E04,G024,0.731,0.3955,epoch04
E04,G025,-1.7076,-1.1885,epoch04
E04,G026,-1.6536,-0.8706,epoch04
E04,G027,0.7034,-0.1588,epoch04
E04,G028,0.02,-0.7268,epoch04
E04,G029,-1.0593,-1.0056,epoch04
E04,G030,-2.1129,-1.2442,epoch04
E04,G031,-2.748,-0.4385,epoch04
E04,G032,-0.8919,-0.1795,epoch04
E04,G033,-5.8616,-0.1734,epoch04
E04,G034,0.5017,-0.6056,epoch04
E04,G035,-0.612,-0.1586,epoch04
E04,G036,-0.6251,-1.1221,epoch04
E04,G037,2.0726,-0.5344,epoch04
E04,G038,0.1998,-0.96,epoch04
E04,G039,-3.84,-0.6669,epoch04
E04,G040,0.0117,-0.3285,epoch04
E04,G041,0.4542,-0.1815,epoch04
E04,G042,-1.9217,-1.1065,epoch04
E04,G043,-1.1993,-0.0734,epoch04
E04,G044,-1.522,-0.8915,epoch04
E04,G045,-2.099,-1.0905,epoch04
E04,G046,1.9172,-0.6715,epoch04
E04,G047,-4.2765,-1.3462,epoch04
E04,G048,-1.6879,-0.6427,epoch04
E04,G049,-0.5599,-0.5041,epoch04
E04,G050,-0.8221,-0.7332,epoch04
E04,G051,-2.1187,-0.4892,epoch04
E04,G052,-2.6248,-0.8908,epoch04
E04,G053,-1.2749,-0.6654,epoch04
E04,G054,-0.4637,-1.3239,epoch04
E04,G055,-3.1172,-0.6445,epoch04
E04,G056,-1.8621,-1.0776,epoch04
E04,G057,-2.1515,-0.8819,epoch04
E04,G058,-0.4622,-0.6864,epoch04
E04,G059,-4.1053,-0.7359,epoch04
E05,G000,-3.5455,-2.0979,epoch04
E05,G001,-4.5257,-2.1199,epoch04
E05,G002,-1.27,-1.4817,epoch04
E05,G003,0.1457,-1.0545,epoch04
E05,G004,-4.3517,-1.2665,epoch04
E05,G005,-1.4424,-1.0242,epoch04
E05,G006,-2.8905,-0.9254,epoch04
E05,G007,-5.2704,-1.2132,epoch04
E05,G008,-4.1428,-1.4693,epoch04
E05,G009,-1.0113,-1.8696,epoch04
E05,G010,-2.8812,-1.839,epoch04
E05,G011,-2.7924,-1.5986,epoch04
E05,G012,-1.7519,-1.2078,epoch04
E05,G013,-2.4634,-1.246,epoch04
E05,G014,-4.4491,-1.449,epoch04
E05,G015,-3.9004,-1.4764,epoch04
E05,G016,-1.4225,-1.0778,epoch04
E05,G017,-2.8564,-1.2765,epoch04
E05,G018,-4.7226,-1.3224,epoch04
E05,G019,-4.3964,-1.267,epoch04
E05,G020,-4.417,-1.6965,epoch04
E05,G021,-5.1928,-1.9057,epoch04
E05,G022,-1.0429,-1.078,epoch04
E05,G023,-2.3787,-1.2301,epoch04
E05,G024,-1.9942,-1.4597,epoch04
E05,G025,-0.3888,-1.477,epoch04
E05,G026,-3.9198,-0.4538,epoch04
E05,G027,-3.0805,-1.7325,epoch04
E05,G028,-2.3732,-1.4533,epoch04
E05,G029,-2.4487,-1.2366,epoch04
E05,G030,-3.209,-1.9444,epoch04
E05,G031,-2.7668,-1.2802,epoch04
E05,G032,0.3677,-0.5103,epoch04
E05,G033,-4.8416,-1.0713,epoch04
E05,G034,-3.02,-1.0819,epoch04
E05,G035,-2.2851,-1.0772,epoch04
E05,G036,-3.4729,-1.3345,epoch04
E05,G037,-1.6478,-0.9173,epoch04
E05,G038,-1.4913,-1.3575,epoch04
E05,G039,-2.1177,-1.5906,epoch04
E05,G040,-2.2459,-1.2767,epoch04
E05,G041,-4.4435,-0.9573,epoch04
E05,G042,-3.6059,-1.2424,epoch04
E05,G043,-4.5932,-1.078,epoch04
E05,G044,-0.8097,-2.1764,epoch04
E05,G045,-0.8755,-0.8203,epoch04
E05,G046,0.7184,-0.2236,epoch04
E05,G047,-4.9455,-0.8363,epoch04
E05,G048,-2.9235,-1.4932,epoch04
E05,G049,-2.3337,-1.817,epoch04
E05,G050,-2.3013,-1.2537,epoch04
E05,G051,-2.9736,-1.8248,epoch04
E05,G052,-2.8786,-1.1186,epoch04
E05,G053,0.528,-1.5733,epoch04
E05,G054,-0.0477,-0.8946,epoch04
E05,G055,-1.9252,-0.7523,epoch04
E05,G056,-3.7991,-2.338,epoch04
E05,G057,-2.978,-1.2926,epoch04
E05,G058,-2.4796,-1.6463,epoch04
E05,G059,-5.9056,-2.0974,epoch04
E06,G000,-0.2709,0.865,epoch04
E06,G001,-1.9405,1.0084,epoch04
E06,G002,-0.6592,1.576,epoch04
E06,G003,0.0391,0.4811,epoch04
E06,G004,1.1135,1.5541,epoch04
E06,G005,-0.5403,2.05,epoch04
E06,G006,-2.9432,1.2809,epoch04
E06,G007,-1.301,1.337,epoch04
E06,G008,-1.709,1.0447,epoch04
E06,G009,0.278,0.5997,epoch04
E06,G010,-1.0102,1.361,epoch04
E06,G011,-0.7624,1.3219,epoch04
E06,G012,-0.2848,1.5348,epoch04
E06,G013,-1.5087,2.2498,epoch04
E06,G014,-1.5594,1.372,epoch04
E06,G015,-0.5018,1.3119,epoch04
E06,G016,-1.4414,1.8157,epoch04
E06,G017,0.3023,0.5925,epoch04
E06,G018,-1.4568,0.5803,epoch04
E06,G019,0.5985,0.9907,epoch04
E06,G020,-1.4547,0.8234,epoch04
E06,G021,-1.669,1.3888,epoch04
E06,G022,-0.6786,1.0648,epoch04
E06,G023,-1.7722,1.8846,epoch04
E06,G024,2.4065,1.8542,epoch04
E06,G025,-1.7878,1.5071,epoch04
E06,G026,-0.7986,0.96,epoch04
E06,G027,-0.9475,1.3668,epoch04
E06,G028,0.3425,1.5398,epoch04
E06,G029,-1.3511,0.6578,epoch04
E06,G030,-2.4002,1.1944,epoch04
E06,G031,0.1801,1.469,epoch04
E06,G032,2.201,1.3523,epoch04
E06,G033,-4.3416,1.7245,epoch04
E06,G034,0.1007,1.6947,epoch04
E06,G035,-1.1057,0.7771,epoch04
E06,G036,-1.8295,1.1455,epoch04
E06,G037,2.6433,0.8973,epoch04
E06,G038,0.9882,1.4211,epoch04
E06,G039,-0.6572,0.698,epoch04
E06,G040,0.1368,1.5851,epoch04
E06,G041,1.1222,1.3302,epoch04
E06,G042,1.4383,1.5888,epoch04
E06,G043,1.2899,1.0943,epoch04
E06,G044,0.6251,0.4766,epoch04
E06,G045,-0.6129,1.9031,epoch04
E06,G046,2.7176,1.2102,epoch04
E06,G047,0.0756,1.7193,epoch04
E06,G048,-0.8423,1.3639,epoch04
E06,G049,-0.1253,1.4306,epoch04
E06,G050,-0.141,1.9712,epoch04
E06,G051,-1.3708,1.2531,epoch04
E06,G052,-0.8347,1.807,epoch04
E06,G053,-1.6636,0.4639,epoch04
E06,G054,-0.0616,1.5308,epoch04
E06,G055,1.4757,1.0722,epoch04
E06,G056,-1.1174,0.9936,epoch04
E06,G057,-0.2017,1.1489,epoch04
E06,G058,1.1822,1.3668,epoch04
E06,G059,-3.3457,1.7598,epoch04
E07,G000,2.885,4.1738,epoch04
E07,G001,1.9241,4.9913,epoch04
E07,G002,4.901,4.7571,epoch04
E07,G003,3.8238,5.4785,epoch04
E07,G004,2.3426,4.796,epoch04
E07,G005,0.6425,5.1708,epoch04
E07,G006,1.3167,4.798,epoch04
E07,G007,-0.1517,5.2245,epoch04
E07,G008,0.1119,5.3766,epoch04
E07,G009,3.3663,4.7926,epoch04
E07,G010,1.6257,4.9574,epoch04
E07,G011,3.0717,4.4623,epoch04
E07,G012,4.7353,5.1951,epoch04
E07,G013,4.1428,5.3806,epoch04
E07,G014,-0.1352,4.6376,epoch04
E07,G015,0.8102,5.4312,epoch04
E07,G016,2.6891,4.103,epoch04
E07,G017,3.7268,4.2197,epoch04
E07,G018,2.4015,4.3442,epoch04
E07,G019,3.9893,4.7892,epoch04
E07,G020,2.7992,4.9529,epoch04
E07,G021,3.6807,4.9526,epoch04
E07,G022,5.7463,5.0459,epoch04
E07,G023,4.1078,5.3488,epoch04
E07,G024,3.0938,4.8796,epoch04
E07,G025,4.0081,4.5099,epoch04
E07,G026,2.5444,4.4295,epoch04
E07,G027,2.8102,5.946,epoch04
E07,G028,3.9469,3.9812,epoch04
E07,G029,2.5344,4.9285,epoch04
E07,G030,1.1587,5.6071,epoch04
E07,G031,4.1407,5.2084,epoch04
E07,G032,5.7996,4.7467,epoch04
E07,G033,1.9499,4.9524,epoch04
E07,G034,5.3116,5.4541,epoch04
E07,G035,4.4044,5.5563,epoch04
E07,G036,2.541,4.5791,epoch04
E07,G037,2.2297,5.4229,epoch04
E07,G038,3.2711,5.1656,epoch04
E07,G039,1.3105,5.4373,epoch04
E07,G040,2.6046,5.6478,epoch04
E07,G041,4.1228,4.9034,epoch04
E07,G042,3.4003,4.3382,epoch04
E07,G043,3.5955,5.2347,epoch04
E07,G044,1.2092,5.759,epoch04
E07,G045,5.6143,5.3386,epoch04
E07,G046,4.1316,5.1855,epoch04
E07,G047,-0.0108,5.9803,epoch04
E07,G048,3.8554,4.5836,epoch04
E07,G049,3.4186,5.4063,epoch04
E07,G050,2.6621,4.7778,epoch04
E07,G051,2.6568,4.9795,epoch04
E07,G052,2.0224,5.0271,epoch04
E07,G053,1.5478,5.65,epoch04
E07,G054,4.2391,4.6499,epoch04
E07,G055,4.8797,4.8279,epoch04
E07,G056,1.4573,4.2699,epoch04
E07,G057,2.0436,5.1642,epoch04
E07,G058,4.0689,4.8641,epoch04
E07,G059,4.2828,5.1237,epoch04
E08,G000,-1.9328,-1.4758,epoch04
E08,G001,-1.0843,-1.2209,epoch04
E08,G002,-0.9255,-0.5334,epoch04
E08,G003,-1.8272,-1.1039,epoch04
E08,G004,-1.5307,-0.779,epoch04
E08,G005,-0.624,-0.7873,epoch04
E08,G006,-1.6664,-1.2399,epoch04
E08,G007,-1.9231,-1.737,epoch04
E08,G008,-4.1302,-0.6809,epoch04
E08,G009,-2.1849,-0.9502,epoch04
E08,G010,-1.5424,-0.6128,epoch04
E08,G011,-0.0769,-1.8612,epoch04
E08,G012,0.469,-1.7169,epoch04
E08,G013,-2.059,-2.0032,epoch04
E08,G014,-2.3106,-1.4899,epoch04
E08,G015,0.5662,-0.5356,epoch04
E08,G016,-0.4074,-0.7266,epoch04
E08,G017,-2.4391,-1.0076,epoch04
E08,G018,-5.0303,-1.0704,epoch04
E08,G019,-2.4863,-0.6635,epoch04
E08,G020,-0.7205,-1.1885,epoch04
E08,G021,-4.6595,-0.9525,epoch04
E08,G022,1.3263,-0.8823,epoch04
E08,G023,-2.4968,-2.0509,epoch04
E08,G024,-0.4553,-1.2181,epoch04
E08,G025,0.2125,-0.3893,epoch04
E08,G026,-1.0257,-1.1647,epoch04
E08,G027,-1.8018,-1.0856,epoch04
E08,G028,-0.8452,-1.2576,epoch04
E08,G029,0.2321,-1.1579,epoch04
E08,G030,-1.8705,-0.5178,epoch04
E08,G031,-1.2594,-1.1229,epoch04
E08,G032,1.5686,-1.398,epoch04
E08,G033,-5.3624,-2.4831,epoch04
E08,G034,-0.5988,-1.2392,epoch04
E08,G035,-1.7204,-1.8483,epoch04
E08,G036,-1.4079,-1.8221,epoch04
E08,G037,1.6869,-0.5599,epoch04
E08,G038,0.1705,-0.6267,epoch04
E08,G039,-2.1975,-1.9273,epoch04
E08,G040,-2.7851,-0.6306,epoch04
E08,G041,0.965,-0.7533,epoch04
E08,G042,-1.6135,-1.3388,epoch04
E08,G043,0.8245,-0.6167,epoch04
E08,G044,-0.8367,-1.7088,epoch04
E08,G045,-3.3654,-1.5125,epoch04
E08,G046,-0.2945,-1.5577,epoch04
E08,G047,-2.3875,-1.5572,epoch04
E08,G048,-0.621,-0.6644,epoch04
E08,G049,-1.0001,-1.5929,epoch04
E08,G050,-0.8842,-1.5061,epoch04
E08,G051,-3.6145,-1.4681,epoch04
E08,G052,-1.5671,-1.0024,epoch04
E08,G053,0.1248,-1.1756,epoch04
E08,G054,-0.7231,-0.6051,epoch04
E08,G055,-0.91,-1.2922,epoch04
E08,G056,-5.7516,-1.7064,epoch04
E08,G057,-1.3762,-1.2746,epoch04
E08,G058,2.7468,-0.9307,epoch04
E08,G059,-2.2391,-1.4957,epoch04
E09,G000,-0.6027,-1.299,epoch04
E09,G001,-1.95,-0.6543,epoch04
E09,G002,-2.0357,-1.6389,epoch04
E09,G003,-1.4515,-1.4463,epoch04
E09,G004,-4.2172,-0.8824,epoch04
E09,G005,-1.8392,-1.6964,epoch04
E09,G006,-2.6961,-1.8471,epoch04
E09,G007,-0.7673,-1.8938,epoch04
E09,G008,-2.1824,-1.2844,epoch04
E09,G009,-1.1806,-1.1856,epoch04
E09,G010,-3.3687,-1.5253,epoch04
E09,G011,-2.0184,-1.3544,epoch04
E09,G012,-1.7105,-0.8636,epoch04
E09,G013,-2.4764,-1.042,epoch04
E09,G014,-4.7414,-2.115,epoch04
E09,G015,-1.9856,-1.3785,epoch04
E09,G016,-2.2013,-1.375,epoch04
E09,G017,-3.3243,-1.0947,epoch04
E09,G018,-4.2899,-1.5775,epoch04
E09,G019,-2.7238,-1.6763,epoch04
E09,G020,-2.3687,-1.6629,epoch04
E09,G021,-0.9235,-2.185,epoch04
E09,G022,0.8402,-1.4094,epoch04
E09,G023,-3.9865,-1.7218,epoch04
E09,G024,-2.402,-1.2203,epoch04
E09,G025,0.7964,-1.8001,epoch04
E09,G026,-1.6199,-1.6017,epoch04
E09,G027,-3.0465,-1.9015,epoch04
E09,G028,-0.3721,-1.9104,epoch04
E09,G029,-1.59,-1.0979,epoch04
E09,G030,-4.3935,-1.7016,epoch04
E09,G031,-3.8577,-1.2708,epoch04
E09,G032,0.8703,-1.813,epoch04
E09,G033,-2.4473,-1.4336,epoch04
E09,G034,-1.7183,-2.1046,epoch04
E09,G035,-2.75,-1.6403,epoch04
E09,G036,-0.9377,-1.6377,epoch04
E09,G037,0.8585,-1.0804,epoch04
E09,G038,-0.6646,-1.2714,epoch04
E09,G039,-2.7664,-1.5845,epoch04
E09,G040,-1.5027,-1.0795,epoch04
E09,G041,-2.6143,-1.3051,epoch04
E09,G042,-2.5437,-1.2188,epoch04
E09,G043,0.0197,-1.033,epoch04
E09,G044,-2.0087,-1.4468,epoch04
E09,G045,-3.669,-1.5509,epoch04
E09,G046,-0.3447,-1.2105,epoch04
E09,G047,-1.7207,-1.6492,epoch04
E09,G048,0.8734,-1.2145,epoch04
E09,G049,-4.6481,-0.9808,epoch04
E09,G050,0.882,-1.0581,epoch04
E09,G051,-3.0177,-1.607,epoch04
E09,G052,0.3935,-1.9407,epoch04
E09,G053,0.8861,-1.3925,epoch04
E09,G054,0.3749,-1.4353,epoch04
E09,G055,-0.1031,-0.8796,epoch04
E09,G056,-2.9627,-1.6038,epoch04
E09,G057,-1.8064,-1.5573,epoch04
E09,G058,-2.303,-1.1045,epoch04
E09,G059,-5.9845,-1.723,epoch04
E10,G000,4.475,1.8823,epoch04
E10,G001,0.4218,2.6119,epoch04
E10,G002,1.8611,2.5291,epoch04
E10,G003,0.0026,2.1933,epoch04
E10,G004,1.8137,2.0087,epoch04
E10,G005,1.826,1.462,epoch04
E10,G006,0.779,2.0831,epoch04
E10,G007,0.0627,1.9042,epoch04
E10,G008,-1.3862,1.9629,epoch04
E10,G009,0.5778,1.6833,epoch04
E10,G010,-1.8965,1.8839,epoch04
E10,G011,-0.8292,1.835,epoch04
E10,G012,1.2201,2.0656,epoch04
E10,G013,-0.6708,2.5147,epoch04
E10,G014,-0.6644,2.0097,epoch04
E10,G015,0.558,1.1805,epoch04
E10,G016,2.5893,1.481,epoch04
E10,G017,2.3889,1.2327,epoch04
E10,G018,-0.5056,1.5061,epoch04
E10,G019,2.4461,2.1771,epoch04
E10,G020,-1.6506,2.0095,epoch04
E10,G021,-0.6472,1.5981,epoch04
E10,G022,2.9311,2.0856,epoch04
E10,G023,0.948,1.6457,epoch04
E10,G024,1.5821,1.34,epoch04
E10,G025,0.7101,1.3542,epoch04
E10,G026,1.2569,1.5519,epoch04
E10,G027,4.1856,2.6153,epoch04
E10,G028,0.4194,1.3425,epoch04
E10,G029,1.2578,2.4665,epoch04
E10,G030,-0.0494,2.4948,epoch04
E10,G031,0.4971,1.8714,epoch04
E10,G032,1.8175,1.9952,epoch04
E10,G033,0.7765,1.5741,epoch04
E10,G034,5.7934,2.0233,epoch04
E10,G035,3.0237,2.2805,epoch04
E10,G036,0.263,1.9234,epoch04
E10,G037,4.4089,2.4828,epoch04
E10,G038,0.2335,2.4191,epoch04
E10,G039,1.2731,2.0457,epoch04
E10,G040,1.4542,2.0708,epoch04
E10,G041,2.3847,1.9447,epoch04
E10,G042,2.1208,2.0954,epoch04
E10,G043,1.0891,1.4635,epoch04
E10,G044,-0.4296,2.0493,epoch04
E10,G045,0.4281,2.0632,epoch04
E10,G046,1.7023,1.5959,epoch04
E10,G047,-1.1045,2.8293,epoch04
E10,G048,0.8599,1.4946,epoch04
E10,G049,-0.4354,1.5171,epoch04
E10,G050,-0.1636,1.9822,epoch04
E10,G051,1.3425,1.0667,epoch04
E10,G052,-0.5975,1.5648,epoch04
E10,G053,0.9931,1.2899,epoch04
E10,G054,2.5659,1.6136,epoch04
E10,G055,3.1321,1.9259,epoch04
E10,G056,0.3457,1.9486,epoch04
E10,G057,0.6558,2.3462,epoch04
E10,G058,0.6773,2.273,epoch04
E10,G059,0.3459,2.3383,epoch04
E11,G000,-0.4607,1.1475,epoch04
E11,G001,0.0596,0.5686,epoch04
E11,G002,0.4465,1.3803,epoch04
E11,G003,-2.25,0.6518,epoch04
E11,G004,2.407,0.5604,epoch04
E11,G005,1.936,1.5266,epoch04
E11,G006,-2.2604,1.1281,epoch04
E11,G007,-0.2794,0.9155,epoch04
E11,G008,-1.5419,1.1077,epoch04
E11,G009,0.3306,1.2357,epoch04
E11,G010,-3.0364,0.1712,epoch04
E11,G011,0.4612,0.8525,epoch04
E11,G012,2.8088,0.4333,epoch04
E11,G013,2.3143,0.9914,epoch04
E11,G014,0.5,0.5137,epoch04
E11,G015,0.9273,1.4746,epoch04
E11,G016,2.7194,1.0845,epoch04
E11,G017,1.2997,0.5787,epoch04
E11,G018,-0.4179,0.8003,epoch04
E11,G019,-1.5501,0.3266,epoch04
E11,G020,-1.5433,0.8442,epoch04
E11,G021,1.4763,1.0865,epoch04
E11,G022,0.7057,1.0322,epoch04
E11,G023,0.5567,-0.0041,epoch04
E11,G024,0.0387,0.6976,epoch04
E11,G025,0.4705,1.1333,epoch04
E11,G026,1.5568,1.0627,epoch04
E11,G027,0.2176,1.3816,epoch04
E11,G028,0.3483,0.3155,epoch04
E11,G029,2.0823,1.131,epoch04
E11,G030,0.8152,0.5619,epoch04
E11,G031,-0.3887,0.9337,epoch04
E11,G032,1.1989,1.1154,epoch04
E11,G033,0.2702,1.1397,epoch04
E11,G034,1.8405,0.6772,epoch04
E11,G035,2.1252,0.9715,epoch04
E11,G036,3.9939,0.3899,epoch04
E11,G037,3.2611,0.334,epoch04
E11,G038,1.6777,1.1625,epoch04
E11,G039,-0.8432,0.784,epoch04
E11,G040,1.1533,0.2236,epoch04
E11,G041,-0.8041,0.4713,epoch04
E11,G042,-0.7691,0.8583,epoch04
E11,G043,0.8094,1.5767,epoch04
E11,G044,0.863,1.3571,epoch04
E11,G045,2.7276,1.2813,epoch04
E11,G046,2.9084,0.2109,epoch04
E11,G047,-1.0827,0.7548,epoch04
E11,G048,0.4024,1.1236,epoch04
E11,G049,1.8682,1.0218,epoch04
E11,G050,1.0605,1.0469,epoch04
E11,G051,1.8716,0.7404,epoch04
E11,G052,0.4657,1.5936,epoch04
E11,G053,0.7318,1.4503,epoch04
E11,G054,1.2833,0.8691,epoch04
E11,G055,1.7062,0.4555,epoch04
E11,G056,1.82,1.6973,epoch04
E11,G057,-0.8659,0.6132,epoch04
E11,G058,2.9338,1.4452,epoch04
E11,G059,1.7086,1.6759,epoch04
E00,G000,-0.4154,-1.3187,epoch05
E00,G001,-2.5288,-1.2067,epoch05
E00,G002,0.0976,-0.8339,epoch05
E00,G003,0.2616,-1.3458,epoch05
E00,G004,-2.788,-2.0258,epoch05
E00,G005,-0.2772,-0.4424,epoch05
E00,G006,-2.7185,-1.4169,epoch05
E00,G007,-2.1974,-1.1837,epoch05
E00,G008,-1.4414,-1.2216,epoch05
E00,G009,-0.556,-1.4107,epoch05
E00,G010,-0.6607,-1.4911,epoch05
E00,G011,0.2955,-0.8189,epoch05
E00,G012,0.6534,0.2522,epoch05
E00,G013,-0.9257,-0.6124,epoch05
E00,G014,-1.2855,-0.7043,epoch05
E00,G015,-0.4211,-1.6891,epoch05
E00,G016,1.1629,-0.8722,epoch05
E00,G017,0.9834,-1.4449,epoch05
E00,G018,-3.0006,-0.6313,epoch05
E00,G019,-0.1714,-1.0192,epoch05
E00,G020,-1.4727,-0.9656,epoch05
E00,G021,0.1383,-0.9556,epoch05
E00,G022,-0.2985,-1.1247,epoch05
E00,G023,1.238,-1.6688,epoch05
E00,G024,-0.8287,-0.6863,epoch05
E00,G025,-0.0812,-1.5069,epoch05
E00,G026,-3.4712,-1.5891,epoch05
E00,G027,-1.8146,-1.1479,epoch05
E00,G028,-0.1893,-1.2562,epoch05
E00,G029,-1.2814,-0.8171,epoch05
E00,G030,-1.015,-0.4889,epoch05
E00,G031,1.0094,-0.6855,epoch05
E00,G032,1.3314,-0.7647,epoch05
E00,G033,-2.7054,-1.0206,epoch05
E00,G034,0.9677,-0.431,epoch05
E00,G035,1.4464,-1.772,epoch05
E00,G036,1.8098,-0.7785,epoch05
E00,G037,0.8517,-1.2439,epoch05
E00,G038,0.7926,-1.4265,epoch05
E00,G039,-1.6721,-0.958,epoch05
E00,G040,0.1383,-1.136,epoch05
E00,G041,-0.6238,-0.5939,epoch05
E00,G042,-0.6454,-0.3863,epoch05
E00,G043,-0.0818,-2.0363,epoch05
E00,G044,-0.8602,-0.9362,epoch05
E00,G045,-0.8876,0.0427,epoch05
E00,G046,1.6464,-0.3569,epoch05
E00,G047,-2.6381,-0.2426,epoch05
E00,G048,-1.1767,-0.8426,epoch05
E00,G049,-1.287,-1.657,epoch05
E00,G050,0.1955,-1.4496,epoch05
E00,G051,-2.7683,-0.7252,epoch05
E00,G052,-3.1422,-0.5301,epoch05
E00,G053,-0.4029,-1.2585,epoch05
E00,G054,0.2103,-1.0749,epoch05
E00,G055,2.2968,-0.6737,epoch05
E00,G056,-2.6215,-1.9131,epoch05
E00,G057,-1.1492,-1.0941,epoch05
E00,G058,0.6893,-0.1224,epoch05
E00,G059,-2.023,0.0584,epoch05
E01,G000,-0.2253,0.8829,epoch05
E01,G001,-2.0616,1.6836,epoch05
E01,G002,3.0404,0.7217,epoch05
E01,G003,2.6715,0.6373,epoch05
E01,G004,0.5158,-0.2459,epoch05
E01,G005,-0.3818,1.3453,epoch05
E01,G006,-0.3281,0.6168,epoch05
E01,G007,-1.8268,1.9316,epoch05
E01,G008,-0.4833,1.0166,epoch05
E01,G009,2.6181,0.976,epoch05
E01,G010,0.2107,-0.0314,epoch05
E01,G011,-0.0383,1.6309,epoch05
E01,G012,0.3805,0.7303,epoch05
E01,G013,-0.0083,0.7781,epoch05
E01,G014,0.3205,-0.2455,epoch05
E01,G015,-0.3888,1.331,epoch05
E01,G016,-0.3668,1.4406,epoch05
E01,G017,0.5899,0.6382,epoch05
E01,G018,-1.254,0.843,epoch05
E01,G019,0.15,1.0695,epoch05
E01,G020,0.6929,1.304,epoch05
E01,G021,0.2603,0.9243,epoch05
E01,G022,2.358,1.8066,epoch05
E01,G023,-1.3717,0.7433,epoch05
E01,G024,0.6172,0.5687,epoch05
E01,G025,3.1627,0.7182,epoch05
E01,G026,2.094,-0.2672,epoch05
E01,G027,0.4189,0.4978,epoch05
E01,G028,0.2735,1.3721,epoch05
E01,G029,2.8339,1.071,epoch05
E01,G030,-0.4203,0.5136,epoch05
E01,G031,-0.3059,1.035,epoch05
E01,G032,2.4199,0.0241,epoch05
E01,G033,-0.4987,0.6631,epoch05
E01,G034,-0.0638,1.1554,epoch05
E01,G035,1.688,1.3018,epoch05
E01,G036,-0.1889,0.5094,epoch05
E01,G037,2.9178,1.494,epoch05
E01,G038,0.8504,1.8438,epoch05
E01,G039,-1.2757,0.6639,epoch05
E01,G040,0.4228,1.2646,epoch05
E01,G041,2.1007,0.2017,epoch05
E01,G042,-1.1847,-0.0835,epoch05
E01,G043,0.3374,1.2111,epoch05
E01,G044,2.28,1.0004,epoch05
E01,G045,-0.0107,1.0417,epoch05
E01,G046,2.5722,0.746,epoch05
E01,G047,-1.0126,0.7402,epoch05
E01,G048,1.7758,1.3114,epoch05
E01,G049,2.2408,1.7058,epoch05
E01,G050,3.3374,0.8567,epoch05
E01,G051,-0.8708,0.0408,epoch05
E01,G052,0.8018,1.4998,epoch05
E01,G053,0.6872,1.2065,epoch05
E01,G054,2.5713,1.3634,epoch05
E01,G055,3.9162,1.1154,epoch05
E01,G056,-1.628,1.9844,epoch05
E01,G057,0.613,0.889,epoch05
E01,G058,0.3774,1.1553,epoch05
E01,G059,0.8277,-0.0525,epoch05
E02,G000,0.2838,-1.2995,epoch05
E02,G001,-2.387,-1.4643,epoch05
E02,G002,-0.0581,-1.0607,epoch05
E02,G003,1.2929,-0.8222,epoch05
E02,G004,-1.412,-1.478,epoch05
E02,G005,-0.01,-0.219,epoch05
E02,G006,-3.4272,-1.7216,epoch05
E02,G007,-3.0483,-1.3002,epoch05
E02,G008,-2.4997,-1.1217,epoch05
E02,G009,0.3819,-1.6502,epoch05
E02,G010,-1.4589,-0.8493,epoch05
E02,G011,0.2659,-0.7069,epoch05
E02,G012,1.823,-1.1178,epoch05
E02,G013,-0.2903,-0.0913,epoch05
E02,G014,-4.7103,-1.235,epoch05
E02,G015,-2.5947,-1.0391,epoch05
E02,G016,1.0271,-1.5,epoch05
E02,G017,-2.6697,-1.9153,epoch05
E02,G018,-1.0323,-1.4691,epoch05
E02,G019,-1.2145,-1.2167,epoch05
E02,G020,-3.9153,-1.4209,epoch05
E02,G021,-1.7111,-0.8383,epoch05
E02,G022,0.4602,-2.1453,epoch05
E02,G023,-2.762,-1.665,epoch05
E02,G024,-1.2487,-1.9643,epoch05
E02,G025,1.1571,-0.3621,epoch05
E02,G026,-0.6792,-1.4152,epoch05
E02,G027,-2.2836,-1.39,epoch05
E02,G028,-0.2852,-1.6014,epoch05
E02,G029,-0.5877,-0.6711,epoch05
E02,G030,-3.7055,-1.415,epoch05
E02,G031,0.0998,-0.9336,epoch05
E02,G032,0.5986,-1.9703,epoch05
E02,G033,-2.4839,-0.5796,epoch05
E02,G034,-1.0106,-0.8663,epoch05
E02,G035,-0.9596,-0.8218,epoch05
E02,G036,-1.9963,-0.5527,epoch05
E02,G037,0.1289,-1.0751,epoch05
E02,G038,-0.2122,-1.0924,epoch05
E02,G039,-1.3194,-0.8287,epoch05
E02,G040,-0.1478,-0.8406,epoch05
E02,G041,1.0143,-1.1351,epoch05
E02,G042,1.7453,-0.9694,epoch05
E02,G043,-0.3885,-1.3295,epoch05
E02,G044,2.1406,-0.6865,epoch05
E02,G045,-0.906,-0.5773,epoch05
E02,G046,1.5518,-0.9756,epoch05
E02,G047,-2.6941,-0.2625,epoch05
E02,G048,1.0514,-1.8192,epoch05
E02,G049,1.072,-1.1763,epoch05
E02,G050,-2.57,-0.2337,epoch05
E02,G051,-2.7847,-1.3413,epoch05
E02,G052,-0.8038,-1.8905,epoch05
E02,G053,0.7165,-0.3526,epoch05
E02,G054,0.935,-0.7473,epoch05
E02,G055,-1.1513,-1.6697,epoch05
E02,G056,-2.0382,-0.8037,epoch05
E02,G057,-2.2051,-1.6973,epoch05
E02,G058,-2.3923,-1.8173,epoch05
E02,G059,-2.0215,-1.2873,epoch05
E03,G000,-3.4471,-2.0157,epoch05
E03,G001,-2.4902,-2.4353,epoch05
E03,G002,-4.1106,-2.0775,epoch05
E03,G003,-1.231,-2.3319,epoch05
E03,G004,-3.0079,-1.8527,epoch05
E03,G005,-3.4625,-1.8801,epoch05
E03,G006,-3.7202,-1.6024,epoch05
E03,G007,-4.4648,-2.1503,epoch05
E03,G008,-4.9541,-2.6057,epoch05
E03,G009,-3.4651,-2.4663,epoch05
E03,G010,-3.1338,-2.0212,epoch05
E03,G011,-1.3074,-1.0763,epoch05
E03,G012,-1.7767,-1.4715,epoch05
E03,G013,-2.1974,-2.1473,epoch05
E03,G014,-4.1744,-1.577,epoch05
E03,G015,-1.9815,-2.3952,epoch05
E03,G016,-3.258,-1.4143,epoch05
E03,G017,-1.6359,-2.0317,epoch05
E03,G018,-2.7034,-1.57,epoch05
E03,G019,-3.9729,-1.6327,epoch05
E03,G020,-2.2434,-1.9673,epoch05
E03,G021,-2.1739,-1.6748,epoch05
E03,G022,-1.4073,-2.3185,epoch05
E03,G023,-3.3942,-1.8994,epoch05
E03,G024,-0.9659,-1.3073,epoch05
E03,G025,-3.572,0.0809,epoch05
E03,G026,-2.1724,-1.5314,epoch05
E03,G027,-3.2066,-1.8138,epoch05
E03,G028,-1.699,-2.3273,epoch05
E03,G029,-2.5249,-1.3762,epoch05
E03,G030,-4.0608,-2.7379,epoch05
E03,G031,-0.2542,-2.239,epoch05
E03,G032,0.335,-1.5367,epoch05
E03,G033,-1.7626,-2.513,epoch05
E03,G034,-0.4118,-1.0465,epoch05
E03,G035,-1.6991,-1.2426,epoch05
E03,G036,-3.6388,-2.1863,epoch05
E03,G037,-0.0626,-2.0084,epoch05
E03,G038,-2.6748,-2.5179,epoch05
E03,G039,-2.2779,-2.5321,epoch05
E03,G040,-1.7631,-1.5853,epoch05
E03,G041,-2.8165,-1.4683,epoch05
E03,G042,-2.1725,-1.6587,epoch05
E03,G043,-3.6846,-1.6703,epoch05
E03,G044,-1.7703,-2.1131,epoch05
E03,G045,-2.4617,-1.6412,epoch05
E03,G046,-1.6459,-2.4799,epoch05
E03,G047,-3.0834,-1.8823,epoch05
E03,G048,-0.6924,-1.053,epoch05
E03,G049,-3.7328,-1.2094,epoch05
E03,G050,-3.8887,-2.0659,epoch05
E03,G051,-4.8853,-2.1078,epoch05
E03,G052,-5.292,-1.2417,epoch05
E03,G053,-2.2676,-0.9215,epoch05
E03,G054,0.6178,-2.4945,epoch05
E03,G055,-2.0906,-1.9792,epoch05
E03,G056,-3.1409,-1.8303,epoch05
E03,G057,-5.1691,-1.3529,epoch05
E03,G058,-1.3273,-2.2157,epoch05
E03,G059,-3.9271,-1.6206,epoch05
E04,G000,-1.3659,-1.0843,epoch05
E04,G001,-1.6574,0.1572,epoch05
E04,G002,0.4356,-0.7307,epoch05
E04,G003,-0.17,-0.9452,epoch05
E04,G004,-3.4716,-1.2436,epoch05
E04,G005,-2.7324,-0.4541,epoch05
E04,G006,-3.0526,-0.7537,epoch05
E04,G007,-2.0531,-1.4952,epoch05
E04,G008,-2.6858,-0.9706,epoch05
E04,G009,-1.0115,-1.5672,epoch05
E04,G010,0.4038,-1.3072,epoch05
E04,G011,-3.0678,-1.553,epoch05
E04,G012,-1.6976,-1.5878,epoch05
E04,G013,-0.3081,-1.2644,epoch05
E04,G014,-4.0055,-1.5603,epoch05
E04,G015,-3.1631,-0.7482,epoch05
E04,G016,-1.1284,-0.5237,epoch05
E04,G017,-0.9924,-0.9487,epoch05
E04,G018,-2.7285,-1.5775,epoch05
E04,G019,0.684,-0.5757,epoch05
E04,G020,-1.7016,-2.0168,epoch05
E04,G021,-2.8312,-1.9017,epoch05
E04,G022,-1.822,-0.5627,epoch05
E04,G023,-3.1238,-0.7075,epoch05
E04,G024,0.731,-0.4006,epoch05
E04,G025,-1.7076,-1.0167,epoch05
E04,G026,-1.6536,-1.5292,epoch05
E04,G027,0.7034,-1.1154,epoch05
E04,G028,0.02,-0.6341,epoch05
E04,G029,-1.0593,-1.2716,epoch05
E04,G030,-2.1129,-1.2597,epoch05
E04,G031,-2.748,-1.6086,epoch05
E04,G032,-0.8919,-1.4339,epoch05
E04,G033,-5.8616,-0.6734,epoch05
E04,G034,0.5017,-0.6515,epoch05
E04,G035,-0.612,-1.4196,epoch05
E04,G036,-0.6251,-1.4502,epoch05
E04,G037,2.0726,-1.117,epoch05
E04,G038,0.1998,-0.6512,epoch05
E04,G039,-3.84,-1.5915,epoch05
E04,G040,0.0117,-0.992,epoch05
E04,G041,0.4542,-1.9421,epoch05
E04,G042,-1.9217,-1.5404,epoch05
E04,G043,-1.1993,-0.6677,epoch05
E04,G044,-1.522,-0.5086,epoch05
E04,G045,-2.099,-1.4492,epoch05
E04,G046,1.9172,-1.2045,epoch05
E04,G047,-4.2765,-0.5857,epoch05
E04,G048,-1.6879,-1.0823,epoch05
E04,G049,-0.5599,-1.1376,epoch05
E04,G050,-0.8221,-0.6416,epoch05
E04,G051,-2.1187,-0.9037,epoch05
E04,G052,-2.6248,-0.4969,epoch05
E04,G053,-1.2749,-0.5369,epoch05
E04,G054,-0.4637,-1.2357,epoch05
E04,G055,-3.1172,-0.975,epoch05
E04,G056,-1.8621,-1.0014,epoch05
E04,G057,-2.1515,-1.6042,epoch05
E04,G058,-0.4622,-1.3659,epoch05
E04,G059,-4.1053,-0.6537,epoch05
E05,G000,-3.5455,-1.6173,epoch05
E05,G001,-4.5257,-0.4416,epoch05
E05,G002,-1.27,-0.6724,epoch05
E05,G003,0.1457,-0.7626,epoch05
E05,G004,-4.3517,-0.6498,epoch05
E05,G005,-1.4424,-0.668,epoch05
E05,G006,-2.8905,-0.4192,epoch05
E05,G007,-5.2704,-1.1137,epoch05
E05,G008,-4.1428,-1.0699,epoch05
E05,G009,-1.0113,-1.0207,epoch05
E05,G010,-2.8812,0.0032,epoch05
E05,G011,-2.7924,-0.4108,epoch05
E05,G012,-1.7519,-1.2266,epoch05
E05,G013,-2.4634,-0.9634,epoch05
E05,G014,-4.4491,-1.2881,epoch05
E05,G015,-3.9004,-0.8837,epoch05
E05,G016,-1.4225,-0.7128,epoch05
E05,G017,-2.8564,0.278,epoch05
E05,G018,-4.7226,-1.8337,epoch05
E05,G019,-4.3964,-0.3813,epoch05
E05,G020,-4.417,-0.7414,epoch05
E05,G021,-5.1928,-1.2895,epoch05
E05,G022,-1.0429,-0.8074,epoch05
E05,G023,-2.3787,-1.1344,epoch05
E05,G024,-1.9942,-0.8035,epoch05
E05,G025,-0.3888,-0.248,epoch05
E05,G026,-3.9198,-1.6834,epoch05
E05,G027,-3.0805,-0.239,epoch05
E05,G028,-2.3732,-1.0015,epoch05
E05,G029,-2.4487,-0.0848,epoch05
E05,G030,-3.209,-0.7274,epoch05
E05,G031,-2.7668,-0.1866,epoch05
E05,G032,0.3677,-0.4659,epoch05
E05,G033,-4.8416,-0.4569,epoch05
E05,G034,-3.02,-0.7936,epoch05
E05,G035,-2.2851,-1.1945,epoch05
E05,G036,-3.4729,-0.5273,epoch05
E05,G037,-1.6478,-0.447,epoch05
E05,G038,-1.4913,0.2906,epoch05
E05,G039,-2.1177,-1.8534,epoch05
E05,G040,-2.2459,-0.8656,epoch05
E05,G041,-4.4435,-0.2991,epoch05
E05,G042,-3.6059,-1.4651,epoch05
E05,G043,-4.5932,-0.9496,epoch05
E05,G044,-0.8097,0.3003,epoch05
E05,G045,-0.8755,-0.1119,epoch05
E05,G046,0.7184,-1.0999,epoch05
E05,G047,-4.9455,-0.2111,epoch05
E05,G048,-2.9235,-0.2383,epoch05
E05,G049,-2.3337,-0.5568,epoch05
E05,G050,-2.3013,-0.6558,epoch05
E05,G051,-2.9736,-0.7471,epoch05
E05,G052,-2.8786,-1.3435,epoch05
E05,G053,0.528,-1.0471,epoch05
E05,G054,-0.0477,-0.4054,epoch05
E05,G055,-1.9252,-0.737,epoch05
E05,G056,-3.7991,-0.0391,epoch05
E05,G057,-2.978,-1.0619,epoch05
E05,G058,-2.4796,-1.9555,epoch05
E05,G059,-5.9056,-1.1398,epoch05
E06,G000,-0.2709,0.7094,epoch05
E06,G001,-1.9405,0.7187,epoch05
E06,G002,-0.6592,0.591,epoch05
E06,G003,0.0391,0.1936,epoch05
E06,G004,1.1135,1.2432,epoch05
E06,G005,-0.5403,0.2934,epoch05
E06,G006,-2.9432,0.7645,epoch05
E06,G007,-1.301,0.3861,epoch05
E06,G008,-1.709,-0.1173,epoch05
E06,G009,0.278,1.2329,epoch05
E06,G010,-1.0102,-0.651,epoch05
E06,G011,-0.7624,0.1879,epoch05
E06,G012,-0.2848,0.8906,epoch05
E06,G013,-1.5087,0.388,epoch05
E06,G014,-1.5594,0.8299,epoch05
E06,G015,-0.5018,0.5149,epoch05
E06,G016,-1.4414,0.3517,epoch05
E06,G017,0.3023,1.6856,epoch05
E06,G018,-1.4568,0.3987,epoch05
E06,G019,0.5985,0.5274,epoch05
E06,G020,-1.4547,0.0205,epoch05
E06,G021,-1.669,0.1481,epoch05
E06,G022,-0.6786,0.9837,epoch05
E06,G023,-1.7722,0.8328,epoch05
E06,G024,2.4065,0.6488,epoch05
E06,G025,-1.7878,0.2851,epoch05
E06,G026,-0.7986,0.9025,epoch05
E06,G027,-0.9475,-0.2974,epoch05
E06,G028,0.3425,0.479,epoch05
E06,G029,-1.3511,0.4439,epoch05
E06,G030,-2.4002,0.0451,epoch05
E06,G031,0.1801,0.6857,epoch05
E06,G032,2.201,0.4197,epoch05
E06,G033,-4.3416,0.0588,epoch05
E06,G034,0.1007,1.4884,epoch05
E06,G035,-1.1057,0.9444,epoch05
E06,G036,-1.8295,1.1022,epoch05
E06,G037,2.6433,0.7774,epoch05
E06,G038,0.9882,1.0906,epoch05
E06,G039,-0.6572,0.8837,epoch05
E06,G040,0.1368,1.2292,epoch05
E06,G041,1.1222,1.7611,epoch05
E06,G042,1.4383,0.5104,epoch05
E06,G043,1.2899,0.7387,epoch05
E06,G044,0.6251,0.5317,epoch05
E06,G045,-0.6129,-1.1248,epoch05
E06,G046,2.7176,0.1093,epoch05
E06,G047,0.0756,0.5674,epoch05
E06,G048,-0.8423,0.9442,epoch05
E06,G049,-0.1253,0.3062,epoch05
E06,G050,-0.141,1.1791,epoch05
E06,G051,-1.3708,1.1645,epoch05
E06,G052,-0.8347,0.4629,epoch05
E06,G053,-1.6636,1.247,epoch05
E06,G054,-0.0616,1.4513,epoch05
E06,G055,1.4757,0.8681,epoch05
E06,G056,-1.1174,0.0014,epoch05
E06,G057,-0.2017,1.31,epoch05
E06,G058,1.1822,0.6139,epoch05
E06,G059,-3.3457,0.2687,epoch05
E07,G000,2.885,3.2921,epoch05
E07,G001,1.9241,2.9567,epoch05
E07,G002,4.901,3.8677,epoch05
E07,G003,3.8238,3.5868,epoch05
E07,G004,2.3426,3.8194,epoch05
E07,G005,0.6425,3.4965,epoch05
E07,G006,1.3167,2.834,epoch05
E07,G007,-0.1517,3.0868,epoch05
E07,G008,0.1119,3.5875,epoch05
E07,G009,3.3663,3.0142,epoch05
E07,G010,1.6257,4.5817,epoch05
E07,G011,3.0717,3.2514,epoch05
E07,G012,4.7353,3.0533,epoch05
E07,G013,4.1428,3.8177,epoch05
E07,G014,-0.1352,3.4582,epoch05
E07,G015,0.8102,3.1617,epoch05
E07,G016,2.6891,3.1598,epoch05
E07,G017,3.7268,3.5032,epoch05
E07,G018,2.4015,3.5964,epoch05
E07,G019,3.9893,3.6262,epoch05
E07,G020,2.7992,3.0356,epoch05
E07,G021,3.6807,3.4469,epoch05
E07,G022,5.7463,3.7637,epoch05
E07,G023,4.1078,3.6671,epoch05
E07,G024,3.0938,1.8782,epoch05
E07,G025,4.0081,2.9099,epoch05
E07,G026,2.5444,2.8464,epoch05
E07,G027,2.8102,3.1701,epoch05
E07,G028,3.9469,3.3583,epoch05
E07,G029,2.5344,3.7084,epoch05
E07,G030,1.1587,3.5111,epoch05
E07,G031,4.1407,3.1892,epoch05
E07,G032,5.7996,3.4135,epoch05
E07,G033,1.9499,4.041,epoch05
E07,G034,5.3116,3.0594,epoch05
E07,G035,4.4044,3.438,epoch05
E07,G036,2.541,3.9766,epoch05
E07,G037,2.2297,3.5418,epoch05
E07,G038,3.2711,2.3403,epoch05
E07,G039,1.3105,3.374,epoch05
E07,G040,2.6046,3.1188,epoch05
E07,G041,4.1228,3.2723,epoch05
E07,G042,3.4003,3.7284,epoch05
E07,G043,3.5955,3.5638,epoch05
E07,G044,1.2092,3.1009,epoch05
E07,G045,5.6143,3.7373,epoch05
E07,G046,4.1316,3.5785,epoch05
E07,G047,-0.0108,3.2096,epoch05
E07,G048,3.8554,3.4535,epoch05
E07,G049,3.4186,3.3914,epoch05
E07,G050,2.6621,3.1281,epoch05
E07,G051,2.6568,2.9769,epoch05
E07,G052,2.0224,3.2511,epoch05
E07,G053,1.5478,2.7751,epoch05
E07,G054,4.2391,2.7268,epoch05
E07,G055,4.8797,3.9675,epoch05
E07,G056,1.4573,3.097,epoch05
E07,G057,2.0436,3.1777,epoch05
E07,G058,4.0689,3.2765,epoch05
E07,G059,4.2828,3.1848,epoch05
E08,G000,-1.9328,-0.2784,epoch05
E08,G001,-1.0843,-0.3354,epoch05
E08,G002,-0.9255,-0.6568,epoch05
E08,G003,-1.8272,0.1316,epoch05
E08,G004,-1.5307,-0.6881,epoch05
E08,G005,-0.624,0.1927,epoch05
E08,G006,-1.6664,-1.3236,epoch05
E08,G007,-1.9231,-0.8667,epoch05
E08,G008,-4.1302,0.0468,epoch05
E08,G009,-2.1849,-0.3874,epoch05
E08,G010,-1.5424,-0.6654,epoch05
E08,G011,-0.0769,-0.0727,epoch05
E08,G012,0.469,-0.7766,epoch05
E08,G013,-2.059,-0.3302,epoch05
E08,G014,-2.3106,-1.4941,epoch05
E08,G015,0.5662,-0.4911,epoch05
E08,G016,-0.4074,-0.563,epoch05
E08,G017,-2.4391,-0.0116,epoch05
E08,G018,-5.0303,-0.0295,epoch05
E08,G019,-2.4863,-0.6917,epoch05
E08,G020,-0.7205,0.4208,epoch05
E08,G021,-4.6595,-0.7368,epoch05
E08,G022,1.3263,-1.2014,epoch05
E08,G023,-2.4968,-1.5558,epoch05
E08,G024,-0.4553,0.3958,epoch05
E08,G025,0.2125,-0.3047,epoch05
E08,G026,-1.0257,-0.5837,epoch05
E08,G027,-1.8018,-0.6745,epoch05
E08,G028,-0.8452,-0.7992,epoch05
E08,G029,0.2321,0.4442,epoch05
E08,G030,-1.8705,-0.3371,epoch05
E08,G031,-1.2594,0.5761,epoch05
E08,G032,1.5686,-0.3119,epoch05
E08,G033,-5.3624,-1.5775,epoch05
E08,G034,-0.5988,0.1418,epoch05
E08,G035,-1.7204,-0.4419,epoch05
E08,G036,-1.4079,-0.4271,epoch05
E08,G037,1.6869,0.5974,epoch05
E08,G038,0.1705,-0.3263,epoch05
E08,G039,-2.1975,0.1638,epoch05
E08,G040,-2.7851,-0.29,epoch05
E08,G041,0.965,-0.5856,epoch05
E08,G042,-1.6135,-0.0308,epoch05
E08,G043,0.8245,-0.491,epoch05
E08,G044,-0.8367,0.3173,epoch05
E08,G045,-3.3654,0.2024,epoch05
E08,G046,-0.2945,-0.1541,epoch05
E08,G047,-2.3875,-0.0806,epoch05
E08,G048,-0.621,-0.0756,epoch05
E08,G049,-1.0001,-0.4266,epoch05
E08,G050,-0.8842,0.1486,epoch05
E08,G051,-3.6145,-0.4602,epoch05
E08,G052,-1.5671,-0.1019,epoch05
E08,G053,0.1248,-0.7774,epoch05
E08,G054,-0.7231,-0.2106,epoch05
E08,G055,-0.91,-0.055,epoch05
E08,G056,-5.7516,-0.8517,epoch05
E08,G057,-1.3762,-0.5542,epoch05
E08,G058,2.7468,-0.4672,epoch05
E08,G059,-2.2391,-0.0439,epoch05
E09,G000,-0.6027,-2.2087,epoch05
E09,G001,-1.95,-1.6874,epoch05
E09,G002,-2.0357,-1.0721,epoch05
E09,G003,-1.4515,-1.7448,epoch05
E09,G004,-4.2172,-2.7086,epoch05
E09,G005,-1.8392,-1.7839,epoch05
E09,G006,-2.6961,-1.425,epoch05
E09,G007,-0.7673,-1.984,epoch05
E09,G008,-2.1824,-1.3682,epoch05
E09,G009,-1.1806,-1.5413,epoch05
E09,G010,-3.3687,-1.7011,epoch05
E09,G011,-2.0184,-1.914,epoch05
E09,G012,-1.7105,-2.1002,epoch05
E09,G013,-2.4764,-1.9758,epoch05
E09,G014,-4.7414,-1.9251,epoch05
E09,G015,-1.9856,-1.5335,epoch05
E09,G016,-2.2013,-1.6446,epoch05
E09,G017,-3.3243,-1.9784,epoch05
E09,G018,-4.2899,-1.8926,epoch05
E09,G019,-2.7238,-1.6212,epoch05
E09,G020,-2.3687,-2.6852,epoch05
E09,G021,-0.9235,-2.1948,epoch05
E09,G022,0.8402,-2.1993,epoch05
E09,G023,-3.9865,-1.9937,epoch05
E09,G024,-2.402,-1.9804,epoch05
E09,G025,0.7964,-1.8717,epoch05
E09,G026,-1.6199,-2.249,epoch05
E09,G027,-3.0465,-1.5835,epoch05
E09,G028,-0.3721,-1.7345,epoch05
E09,G029,-1.59,-2.6114,epoch05
E09,G030,-4.3935,-1.9341,epoch05
E09,G031,-3.8577,-2.4417,epoch05
E09,G032,0.8703,-0.8824,epoch05
E09,G033,-2.4473,-2.1303,epoch05
E09,G034,-1.7183,-1.9505,epoch05
E09,G035,-2.75,-1.8077,epoch05
E09,G036,-0.9377,-1.9267,epoch05
E09,G037,0.8585,-1.7489,epoch05
E09,G038,-0.6646,-0.9912,epoch05
E09,G039,-2.7664,-1.8397,epoch05
E09,G040,-1.5027,-1.4633,epoch05
E09,G041,-2.6143,-1.2445,epoch05
E09,G042,-2.5437,-2.348,epoch05
E09,G043,0.0197,-0.9455,epoch05
E09,G044,-2.0087,-1.4942,epoch05
E09,G045,-3.669,-1.37,epoch05
E09,G046,-0.3447,-2.1588,epoch05
E09,G047,-1.7207,-1.4961,epoch05
E09,G048,0.8734,-1.5814,epoch05
E09,G049,-4.6481,-2.15,epoch05
E09,G050,0.882,-0.7411,epoch05
E09,G051,-3.0177,-1.5808,epoch05
E09,G052,0.3935,-1.8879,epoch05
E09,G053,0.8861,-1.6649,epoch05
E09,G054,0.3749,-1.3347,epoch05
E09,G055,-0.1031,-1.2061,epoch05
E09,G056,-2.9627,-1.5677,epoch05
E09,G057,-1.8064,-1.2996,epoch05
E09,G058,-2.303,-1.1247,epoch05
E09,G059,-5.9845,-2.5492,epoch05
E10,G000,4.475,0.6518,epoch05
E10,G001,0.4218,0.312,epoch05
E10,G002,1.8611,0.8339,epoch05
E10,G003,0.0026,1.5391,epoch05
E10,G004,1.8137,1.1217,epoch05
E10,G005,1.826,0.2934,epoch05
E10,G006,0.779,0.5941,epoch05
E10,G007,0.0627,1.287,epoch05
E10,G008,-1.3862,0.516,epoch05
E10,G009,0.5778,0.7847,epoch05
E10,G010,-1.8965,0.9507,epoch05
E10,G011,-0.8292,-0.042,epoch05
E10,G012,1.2201,1.2317,epoch05
E10,G013,-0.6708,0.97,epoch05
E10,G014,-0.6644,1.0282,epoch05
E10,G015,0.558,0.3528,epoch05
E10,G016,2.5893,0.4541,epoch05
E10,G017,2.3889,0.5638,epoch05
E10,G018,-0.5056,0.8769,epoch05
E10,G019,2.4461,0.8955,epoch05
E10,G020,-1.6506,0.7921,epoch05
E10,G021,-0.6472,1.6315,epoch05
E10,G022,2.9311,1.5415,epoch05
E10,G023,0.948,0.5731,epoch05
E10,G024,1.5821,0.5843,epoch05
E10,G025,0.7101,1.7405,epoch05
E10,G026,1.2569,0.7021,epoch05
E10,G027,4.1856,1.6101,epoch05
E10,G028,0.4194,1.6304,epoch05
E10,G029,1.2578,0.5865,epoch05
E10,G030,-0.0494,0.707,epoch05
E10,G031,0.4971,0.927,epoch05
E10,G032,1.8175,0.5569,epoch05
E10,G033,0.7765,0.2694,epoch05
E10,G034,5.7934,0.8041,epoch05
E10,G035,3.0237,1.355,epoch05
E10,G036,0.263,0.6289,epoch05
E10,G037,4.4089,0.9153,epoch05
E10,G038,0.2335,0.5949,epoch05
E10,G039,1.2731,0.1539,epoch05
E10,G040,1.4542,1.5746,epoch05
E10,G041,2.3847,-0.217,epoch05
E10,G042,2.1208,0.5624,epoch05
E10,G043,1.0891,1.1585,epoch05
E10,G044,-0.4296,0.108,epoch05
E10,G045,0.4281,1.2107,epoch05
E10,G046,1.7023,1.5235,epoch05
E10,G047,-1.1045,0.3885,epoch05
E10,G048,0.8599,0.9478,epoch05
E10,G049,-0.4354,0.2799,epoch05
E10,G050,-0.1636,1.013,epoch05
E10,G051,1.3425,0.8824,epoch05
E10,G052,-0.5975,0.9397,epoch05
E10,G053,0.9931,1.5573,epoch05
E10,G054,2.5659,1.2305,epoch05
E10,G055,3.1321,1.5836,epoch05
E10,G056,0.3457,1.0061,epoch05
E10,G057,0.6558,0.1919,epoch05
E10,G058,0.6773,0.9745,epoch05
E10,G059,0.3459,0.9512,epoch05
E11,G000,-0.4607,2.134,epoch05
E11,G001,0.0596,3.3226,epoch05
E11,G002,0.4465,2.869,epoch05
E11,G003,-2.25,2.9784,epoch05
E11,G004,2.407,2.3188,epoch05
E11,G005,1.936,2.8248,epoch05
E11,G006,-2.2604,2.8359,epoch05
E11,G007,-0.2794,2.5817,epoch05
E11,G008,-1.5419,2.7238,epoch05
E11,G009,0.3306,1.7567,epoch05
E11,G010,-3.0364,3.3292,epoch05
E11,G011,0.4612,2.2997,epoch05
E11,G012,2.8088,1.8579,epoch05
E11,G013,2.3143,2.4331,epoch05
E11,G014,0.5,2.32,epoch05
E11,G015,0.9273,3.0829,epoch05
E11,G016,2.7194,2.3484,epoch05
E11,G017,1.2997,3.0301,epoch05
E11,G018,-0.4179,2.261,epoch05
E11,G019,-1.5501,3.857,epoch05
E11,G020,-1.5433,3.0126,epoch05
E11,G021,1.4763,3.7221,epoch05
E11,G022,0.7057,2.379,epoch05
E11,G023,0.5567,3.0894,epoch05
E11,G024,0.0387,2.3107,epoch05
E11,G025,0.4705,3.1407,epoch05
E11,G026,1.5568,3.2131,epoch05
E11,G027,0.2176,2.0411,epoch05
E11,G028,0.3483,2.2689,epoch05
E11,G029,2.0823,2.285,epoch05
E11,G030,0.8152,2.0492,epoch05
E11,G031,-0.3887,2.4243,epoch05
E11,G032,1.1989,2.4327,epoch05
E11,G033,0.2702,2.0662,epoch05
E11,G034,1.8405,2.9337,epoch05
E11,G035,2.1252,3.0976,epoch05
E11,G036,3.9939,2.2129,epoch05
E11,G037,3.2611,2.6464,epoch05
E11,G038,1.6777,2.8754,epoch05
E11,G039,-0.8432,2.611,epoch05
E11,G040,1.1533,2.551,epoch05
E11,G041,-0.8041,3.1628,epoch05
E11,G042,-0.7691,3.1886,epoch05
E11,G043,0.8094,3.168,epoch05
E11,G044,0.863,2.7438,epoch05
E11,G045,2.7276,3.8481,epoch05
E11,G046,2.9084,3.8115,epoch05
E11,G047,-1.0827,2.5144,epoch05
E11,G048,0.4024,2.8066,epoch05
E11,G049,1.8682,3.3522,epoch05
E11,G050,1.0605,2.4115,epoch05
E11,G051,1.8716,2.9613,epoch05
E11,G052,0.4657,2.7651,epoch05
E11,G053,0.7318,2.3761,epoch05
E11,G054,1.2833,2.7466,epoch05
E11,G055,1.7062,2.0647,epoch05
E11,G056,1.82,2.4453,epoch05
E11,G057,-0.8659,1.8204,epoch05
E11,G058,2.9338,3.9748,epoch05
E11,G059,1.7086,3.4915,epoch05
E00,G000,-0.4154,1.8315,epoch06
E00,G001,-2.5288,0.491,epoch06
E00,G002,0.0976,2.2821,epoch06
E00,G003,0.2616,2.1623,epoch06
E00,G004,-2.788,0.9659,epoch06
E00,G005,-0.2772,0.9906,epoch06
E00,G006,-2.7185,1.0877,epoch06
E00,G007,-2.1974,1.7922,epoch06
E00,G008,-1.4414,0.9186,epoch06
E00,G009,-0.556,0.6718,epoch06
E00,G010,-0.6607,1.3913,epoch06
E00,G011,0.2955,0.2159,epoch06
E00,G012,0.6534,1.3669,epoch06
E00,G013,-0.9257,1.8256,epoch06
E00,G014,-1.2855,1.2504,epoch06
E00,G015,-0.4211,1.6347,epoch06
E00,G016,1.1629,1.6124,epoch06
E00,G017,0.9834,1.7202,epoch06
E00,G018,-3.0006,1.2434,epoch06
E00,G019,-0.1714,0.8515,epoch06
E00,G020,-1.4727,1.0744,epoch06
E00,G021,0.1383,1.2455,epoch06
E00,G022,-0.2985,2.039,epoch06
E00,G023,1.238,2.1166,epoch06
E00,G024,-0.8287,1.4373,epoch06
E00,G025,-0.0812,0.9826,epoch06
E00,G026,-3.4712,0.7638,epoch06
E00,G027,-1.8146,1.0683,epoch06
E00,G028,-0.1893,2.015,epoch06
E00,G029,-1.2814,1.4214,epoch06
E00,G030,-1.015,1.1721,epoch06
E00,G031,1.0094,1.0177,epoch06
E00,G032,1.3314,1.8178,epoch06
E00,G033,-2.7054,1.2843,epoch06
E00,G034,0.9677,1.3433,epoch06
E00,G035,1.4464,1.3817,epoch06
E00,G036,1.8098,2.1192,epoch06
E00,G037,0.8517,1.3536,epoch06
E00,G038,0.7926,2.2815,epoch06
E00,G039,-1.6721,1.8791,epoch06
E00,G040,0.1383,1.2658,epoch06
E00,G041,-0.6238,1.7982,epoch06
E00,G042,-0.6454,1.2115,epoch06
E00,G043,-0.0818,0.8483,epoch06
E00,G044,-0.8602,1.1578,epoch06
E00,G045,-0.8876,0.8164,epoch06
E00,G046,1.6464,1.7292,epoch06
E00,G047,-2.6381,1.2546,epoch06
E00,G048,-1.1767,1.611,epoch06
E00,G049,-1.287,1.6564,epoch06
E00,G050,0.1955,-0.3537,epoch06
E00,G051,-2.7683,1.2479,epoch06
E00,G052,-3.1422,0.2293,epoch06
E00,G053,-0.4029,1.3826,epoch06
E00,G054,0.2103,0.7796,epoch06
E00,G055,2.2968,1.4838,epoch06
E00,G056,-2.6215,1.8075,epoch06
E00,G057,-1.1492,0.3672,epoch06
E00,G058,0.6893,1.395,epoch06
E00,G059,-2.023,1.133,epoch06
E01,G000,-0.2253,0.0871,epoch06
E01,G001,-2.0616,1.2521,epoch06
E01,G002,3.0404,1.1558,epoch06
E01,G003,2.6715,0.9378,epoch06
E01,G004,0.5158,0.5782,epoch06
E01,G005,-0.3818,2.7144,epoch06
E01,G006,-0.3281,0.7016,epoch06
E01,G007,-1.8268,-0.0376,epoch06
E01,G008,-0.4833,0.4932,epoch06
E01,G009,2.6181,0.8276,epoch06
E01,G010,0.2107,0.7633,epoch06
E01,G011,-0.0383,1.006,epoch06
E01,G012,0.3805,0.4951,epoch06
E01,G013,-0.0083,1.2698,epoch06
E01,G014,0.3205,0.6842,epoch06
E01,G015,-0.3888,0.3003,epoch06
E01,G016,-0.3668,0.6898,epoch06
E01,G017,0.5899,0.877,epoch06
E01,G018,-1.254,1.3573,epoch06
E01,G019,0.15,1.2697,epoch06
E01,G020,0.6929,0.7824,epoch06
E01,G021,0.2603,1.0165,epoch06
E01,G022,2.358,1.2476,epoch06
E01,G023,-1.3717,2.0653,epoch06
E01,G024,0.6172,0.6646,epoch06
E01,G025,3.1627,1.3424,epoch06
E01,G026,2.094,1.4996,epoch06
E01,G027,0.4189,0.5207,epoch06
E01,G028,0.2735,1.1201,epoch06
E01,G029,2.8339,1.1805,epoch06
E01,G030,-0.4203,0.8031,epoch06
E01,G031,-0.3059,1.2947,epoch06
E01,G032,2.4199,1.7101,epoch06
E01,G033,-0.4987,1.5081,epoch06
E01,G034,-0.0638,0.9392,epoch06
E01,G035,1.688,1.2211,epoch06
E01,G036,-0.1889,2.2587,epoch06
E01,G037,2.9178,0.6514,epoch06
E01,G038,0.8504,1.2062,epoch06
E01,G039,-1.2757,1.4698,epoch06
E01,G040,0.4228,1.1253,epoch06
E01,G041,2.1007,1.4546,epoch06
E01,G042,-1.1847,1.0844,epoch06
E01,G043,0.3374,1.4547,epoch06
E01,G044,2.28,1.8167,epoch06
E01,G045,-0.0107,0.9783,epoch06
E01,G046,2.5722,1.3057,epoch06
E01,G047,-1.0126,0.9853,epoch06
E01,G048,1.7758,0.8488,epoch06
E01,G049,2.2408,0.9945,epoch06
E01,G050,3.3374,0.5183,epoch06
E01,G051,-0.8708,1.3516,epoch06
E01,G052,0.8018,1.9143,epoch06
E01,G053,0.6872,1.9557,epoch06
E01,G054,2.5713,1.8814,epoch06
E01,G055,3.9162,0.6908,epoch06
E01,G056,-1.628,1.7883,epoch06
E01,G057,0.613,0.5976,epoch06
E01,G058,0.3774,1.0167,epoch06
E01,G059,0.8277,1.9389,epoch06
E02,G000,0.2838,-0.1416,epoch06
E02,G001,-2.387,0.7238,epoch06
E02,G002,-0.0581,0.5383,epoch06
E02,G003,1.2929,0.3807,epoch06
E02,G004,-1.412,-0.1615,epoch06
E02,G005,-0.01,0.5998,epoch06
E02,G006,-3.4272,-0.0603,epoch06
E02,G007,-3.0483,0.8954,epoch06
E02,G008,-2.4997,0.7914,epoch06
E02,G009,0.3819,-0.3369,epoch06
E02,G010,-1.4589,0.0215,epoch06
E02,G011,0.2659,0.2639,epoch06
E02,G012,1.823,-0.1445,epoch06
E02,G013,-0.2903,-0.1603,epoch06
E02,G014,-4.7103,0.1436,epoch06
E02,G015,-2.5947,0.1146,epoch06
E02,G016,1.0271,-0.4684,epoch06
E02,G017,-2.6697,0.0301,epoch06
E02,G018,-1.0323,0.5129,epoch06
E02,G019,-1.2145,-0.2662,epoch06
E02,G020,-3.9153,-0.2958,epoch06
E02,G021,-1.7111,1.0175,epoch06
E02,G022,0.4602,1.1564,epoch06
E02,G023,-2.762,-0.5559,epoch06
E02,G024,-1.2487,-0.3677,epoch06
E02,G025,1.1571,0.6338,epoch06
E02,G026,-0.6792,-0.3619,epoch06
E02,G027,-2.2836,0.1349,epoch06
E02,G028,-0.2852,0.1231,epoch06
E02,G029,-0.5877,0.6083,epoch06
E02,G030,-3.7055,-1.1628,epoch06
E02,G031,0.0998,-0.7666,epoch06
E02,G032,0.5986,-0.1804,epoch06
E02,G033,-2.4839,0.7963,epoch06
E02,G034,-1.0106,0.2937,epoch06
E02,G035,-0.9596,-0.5672,epoch06
E02,G036,-1.9963,0.515,epoch06
E02,G037,0.1289,0.8456,epoch06
E02,G038,-0.2122,0.3038,epoch06
E02,G039,-1.3194,0.0478,epoch06
E02,G040,-0.1478,0.6187,epoch06
E02,G041,1.0143,1.0654,epoch06
E02,G042,1.7453,0.5404,epoch06
E02,G043,-0.3885,0.6199,epoch06
E02,G044,2.1406,0.3807,epoch06
E02,G045,-0.906,0.2088,epoch06
E02,G046,1.5518,-0.0076,epoch06
E02,G047,-2.6941,0.3621,epoch06
E02,G048,1.0514,0.1939,epoch06
E02,G049,1.072,0.2378,epoch06
E02,G050,-2.57,0.8582,epoch06
E02,G051,-2.7847,0.5292,epoch06
E02,G052,-0.8038,0.7587,epoch06
E02,G053,0.7165,-0.4211,epoch06
E02,G054,0.935,0.7272,epoch06
E02,G055,-1.1513,0.0189,epoch06
E02,G056,-2.0382,-0.2092,epoch06
E02,G057,-2.2051,-0.2615,epoch06
E02,G058,-2.3923,0.8713,epoch06
E02,G059,-2.0215,0.6101,epoch06
E03,G000,-3.4471,-1.1907,epoch06
E03,G001,-2.4902,-1.5674,epoch06
E03,G002,-4.1106,-0.9558,epoch06
E03,G003,-1.231,-1.1348,epoch06
E03,G004,-3.0079,-0.0632,epoch06
E03,G005,-3.4625,-1.6943,epoch06
E03,G006,-3.7202,-2.0103,epoch06
E03,G007,-4.4648,-1.1362,epoch06
E03,G008,-4.9541,-1.0344,epoch06
E03,G009,-3.4651,-0.7989,epoch06
E03,G010,-3.1338,-0.5677,epoch06
E03,G011,-1.3074,0.2331,epoch06
E03,G012,-1.7767,-1.1217,epoch06
E03,G013,-2.1974,-1.1689,epoch06
E03,G014,-4.1744,-2.0631,epoch06
E03,G015,-1.9815,-0.7485,epoch06
E03,G016,-3.258,-0.5196,epoch06
E03,G017,-1.6359,-1.0313,epoch06
E03,G018,-2.7034,-0.3945,epoch06
E03,G019,-3.9729,-0.9914,epoch06
E03,G020,-2.2434,-0.0773,epoch06
E03,G021,-2.1739,-0.7023,epoch06
E03,G022,-1.4073,-1.3945,epoch06
E03,G023,-3.3942,-1.2527,epoch06
E03,G024,-0.9659,-1.6863,epoch06
E03,G025,-3.572,-1.8877,epoch06
E03,G026,-2.1724,-0.7869,epoch06
E03,G027,-3.2066,-0.4484,epoch06
E03,G028,-1.699,0.15,epoch06
E03,G029,-2.5249,-0.9794,epoch06
E03,G030,-4.0608,-1.1331,epoch06
E03,G031,-0.2542,-1.4845,epoch06
E03,G032,0.335,-0.199,epoch06
E03,G033,-1.7626,-0.7946,epoch06
E03,G034,-0.4118,-1.141,epoch06
E03,G035,-1.6991,-0.4367,epoch06
E03,G036,-3.6388,-0.6811,epoch06
E03,G037,-0.0626,-1.7444,epoch06
E03,G038,-2.6748,-0.5438,epoch06
E03,G039,-2.2779,-0.8314,epoch06
E03,G040,-1.7631,-1.042,epoch06
E03,G041,-2.8165,-1.018,epoch06
E03,G042,-2.1725,0.0502,epoch06
E03,G043,-3.6846,-0.0236,epoch06
E03,G044,-1.7703,0.0755,epoch06
E03,G045,-2.4617,-1.4624,epoch06
E03,G046,-1.6459,-1.1372,epoch06
E03,G047,-3.0834,-0.4681,epoch06
E03,G048,-0.6924,-1.4324,epoch06
E03,G049,-3.7328,-1.2813,epoch06
E03,G050,-3.8887,-1.8408,epoch06
E03,G051,-4.8853,-0.0441,epoch06
E03,G052,-5.292,-0.4159,epoch06
E03,G053,-2.2676,-0.5792,epoch06
E03,G054,0.6178,-0.6793,epoch06
E03,G055,-2.0906,-1.0201,epoch06
E03,G056,-3.1409,-1.2303,epoch06
E03,G057,-5.1691,-0.6956,epoch06
E03,G058,-1.3273,-1.223,epoch06
E03,G059,-3.9271,-0.3575,epoch06
E04,G000,-1.3659,-0.3456,epoch06
E04,G001,-1.6574,-0.6202,epoch06
E04,G002,0.4356,0.5985,epoch06
E04,G003,-0.17,-0.0864,epoch06
E04,G004,-3.4716,0.0245,epoch06
E04,G005,-2.7324,-0.3408,epoch06
E04,G006,-3.0526,-1.4595,epoch06
E04,G007,-2.0531,0.1633,epoch06
E04,G008,-2.6858,-0.9731,epoch06
E04,G009,-1.0115,0.5128,epoch06
E04,G010,0.4038,-0.9067,epoch06
E04,G011,-3.0678,-1.0524,epoch06
E04,G012,-1.6976,0.0693,epoch06
E04,G013,-0.3081,0.1482,epoch06
E04,G014,-4.0055,-0.2168,epoch06
E04,G015,-3.1631,-0.8113,epoch06
E04,G016,-1.1284,0.4189,epoch06
E04,G017,-0.9924,-0.7236,epoch06
E04,G018,-2.7285,-0.4538,epoch06
E04,G019,0.684,-0.5376,epoch06
E04,G020,-1.7016,-0.408,epoch06
E04,G021,-2.8312,0.3314,epoch06
E04,G022,-1.822,-0.3918,epoch06
E04,G023,-3.1238,0.0995,epoch06
E04,G024,0.731,0.3633,epoch06
E04,G025,-1.7076,-0.9553,epoch06
E04,G026,-1.6536,-0.6741,epoch06
E04,G027,0.7034,-0.1981,epoch06
E04,G028,0.02,-0.3613,epoch06
E04,G029,-1.0593,0.1264,epoch06
E04,G030,-2.1129,-1.0805,epoch06
E04,G031,-2.748,0.3035,epoch06
E04,G032,-0.8919,0.3964,epoch06
E04,G033,-5.8616,-0.3601,epoch06
E04,G034,0.5017,-0.7312,epoch06
E04,G035,-0.612,0.0231,epoch06
E04,G036,-0.6251,-0.3534,epoch06
E04,G037,2.0726,0.3342,epoch06
E04,G038,0.1998,-0.1041,epoch06
E04,G039,-3.84,0.1884,epoch06
E04,G040,0.0117,-0.2785,epoch06
E04,G041,0.4542,0.7241,epoch06
E04,G042,-1.9217,-1.2919,epoch06
E04,G043,-1.1993,-0.5374,epoch06
E04,G044,-1.522,0.1651,epoch06
E04,G045,-2.099,-0.8186,epoch06
E04,G046,1.9172,0.4429,epoch06
E04,G047,-4.2765,-0.773,epoch06
E04,G048,-1.6879,0.0215,epoch06
E04,G049,-0.5599,-0.4874,epoch06
E04,G050,-0.8221,-0.2617,epoch06
E04,G051,-2.1187,-0.0715,epoch06
E04,G052,-2.6248,-0.2679,epoch06
E04,G053,-1.2749,-0.2673,epoch06
E04,G054,-0.4637,1.0276,epoch06
E04,G055,-3.1172,-0.0549,epoch06
E04,G056,-1.8621,-0.642,epoch06
E04,G057,-2.1515,0.3937,epoch06
E04,G058,-0.4622,0.4045,epoch06
E04,G059,-4.1053,0.3189,epoch06
E05,G000,-3.5455,-0.5851,epoch06
E05,G001,-4.5257,-2.1244,epoch06
E05,G002,-1.27,-0.9236,epoch06
E05,G003,0.1457,-0.7329,epoch06
E05,G004,-4.3517,-1.6113,epoch06
E05,G005,-1.4424,-1.4669,epoch06
E05,G006,-2.8905,-3.3187,epoch06
E05,G007,-5.2704,-1.9254,epoch06
E05,G008,-4.1428,-0.7293,epoch06
E05,G009,-1.0113,-2.5427,epoch06
E05,G010,-2.8812,-1.8938,epoch06
E05,G011,-2.7924,-1.4069,epoch06
E05,G012,-1.7519,-1.1377,epoch06
E05,G013,-2.4634,-0.6105,epoch06
E05,G014,-4.4491,-2.5872,epoch06
E05,G015,-3.9004,-1.5632,epoch06
E05,G016,-1.4225,-1.0375,epoch06
E05,G017,-2.8564,-2.2081,epoch06
E05,G018,-4.7226,-1.6811,epoch06
E05,G019,-4.3964,-0.5783,epoch06
E05,G020,-4.417,-0.972,epoch06
E05,G021,-5.1928,-1.3767,epoch06
E05,G022,-1.0429,-2.7671,epoch06
E05,G023,-2.3787,-1.6602,epoch06
E05,G024,-1.9942,-1.3028,epoch06
E05,G025,-0.3888,-1.5525,epoch06
E05,G026,-3.9198,-1.6943,epoch06
E05,G027,-3.0805,0.0588,epoch06
E05,G028,-2.3732,-1.6108,epoch06
E05,G029,-2.4487,-2.0011,epoch06
E05,G030,-3.209,-1.5069,epoch06
E05,G031,-2.7668,-1.6193,epoch06
E05,G032,0.3677,-1.5595,epoch06
E05,G033,-4.8416,-1.7536,epoch06
E05,G034,-3.02,-1.091,epoch06
E05,G035,-2.2851,-1.3363,epoch06
E05,G036,-3.4729,-2.1758,epoch06
E05,G037,-1.6478,-1.5327,epoch06
E05,G038,-1.4913,-1.1296,epoch06
E05,G039,-2.1177,-1.8255,epoch06
E05,G040,-2.2459,-0.8287,epoch06
E05,G041,-4.4435,-1.0814,epoch06
E05,G042,-3.6059,-2.0709,epoch06
E05,G043,-4.5932,-1.3559,epoch06
E05,G044,-0.8097,-0.3325,epoch06
E05,G045,-0.8755,-0.6491,epoch06
E05,G046,0.7184,-1.3423,epoch06
E05,G047,-4.9455,-1.1325,epoch06
E05,G048,-2.9235,-1.8466,epoch06
E05,G049,-2.3337,-2.4111,epoch06
E05,G050,-2.3013,-1.2349,epoch06
E05,G051,-2.9736,-1.4259,epoch06
E05,G052,-2.8786,-1.3611,epoch06
E05,G053,0.528,-1.485,epoch06
E05,G054,-0.0477,-1.2535,epoch06
E05,G055,-1.9252,-1.7539,epoch06
E05,G056,-3.7991,-1.4001,epoch06
E05,G057,-2.978,-1.1656,epoch06
E05,G058,-2.4796,-1.4982,epoch06
E05,G059,-5.9056,-1.2755,epoch06
E06,G000,-0.2709,-1.7626,epoch06
E06,G001,-1.9405,-1.2963,epoch06
E06,G002,-0.6592,-0.0871,epoch06
E06,G003,0.0391,0.1236,epoch06
E06,G004,1.1135,-0.7676,epoch06
E06,G005,-0.5403,-0.8316,epoch06
E06,G006,-2.9432,-1.6966,epoch06
E06,G007,-1.301,-0.7007,epoch06
E06,G008,-1.709,-0.5624,epoch06
E06,G009,0.278,-1.6456,epoch06
E06,G010,-1.0102,-0.5484,epoch06
E06,G011,-0.7624,-0.5382,epoch06
E06,G012,-0.2848,-0.4609,epoch06
E06,G013,-1.5087,-1.4437,epoch06
E06,G014,-1.5594,-0.6832,epoch06
E06,G015,-0.5018,-1.6364,epoch06
E06,G016,-1.4414,-0.0501,epoch06
E06,G017,0.3023,-0.6766,epoch06
E06,G018,-1.4568,-1.5351,epoch06
E06,G019,0.5985,-0.0842,epoch06
E06,G020,-1.4547,-0.2615,epoch06
E06,G021,-1.669,-1.2586,epoch06
E06,G022,-0.6786,0.4527,epoch06
E06,G023,-1.7722,-1.3816,epoch06
E06,G024,2.4065,-0.5735,epoch06
E06,G025,-1.7878,-0.1457,epoch06
E06,G026,-0.7986,-2.0374,epoch06
E06,G027,-0.9475,-0.3664,epoch06
E06,G028,0.3425,-0.7788,epoch06
E06,G029,-1.3511,-0.8535,epoch06
E06,G030,-2.4002,-1.5572,epoch06
E06,G031,0.1801,-0.6121,epoch06
E06,G032,2.201,-1.2054,epoch06
E06,G033,-4.3416,-1.5099,epoch06
E06,G034,0.1007,-1.0185,epoch06
E06,G035,-1.1057,-1.4698,epoch06
E06,G036,-1.8295,-0.074,epoch06
E06,G037,2.6433,-1.3104,epoch06
E06,G038,0.9882,-1.1726,epoch06
E06,G039,-0.6572,-1.093,epoch06
E06,G040,0.1368,-0.7495,epoch06
E06,G041,1.1222,-0.3678,epoch06
E06,G042,1.4383,-0.3488,epoch06
E06,G043,1.2899,-0.9495,epoch06
E06,G044,0.6251,-1.0657,epoch06
E06,G045,-0.6129,-0.8207,epoch06
E06,G046,2.7176,-0.137,epoch06
E06,G047,0.0756,-0.4935,epoch06
E06,G048,-0.8423,-1.0326,epoch06
E06,G049,-0.1253,-1.9157,epoch06
E06,G050,-0.141,0.3606,epoch06
E06,G051,-1.3708,-0.3796,epoch06
E06,G052,-0.8347,-0.5905,epoch06
E06,G053,-1.6636,-0.6839,epoch06
E06,G054,-0.0616,-1.0805,epoch06
E06,G055,1.4757,-1.2835,epoch06
E06,G056,-1.1174,-1.1457,epoch06
E06,G057,-0.2017,-0.929,epoch06
E06,G058,1.1822,-1.0225,epoch06
E06,G059,-3.3457,-1.772,epoch06
E07,G000,2.885,3.5694,epoch06
E07,G001,1.9241,4.0139,epoch06
E07,G002,4.901,3.6178,epoch06
E07,G003,3.8238,3.7132,epoch06
E07,G004,2.3426,2.6326,epoch06
E07,G005,0.6425,3.5974,epoch06
E07,G006,1.3167,3.6456,epoch06
E07,G007,-0.1517,2.9932,epoch06
E07,G008,0.1119,2.7276,epoch06
E07,G009,3.3663,3.9181,epoch06
E07,G010,1.6257,3.2204,epoch06
E07,G011,3.0717,4.1606,epoch06
E07,G012,4.7353,3.6402,epoch06
E07,G013,4.1428,4.0953,epoch06
E07,G014,-0.1352,3.3752,epoch06
E07,G015,0.8102,2.8594,epoch06
E07,G016,2.6891,3.7322,epoch06
E07,G017,3.7268,3.6377,epoch06
E07,G018,2.4015,4.0238,epoch06
E07,G019,3.9893,3.5224,epoch06
E07,G020,2.7992,3.4553,epoch06
E07,G021,3.6807,4.1893,epoch06
E07,G022,5.7463,4.502,epoch06
E07,G023,4.1078,4.2123,epoch06
E07,G024,3.0938,4.4533,epoch06
E07,G025,4.0081,4.1064,epoch06
E07,G026,2.5444,4.1209,epoch06
E07,G027,2.8102,4.2548,epoch06
E07,G028,3.9469,3.9917,epoch06
E07,G029,2.5344,3.8005,epoch06
E07,G030,1.1587,3.7776,epoch06
E07,G031,4.1407,5.021,epoch06
E07,G032,5.7996,3.9533,epoch06
E07,G033,1.9499,3.5493,epoch06
E07,G034,5.3116,3.694,epoch06
E07,G035,4.4044,3.7854,epoch06
E07,G036,2.541,3.8407,epoch06
E07,G037,2.2297,3.3133,epoch06
E07,G038,3.2711,2.8057,epoch06
E07,G039,1.3105,3.8331,epoch06
E07,G040,2.6046,2.9748,epoch06
E07,G041,4.1228,3.9861,epoch06
E07,G042,3.4003,3.7867,epoch06
E07,G043,3.5955,4.4706,epoch06
E07,G044,1.2092,4.605,epoch06
E07,G045,5.6143,4.0166,epoch06
E07,G046,4.1316,3.6097,epoch06
E07,G047,-0.0108,3.0135,epoch06
E07,G048,3.8554,3.407,epoch06
E07,G049,3.4186,3.7962,epoch06
E07,G050,2.6621,2.7126,epoch06
E07,G051,2.6568,3.7249,epoch06
E07,G052,2.0224,3.7302,epoch06
E07,G053,1.5478,4.0736,epoch06
E07,G054,4.2391,3.6837,epoch06
E07,G055,4.8797,3.9181,epoch06
E07,G056,1.4573,3.3145,epoch06
E07,G057,2.0436,3.4279,epoch06
E07,G058,4.0689,2.9324,epoch06
E07,G059,4.2828,3.7178,epoch06
E08,G000,-1.9328,-0.9608,epoch06
E08,G001,-1.0843,-1.7919,epoch06
E08,G002,-0.9255,-1.5572,epoch06
E08,G003,-1.8272,-2.3347,epoch06
E08,G004,-1.5307,-1.1049,epoch06
E08,G005,-0.624,-2.2068,epoch06
E08,G006,-1.6664,-1.4916,epoch06
E08,G007,-1.9231,-1.8038,epoch06
E08,G008,-4.1302,-2.4689,epoch06
E08,G009,-2.1849,-1.2699,epoch06
E08,G010,-1.5424,-1.8364,epoch06
E08,G011,-0.0769,-1.6388,epoch06
E08,G012,0.469,-1.5161,epoch06
E08,G013,-2.059,-1.8898,epoch06
E08,G014,-2.3106,-2.1498,epoch06
E08,G015,0.5662,-1.5105,epoch06
E08,G016,-0.4074,-1.94,epoch06
E08,G017,-2.4391,-1.7223,epoch06
E08,G018,-5.0303,-2.3407,epoch06
E08,G019,-2.4863,-2.551,epoch06
E08,G020,-0.7205,-2.2207,epoch06
E08,G021,-4.6595,-2.2465,epoch06
E08,G022,1.3263,-1.6653,epoch06
E08,G023,-2.4968,-1.3016,epoch06
E08,G024,-0.4553,-2.7459,epoch06
E08,G025,0.2125,-1.6759,epoch06
E08,G026,-1.0257,-2.9221,epoch06
E08,G027,-1.8018,-2.3607,epoch06
E08,G028,-0.8452,-2.0226,epoch06
E08,G029,0.2321,-2.8655,epoch06
E08,G030,-1.8705,-2.7684,epoch06
E08,G031,-1.2594,-1.6973,epoch06
E08,G032,1.5686,-1.6429,epoch06
E08,G033,-5.3624,-2.033,epoch06
E08,G034,-0.5988,-2.1734,epoch06
E08,G035,-1.7204,-0.6083,epoch06
E08,G036,-1.4079,-1.8931,epoch06
E08,G037,1.6869,-2.0681,epoch06
E08,G038,0.1705,-0.7764,epoch06
E08,G039,-2.1975,-1.5936,epoch06
E08,G040,-2.7851,-1.9719,epoch06
E08,G041,0.965,-1.0623,epoch06
E08,G042,-1.6135,-1.6786,epoch06
E08,G043,0.8245,-1.325,epoch06
E08,G044,-0.8367,-1.6381,epoch06
E08,G045,-3.3654,-2.2859,epoch06
E08,G046,-0.2945,-1.1311,epoch06
E08,G047,-2.3875,-1.8042,epoch06
E08,G048,-0.621,-2.3872,epoch06
E08,G049,-1.0001,-2.1862,epoch06
E08,G050,-0.8842,-1.2675,epoch06
E08,G051,-3.6145,-2.0515,epoch06
E08,G052,-1.5671,-1.8956,epoch06
E08,G053,0.1248,-1.4695,epoch06
E08,G054,-0.7231,-1.6729,epoch06
E08,G055,-0.91,-2.5417,epoch06
E08,G056,-5.7516,-1.6742,epoch06
E08,G057,-1.3762,-1.3657,epoch06
E08,G058,2.7468,-1.2196,epoch06
E08,G059,-2.2391,-1.0632,epoch06
E09,G000,-0.6027,-2.6043,epoch06
E09,G001,-1.95,-2.4363,epoch06
E09,G002,-2.0357,-1.8924,epoch06
E09,G003,-1.4515,-3.0237,epoch06
E09,G004,-4.2172,-1.9691,epoch06
E09,G005,-1.8392,-1.8618,epoch06
E09,G006,-2.6961,-2.4717,epoch06
E09,G007,-0.7673,-1.8081,epoch06
E09,G008,-2.1824,-2.4053,epoch06
E09,G009,-1.1806,-3.2377,epoch06
E09,G010,-3.3687,-2.2553,epoch06
E09,G011,-2.0184,-2.5335,epoch06
E09,G012,-1.7105,-2.5708,epoch06
E09,G013,-2.4764,-2.707,epoch06
E09,G014,-4.7414,-2.204,epoch06
E09,G015,-1.9856,-2.4134,epoch06
E09,G016,-2.2013,-3.1515,epoch06
E09,G017,-3.3243,-2.5086,epoch06
E09,G018,-4.2899,-2.4975,epoch06
E09,G019,-2.7238,-3.1175,epoch06
E09,G020,-2.3687,-3.0805,epoch06
E09,G021,-0.9235,-2.9561,epoch06
E09,G022,0.8402,-3.0614,epoch06
E09,G023,-3.9865,-2.6622,epoch06
E09,G024,-2.402,-2.2478,epoch06
E09,G025,0.7964,-1.6578,epoch06
E09,G026,-1.6199,-2.1289,epoch06
E09,G027,-3.0465,-2.3251,epoch06
E09,G028,-0.3721,-2.2102,epoch06
E09,G029,-1.59,-2.0426,epoch06
E09,G030,-4.3935,-3.1049,epoch06
E09,G031,-3.8577,-2.4843,epoch06
E09,G032,0.8703,-2.4347,epoch06
E09,G033,-2.4473,-2.9356,epoch06
E09,G034,-1.7183,-2.9154,epoch06
E09,G035,-2.75,-3.0552,epoch06
E09,G036,-0.9377,-2.9066,epoch06
E09,G037,0.8585,-3.2769,epoch06
E09,G038,-0.6646,-2.3738,epoch06
E09,G039,-2.7664,-2.9297,epoch06
E09,G040,-1.5027,-2.7572,epoch06
E09,G041,-2.6143,-2.5351,epoch06
E09,G042,-2.5437,-2.4431,epoch06
E09,G043,0.0197,-2.9915,epoch06
E09,G044,-2.0087,-2.8183,epoch06
E09,G045,-3.669,-3.6189,epoch06
E09,G046,-0.3447,-3.8244,epoch06
E09,G047,-1.7207,-3.8694,epoch06
E09,G048,0.8734,-1.8927,epoch06
E09,G049,-4.6481,-3.808,epoch06
E09,G050,0.882,-2.5365,epoch06
E09,G051,-3.0177,-2.0187,epoch06
E09,G052,0.3935,-2.9342,epoch06
E09,G053,0.8861,-1.8149,epoch06
E09,G054,0.3749,-1.7209,epoch06
E09,G055,-0.1031,-2.1687,epoch06
E09,G056,-2.9627,-1.5389,epoch06
E09,G057,-1.8064,-2.5131,epoch06
E09,G058,-2.303,-3.1589,epoch06
E09,G059,-5.9845,-2.6473,epoch06
E10,G000,4.475,-0.1542,epoch06
E10,G001,0.4218,-0.7621,epoch06
E10,G002,1.8611,-0.7213,epoch06
E10,G003,0.0026,1.2427,epoch06
E10,G004,1.8137,-0.3084,epoch06
E10,G005,1.826,-0.0439,epoch06
E10,G006,0.779,-0.4618,epoch06
E10,G007,0.0627,0.0303,epoch06
E10,G008,-1.3862,-0.1893,epoch06
E10,G009,0.5778,-0.2045,epoch06
E10,G010,-1.8965,-0.663,epoch06
E10,G011,-0.8292,-0.7238,epoch06
E10,G012,1.2201,-0.3499,epoch06
E10,G013,-0.6708,0.1332,epoch06
E10,G014,-0.6644,1.0097,epoch06
E10,G015,0.558,0.5631,epoch06
E10,G016,2.5893,0.9692,epoch06
E10,G017,2.3889,0.2977,epoch06
E10,G018,-0.5056,-0.128,epoch06
E10,G019,2.4461,-0.6456,epoch06
E10,G020,-1.6506,-0.113,epoch06
E10,G021,-0.6472,-1.2013,epoch06
E10,G022,2.9311,-0.0413,epoch06
E10,G023,0.948,0.9904,epoch06
E10,G024,1.5821,0.2786,epoch06
E10,G025,0.7101,0.7145,epoch06
E10,G026,1.2569,-0.1538,epoch06
E10,G027,4.1856,-0.5654,epoch06
E10,G028,0.4194,-0.2019,epoch06
E10,G029,1.2578,-0.1693,epoch06
E10,G030,-0.0494,0.6621,epoch06
E10,G031,0.4971,1.1326,epoch06
E10,G032,1.8175,-0.1886,epoch06
E10,G033,0.7765,-0.2851,epoch06
E10,G034,5.7934,0.1561,epoch06
E10,G035,3.0237,-0.0222,epoch06
E10,G036,0.263,-0.6192,epoch06
E10,G037,4.4089,0.3044,epoch06
E10,G038,0.2335,0.1962,epoch06
E10,G039,1.2731,0.2012,epoch06
E10,G040,1.4542,-0.5839,epoch06
E10,G041,2.3847,0.0682,epoch06
E10,G042,2.1208,-0.8372,epoch06
E10,G043,1.0891,0.5761,epoch06
E10,G044,-0.4296,-0.5796,epoch06
E10,G045,0.4281,-0.0123,epoch06
E10,G046,1.7023,-0.1047,epoch06
E10,G047,-1.1045,-0.3213,epoch06
E10,G048,0.8599,-0.5173,epoch06
E10,G049,-0.4354,-0.9297,epoch06
E10,G050,-0.1636,0.8556,epoch06
E10,G051,1.3425,0.1681,epoch06
E10,G052,-0.5975,0.1681,epoch06
E10,G053,0.9931,1.2147,epoch06
E10,G054,2.5659,0.1897,epoch06
E10,G055,3.1321,0.4449,epoch06
E10,G056,0.3457,-0.1348,epoch06
E10,G057,0.6558,0.5741,epoch06
E10,G058,0.6773,0.31,epoch06
E10,G059,0.3459,0.0398,epoch06
E11,G000,-0.4607,1.2376,epoch06
E11,G001,0.0596,1.321,epoch06
E11,G002,0.4465,1.9909,epoch06
E11,G003,-2.25,0.2345,epoch06
E11,G004,2.407,1.201,epoch06
E11,G005,1.936,1.0967,epoch06
E11,G006,-2.2604,1.0321,epoch06
E11,G007,-0.2794,0.2099,epoch06
E11,G008,-1.5419,1.569,epoch06
E11,G009,0.3306,0.8609,epoch06
E11,G010,-3.0364,1.0452,epoch06
E11,G011,0.4612,1.1143,epoch06
E11,G012,2.8088,0.5944,epoch06
E11,G013,2.3143,1.2206,epoch06
E11,G014,0.5,0.261,epoch06
E11,G015,0.9273,0.8593,epoch06
E11,G016,2.7194,1.1524,epoch06
E11,G017,1.2997,1.4477,epoch06
E11,G018,-0.4179,1.2644,epoch06
E11,G019,-1.5501,1.2459,epoch06
E11,G020,-1.5433,2.3947,epoch06
E11,G021,1.4763,1.531,epoch06
E11,G022,0.7057,0.776,epoch06
E11,G023,0.5567,0.9682,epoch06
E11,G024,0.0387,0.9503,epoch06
E11,G025,0.4705,1.3167,epoch06
E11,G026,1.5568,1.123,epoch06
E11,G027,0.2176,0.8963,epoch06
E11,G028,0.3483,2.2267,epoch06
E11,G029,2.0823,1.4188,epoch06
E11,G030,0.8152,1.1245,epoch06
E11,G031,-0.3887,1.1714,epoch06
E11,G032,1.1989,1.3432,epoch06
E11,G033,0.2702,2.0239,epoch06
E11,G034,1.8405,1.6971,epoch06
E11,G035,2.1252,1.9702,epoch06
E11,G036,3.9939,-0.2495,epoch06
E11,G037,3.2611,1.6552,epoch06
E11,G038,1.6777,1.9859,epoch06
E11,G039,-0.8432,2.2782,epoch06
E11,G040,1.1533,1.4662,epoch06
E11,G041,-0.8041,0.392,epoch06
E11,G042,-0.7691,1.6199,epoch06
E11,G043,0.8094,1.0702,epoch06
E11,G044,0.863,0.4474,epoch06
E11,G045,2.7276,1.1222,epoch06
E11,G046,2.9084,2.1121,epoch06
E11,G047,-1.0827,1.8544,epoch06
E11,G048,0.4024,1.801,epoch06
E11,G049,1.8682,0.7553,epoch06
E11,G050,1.0605,2.6638,epoch06
E11,G051,1.8716,0.6802,epoch06
E11,G052,0.4657,1.2236,epoch06
E11,G053,0.7318,0.4679,epoch06
E11,G054,1.2833,2.109,epoch06
E11,G055,1.7062,1.6059,epoch06
E11,G056,1.82,1.6898,epoch06
E11,G057,-0.8659,1.368,epoch06
E11,G058,2.9338,1.3963,epoch06
E11,G059,1.7086,1.385,epoch06
E00,G000,-0.4154,-2.1686,epoch07
E00,G001,-2.5288,-2.4309,epoch07
E00,G002,0.0976,-2.0594,epoch07
E00,G003,0.2616,-1.6439,epoch07
E00,G004,-2.788,-2.0946,epoch07
E00,G005,-0.2772,-2.1005,epoch07
E00,G006,-2.7185,-2.018,epoch07
E00,G007,-2.1974,-2.102,epoch07
E00,G008,-1.4414,-2.4168,epoch07
E00,G009,-0.556,-1.9621,epoch07
E00,G010,-0.6607,-3.2747,epoch07
E00,G011,0.2955,-1.4512,epoch07
E00,G012,0.6534,-2.9203,epoch07
E00,G013,-0.9257,-1.8032,epoch07
E00,G014,-1.2855,-2.4289,epoch07
E00,G015,-0.4211,-1.6362,epoch07
E00,G016,1.1629,-2.0881,epoch07
E00,G017,0.9834,-2.6673,epoch07
E00,G018,-3.0006,-1.7248,epoch07
E00,G019,-0.1714,-2.0795,epoch07
E00,G020,-1.4727,-2.2372,epoch07
E00,G021,0.1383,-2.1445,epoch07
E00,G022,-0.2985,-1.5061,epoch07
E00,G023,1.238,-1.7557,epoch07
E00,G024,-0.8287,-2.1447,epoch07
E00,G025,-0.0812,-2.957,epoch07
E00,G026,-3.4712,-2.5893,epoch07
E00,G027,-1.8146,-2.275,epoch07
E00,G028,-0.1893,-1.1669,epoch07
E00,G029,-1.2814,-2.0188,epoch07
E00,G030,-1.015,-2.345,epoch07
E00,G031,1.0094,-1.3345,epoch07
E00,G032,1.3314,-2.168,epoch07
E00,G033,-2.7054,-2.3949,epoch07
E00,G034,0.9677,-1.9918,epoch07
E00,G035,1.4464,-2.991,epoch07
E00,G036,1.8098,-1.7101,epoch07
E00,G037,0.8517,-1.753,epoch07
E00,G038,0.7926,-2.2177,epoch07
E00,G039,-1.6721,-2.9167,epoch07
E00,G040,0.1383,-2.1232,epoch07
E00,G041,-0.6238,-1.3287,epoch07
E00,G042,-0.6454,-2.5633,epoch07
E00,G043,-0.0818,-2.7926,epoch07
E00,G044,-0.8602,-1.9288,epoch07
E00,G045,-0.8876,-3.0859,epoch07
E00,G046,1.6464,-3.2386,epoch07
E00,G047,-2.6381,-2.4879,epoch07
E00,G048,-1.1767,-2.5478,epoch07
E00,G049,-1.287,-2.4253,epoch07
E00,G050,0.1955,-2.4904,epoch07
E00,G051,-2.7683,-2.2469,epoch07
E00,G052,-3.1422,-2.4422,epoch07
E00,G053,-0.4029,-2.5159,epoch07
E00,G054,0.2103,-2.4997,epoch07
E00,G055,2.2968,-1.6454,epoch07
E00,G056,-2.6215,-1.8846,epoch07
E00,G057,-1.1492,-1.6886,epoch07
E00,G058,0.6893,-1.775,epoch07
E00,G059,-2.023,-4.2074,epoch07
E01,G000,-0.2253,1.4638,epoch07
E01,G001,-2.0616,1.6375,epoch07
E01,G002,3.0404,2.2187,epoch07
E01,G003,2.6715,1.2624,epoch07
E01,G004,0.5158,2.6916,epoch07
E01,G005,-0.3818,2.1261,epoch07
E01,G006,-0.3281,1.4621,epoch07
E01,G007,-1.8268,1.9147,epoch07
E01,G008,-0.4833,1.7129,epoch07
E01,G009,2.6181,1.5223,epoch07
E01,G010,0.2107,2.1772,epoch07
E01,G011,-0.0383,1.7303,epoch07
E01,G012,0.3805,1.1832,epoch07
E01,G013,-0.0083,1.5475,epoch07
E01,G014,0.3205,1.7897,epoch07
E01,G015,-0.3888,1.3368,epoch07
E01,G016,-0.3668,2.8015,epoch07
E01,G017,0.5899,1.4081,epoch07
E01,G018,-1.254,2.8221,epoch07
E01,G019,0.15,2.4595,epoch07
E01,G020,0.6929,1.3444,epoch07
E01,G021,0.2603,2.0135,epoch07
E01,G022,2.358,2.774,epoch07
E01,G023,-1.3717,1.809,epoch07
E01,G024,0.6172,1.2386,epoch07
E01,G025,3.1627,2.1155,epoch07
E01,G026,2.094,3.2143,epoch07
E01,G027,0.4189,1.1107,epoch07
E01,G028,0.2735,2.2749,epoch07
E01,G029,2.8339,2.056,epoch07
E01,G030,-0.4203,1.9296,epoch07
E01,G031,-0.3059,1.7046,epoch07
E01,G032,2.4199,1.9594,epoch07
E01,G033,-0.4987,2.4166,epoch07
E01,G034,-0.0638,2.3256,epoch07
E01,G035,1.688,1.515,epoch07
E01,G036,-0.1889,2.8474,epoch07
E01,G037,2.9178,1.4851,epoch07
E01,G038,0.8504,2.4247,epoch07
E01,G039,-1.2757,2.0401,epoch07
E01,G040,0.4228,2.6776,epoch07
E01,G041,2.1007,2.274,epoch07
E01,G042,-1.1847,2.5308,epoch07
E01,G043,0.3374,1.9928,epoch07
E01,G044,2.28,2.666,epoch07
E01,G045,-0.0107,2.2517,epoch07
E01,G046,2.5722,3.4155,epoch07
E01,G047,-1.0126,1.557,epoch07
E01,G048,1.7758,2.6962,epoch07
E01,G049,2.2408,2.2084,epoch07
E01,G050,3.3374,2.1819,epoch07
E01,G051,-0.8708,1.5618,epoch07
E01,G052,0.8018,2.2122,epoch07
E01,G053,0.6872,1.1648,epoch07
E01,G054,2.5713,1.4143,epoch07
E01,G055,3.9162,2.5933,epoch07
E01,G056,-1.628,1.0317,epoch07
E01,G057,0.613,2.7282,epoch07
E01,G058,0.3774,1.8368,epoch07
E01,G059,0.8277,2.0363,epoch07
E02,G000,0.2838,0.6181,epoch07
E02,G001,-2.387,0.6353,epoch07
E02,G002,-0.0581,0.3729,epoch07
E02,G003,1.2929,0.4113,epoch07
E02,G004,-1.412,0.3499,epoch07
E02,G005,-0.01,1.1162,epoch07
E02,G006,-3.4272,0.9247,epoch07
E02,G007,-3.0483,1.2032,epoch07
E02,G008,-2.4997,0.4368,epoch07
E02,G009,0.3819,0.4202,epoch07
E02,G010,-1.4589,-0.5533,epoch07
E02,G011,0.2659,0.9536,epoch07
E02,G012,1.823,1.1252,epoch07
E02,G013,-0.2903,0.3528,epoch07
E02,G014,-4.7103,0.6295,epoch07
E02,G015,-2.5947,1.0639,epoch07
E02,G016,1.0271,0.6046,epoch07
E02,G017,-2.6697,1.0431,epoch07
E02,G018,-1.0323,0.5214,epoch07
E02,G019,-1.2145,-0.4817,epoch07
E02,G020,-3.9153,0.0168,epoch07
E02,G021,-1.7111,0.037,epoch07
E02,G022,0.4602,0.925,epoch07
E02,G023,-2.762,-0.0718,epoch07
E02,G024,-1.2487,0.2278,epoch07
E02,G025,1.1571,0.0396,epoch07
E02,G026,-0.6792,0.3588,epoch07
E02,G027,-2.2836,0.4222,epoch07
E02,G028,-0.2852,1.0553,epoch07
E02,G029,-0.5877,0.8931,epoch07
E02,G030,-3.7055,0.3566,epoch07
E02,G031,0.0998,0.6796,epoch07
E02,G032,0.5986,0.6921,epoch07
E02,G033,-2.4839,0.4378,epoch07
E02,G034,-1.0106,1.3995,epoch07
E02,G035,-0.9596,-0.9556,epoch07
E02,G036,-1.9963,0.2653,epoch07
E02,G037,0.1289,0.8151,epoch07
E02,G038,-0.2122,1.2342,epoch07
E02,G039,-1.3194,-0.3001,epoch07
E02,G040,-0.1478,0.7295,epoch07
E02,G041,1.0143,1.0727,epoch07
E02,G042,1.7453,0.3669,epoch07
E02,G043,-0.3885,-0.6207,epoch07
E02,G044,2.1406,0.3487,epoch07
E02,G045,-0.906,-0.1269,epoch07
E02,G046,1.5518,1.0133,epoch07
E02,G047,-2.6941,-0.1553,epoch07
E02,G048,1.0514,1.5048,epoch07
E02,G049,1.072,0.5857,epoch07
E02,G050,-2.57,0.0458,epoch07
E02,G051,-2.7847,0.0983,epoch07
E02,G052,-0.8038,-0.2028,epoch07
E02,G053,0.7165,0.7827,epoch07
E02,G054,0.935,1.4392,epoch07
E02,G055,-1.1513,0.3367,epoch07
E02,G056,-2.0382,0.8478,epoch07
E02,G057,-2.2051,-0.2555,epoch07
E02,G058,-2.3923,0.5131,epoch07
E02,G059,-2.0215,1.5805,epoch07
E03,G000,-3.4471,-3.305,epoch07
E03,G001,-2.4902,-1.9903,epoch07
E03,G002,-4.1106,-2.0191,epoch07
E03,G003,-1.231,-3.6758,epoch07
E03,G004,-3.0079,-3.4799,epoch07
E03,G005,-3.4625,-3.1976,epoch07
E03,G006,-3.7202,-2.2375,epoch07
E03,G007,-4.4648,-2.9824,epoch07
E03,G008,-4.9541,-2.8815,epoch07
E03,G009,-3.4651,-2.1684,epoch07
E03,G010,-3.1338,-2.6256,epoch07
E03,G011,-1.3074,-2.4344,epoch07
E03,G012,-1.7767,-2.8461,epoch07
E03,G013,-2.1974,-1.9461,epoch07
E03,G014,-4.1744,-3.3482,epoch07
E03,G015,-1.9815,-1.6258,epoch07
E03,G016,-3.258,-2.8922,epoch07
E03,G017,-1.6359,-3.06,epoch07
E03,G018,-2.7034,-2.3891,epoch07
E03,G019,-3.9729,-2.4881,epoch07
E03,G020,-2.2434,-3.7151,epoch07
E03,G021,-2.1739,-2.4585,epoch07
E03,G022,-1.4073,-3.3045,epoch07
E03,G023,-3.3942,-3.107,epoch07
E03,G024,-0.9659,-2.1338,epoch07
E03,G025,-3.572,-3.1935,epoch07
E03,G026,-2.1724,-2.4445,epoch07
E03,G027,-3.2066,-2.8394,epoch07
E03,G028,-1.699,-1.4858,epoch07
E03,G029,-2.5249,-2.731,epoch07
E03,G030,-4.0608,-3.4198,epoch07
E03,G031,-0.2542,-3.244,epoch07
E03,G032,0.335,-2.9078,epoch07
E03,G033,-1.7626,-2.6664,epoch07
E03,G034,-0.4118,-2.5254,epoch07
E03,G035,-1.6991,-1.9369,epoch07
E03,G036,-3.6388,-2.6164,epoch07
E03,G037,-0.0626,-2.3643,epoch07
E03,G038,-2.6748,-2.4756,epoch07
E03,G039,-2.2779,-2.6944,epoch07
E03,G040,-1.7631,-2.3689,epoch07
E03,G041,-2.8165,-2.0421,epoch07
E03,G042,-2.1725,-2.1356,epoch07
E03,G043,-3.6846,-2.8471,epoch07
E03,G044,-1.7703,-3.6133,epoch07
E03,G045,-2.4617,-3.0247,epoch07
E03,G046,-1.6459,-2.322,epoch07
E03,G047,-3.0834,-4.0977,epoch07
E03,G048,-0.6924,-2.7587,epoch07
E03,G049,-3.7328,-2.3634,epoch07
E03,G050,-3.8887,-2.9266,epoch07
E03,G051,-4.8853,-3.4107,epoch07
E03,G052,-5.292,-1.7131,epoch07
E03,G053,-2.2676,-1.7303,epoch07
E03,G054,0.6178,-2.6369,epoch07
E03,G055,-2.0906,-1.7398,epoch07
E03,G056,-3.1409,-2.0282,epoch07
E03,G057,-5.1691,-3.4167,epoch07
E03,G058,-1.3273,-1.0236,epoch07
E03,G059,-3.9271,-3.288,epoch07
E04,G000,-1.3659,-1.2376,epoch07
E04,G001,-1.6574,-1.8051,epoch07
E04,G002,0.4356,-1.0449,epoch07
E04,G003,-0.17,-1.7458,epoch07
E04,G004,-3.4716,-1.3203,epoch07
E04,G005,-2.7324,-0.5152,epoch07
E04,G006,-3.0526,-1.1988,epoch07
E04,G007,-2.0531,-1.2901,epoch07
E04,G008,-2.6858,-0.4263,epoch07
E04,G009,-1.0115,-1.5683,epoch07
E04,G010,0.4038,-0.5398,epoch07
E04,G011,-3.0678,-1.2409,epoch07
E04,G012,-1.6976,-0.9766,epoch07
E04,G013,-0.3081,-1.0612,epoch07
E04,G014,-4.0055,-1.2516,epoch07
E04,G015,-3.1631,-1.2277,epoch07
E04,G016,-1.1284,-1.4944,epoch07
E04,G017,-0.9924,-1.2484,epoch07
E04,G018,-2.7285,-0.9935,epoch07
E04,G019,0.684,-1.1993,epoch07
E04,G020,-1.7016,-1.911,epoch07
E04,G021,-2.8312,-1.538,epoch07
E04,G022,-1.822,-1.4542,epoch07
E04,G023,-3.1238,-1.2664,epoch07
E04,G024,0.731,-0.8902,epoch07
E04,G025,-1.7076,-1.0015,epoch07
E04,G026,-1.6536,-1.4352,epoch07
E04,G027,0.7034,-0.9741,epoch07
E04,G028,0.02,-1.8327,epoch07
E04,G029,-1.0593,-2.683,epoch07
E04,G030,-2.1129,-1.0979,epoch07
E04,G031,-2.748,-2.0321,epoch07
E04,G032,-0.8919,-1.5286,epoch07
E04,G033,-5.8616,-2.0193,epoch07
E04,G034,0.5017,-0.635,epoch07
E04,G035,-0.612,-1.6597,epoch07
E04,G036,-0.6251,-0.9234,epoch07
E04,G037,2.0726,-1.2306,epoch07
E04,G038,0.1998,-1.7755,epoch07
E04,G039,-3.84,-2.1403,epoch07
E04,G040,0.0117,-0.7952,epoch07
E04,G041,0.4542,-0.8237,epoch07
E04,G042,-1.9217,-0.6497,epoch07
E04,G043,-1.1993,0.0464,epoch07
E04,G044,-1.522,-0.9614,epoch07
E04,G045,-2.099,-0.8656,epoch07
E04,G046,1.9172,-1.0035,epoch07
E04,G047,-4.2765,-1.1038,epoch07
E04,G048,-1.6879,-1.2365,epoch07
E04,G049,-0.5599,-1.519,epoch07
E04,G050,-0.8221,0.1004,epoch07
E04,G051,-2.1187,-2.2714,epoch07
E04,G052,-2.6248,-1.1238,epoch07
E04,G053,-1.2749,-0.8339,epoch07
E04,G054,-0.4637,-1.0551,epoch07
E04,G055,-3.1172,-1.6291,epoch07
E04,G056,-1.8621,-1.2776,epoch07
E04,G057,-2.1515,-1.39,epoch07
E04,G058,-0.4622,-1.6573,epoch07
E04,G059,-4.1053,-1.4417,epoch07
E05,G000,-3.5455,-2.3151,epoch07
E05,G001,-4.5257,-2.5228,epoch07
E05,G002,-1.27,-1.6364,epoch07
E05,G003,0.1457,-2.4476,epoch07
E05,G004,-4.3517,-1.9365,epoch07
E05,G005,-1.4424,-2.5187,epoch07
E05,G006,-2.8905,-2.0973,epoch07
E05,G007,-5.2704,-2.1636,epoch07
E05,G008,-4.1428,-2.1295,epoch07
E05,G009,-1.0113,-2.7351,epoch07
E05,G010,-2.8812,-2.6331,epoch07
E05,G011,-2.7924,-2.615,epoch07
E05,G012,-1.7519,-1.8812,epoch07
E05,G013,-2.4634,-1.592,epoch07
E05,G014,-4.4491,-1.6331,epoch07
E05,G015,-3.9004,-2.447,epoch07
E05,G016,-1.4225,-1.9954,epoch07
E05,G017,-2.8564,-2.9963,epoch07
E05,G018,-4.7226,-3.5204,epoch07
E05,G019,-4.3964,-2.6414,epoch07
E05,G020,-4.417,-2.6442,epoch07
E05,G021,-5.1928,-3.1439,epoch07
E05,G022,-1.0429,-2.9308,epoch07
E05,G023,-2.3787,-1.8671,epoch07
E05,G024,-1.9942,-2.5245,epoch07
E05,G025,-0.3888,-2.8794,epoch07
E05,G026,-3.9198,-0.9341,epoch07
E05,G027,-3.0805,-2.0474,epoch07
E05,G028,-2.3732,-2.2383,epoch07
E05,G029,-2.4487,-1.6609,epoch07
E05,G030,-3.209,-2.6626,epoch07
E05,G031,-2.7668,-1.0976,epoch07
E05,G032,0.3677,-2.8098,epoch07
E05,G033,-4.8416,-3.0663,epoch07
E05,G034,-3.02,-2.1411,epoch07
E05,G035,-2.2851,-2.4521,epoch07
E05,G036,-3.4729,-1.3123,epoch07
E05,G037,-1.6478,-2.9317,epoch07
E05,G038,-1.4913,-2.3325,epoch07
E05,G039,-2.1177,-2.0283,epoch07
E05,G040,-2.2459,-1.6653,epoch07
E05,G041,-4.4435,-1.4856,epoch07
E05,G042,-3.6059,-1.9315,epoch07
E05,G043,-4.5932,-0.8433,epoch07
E05,G044,-0.8097,-2.1888,epoch07
E05,G045,-0.8755,-1.9351,epoch07
E05,G046,0.7184,-1.3482,epoch07
E05,G047,-4.9455,-2.3825,epoch07
E05,G048,-2.9235,-2.226,epoch07
E05,G049,-2.3337,-2.5181,epoch07
E05,G050,-2.3013,-2.4724,epoch07
E05,G051,-2.9736,-2.7847,epoch07
E05,G052,-2.8786,-2.5533,epoch07
E05,G053,0.528,-2.9201,epoch07
E05,G054,-0.0477,-1.7642,epoch07
E05,G055,-1.9252,-2.9595,epoch07
E05,G056,-3.7991,-1.0852,epoch07
E05,G057,-2.978,-1.2378,epoch07
E05,G058,-2.4796,-1.405,epoch07
E05,G059,-5.9056,-2.4516,epoch07
E06,G000,-0.2709,1.6736,epoch07
E06,G001,-1.9405,2.638,epoch07
E06,G002,-0.6592,2.083,epoch07
E06,G003,0.0391,2.352,epoch07
E06,G004,1.1135,1.5067,epoch07
E06,G005,-0.5403,2.6764,epoch07
E06,G006,-2.9432,1.3021,epoch07
E06,G007,-1.301,1.9855,epoch07
E06,G008,-1.709,0.8388,epoch07
E06,G009,0.278,1.5877,epoch07
E06,G010,-1.0102,2.2705,epoch07
E06,G011,-0.7624,1.7861,epoch07
E06,G012,-0.2848,1.917,epoch07
E06,G013,-1.5087,2.4273,epoch07
E06,G014,-1.5594,1.7858,epoch07
E06,G015,-0.5018,2.6882,epoch07
E06,G016,-1.4414,0.6174,epoch07
E06,G017,0.3023,2.4259,epoch07
E06,G018,-1.4568,2.1756,epoch07
E06,G019,0.5985,1.1654,epoch07
E06,G020,-1.4547,1.2101,epoch07
E06,G021,-1.669,2.3933,epoch07
E06,G022,-0.6786,1.5405,epoch07
E06,G023,-1.7722,1.6103,epoch07
E06,G024,2.4065,2.4532,epoch07
E06,G025,-1.7878,1.885,epoch07
E06,G026,-0.7986,2.2596,epoch07
E06,G027,-0.9475,1.4238,epoch07
E06,G028,0.3425,2.2742,epoch07
E06,G029,-1.3511,2.5957,epoch07
E06,G030,-2.4002,1.9859,epoch07
E06,G031,0.1801,0.8031,epoch07
E06,G032,2.201,2.6313,epoch07
E06,G033,-4.3416,1.8214,epoch07
E06,G034,0.1007,1.5426,epoch07
E06,G035,-1.1057,2.8011,epoch07
E06,G036,-1.8295,0.9135,epoch07
E06,G037,2.6433,3.3402,epoch07
E06,G038,0.9882,1.7077,epoch07
E06,G039,-0.6572,2.7742,epoch07
E06,G040,0.1368,2.0708,epoch07
E06,G041,1.1222,1.2957,epoch07
E06,G042,1.4383,2.1134,epoch07
E06,G043,1.2899,2.237,epoch07
E06,G044,0.6251,2.2651,epoch07
E06,G045,-0.6129,2.5901,epoch07
E06,G046,2.7176,1.8101,epoch07
E06,G047,0.0756,2.2384,epoch07
E06,G048,-0.8423,2.5042,epoch07
E06,G049,-0.1253,1.8448,epoch07
E06,G050,-0.141,1.5386,epoch07
E06,G051,-1.3708,1.3888,epoch07
E06,G052,-0.8347,2.5493,epoch07
E06,G053,-1.6636,2.4103,epoch07
E06,G054,-0.0616,1.5567,epoch07
E06,G055,1.4757,1.3291,epoch07
E06,G056,-1.1174,2.5276,epoch07
E06,G057,-0.2017,1.1364,epoch07
E06,G058,1.1822,2.2595,epoch07
E06,G059,-3.3457,1.3237,epoch07
E07,G000,2.885,2.7998,epoch07
E07,G001,1.9241,3.8381,epoch07
E07,G002,4.901,3.8704,epoch07
E07,G003,3.8238,4.5763,epoch07
E07,G004,2.3426,5.0799,epoch07
E07,G005,0.6425,3.6571,epoch07
E07,G006,1.3167,4.3511,epoch07
E07,G007,-0.1517,4.2755,epoch07
E07,G008,0.1119,3.3837,epoch07
E07,G009,3.3663,3.2631,epoch07
E07,G010,1.6257,4.6063,epoch07
E07,G011,3.0717,3.8002,epoch07
E07,G012,4.7353,3.9425,epoch07
E07,G013,4.1428,3.6722,epoch07
E07,G014,-0.1352,3.4976,epoch07
E07,G015,0.8102,3.3553,epoch07
E07,G016,2.6891,4.2778,epoch07
E07,G017,3.7268,4.6077,epoch07
E07,G018,2.4015,3.514,epoch07
E07,G019,3.9893,3.0453,epoch07
E07,G020,2.7992,3.7376,epoch07
E07,G021,3.6807,2.9533,epoch07
E07,G022,5.7463,3.6234,epoch07
E07,G023,4.1078,4.5937,epoch07
E07,G024,3.0938,5.331,epoch07
E07,G025,4.0081,4.1766,epoch07
E07,G026,2.5444,3.167,epoch07
E07,G027,2.8102,4.3122,epoch07
E07,G028,3.9469,2.5754,epoch07
E07,G029,2.5344,3.4439,epoch07
E07,G030,1.1587,4.6246,epoch07
E07,G031,4.1407,4.2429,epoch07
E07,G032,5.7996,3.2767,epoch07
E07,G033,1.9499,2.7772,epoch07
E07,G034,5.3116,4.4735,epoch07
E07,G035,4.4044,3.8563,epoch07
E07,G036,2.541,3.4323,epoch07
E07,G037,2.2297,4.2518,epoch07
E07,G038,3.2711,3.6171,epoch07
E07,G039,1.3105,2.6339,epoch07
E07,G040,2.6046,4.3677,epoch07
E07,G041,4.1228,3.5728,epoch07
E07,G042,3.4003,3.2002,epoch07
E07,G043,3.5955,3.1986,epoch07
E07,G044,1.2092,3.9263,epoch07
E07,G045,5.6143,3.4501,epoch07
E07,G046,4.1316,4.3619,epoch07
E07,G047,-0.0108,3.5205,epoch07
E07,G048,3.8554,4.5254,epoch07
E07,G049,3.4186,3.629,epoch07
E07,G050,2.6621,3.5142,epoch07
E07,G051,2.6568,2.6168,epoch07
E07,G052,2.0224,3.176,epoch07
E07,G053,1.5478,4.2063,epoch07
E07,G054,4.2391,5.6923,epoch07
E07,G055,4.8797,3.2482,epoch07
E07,G056,1.4573,3.1691,epoch07
E07,G057,2.0436,3.9136,epoch07
E07,G058,4.0689,4.2366,epoch07
E07,G059,4.2828,3.3113,epoch07
E08,G000,-1.9328,-1.117,epoch07
E08,G001,-1.0843,-2.1995,epoch07
E08,G002,-0.9255,-1.2961,epoch07
E08,G003,-1.8272,-0.6969,epoch07
E08,G004,-1.5307,-0.3347,epoch07
E08,G005,-0.624,-1.2861,epoch07
E08,G006,-1.6664,-1.479,epoch07
E08,G007,-1.9231,-1.0064,epoch07
E08,G008,-4.1302,-0.7614,epoch07
E08,G009,-2.1849,-0.9265,epoch07
E08,G010,-1.5424,-1.6706,epoch07
E08,G011,-0.0769,-0.9022,epoch07
E08,G012,0.469,-0.5817,epoch07
E08,G013,-2.059,-1.6912,epoch07
E08,G014,-2.3106,-2.1343,epoch07
E08,G015,0.5662,-0.8444,epoch07
E08,G016,-0.4074,-0.888,epoch07
E08,G017,-2.4391,-0.5845,epoch07
E08,G018,-5.0303,-1.3718,epoch07
E08,G019,-2.4863,-1.5096,epoch07
E08,G020,-0.7205,-1.5174,epoch07
E08,G021,-4.6595,-2.0029,epoch07
E08,G022,1.3263,-1.5674,epoch07
E08,G023,-2.4968,-1.6642,epoch07
E08,G024,-0.4553,-1.5291,epoch07
E08,G025,0.2125,-0.4835,epoch07
E08,G026,-1.0257,-1.8273,epoch07
E08,G027,-1.8018,-1.2245,epoch07
E08,G028,-0.8452,-1.4652,epoch07
E08,G029,0.2321,-0.1861,epoch07
E08,G030,-1.8705,-1.0217,epoch07
E08,G031,-1.2594,-1.3715,epoch07
E08,G032,1.5686,-0.578,epoch07
E08,G033,-5.3624,-1.3631,epoch07
E08,G034,-0.5988,-1.3925,epoch07
E08,G035,-1.7204,-0.245,epoch07
E08,G036,-1.4079,-0.791,epoch07
E08,G037,1.6869,0.031,epoch07
E08,G038,0.1705,-0.3558,epoch07
E08,G039,-2.1975,-0.8908,epoch07
E08,G040,-2.7851,-1.0794,epoch07
E08,G041,0.965,-1.6658,epoch07
E08,G042,-1.6135,-0.7326,epoch07
E08,G043,0.8245,-0.9737,epoch07
E08,G044,-0.8367,-0.7523,epoch07
E08,G045,-3.3654,-1.1168,epoch07
E08,G046,-0.2945,-1.3804,epoch07
E08,G047,-2.3875,-1.8653,epoch07
E08,G048,-0.621,-0.8531,epoch07
E08,G049,-1.0001,-0.428,epoch07
E08,G050,-0.8842,-1.3109,epoch07
E08,G051,-3.6145,-0.9945,epoch07
E08,G052,-1.5671,-0.5458,epoch07
E08,G053,0.1248,-1.6747,epoch07
E08,G054,-0.7231,-1.3012,epoch07
E08,G055,-0.91,-1.7375,epoch07
E08,G056,-5.7516,-0.7745,epoch07
E08,G057,-1.3762,-1.1086,epoch07
E08,G058,2.7468,-1.2904,epoch07
E08,G059,-2.2391,-2.2668,epoch07
E09,G000,-0.6027,-2.2689,epoch07
E09,G001,-1.95,-1.6624,epoch07
E09,G002,-2.0357,-2.2532,epoch07
E09,G003,-1.4515,-2.4989,epoch07
E09,G004,-4.2172,-1.9134,epoch07
E09,G005,-1.8392,-2.8423,epoch07
E09,G006,-2.6961,-2.2465,epoch07
E09,G007,-0.7673,-1.8047,epoch07
E09,G008,-2.1824,-2.6809,epoch07
E09,G009,-1.1806,-2.6064,epoch07
E09,G010,-3.3687,-2.0984,epoch07
E09,G011,-2.0184,-2.1085,epoch07
E09,G012,-1.7105,-2.2896,epoch07
E09,G013,-2.4764,-2.0375,epoch07
E09,G014,-4.7414,-2.1946,epoch07
E09,G015,-1.9856,-2.5759,epoch07
E09,G016,-2.2013,-2.5275,epoch07
E09,G017,-3.3243,-1.8706,epoch07
E09,G018,-4.2899,-1.6352,epoch07
E09,G019,-2.7238,-1.3187,epoch07
E09,G020,-2.3687,-2.7126,epoch07
E09,G021,-0.9235,-1.49,epoch07
E09,G022,0.8402,-1.664,epoch07
E09,G023,-3.9865,-2.2427,epoch07
E09,G024,-2.402,-1.8722,epoch07
E09,G025,0.7964,-1.5186,epoch07
E09,G026,-1.6199,-1.1033,epoch07
E09,G027,-3.0465,-2.8459,epoch07
E09,G028,-0.3721,-1.8433,epoch07
E09,G029,-1.59,-2.1805,epoch07
E09,G030,-4.3935,-2.416,epoch07
E09,G031,-3.8577,-1.5792,epoch07
E09,G032,0.8703,-1.4593,epoch07
E09,G033,-2.4473,-2.8253,epoch07
E09,G034,-1.7183,-2.171,epoch07
E09,G035,-2.75,-2.0226,epoch07
E09,G036,-0.9377,-2.9227,epoch07
E09,G037,0.8585,-1.4584,epoch07
E09,G038,-0.6646,-2.0201,epoch07
E09,G039,-2.7664,-2.2206,epoch07
E09,G040,-1.5027,-1.9918,epoch07
E09,G041,-2.6143,-1.0348,epoch07
E09,G042,-2.5437,-2.1765,epoch07
E09,G043,0.0197,-2.2167,epoch07
E09,G044,-2.0087,-1.1334,epoch07
E09,G045,-3.669,-2.411,epoch07
E09,G046,-0.3447,-2.278,epoch07
E09,G047,-1.7207,-3.0057,epoch07
E09,G048,0.8734,-1.4333,epoch07
E09,G049,-4.6481,-2.0651,epoch07
E09,G050,0.882,-1.8801,epoch07
E09,G051,-3.0177,-2.0685,epoch07
E09,G052,0.3935,-2.1068,epoch07
E09,G053,0.8861,-2.4529,epoch07
E09,G054,0.3749,-2.4761,epoch07
E09,G055,-0.1031,-1.7548,epoch07
E09,G056,-2.9627,-2.0831,epoch07
E09,G057,-1.8064,-1.2932,epoch07
E09,G058,-2.303,-2.5614,epoch07
E09,G059,-5.9845,-2.5935,epoch07
E10,G000,4.475,-1.0774,epoch07
E10,G001,0.4218,0.0868,epoch07
E10,G002,1.8611,-1.3567,epoch07
E10,G003,0.0026,-0.1367,epoch07
E10,G004,1.8137,0.1837,epoch07
E10,G005,1.826,-0.7195,epoch07
E10,G006,0.779,-0.3311,epoch07
E10,G007,0.0627,-1.8577,epoch07
E10,G008,-1.3862,-0.9003,epoch07
E10,G009,0.5778,-1.5256,epoch07
E10,G010,-1.8965,-0.5357,epoch07
E10,G011,-0.8292,-0.5713,epoch07
E10,G012,1.2201,-0.9855,epoch07
E10,G013,-0.6708,-0.0974,epoch07
E10,G014,-0.6644,-0.5119,epoch07
E10,G015,0.558,-0.8923,epoch07
E10,G016,2.5893,-0.8871,epoch07
E10,G017,2.3889,-1.3849,epoch07
E10,G018,-0.5056,-0.8134,epoch07
E10,G019,2.4461,0.6577,epoch07
E10,G020,-1.6506,-1.1508,epoch07
E10,G021,-0.6472,-0.4557,epoch07
E10,G022,2.9311,-0.7713,epoch07
E10,G023,0.948,0.0094,epoch07
E10,G024,1.5821,-0.2286,epoch07
E10,G025,0.7101,-0.5919,epoch07
E10,G026,1.2569,-1.5561,epoch07
E10,G027,4.1856,-0.6984,epoch07
E10,G028,0.4194,0.1323,epoch07
E10,G029,1.2578,-0.6972,epoch07
E10,G030,-0.0494,-0.2224,epoch07
E10,G031,0.4971,-0.7695,epoch07
E10,G032,1.8175,-1.4123,epoch07
E10,G033,0.7765,-0.4886,epoch07
E10,G034,5.7934,-0.1397,epoch07
E10,G035,3.0237,-0.7358,epoch07
E10,G036,0.263,-0.7737,epoch07
E10,G037,4.4089,-0.1295,epoch07
E10,G038,0.2335,-0.9399,epoch07
E10,G039,1.2731,-0.4193,epoch07
E10,G040,1.4542,-0.6608,epoch07
E10,G041,2.3847,-1.7836,epoch07
E10,G042,2.1208,-0.5923,epoch07
E10,G043,1.0891,-0.8325,epoch07
E10,G044,-0.4296,-1.1365,epoch07
E10,G045,0.4281,-0.2201,epoch07
E10,G046,1.7023,-0.7237,epoch07
E10,G047,-1.1045,-0.3246,epoch07
E10,G048,0.8599,0.0565,epoch07
E10,G049,-0.4354,-0.5281,epoch07
E10,G050,-0.1636,-1.5616,epoch07
E10,G051,1.3425,-0.9855,epoch07
E10,G052,-0.5975,-0.0632,epoch07
E10,G053,0.9931,-0.6269,epoch07
E10,G054,2.5659,-0.7671,epoch07
E10,G055,3.1321,-0.4739,epoch07
E10,G056,0.3457,-0.5114,epoch07
E10,G057,0.6558,-0.5333,epoch07
E10,G058,0.6773,-0.1932,epoch07
E10,G059,0.3459,-1.2372,epoch07
E11,G000,-0.4607,0.0771,epoch07
E11,G001,0.0596,-0.158,epoch07
E11,G002,0.4465,0.225,epoch07
E11,G003,-2.25,-1.0032,epoch07
E11,G004,2.407,-0.03,epoch07
E11,G005,1.936,-0.5942,epoch07
E11,G006,-2.2604,0.7909,epoch07
E11,G007,-0.2794,0.9624,epoch07
E11,G008,-1.5419,0.9455,epoch07
E11,G009,0.3306,0.6085,epoch07
E11,G010,-3.0364,-0.3005,epoch07
E11,G011,0.4612,0.7842,epoch07
E11,G012,2.8088,0.2482,epoch07
E11,G013,2.3143,0.6823,epoch07
E11,G014,0.5,-0.4505,epoch07
E11,G015,0.9273,-0.1185,epoch07
E11,G016,2.7194,0.4285,epoch07
E11,G017,1.2997,1.3309,epoch07
E11,G018,-0.4179,0.0478,epoch07
E11,G019,-1.5501,1.4389,epoch07
E11,G020,-1.5433,1.6573,epoch07
E11,G021,1.4763,-0.58,epoch07
E11,G022,0.7057,0.2782,epoch07
E11,G023,0.5567,-0.4055,epoch07
E11,G024,0.0387,0.0612,epoch07
E11,G025,0.4705,-0.0211,epoch07
E11,G026,1.5568,0.2817,epoch07
E11,G027,0.2176,0.7478,epoch07
E11,G028,0.3483,0.7438,epoch07
E11,G029,2.0823,0.4093,epoch07
E11,G030,0.8152,0.1482,epoch07
E11,G031,-0.3887,0.2162,epoch07
E11,G032,1.1989,0.4118,epoch07
E11,G033,0.2702,0.4536,epoch07
E11,G034,1.8405,0.3268,epoch07
E11,G035,2.1252,0.524,epoch07
E11,G036,3.9939,-0.4757,epoch07
E11,G037,3.2611,0.8196,epoch07
E11,G038,1.6777,1.2886,epoch07
E11,G039,-0.8432,0.168,epoch07
E11,G040,1.1533,-0.4675,epoch07
E11,G041,-0.8041,0.9048,epoch07
E11,G042,-0.7691,-0.0314,epoch07
E11,G043,0.8094,-1.4376,epoch07
E11,G044,0.863,0.1365,epoch07
E11,G045,2.7276,0.6712,epoch07
E11,G046,2.9084,0.6778,epoch07
E11,G047,-1.0827,0.7448,epoch07
E11,G048,0.4024,0.644,epoch07
E11,G049,1.8682,0.2246,epoch07
E11,G050,1.0605,-0.9297,epoch07
E11,G051,1.8716,-0.4894,epoch07
E11,G052,0.4657,0.2005,epoch07
E11,G053,0.7318,0.4395,epoch07
E11,G054,1.2833,-0.296,epoch07
E11,G055,1.7062,-0.1153,epoch07
E11,G056,1.82,0.3098,epoch07
E11,G057,-0.8659,-0.9117,epoch07
E11,G058,2.9338,-0.7932,epoch07
E11,G059,1.7086,0.0034,epoch07
E00,G000,-0.4154,0.5307,epoch08
E00,G001,-2.5288,1.0033,epoch08
E00,G002,0.0976,0.0385,epoch08
E00,G003,0.2616,1.0157,epoch08
E00,G004,-2.788,0.2892,epoch08
E00,G005,-0.2772,-0.3701,epoch08
E00,G006,-2.7185,0.0171,epoch08
E00,G007,-2.1974,-0.0328,epoch08
E00,G008,-1.4414,-0.2788,epoch08
E00,G009,-0.556,0.3149,epoch08
E00,G010,-0.6607,0.8382,epoch08
E00,G011,0.2955,0.1462,epoch08
E00,G012,0.6534,0.3947,epoch08
E00,G013,-0.9257,-0.6929,epoch08
E00,G014,-1.2855,0.0756,epoch08
E00,G015,-0.4211,0.9151,epoch08
E00,G016,1.1629,0.9021,epoch08
E00,G017,0.9834,0.6744,epoch08
E00,G018,-3.0006,-0.1909,epoch08
E00,G019,-0.1714,-0.2771,epoch08
E00,G020,-1.4727,0.1123,epoch08
E00,G021,0.1383,-0.5055,epoch08
E00,G022,-0.2985,-0.3053,epoch08
E00,G023,1.238,0.8413,epoch08
E00,G024,-0.8287,-0.3544,epoch08
E00,G025,-0.0812,1.5452,epoch08
E00,G026,-3.4712,-0.766,epoch08
E00,G027,-1.8146,0.3921,epoch08
E00,G028,-0.1893,-0.4081,epoch08
E00,G029,-1.2814,0.3543,epoch08
E00,G030,-1.015,-0.4503,epoch08
E00,G031,1.0094,0.5412,epoch08
E00,G032,1.3314,0.3158,epoch08
E00,G033,-2.7054,-0.1982,epoch08
E00,G034,0.9677,0.7495,epoch08
E00,G035,1.4464,1.2906,epoch08
E00,G036,1.8098,-0.1355,epoch08
E00,G037,0.8517,1.0795,epoch08
E00,G038,0.7926,0.5201,epoch08
E00,G039,-1.6721,0.1972,epoch08
E00,G040,0.1383,1.5716,epoch08
E00,G041,-0.6238,-0.9402,epoch08
E00,G042,-0.6454,-0.1172,epoch08
E00,G043,-0.0818,-0.7911,epoch08
E00,G044,-0.8602,0.14,epoch08
E00,G045,-0.8876,0.1854,epoch08
E00,G046,1.6464,2.8911,epoch08
E00,G047,-2.6381,0.4618,epoch08
E00,G048,-1.1767,1.4408,epoch08
E00,G049,-1.287,1.0,epoch08
E00,G050,0.1955,0.0541,epoch08
E00,G051,-2.7683,0.2947,epoch08
E00,G052,-3.1422,1.1656,epoch08
E00,G053,-0.4029,0.429,epoch08
E00,G054,0.2103,0.372,epoch08
E00,G055,2.2968,0.833,epoch08
E00,G056,-2.6215,-0.907,epoch08
E00,G057,-1.1492,-0.2097,epoch08
E00,G058,0.6893,0.5279,epoch08
E00,G059,-2.023,0.473,epoch08
E01,G000,-0.2253,-0.4551,epoch08
E01,G001,-2.0616,-0.36,epoch08
E01,G002,3.0404,0.1074,epoch08
E01,G003,2.6715,0.1941,epoch08
E01,G004,0.5158,0.3329,epoch08
E01,G005,-0.3818,0.0655,epoch08
E01,G006,-0.3281,-0.0636,epoch08
E01,G007,-1.8268,-1.0206,epoch08
E01,G008,-0.4833,-0.6918,epoch08
E01,G009,2.6181,0.2003,epoch08
E01,G010,0.2107,-1.0493,epoch08
E01,G011,-0.0383,0.2084,epoch08
E01,G012,0.3805,-0.3578,epoch08
E01,G013,-0.0083,-0.5469,epoch08
E01,G014,0.3205,0.2742,epoch08
E01,G015,-0.3888,-0.4122,epoch08
E01,G016,-0.3668,-0.3684,epoch08
E01,G017,0.5899,-0.3185,epoch08
E01,G018,-1.254,-0.1317,epoch08
E01,G019,0.15,1.6651,epoch08
E01,G020,0.6929,-1.3796,epoch08
E01,G021,0.2603,-0.0324,epoch08
E01,G022,2.358,0.0262,epoch08
E01,G023,-1.3717,0.5331,epoch08
E01,G024,0.6172,-0.2704,epoch08
E01,G025,3.1627,-1.3909,epoch08
E01,G026,2.094,0.953,epoch08
E01,G027,0.4189,-0.6597,epoch08
E01,G028,0.2735,-0.0376,epoch08
E01,G029,2.8339,-0.7228,epoch08
E01,G030,-0.4203,-0.6221,epoch08
E01,G031,-0.3059,-0.3425,epoch08
E01,G032,2.4199,0.7438,epoch08
E01,G033,-0.4987,0.3466,epoch08
E01,G034,-0.0638,-0.3363,epoch08
E01,G035,1.688,0.4563,epoch08
E01,G036,-0.1889,-0.2337,epoch08
E01,G037,2.9178,0.3897,epoch08
E01,G038,0.8504,0.1955,epoch08
E01,G039,-1.2757,0.3439,epoch08
E01,G040,0.4228,-0.3398,epoch08
E01,G041,2.1007,0.0492,epoch08
E01,G042,-1.1847,0.0878,epoch08
E01,G043,0.3374,0.1062,epoch08
E01,G044,2.28,-0.3097,epoch08
E01,G045,-0.0107,1.1593,epoch08
E01,G046,2.5722,-0.0111,epoch08
E01,G047,-1.0126,0.4481,epoch08
E01,G048,1.7758,0.1822,epoch08
E01,G049,2.2408,0.7165,epoch08
E01,G050,3.3374,-1.193,epoch08
E01,G051,-0.8708,1.152,epoch08
E01,G052,0.8018,-0.1429,epoch08
E01,G053,0.6872,-0.7032,epoch08
E01,G054,2.5713,0.3574,epoch08
E01,G055,3.9162,1.6433,epoch08
E01,G056,-1.628,0.2503,epoch08
E01,G057,0.613,-0.8258,epoch08
E01,G058,0.3774,-0.2518,epoch08
E01,G059,0.8277,0.7232,epoch08
E02,G000,0.2838,-4.5582,epoch08
E02,G001,-2.387,-4.0313,epoch08
E02,G002,-0.0581,-3.9339,epoch08
E02,G003,1.2929,-2.3241,epoch08
E02,G004,-1.412,-4.0673,epoch08
E02,G005,-0.01,-2.9728,epoch08
E02,G006,-3.4272,-4.4794,epoch08
E02,G007,-3.0483,-4.3149,epoch08
E02,G008,-2.4997,-3.5134,epoch08
E02,G009,0.3819,-3.3727,epoch08
E02,G010,-1.4589,-4.9631,epoch08
E02,G011,0.2659,-3.3,epoch08
E02,G012,1.823,-3.2267,epoch08
E02,G013,-0.2903,-4.0685,epoch08
E02,G014,-4.7103,-4.0653,epoch08
E02,G015,-2.5947,-3.8419,epoch08
E02,G016,1.0271,-4.0307,epoch08
E02,G017,-2.6697,-4.2268,epoch08
E02,G018,-1.0323,-4.3936,epoch08
E02,G019,-1.2145,-3.9502,epoch08
E02,G020,-3.9153,-4.8667,epoch08
E02,G021,-1.7111,-4.1011,epoch08
E02,G022,0.4602,-4.5592,epoch08
E02,G023,-2.762,-3.8467,epoch08
E02,G024,-1.2487,-3.8748,epoch08
E02,G025,1.1571,-4.3196,epoch08
E02,G026,-0.6792,-3.4224,epoch08
E02,G027,-2.2836,-2.7597,epoch08
E02,G028,-0.2852,-2.9915,epoch08
E02,G029,-0.5877,-4.7064,epoch08
E02,G030,-3.7055,-3.3103,epoch08
E02,G031,0.0998,-3.6135,epoch08
E02,G032,0.5986,-3.6716,epoch08
E02,G033,-2.4839,-4.315,epoch08
E02,G034,-1.0106,-3.783,epoch08
E02,G035,-0.9596,-2.994,epoch08
E02,G036,-1.9963,-3.6299,epoch08
E02,G037,0.1289,-3.8844,epoch08
E02,G038,-0.2122,-4.0986,epoch08
E02,G039,-1.3194,-4.2647,epoch08
E02,G040,-0.1478,-3.4027,epoch08
E02,G041,1.0143,-2.5632,epoch08
E02,G042,1.7453,-4.295,epoch08
E02,G043,-0.3885,-3.8361,epoch08
E02,G044,2.1406,-3.9669,epoch08
E02,G045,-0.906,-4.185,epoch08
E02,G046,1.5518,-3.3839,epoch08
E02,G047,-2.6941,-3.6686,epoch08
E02,G048,1.0514,-4.6774,epoch08
E02,G049,1.072,-4.4235,epoch08
E02,G050,-2.57,-3.0636,epoch08
E02,G051,-2.7847,-3.7434,epoch08
E02,G052,-0.8038,-3.5768,epoch08
E02,G053,0.7165,-4.0307,epoch08
E02,G054,0.935,-3.9241,epoch08
E02,G055,-1.1513,-3.5682,epoch08
E02,G056,-2.0382,-4.3214,epoch08
E02,G057,-2.2051,-4.7385,epoch08
E02,G058,-2.3923,-3.9969,epoch08
E02,G059,-2.0215,-3.5352,epoch08
E03,G000,-3.4471,-2.735,epoch08
E03,G001,-2.4902,-1.6992,epoch08
E03,G002,-4.1106,-1.9097,epoch08
E03,G003,-1.231,-2.7544,epoch08
E03,G004,-3.0079,-2.2962,epoch08
E03,G005,-3.4625,-2.3012,epoch08
E03,G006,-3.7202,-2.0746,epoch08
E03,G007,-4.4648,-1.9891,epoch08
E03,G008,-4.9541,-3.2459,epoch08
E03,G009,-3.4651,-3.0137,epoch08
E03,G010,-3.1338,-1.7144,epoch08
E03,G011,-1.3074,-2.1137,epoch08
E03,G012,-1.7767,-2.0494,epoch08
E03,G013,-2.1974,-2.0099,epoch08
E03,G014,-4.1744,-1.6654,epoch08
E03,G015,-1.9815,-2.9399,epoch08
E03,G016,-3.258,-1.6849,epoch08
E03,G017,-1.6359,-2.7292,epoch08
E03,G018,-2.7034,-1.9773,epoch08
E03,G019,-3.9729,-1.5889,epoch08
E03,G020,-2.2434,-3.0465,epoch08
E03,G021,-2.1739,-1.9629,epoch08
E03,G022,-1.4073,-2.3129,epoch08
E03,G023,-3.3942,-2.4425,epoch08
E03,G024,-0.9659,-2.1795,epoch08
E03,G025,-3.572,-2.9871,epoch08
E03,G026,-2.1724,-2.8685,epoch08
E03,G027,-3.2066,-1.8529,epoch08
E03,G028,-1.699,-1.6998,epoch08
E03,G029,-2.5249,-2.6621,epoch08
E03,G030,-4.0608,-3.2888,epoch08
E03,G031,-0.2542,-0.8331,epoch08
E03,G032,0.335,-1.3007,epoch08
E03,G033,-1.7626,-2.1744,epoch08
E03,G034,-0.4118,-2.7552,epoch08
E03,G035,-1.6991,-2.443,epoch08
E03,G036,-3.6388,-2.2112,epoch08
E03,G037,-0.0626,-2.607,epoch08
E03,G038,-2.6748,-1.3229,epoch08
E03,G039,-2.2779,-2.1629,epoch08
E03,G040,-1.7631,-1.9045,epoch08
E03,G041,-2.8165,-2.7101,epoch08
E03,G042,-2.1725,-2.7501,epoch08
E03,G043,-3.6846,-2.6196,epoch08
E03,G044,-1.7703,-2.0559,epoch08
E03,G045,-2.4617,-2.335,epoch08
E03,G046,-1.6459,-2.2517,epoch08
E03,G047,-3.0834,-2.1199,epoch08
E03,G048,-0.6924,-1.9443,epoch08
E03,G049,-3.7328,-1.344,epoch08
E03,G050,-3.8887,-2.3424,epoch08
E03,G051,-4.8853,-3.04,epoch08
E03,G052,-5.292,-2.3648,epoch08
E03,G053,-2.2676,-1.2355,epoch08
E03,G054,0.6178,-2.4167,epoch08
E03,G055,-2.0906,-2.0595,epoch08
E03,G056,-3.1409,-2.6397,epoch08
E03,G057,-5.1691,-2.179,epoch08
E03,G058,-1.3273,-2.0054,epoch08
E03,G059,-3.9271,-2.8911,epoch08
E04,G000,-1.3659,-3.1146,epoch08
E04,G001,-1.6574,-2.5189,epoch08
E04,G002,0.4356,-2.3163,epoch08
E04,G003,-0.17,-2.3048,epoch08
E04,G004,-3.4716,-2.7327,epoch08
E04,G005,-2.7324,-3.2326,epoch08
E04,G006,-3.0526,-3.4786,epoch08
E04,G007,-2.0531,-2.4757,epoch08
E04,G008,-2.6858,-3.9525,epoch08
E04,G009,-1.0115,-2.9703,epoch08
E04,G010,0.4038,-4.1014,epoch08
E04,G011,-3.0678,-3.1786,epoch08
E04,G012,-1.6976,-3.4141,epoch08
E04,G013,-0.3081,-3.6897,epoch08
E04,G014,-4.0055,-2.9111,epoch08
E04,G015,-3.1631,-3.5492,epoch08
E04,G016,-1.1284,-3.1442,epoch08
E04,G017,-0.9924,-2.9264,epoch08
E04,G018,-2.7285,-3.6072,epoch08
E04,G019,0.684,-2.1724,epoch08
E04,G020,-1.7016,-3.4608,epoch08
E04,G021,-2.8312,-2.9077,epoch08
E04,G022,-1.822,-3.7208,epoch08
E04,G023,-3.1238,-3.4328,epoch08
E04,G024,0.731,-3.046,epoch08
E04,G025,-1.7076,-3.1102,epoch08
E04,G026,-1.6536,-3.2868,epoch08
E04,G027,0.7034,-2.7532,epoch08
E04,G028,0.02,-1.9798,epoch08
E04,G029,-1.0593,-2.9806,epoch08
E04,G030,-2.1129,-3.0221,epoch08
E04,G031,-2.748,-3.1981,epoch08
E04,G032,-0.8919,-1.3114,epoch08
E04,G033,-5.8616,-2.2845,epoch08
E04,G034,0.5017,-2.5116,epoch08
E04,G035,-0.612,-2.3904,epoch08
E04,G036,-0.6251,-3.3795,epoch08
E04,G037,2.0726,-2.8847,epoch08
E04,G038,0.1998,-2.8082,epoch08
E04,G039,-3.84,-3.071,epoch08
E04,G040,0.0117,-3.4373,epoch08
E04,G041,0.4542,-3.3723,epoch08
E04,G042,-1.9217,-2.6488,epoch08
E04,G043,-1.1993,-2.6585,epoch08
E04,G044,-1.522,-4.2581,epoch08
E04,G045,-2.099,-2.8216,epoch08
E04,G046,1.9172,-1.9967,epoch08
E04,G047,-4.2765,-3.4323,epoch08
E04,G048,-1.6879,-2.7425,epoch08
E04,G049,-0.5599,-3.7282,epoch08
E04,G050,-0.8221,-2.3873,epoch08
E04,G051,-2.1187,-3.7651,epoch08
E04,G052,-2.6248,-3.9216,epoch08
E04,G053,-1.2749,-3.1362,epoch08
E04,G054,-0.4637,-1.5831,epoch08
E04,G055,-3.1172,-3.303,epoch08
E04,G056,-1.8621,-3.8024,epoch08
E04,G057,-2.1515,-2.7126,epoch08
E04,G058,-0.4622,-2.7506,epoch08
E04,G059,-4.1053,-2.3423,epoch08
E05,G000,-3.5455,-2.4207,epoch08
E05,G001,-4.5257,-2.7683,epoch08
E05,G002,-1.27,-1.7775,epoch08
E05,G003,0.1457,-1.1344,epoch08
E05,G004,-4.3517,-1.5675,epoch08
E05,G005,-1.4424,-1.1065,epoch08
E05,G006,-2.8905,-2.8671,epoch08
E05,G007,-5.2704,-2.2958,epoch08
E05,G008,-4.1428,-1.9554,epoch08
E05,G009,-1.0113,-1.2587,epoch08
E05,G010,-2.8812,-1.4951,epoch08
E05,G011,-2.7924,-1.9565,epoch08
E05,G012,-1.7519,-2.1392,epoch08
E05,G013,-2.4634,-1.0391,epoch08
E05,G014,-4.4491,-1.2792,epoch08
E05,G015,-3.9004,-0.1099,epoch08
E05,G016,-1.4225,-1.7071,epoch08
E05,G017,-2.8564,-0.6578,epoch08
E05,G018,-4.7226,-2.5843,epoch08
E05,G019,-4.3964,-2.0516,epoch08
E05,G020,-4.417,-2.2741,epoch08
E05,G021,-5.1928,-2.1372,epoch08
E05,G022,-1.0429,-1.969,epoch08
E05,G023,-2.3787,-2.0788,epoch08
E05,G024,-1.9942,-1.656,epoch08
E05,G025,-0.3888,-1.7163,epoch08
E05,G026,-3.9198,-1.4581,epoch08
E05,G027,-3.0805,-1.768,epoch08
E05,G028,-2.3732,-1.6103,epoch08
E05,G029,-2.4487,-0.7099,epoch08
E05,G030,-3.209,-1.6284,epoch08
E05,G031,-2.7668,-1.4479,epoch08
E05,G032,0.3677,-1.4665,epoch08
E05,G033,-4.8416,-1.8903,epoch08
E05,G034,-3.02,-1.2673,epoch08
E05,G035,-2.2851,-2.0372,epoch08
E05,G036,-3.4729,-0.987,epoch08
E05,G037,-1.6478,-0.6107,epoch08
E05,G038,-1.4913,-0.7367,epoch08
E05,G039,-2.1177,-2.0278,epoch08
E05,G040,-2.2459,-2.4726,epoch08
E05,G041,-4.4435,-1.8629,epoch08
E05,G042,-3.6059,-1.5928,epoch08
E05,G043,-4.5932,-1.152,epoch08
E05,G044,-0.8097,-1.5399,epoch08
E05,G045,-0.8755,-1.7539,epoch08
E05,G046,0.7184,-0.4134,epoch08
E05,G047,-4.9455,-2.177,epoch08
E05,G048,-2.9235,-0.9578,epoch08
E05,G049,-2.3337,-1.2908,epoch08
E05,G050,-2.3013,-2.4543,epoch08
E05,G051,-2.9736,-1.5303,epoch08
E05,G052,-2.8786,-2.1488,epoch08
E05,G053,0.528,-2.1406,epoch08
E05,G054,-0.0477,-2.6127,epoch08
E05,G055,-1.9252,-2.5295,epoch08
E05,G056,-3.7991,-1.5909,epoch08
E05,G057,-2.978,-2.0061,epoch08
E05,G058,-2.4796,-1.3988,epoch08
E05,G059,-5.9056,-2.5635,epoch08
E06,G000,-0.2709,-0.2703,epoch08
E06,G001,-1.9405,-0.322,epoch08
E06,G002,-0.6592,-1.0399,epoch08
E06,G003,0.0391,-1.0451,epoch08
E06,G004,1.1135,0.0778,epoch08
E06,G005,-0.5403,0.0881,epoch08
E06,G006,-2.9432,-0.9413,epoch08
E06,G007,-1.301,-0.237,epoch08
E06,G008,-1.709,0.1002,epoch08
E06,G009,0.278,0.9701,epoch08
E06,G010,-1.0102,-0.6352,epoch08
E06,G011,-0.7624,0.3399,epoch08
E06,G012,-0.2848,1.4003,epoch08
E06,G013,-1.5087,-0.0691,epoch08
E06,G014,-1.5594,0.5904,epoch08
E06,G015,-0.5018,-1.6602,epoch08
E06,G016,-1.4414,0.7818,epoch08
E06,G017,0.3023,0.0373,epoch08
E06,G018,-1.4568,-1.3476,epoch08
E06,G019,0.5985,0.4423,epoch08
E06,G020,-1.4547,0.4888,epoch08
E06,G021,-1.669,0.517,epoch08
E06,G022,-0.6786,0.8216,epoch08
E06,G023,-1.7722,-0.1315,epoch08
E06,G024,2.4065,-0.3928,epoch08
E06,G025,-1.7878,-0.2672,epoch08
E06,G026,-0.7986,-0.1151,epoch08
E06,G027,-0.9475,0.0647,epoch08
E06,G028,0.3425,-0.2411,epoch08
E06,G029,-1.3511,-0.0748,epoch08
E06,G030,-2.4002,0.2061,epoch08
E06,G031,0.1801,0.1799,epoch08
E06,G032,2.201,1.6194,epoch08
E06,G033,-4.3416,0.962,epoch08
E06,G034,0.1007,-0.6994,epoch08
E06,G035,-1.1057,-0.4105,epoch08
E06,G036,-1.8295,-0.982,epoch08
E06,G037,2.6433,-0.4468,epoch08
E06,G038,0.9882,0.3327,epoch08
E06,G039,-0.6572,-0.8244,epoch08
E06,G040,0.1368,-0.5924,epoch08
E06,G041,1.1222,-0.1769,epoch08
E06,G042,1.4383,0.4762,epoch08
E06,G043,1.2899,-0.2338,epoch08
E06,G044,0.6251,-0.3463,epoch08
E06,G045,-0.6129,0.4586,epoch08
E06,G046,2.7176,0.5965,epoch08
E06,G047,0.0756,0.1458,epoch08
E06,G048,-0.8423,0.5967,epoch08
E06,G049,-0.1253,-0.6891,epoch08
E06,G050,-0.141,0.1388,epoch08
E06,G051,-1.3708,-0.542,epoch08
E06,G052,-0.8347,0.6907,epoch08
E06,G053,-1.6636,0.36,epoch08
E06,G054,-0.0616,-0.6732,epoch08
E06,G055,1.4757,0.8398,epoch08
E06,G056,-1.1174,-0.9985,epoch08
E06,G057,-0.2017,0.6528,epoch08
E06,G058,1.1822,0.2516,epoch08
E06,G059,-3.3457,-0.869,epoch08
E07,G000,2.885,2.89,epoch08
E07,G001,1.9241,3.3435,epoch08
E07,G002,4.901,3.77,epoch08
E07,G003,3.8238,3.0863,epoch08
E07,G004,2.3426,3.8917,epoch08
E07,G005,0.6425,2.6778,epoch08
E07,G006,1.3167,3.5235,epoch08
E07,G007,-0.1517,3.4228,epoch08
E07,G008,0.1119,2.2925,epoch08
E07,G009,3.3663,3.7006,epoch08
E07,G010,1.6257,2.6705,epoch08
E07,G011,3.0717,2.3117,epoch08
E07,G012,4.7353,3.3877,epoch08
E07,G013,4.1428,3.475,epoch08
E07,G014,-0.1352,3.8374,epoch08
E07,G015,0.8102,3.15,epoch08
E07,G016,2.6891,4.5209,epoch08
E07,G017,3.7268,4.5504,epoch08
E07,G018,2.4015,4.1378,epoch08
E07,G019,3.9893,4.404,epoch08
E07,G020,2.7992,3.6678,epoch08
E07,G021,3.6807,3.2293,epoch08
E07,G022,5.7463,4.187,epoch08
E07,G023,4.1078,4.2666,epoch08
E07,G024,3.0938,3.9685,epoch08
E07,G025,4.0081,3.617,epoch08
E07,G026,2.5444,2.5854,epoch08
E07,G027,2.8102,4.0596,epoch08
E07,G028,3.9469,3.8443,epoch08
E07,G029,2.5344,2.8267,epoch08
E07,G030,1.1587,3.5764,epoch08
E07,G031,4.1407,4.0276,epoch08
E07,G032,5.7996,3.8196,epoch08
E07,G033,1.9499,3.9476,epoch08
E07,G034,5.3116,4.2516,epoch08
E07,G035,4.4044,2.7745,epoch08
E07,G036,2.541,3.3477,epoch08
E07,G037,2.2297,4.125,epoch08
E07,G038,3.2711,4.2968,epoch08
E07,G039,1.3105,4.3316,epoch08
E07,G040,2.6046,2.5367,epoch08
E07,G041,4.1228,3.6989,epoch08
E07,G042,3.4003,3.9646,epoch08
E07,G043,3.5955,4.4995,epoch08
E07,G044,1.2092,4.5699,epoch08
E07,G045,5.6143,3.1317,epoch08
E07,G046,4.1316,3.593,epoch08
E07,G047,-0.0108,2.7729,epoch08
E07,G048,3.8554,4.1976,epoch08
E07,G049,3.4186,2.8237,epoch08
E07,G050,2.6621,4.389,epoch08
E07,G051,2.6568,4.0572,epoch08
E07,G052,2.0224,3.863,epoch08
E07,G053,1.5478,2.2465,epoch08
E07,G054,4.2391,3.3447,epoch08
E07,G055,4.8797,4.2155,epoch08
E07,G056,1.4573,2.6576,epoch08
E07,G057,2.0436,3.3256,epoch08
E07,G058,4.0689,3.7044,epoch08
E07,G059,4.2828,3.9797,epoch08
E08,G000,-1.9328,-0.2339,epoch08
E08,G001,-1.0843,-0.3896,epoch08
E08,G002,-0.9255,-0.6298,epoch08
E08,G003,-1.8272,-0.4599,epoch08
E08,G004,-1.5307,-0.6115,epoch08
E08,G005,-0.624,0.0005,epoch08
E08,G006,-1.6664,-0.7214,epoch08
E08,G007,-1.9231,0.0969,epoch08
E08,G008,-4.1302,-1.7149,epoch08
E08,G009,-2.1849,0.2713,epoch08
E08,G010,-1.5424,-0.6092,epoch08
E08,G011,-0.0769,0.3473,epoch08
E08,G012,0.469,-0.3192,epoch08
E08,G013,-2.059,-0.0392,epoch08
E08,G014,-2.3106,0.2403,epoch08
E08,G015,0.5662,-0.7088,epoch08
E08,G016,-0.4074,-0.2784,epoch08
E08,G017,-2.4391,-0.4763,epoch08
E08,G018,-5.0303,-0.598,epoch08
E08,G019,-2.4863,-1.3672,epoch08
E08,G020,-0.7205,-0.6418,epoch08
E08,G021,-4.6595,-0.8709,epoch08
E08,G022,1.3263,-0.7233,epoch08
E08,G023,-2.4968,-0.7494,epoch08
E08,G024,-0.4553,-1.4567,epoch08
E08,G025,0.2125,0.4945,epoch08
E08,G026,-1.0257,-0.0987,epoch08
E08,G027,-1.8018,0.6908,epoch08
E08,G028,-0.8452,-0.901,epoch08
E08,G029,0.2321,-0.9592,epoch08
E08,G030,-1.8705,-0.2494,epoch08
E08,G031,-1.2594,-1.4189,epoch08
E08,G032,1.5686,-0.1262,epoch08
E08,G033,-5.3624,-1.1285,epoch08
E08,G034,-0.5988,-0.5653,epoch08
E08,G035,-1.7204,-0.2032,epoch08
E08,G036,-1.4079,-0.4243,epoch08
E08,G037,1.6869,0.9733,epoch08
E08,G038,0.1705,0.1521,epoch08
E08,G039,-2.1975,-1.4027,epoch08
E08,G040,-2.7851,0.1906,epoch08
E08,G041,0.965,-1.0889,epoch08
E08,G042,-1.6135,-0.3293,epoch08
E08,G043,0.8245,-0.9916,epoch08
E08,G044,-0.8367,-0.8853,epoch08
E08,G045,-3.3654,0.443,epoch08
E08,G046,-0.2945,-0.5418,epoch08
E08,G047,-2.3875,-0.9667,epoch08
E08,G048,-0.621,-0.8646,epoch08
E08,G049,-1.0001,-0.6057,epoch08
E08,G050,-0.8842,0.4758,epoch08
E08,G051,-3.6145,-1.2426,epoch08
E08,G052,-1.5671,-1.3741,epoch08
E08,G053,0.1248,-0.1131,epoch08
E08,G054,-0.7231,-1.3198,epoch08
E08,G055,-0.91,-0.5668,epoch08
E08,G056,-5.7516,-0.0758,epoch08
E08,G057,-1.3762,-0.5347,epoch08
E08,G058,2.7468,-0.5476,epoch08
E08,G059,-2.2391,-1.0511,epoch08
E09,G000,-0.6027,-2.8927,epoch08
E09,G001,-1.95,-2.7712,epoch08
E09,G002,-2.0357,-2.1558,epoch08
E09,G003,-1.4515,-1.6948,epoch08
E09,G004,-4.2172,-1.8872,epoch08
E09,G005,-1.8392,-2.6525,epoch08
E09,G006,-2.6961,-2.9166,epoch08
E09,G007,-0.7673,-1.891,epoch08
E09,G008,-2.1824,-3.5293,epoch08
E09,G009,-1.1806,-2.5697,epoch08
E09,G010,-3.3687,-2.627,epoch08
E09,G011,-2.0184,-2.8764,epoch08
E09,G012,-1.7105,-2.9331,epoch08
E09,G013,-2.4764,-2.1183,epoch08
E09,G014,-4.7414,-3.5352,epoch08
E09,G015,-1.9856,-2.7581,epoch08
E09,G016,-2.2013,-2.7174,epoch08
E09,G017,-3.3243,-2.2464,epoch08
E09,G018,-4.2899,-3.3062,epoch08
E09,G019,-2.7238,-1.5917,epoch08
E09,G020,-2.3687,-2.6151,epoch08
E09,G021,-0.9235,-2.4388,epoch08
E09,G022,0.8402,-2.4814,epoch08
E09,G023,-3.9865,-2.8306,epoch08
E09,G024,-2.402,-2.9245,epoch08
E09,G025,0.7964,-1.4401,epoch08
E09,G026,-1.6199,-2.1693,epoch08
E09,G027,-3.0465,-2.519,epoch08
E09,G028,-0.3721,-1.7724,epoch08
E09,G029,-1.59,-2.7066,epoch08
E09,G030,-4.3935,-2.1352,epoch08
E09,G031,-3.8577,-2.4192,epoch08
E09,G032,0.8703,-2.5994,epoch08
E09,G033,-2.4473,-1.9991,epoch08
E09,G034,-1.7183,-3.0735,epoch08
E09,G035,-2.75,-1.9462,epoch08
E09,G036,-0.9377,-2.8411,epoch08
E09,G037,0.8585,-1.8459,epoch08
E09,G038,-0.6646,-1.2947,epoch08
E09,G039,-2.7664,-2.1954,epoch08
E09,G040,-1.5027,-2.7448,epoch08
E09,G041,-2.6143,-2.2475,epoch08
E09,G042,-2.5437,-2.6227,epoch08
E09,G043,0.0197,-2.8879,epoch08
E09,G044,-2.0087,-2.9744,epoch08
E09,G045,-3.669,-2.2904,epoch08
E09,G046,-0.3447,-1.8143,epoch08
E09,G047,-1.7207,-3.4991,epoch08
E09,G048,0.8734,-2.2622,epoch08
E09,G049,-4.6481,-2.1249,epoch08
E09,G050,0.882,-2.2776,epoch08
E09,G051,-3.0177,-2.9698,epoch08
E09,G052,0.3935,-1.5777,epoch08
E09,G053,0.8861,-2.9126,epoch08
E09,G054,0.3749,-1.8182,epoch08
E09,G055,-0.1031,-1.1998,epoch08
E09,G056,-2.9627,-3.5881,epoch08
E09,G057,-1.8064,-2.2768,epoch08
E09,G058,-2.303,-2.1409,epoch08
E09,G059,-5.9845,-2.4211,epoch08
E10,G000,4.475,1.8525,epoch08
E10,G001,0.4218,1.8931,epoch08
E10,G002,1.8611,1.2775,epoch08
E10,G003,0.0026,2.3059,epoch08
E10,G004,1.8137,2.4812,epoch08
E10,G005,1.826,1.7417,epoch08
E10,G006,0.779,1.4618,epoch08
E10,G007,0.0627,1.8388,epoch08
E10,G008,-1.3862,2.0863,epoch08
E10,G009,0.5778,2.2415,epoch08
E10,G010,-1.8965,2.0874,epoch08
E10,G011,-0.8292,2.2599,epoch08
E10,G012,1.2201,1.4588,epoch08
E10,G013,-0.6708,0.5051,epoch08
E10,G014,-0.6644,2.4233,epoch08
E10,G015,0.558,3.0497,epoch08
E10,G016,2.5893,1.3373,epoch08
E10,G017,2.3889,1.8422,epoch08
E10,G018,-0.5056,2.2362,epoch08
E10,G019,2.4461,2.8353,epoch08
E10,G020,-1.6506,2.3959,epoch08
E10,G021,-0.6472,2.843,epoch08
E10,G022,2.9311,2.3227,epoch08
E10,G023,0.948,2.625,epoch08
E10,G024,1.5821,2.5835,epoch08
E10,G025,0.7101,2.0959,epoch08
E10,G026,1.2569,2.9717,epoch08
E10,G027,4.1856,2.7945,epoch08
E10,G028,0.4194,2.8407,epoch08
E10,G029,1.2578,1.9997,epoch08
E10,G030,-0.0494,2.8325,epoch08
E10,G031,0.4971,1.6745,epoch08
E10,G032,1.8175,2.716,epoch08
E10,G033,0.7765,0.454,epoch08
E10,G034,5.7934,1.9173,epoch08
E10,G035,3.0237,2.8598,epoch08
E10,G036,0.263,1.9562,epoch08
E10,G037,4.4089,2.6617,epoch08
E10,G038,0.2335,1.2016,epoch08
E10,G039,1.2731,3.0962,epoch08
E10,G040,1.4542,2.6076,epoch08
E10,G041,2.3847,2.3476,epoch08
E10,G042,2.1208,2.5414,epoch08
E10,G043,1.0891,2.5073,epoch08
E10,G044,-0.4296,2.9557,epoch08
E10,G045,0.4281,2.4972,epoch08
E10,G046,1.7023,1.4831,epoch08
E10,G047,-1.1045,1.9926,epoch08
E10,G048,0.8599,3.0009,epoch08
E10,G049,-0.4354,2.5132,epoch08
E10,G050,-0.1636,1.8228,epoch08
E10,G051,1.3425,2.5821,epoch08
E10,G052,-0.5975,2.2774,epoch08
E10,G053,0.9931,2.6928,epoch08
E10,G054,2.5659,1.5798,epoch08
E10,G055,3.1321,1.8574,epoch08
E10,G056,0.3457,2.343,epoch08
E10,G057,0.6558,1.9501,epoch08
E10,G058,0.6773,2.4433,epoch08
E10,G059,0.3459,3.1485,epoch08
E11,G000,-0.4607,2.3143,epoch08
E11,G001,0.0596,2.3444,epoch08
E11,G002,0.4465,2.1729,epoch08
E11,G003,-2.25,2.0628,epoch08
E11,G004,2.407,2.2994,epoch08
E11,G005,1.936,1.545,epoch08
E11,G006,-2.2604,0.9616,epoch08
E11,G007,-0.2794,3.139,epoch08
E11,G008,-1.5419,2.1508,epoch08
E11,G009,0.3306,3.076,epoch08
E11,G010,-3.0364,2.259,epoch08
E11,G011,0.4612,2.6018,epoch08
E11,G012,2.8088,3.06,epoch08
E11,G013,2.3143,3.0583,epoch08
E11,G014,0.5,1.5671,epoch08
E11,G015,0.9273,3.2015,epoch08
E11,G016,2.7194,1.8364,epoch08
E11,G017,1.2997,2.7402,epoch08
E11,G018,-0.4179,3.8254,epoch08
E11,G019,-1.5501,2.4666,epoch08
E11,G020,-1.5433,3.3391,epoch08
E11,G021,1.4763,2.1836,epoch08
E11,G022,0.7057,2.9424,epoch08
E11,G023,0.5567,2.4081,epoch08
E11,G024,0.0387,2.637,epoch08
E11,G025,0.4705,2.045,epoch08
E11,G026,1.5568,2.0545,epoch08
E11,G027,0.2176,2.6643,epoch08
E11,G028,0.3483,1.5383,epoch08
E11,G029,2.0823,2.0292,epoch08
E11,G030,0.8152,2.7791,epoch08
E11,G031,-0.3887,2.0283,epoch08
E11,G032,1.1989,2.0969,epoch08
E11,G033,0.2702,1.7086,epoch08
E11,G034,1.8405,2.6979,epoch08
E11,G035,2.1252,2.2893,epoch08
E11,G036,3.9939,2.6267,epoch08
E11,G037,3.2611,2.5549,epoch08
E11,G038,1.6777,3.6919,epoch08
E11,G039,-0.8432,2.0317,epoch08
E11,G040,1.1533,1.4446,epoch08
E11,G041,-0.8041,2.4569,epoch08
E11,G042,-0.7691,2.4045,epoch08
E11,G043,0.8094,2.6144,epoch08
E11,G044,0.863,1.5691,epoch08
E11,G045,2.7276,3.2935,epoch08
E11,G046,2.9084,2.7568,epoch08
E11,G047,-1.0827,2.2419,epoch08
E11,G048,0.4024,1.6233,epoch08
E11,G049,1.8682,2.6854,epoch08
E11,G050,1.0605,2.4027,epoch08
E11,G051,1.8716,3.1937,epoch08
E11,G052,0.4657,2.0859,epoch08
E11,G053,0.7318,1.5436,epoch08
E11,G054,1.2833,2.6374,epoch08
E11,G055,1.7062,1.9482,epoch08
E11,G056,1.82,2.5161,epoch08
E11,G057,-0.8659,1.7705,epoch08
E11,G058,2.9338,2.5107,epoch08
E11,G059,1.7086,2.2406,epoch08
E00,G000,-0.4154,-0.0013,epoch09
E00,G001,-2.5288,-0.703,epoch09
E00,G002,0.0976,-0.985,epoch09
E00,G003,0.2616,0.4261,epoch09
E00,G004,-2.788,0.1831,epoch09
E00,G005,-0.2772,-0.0031,epoch09
E00,G006,-2.7185,-0.2907,epoch09
E00,G007,-2.1974,-0.041,epoch09
E00,G008,-1.4414,-0.5875,epoch09
E00,G009,-0.556,-0.1503,epoch09
E00,G010,-0.6607,-0.3998,epoch09
E00,G011,0.2955,-0.0254,epoch09
E00,G012,0.6534,-0.8564,epoch09
E00,G013,-0.9257,-0.7988,epoch09
E00,G014,-1.2855,-0.2647,epoch09
E00,G015,-0.4211,-0.5971,epoch09
E00,G016,1.1629,-1.6807,epoch09
E00,G017,0.9834,-0.0974,epoch09
E00,G018,-3.0006,-1.9309,epoch09
E00,G019,-0.1714,0.9496,epoch09
E00,G020,-1.4727,0.0202,epoch09
E00,G021,0.1383,0.156,epoch09
E00,G022,-0.2985,-0.5252,epoch09
E00,G023,1.238,-1.029,epoch09
E00,G024,-0.8287,-0.5279,epoch09
E00,G025,-0.0812,-0.0821,epoch09
E00,G026,-3.4712,-1.0002,epoch09
E00,G027,-1.8146,-0.3803,epoch09
E00,G028,-0.1893,0.1614,epoch09
E00,G029,-1.2814,0.0391,epoch09
E00,G030,-1.015,-1.0733,epoch09
E00,G031,1.0094,-1.3824,epoch09
E00,G032,1.3314,-0.142,epoch09
E00,G033,-2.7054,-0.9592,epoch09
E00,G034,0.9677,0.1706,epoch09
E00,G035,1.4464,0.8453,epoch09
E00,G036,1.8098,0.6665,epoch09
E00,G037,0.8517,0.194,epoch09
E00,G038,0.7926,0.6244,epoch09
E00,G039,-1.6721,0.6584,epoch09
E00,G040,0.1383,-0.3195,epoch09
E00,G041,-0.6238,-0.0075,epoch09
E00,G042,-0.6454,0.2582,epoch09
E00,G043,-0.0818,-0.284,epoch09
E00,G044,-0.8602,-0.5501,epoch09
E00,G045,-0.8876,-0.7144,epoch09
E00,G046,1.6464,0.0587,epoch09
E00,G047,-2.6381,-0.7206,epoch09
E00,G048,-1.1767,0.2876,epoch09
E00,G049,-1.287,-0.5876,epoch09
E00,G050,0.1955,0.6739,epoch09
E00,G051,-2.7683,0.1344,epoch09
E00,G052,-3.1422,-1.2262,epoch09
E00,G053,-0.4029,0.4362,epoch09
E00,G054,0.2103,-0.5876,epoch09
E00,G055,2.2968,0.862,epoch09
E00,G056,-2.6215,-0.2959,epoch09
E00,G057,-1.1492,-0.3151,epoch09
E00,G058,0.6893,0.1814,epoch09
E00,G059,-2.023,-0.8059,epoch09
E01,G000,-0.2253,0.0243,epoch09
E01,G001,-2.0616,-0.2596,epoch09
E01,G002,3.0404,-0.179,epoch09
E01,G003,2.6715,0.2802,epoch09
E01,G004,0.5158,-1.0352,epoch09
E01,G005,-0.3818,0.0465,epoch09
E01,G006,-0.3281,-1.2568,epoch09
E01,G007,-1.8268,-0.1036,epoch09
E01,G008,-0.4833,-0.0672,epoch09
E01,G009,2.6181,0.1475,epoch09
E01,G010,0.2107,-0.7429,epoch09
E01,G011,-0.0383,1.6498,epoch09
E01,G012,0.3805,-0.3868,epoch09
E01,G013,-0.0083,-0.2657,epoch09
E01,G014,0.3205,-0.9114,epoch09
E01,G015,-0.3888,0.5967,epoch09
E01,G016,-0.3668,-0.4047,epoch09
E01,G017,0.5899,0.4364,epoch09
E01,G018,-1.254,-1.0822,epoch09
E01,G019,0.15,-0.109,epoch09
E01,G020,0.6929,-0.6295,epoch09
E01,G021,0.2603,0.2651,epoch09
E01,G022,2.358,-0.2641,epoch09
E01,G023,-1.3717,-0.8833,epoch09
E01,G024,0.6172,-0.0604,epoch09
E01,G025,3.1627,-0.8937,epoch09
E01,G026,2.094,-0.7092,epoch09
E01,G027,0.4189,0.198,epoch09
E01,G028,0.2735,-1.4513,epoch09
E01,G029,2.8339,0.3212,epoch09
E01,G030,-0.4203,-0.4785,epoch09
E01,G031,-0.3059,-0.8998,epoch09
E01,G032,2.4199,0.1343,epoch09
E01,G033,-0.4987,-0.0882,epoch09
E01,G034,-0.0638,-0.6097,epoch09
E01,G035,1.688,-0.2094,epoch09
E01,G036,-0.1889,0.2109,epoch09
E01,G037,2.9178,0.5744,epoch09
E01,G038,0.8504,-0.1877,epoch09
E01,G039,-1.2757,-0.7955,epoch09
E01,G040,0.4228,-0.8203,epoch09
E01,G041,2.1007,-0.4893,epoch09
E01,G042,-1.1847,0.0939,epoch09
E01,G043,0.3374,0.1465,epoch09
E01,G044,2.28,0.1276,epoch09
E01,G045,-0.0107,0.7222,epoch09
E01,G046,2.5722,-0.1336,epoch09
E01,G047,-1.0126,-0.522,epoch09
E01,G048,1.7758,-0.4387,epoch09
E01,G049,2.2408,0.8817,epoch09
E01,G050,3.3374,-1.376,epoch09
E01,G051,-0.8708,-0.2057,epoch09
E01,G052,0.8018,-0.0054,epoch09
E01,G053,0.6872,-0.1697,epoch09
E01,G054,2.5713,1.5142,epoch09
E01,G055,3.9162,0.7794,epoch09
E01,G056,-1.628,0.1441,epoch09
E01,G057,0.613,-0.9079,epoch09
E01,G058,0.3774,0.0826,epoch09
E01,G059,0.8277,-0.6011,epoch09
E02,G000,0.2838,-1.9064,epoch09
E02,G001,-2.387,-2.0715,epoch09
E02,G002,-0.0581,-2.2933,epoch09
E02,G003,1.2929,-1.4744,epoch09
E02,G004,-1.412,-1.1478,epoch09
E02,G005,-0.01,-1.3769,epoch09
E02,G006,-3.4272,-2.2318,epoch09
E02,G007,-3.0483,-3.2703,epoch09
E02,G008,-2.4997,-1.7648,epoch09
E02,G009,0.3819,-1.3233,epoch09
E02,G010,-1.4589,-2.2946,epoch09
E02,G011,0.2659,-2.2081,epoch09
E02,G012,1.823,-1.4209,epoch09
E02,G013,-0.2903,-2.4163,epoch09
E02,G014,-4.7103,-2.0291,epoch09
E02,G015,-2.5947,-2.955,epoch09
E02,G016,1.0271,-2.5311,epoch09
E02,G017,-2.6697,-2.115,epoch09
E02,G018,-1.0323,-3.1594,epoch09
E02,G019,-1.2145,-2.0205,epoch09
E02,G020,-3.9153,-2.0177,epoch09
E02,G021,-1.7111,-3.1794,epoch09
E02,G022,0.4602,-1.2857,epoch09
E02,G023,-2.762,-2.4949,epoch09
E02,G024,-1.2487,-1.7275,epoch09
E02,G025,1.1571,-1.772,epoch09
E02,G026,-0.6792,-2.4884,epoch09
E02,G027,-2.2836,-2.5273,epoch09
E02,G028,-0.2852,-3.087,epoch09
E02,G029,-0.5877,-2.5528,epoch09
E02,G030,-3.7055,-2.8534,epoch09
E02,G031,0.0998,-0.9604,epoch09
E02,G032,0.5986,-1.2166,epoch09
E02,G033,-2.4839,-3.06,epoch09
E02,G034,-1.0106,-1.5164,epoch09
E02,G035,-0.9596,-1.9461,epoch09
E02,G036,-1.9963,-2.4615,epoch09
E02,G037,0.1289,-1.5488,epoch09
E02,G038,-0.2122,-1.4159,epoch09
E02,G039,-1.3194,-2.636,epoch09
E02,G040,-0.1478,-2.1545,epoch09
E02,G041,1.0143,-1.8123,epoch09
E02,G042,1.7453,-2.4594,epoch09
E02,G043,-0.3885,-1.9608,epoch09
E02,G044,2.1406,-2.001,epoch09
E02,G045,-0.906,-2.3618,epoch09
E02,G046,1.5518,-2.3414,epoch09
E02,G047,-2.6941,-2.0886,epoch09
E02,G048,1.0514,-1.5104,epoch09
E02,G049,1.072,-1.8196,epoch09
E02,G050,-2.57,-2.546,epoch09
E02,G051,-2.7847,-1.7347,epoch09
E02,G052,-0.8038,-2.0395,epoch09
E02,G053,0.7165,-1.5782,epoch09
E02,G054,0.935,-1.188,epoch09
E02,G055,-1.1513,-2.6418,epoch09
E02,G056,-2.0382,-2.378,epoch09
E02,G057,-2.2051,-2.7117,epoch09
E02,G058,-2.3923,-2.8026,epoch09
E02,G059,-2.0215,-1.1428,epoch09
E03,G000,-3.4471,-1.7376,epoch09
E03,G001,-2.4902,-3.6778,epoch09
E03,G002,-4.1106,-2.3257,epoch09
E03,G003,-1.231,-2.7995,epoch09
E03,G004,-3.0079,-1.8399,epoch09
E03,G005,-3.4625,-2.4627,epoch09
E03,G006,-3.7202,-2.8412,epoch09
E03,G007,-4.4648,-2.5684,epoch09
E03,G008,-4.9541,-2.4912,epoch09
E03,G009,-3.4651,-2.3974,epoch09
E03,G010,-3.1338,-2.7256,epoch09
E03,G011,-1.3074,-2.4867,epoch09
E03,G012,-1.7767,-2.233,epoch09
E03,G013,-2.1974,-3.1301,epoch09
E03,G014,-4.1744,-2.8984,epoch09
E03,G015,-1.9815,-2.5037,epoch09
E03,G016,-3.258,-2.8968,epoch09
E03,G017,-1.6359,-2.0094,epoch09
E03,G018,-2.7034,-3.4759,epoch09
E03,G019,-3.9729,-2.8904,epoch09
E03,G020,-2.2434,-2.952,epoch09
E03,G021,-2.1739,-2.0981,epoch09
E03,G022,-1.4073,-2.6428,epoch09
E03,G023,-3.3942,-2.4716,epoch09
E03,G024,-0.9659,-2.1934,epoch09
E03,G025,-3.572,-3.5778,epoch09
E03,G026,-2.1724,-2.245,epoch09
E03,G027,-3.2066,-2.9432,epoch09
E03,G028,-1.699,-2.5941,epoch09
E03,G029,-2.5249,-2.6315,epoch09
E03,G030,-4.0608,-2.1723,epoch09
E03,G031,-0.2542,-2.0177,epoch09
E03,G032,0.335,-1.064,epoch09
E03,G033,-1.7626,-2.5445,epoch09
E03,G034,-0.4118,-2.6303,epoch09
E03,G035,-1.6991,-2.5978,epoch09
E03,G036,-3.6388,-2.2115,epoch09
E03,G037,-0.0626,-1.2308,epoch09
E03,G038,-2.6748,-2.3275,epoch09
E03,G039,-2.2779,-2.8299,epoch09
E03,G040,-1.7631,-2.1857,epoch09
E03,G041,-2.8165,-2.1291,epoch09
E03,G042,-2.1725,-2.4018,epoch09
E03,G043,-3.6846,-2.8069,epoch09
E03,G044,-1.7703,-4.0039,epoch09
E03,G045,-2.4617,-2.7197,epoch09
E03,G046,-1.6459,-1.6299,epoch09
E03,G047,-3.0834,-2.4245,epoch09
E03,G048,-0.6924,-3.6314,epoch09
E03,G049,-3.7328,-2.4699,epoch09
E03,G050,-3.8887,-3.5805,epoch09
E03,G051,-4.8853,-1.475,epoch09
E03,G052,-5.292,-2.494,epoch09
E03,G053,-2.2676,-3.0647,epoch09
E03,G054,0.6178,-1.7921,epoch09
E03,G055,-2.0906,-2.7683,epoch09
E03,G056,-3.1409,-2.3454,epoch09
E03,G057,-5.1691,-2.6766,epoch09
E03,G058,-1.3273,-3.0975,epoch09
E03,G059,-3.9271,-2.2552,epoch09
E04,G000,-1.3659,-2.9828,epoch09
E04,G001,-1.6574,-1.4757,epoch09
E04,G002,0.4356,-2.128,epoch09
E04,G003,-0.17,-2.6563,epoch09
E04,G004,-3.4716,-3.6045,epoch09
E04,G005,-2.7324,-1.2392,epoch09
E04,G006,-3.0526,-1.6121,epoch09
E04,G007,-2.0531,-3.005,epoch09
E04,G008,-2.6858,-1.4756,epoch09
E04,G009,-1.0115,-2.0116,epoch09
E04,G010,0.4038,-2.3028,epoch09
E04,G011,-3.0678,-2.1841,epoch09
E04,G012,-1.6976,-2.3411,epoch09
E04,G013,-0.3081,-1.27,epoch09
E04,G014,-4.0055,-2.4114,epoch09
E04,G015,-3.1631,-3.4451,epoch09
E04,G016,-1.1284,-0.8173,epoch09
E04,G017,-0.9924,-1.3777,epoch09
E04,G018,-2.7285,-3.0528,epoch09
E04,G019,0.684,-2.4464,epoch09
E04,G020,-1.7016,-2.9398,epoch09
E04,G021,-2.8312,-2.1947,epoch09
E04,G022,-1.822,-1.8698,epoch09
E04,G023,-3.1238,-2.2219,epoch09
E04,G024,0.731,-2.3795,epoch09
E04,G025,-1.7076,-2.5919,epoch09
E04,G026,-1.6536,-1.5948,epoch09
E04,G027,0.7034,-2.0615,epoch09
E04,G028,0.02,-0.7183,epoch09
E04,G029,-1.0593,-2.5671,epoch09
E04,G030,-2.1129,-1.6352,epoch09
E04,G031,-2.748,-2.1174,epoch09
E04,G032,-0.8919,-2.4669,epoch09
E04,G033,-5.8616,-1.6659,epoch09
E04,G034,0.5017,-1.934,epoch09
E04,G035,-0.612,-2.5182,epoch09
E04,G036,-0.6251,-2.3293,epoch09
E04,G037,2.0726,-1.3212,epoch09
E04,G038,0.1998,-2.8646,epoch09
E04,G039,-3.84,-1.5192,epoch09
E04,G040,0.0117,-1.6785,epoch09
E04,G041,0.4542,-2.2461,epoch09
E04,G042,-1.9217,-1.3131,epoch09
E04,G043,-1.1993,-0.9382,epoch09
E04,G044,-1.522,-1.8115,epoch09
E04,G045,-2.099,-1.9412,epoch09
E04,G046,1.9172,-0.7773,epoch09
E04,G047,-4.2765,-1.3286,epoch09
E04,G048,-1.6879,-2.6261,epoch09
E04,G049,-0.5599,-2.1425,epoch09
E04,G050,-0.8221,-2.1919,epoch09
E04,G051,-2.1187,-2.5567,epoch09
E04,G052,-2.6248,-3.3118,epoch09
E04,G053,-1.2749,-1.574,epoch09
E04,G054,-0.4637,-2.1542,epoch09
E04,G055,-3.1172,-2.0547,epoch09
E04,G056,-1.8621,-1.3789,epoch09
E04,G057,-2.1515,-2.5289,epoch09
E04,G058,-0.4622,-2.0948,epoch09
E04,G059,-4.1053,-2.4323,epoch09
E05,G000,-3.5455,-2.6906,epoch09
E05,G001,-4.5257,-2.6744,epoch09
E05,G002,-1.27,-1.8712,epoch09
E05,G003,0.1457,-2.0781,epoch09
E05,G004,-4.3517,-1.757,epoch09
E05,G005,-1.4424,-3.0095,epoch09
E05,G006,-2.8905,-2.6727,epoch09
E05,G007,-5.2704,-3.4728,epoch09
E05,G008,-4.1428,-2.7601,epoch09
E05,G009,-1.0113,-2.9856,epoch09
E05,G010,-2.8812,-1.7361,epoch09
E05,G011,-2.7924,-2.0217,epoch09
E05,G012,-1.7519,-1.9536,epoch09
E05,G013,-2.4634,-1.1856,epoch09
E05,G014,-4.4491,-1.7682,epoch09
E05,G015,-3.9004,-2.0861,epoch09
E05,G016,-1.4225,-2.7825,epoch09
E05,G017,-2.8564,-3.2906,epoch09
E05,G018,-4.7226,-2.682,epoch09
E05,G019,-4.3964,-2.7254,epoch09
E05,G020,-4.417,-3.0751,epoch09
E05,G021,-5.1928,-2.8453,epoch09
E05,G022,-1.0429,-3.1886,epoch09
E05,G023,-2.3787,-1.6192,epoch09
E05,G024,-1.9942,-3.0891,epoch09
E05,G025,-0.3888,-2.5875,epoch09
E05,G026,-3.9198,-2.3111,epoch09
E05,G027,-3.0805,-3.5034,epoch09
E05,G028,-2.3732,-1.7998,epoch09
E05,G029,-2.4487,-1.7741,epoch09
E05,G030,-3.209,-2.8114,epoch09
E05,G031,-2.7668,-2.9532,epoch09
E05,G032,0.3677,-2.4771,epoch09
E05,G033,-4.8416,-3.8938,epoch09
E05,G034,-3.02,-1.5141,epoch09
E05,G035,-2.2851,-2.27,epoch09
E05,G036,-3.4729,-2.9039,epoch09
E05,G037,-1.6478,-2.8668,epoch09
E05,G038,-1.4913,-1.8004,epoch09
E05,G039,-2.1177,-1.5853,epoch09
E05,G040,-2.2459,-3.0439,epoch09
E05,G041,-4.4435,-2.7137,epoch09
E05,G042,-3.6059,-3.5488,epoch09
E05,G043,-4.5932,-1.9993,epoch09
E05,G044,-0.8097,-2.0579,epoch09
E05,G045,-0.8755,-0.9241,epoch09
E05,G046,0.7184,-2.1089,epoch09
E05,G047,-4.9455,-2.8361,epoch09
E05,G048,-2.9235,-2.7961,epoch09
E05,G049,-2.3337,-2.1103,epoch09
E05,G050,-2.3013,-3.4327,epoch09
E05,G051,-2.9736,-2.0094,epoch09
E05,G052,-2.8786,-2.4604,epoch09
E05,G053,0.528,-2.6357,epoch09
E05,G054,-0.0477,-2.7981,epoch09
E05,G055,-1.9252,-1.688,epoch09
E05,G056,-3.7991,-1.4898,epoch09
E05,G057,-2.978,-2.841,epoch09
E05,G058,-2.4796,-1.9851,epoch09
E05,G059,-5.9056,-1.6636,epoch09
E06,G000,-0.2709,-0.8519,epoch09
E06,G001,-1.9405,-0.7204,epoch09
E06,G002,-0.6592,-1.2646,epoch09
E06,G003,0.0391,-0.5201,epoch09
E06,G004,1.1135,-0.6485,epoch09
E06,G005,-0.5403,-0.635,epoch09
E06,G006,-2.9432,-1.2884,epoch09
E06,G007,-1.301,-1.5692,epoch09
E06,G008,-1.709,-1.5676,epoch09
E06,G009,0.278,-1.1392,epoch09
E06,G010,-1.0102,-0.0963,epoch09
E06,G011,-0.7624,-0.7283,epoch09
E06,G012,-0.2848,-0.7536,epoch09
E06,G013,-1.5087,-0.0958,epoch09
E06,G014,-1.5594,-0.3733,epoch09
E06,G015,-0.5018,-0.9691,epoch09
E06,G016,-1.4414,-0.872,epoch09
E06,G017,0.3023,0.0894,epoch09
E06,G018,-1.4568,-0.4082,epoch09
E06,G019,0.5985,-0.9271,epoch09
E06,G020,-1.4547,-0.3949,epoch09
E06,G021,-1.669,-0.6439,epoch09
E06,G022,-0.6786,0.4398,epoch09
E06,G023,-1.7722,-1.0511,epoch09
E06,G024,2.4065,0.2451,epoch09
E06,G025,-1.7878,-0.0923,epoch09
E06,G026,-0.7986,-1.1163,epoch09
E06,G027,-0.9475,0.069,epoch09
E06,G028,0.3425,0.2516,epoch09
E06,G029,-1.3511,-1.3223,epoch09
E06,G030,-2.4002,0.4791,epoch09
E06,G031,0.1801,-1.1095,epoch09
E06,G032,2.201,-0.6634,epoch09
E06,G033,-4.3416,-0.9786,epoch09
E06,G034,0.1007,0.0976,epoch09
E06,G035,-1.1057,-0.0918,epoch09
E06,G036,-1.8295,-0.665,epoch09
E06,G037,2.6433,0.7852,epoch09
E06,G038,0.9882,-0.1162,epoch09
E06,G039,-0.6572,0.2287,epoch09
E06,G040,0.1368,1.4372,epoch09
E06,G041,1.1222,-0.27,epoch09
E06,G042,1.4383,-1.9962,epoch09
E06,G043,1.2899,-0.6816,epoch09
E06,G044,0.6251,-1.206,epoch09
E06,G045,-0.6129,-0.4298,epoch09
E06,G046,2.7176,0.0604,epoch09
E06,G047,0.0756,-1.2994,epoch09
E06,G048,-0.8423,-1.069,epoch09
E06,G049,-0.1253,-0.6344,epoch09
E06,G050,-0.141,-0.4872,epoch09
E06,G051,-1.3708,-2.2048,epoch09
E06,G052,-0.8347,0.3244,epoch09
E06,G053,-1.6636,-0.5125,epoch09
E06,G054,-0.0616,-0.4322,epoch09
E06,G055,1.4757,-0.1477,epoch09
E06,G056,-1.1174,-1.3716,epoch09
E06,G057,-0.2017,-0.4697,epoch09
E06,G058,1.1822,0.4346,epoch09
E06,G059,-3.3457,-0.1037,epoch09
E07,G000,2.885,0.0634,epoch09
E07,G001,1.9241,-0.4505,epoch09
E07,G002,4.901,-0.4862,epoch09
E07,G003,3.8238,0.5479,epoch09
E07,G004,2.3426,0.088,epoch09
E07,G005,0.6425,-0.5467,epoch09
E07,G006,1.3167,-1.6507,epoch09
E07,G007,-0.1517,-0.9516,epoch09
E07,G008,0.1119,-1.6247,epoch09
E07,G009,3.3663,0.5025,epoch09
E07,G010,1.6257,-0.266,epoch09
E07,G011,3.0717,-0.3973,epoch09
E07,G012,4.7353,-0.1734,epoch09
E07,G013,4.1428,1.4849,epoch09
E07,G014,-0.1352,0.2196,epoch09
E07,G015,0.8102,-1.231,epoch09
E07,G016,2.6891,-0.2335,epoch09
E07,G017,3.7268,-0.8762,epoch09
E07,G018,2.4015,-1.4355,epoch09
E07,G019,3.9893,-0.0704,epoch09
E07,G020,2.7992,1.1872,epoch09
E07,G021,3.6807,0.7729,epoch09
E07,G022,5.7463,0.0748,epoch09
E07,G023,4.1078,-0.3303,epoch09
E07,G024,3.0938,0.2108,epoch09
E07,G025,4.0081,0.675,epoch09
E07,G026,2.5444,-1.2034,epoch09
E07,G027,2.8102,-1.3265,epoch09
E07,G028,3.9469,1.0602,epoch09
E07,G029,2.5344,0.0111,epoch09
E07,G030,1.1587,0.7468,epoch09
E07,G031,4.1407,-0.0448,epoch09
E07,G032,5.7996,1.1066,epoch09
E07,G033,1.9499,-0.7315,epoch09
E07,G034,5.3116,0.3677,epoch09
E07,G035,4.4044,0.8964,epoch09
E07,G036,2.541,0.389,epoch09
E07,G037,2.2297,-0.2062,epoch09
E07,G038,3.2711,0.561,epoch09
E07,G039,1.3105,-0.7619,epoch09
E07,G040,2.6046,-0.99,epoch09
E07,G041,4.1228,0.3185,epoch09
E07,G042,3.4003,0.6367,epoch09
E07,G043,3.5955,0.5525,epoch09
E07,G044,1.2092,-1.0633,epoch09
E07,G045,5.6143,0.494,epoch09
E07,G046,4.1316,0.5156,epoch09
E07,G047,-0.0108,-0.7094,epoch09
E07,G048,3.8554,-1.676,epoch09
E07,G049,3.4186,0.5036,epoch09
E07,G050,2.6621,0.4745,epoch09
E07,G051,2.6568,0.0046,epoch09
E07,G052,2.0224,-1.3486,epoch09
E07,G053,1.5478,-1.1977,epoch09
E07,G054,4.2391,0.6573,epoch09
E07,G055,4.8797,0.5285,epoch09
E07,G056,1.4573,0.0358,epoch09
E07,G057,2.0436,-0.5007,epoch09
E07,G058,4.0689,0.2708,epoch09
E07,G059,4.2828,-0.7296,epoch09
E08,G000,-1.9328,-1.6721,epoch09
E08,G001,-1.0843,-2.2134,epoch09
E08,G002,-0.9255,-1.2501,epoch09
E08,G003,-1.8272,-1.8102,epoch09
E08,G004,-1.5307,-0.9978,epoch09
E08,G005,-0.624,-1.0423,epoch09
E08,G006,-1.6664,-2.2458,epoch09
E08,G007,-1.9231,-0.4206,epoch09
E08,G008,-4.1302,-2.5346,epoch09
E08,G009,-2.1849,-1.2366,epoch09
E08,G010,-1.5424,-0.8822,epoch09
E08,G011,-0.0769,-0.5508,epoch09
E08,G012,0.469,-2.8661,epoch09
E08,G013,-2.059,-0.997,epoch09
E08,G014,-2.3106,-0.9835,epoch09
E08,G015,0.5662,-0.4897,epoch09
E08,G016,-0.4074,-2.8275,epoch09
E08,G017,-2.4391,-1.8717,epoch09
E08,G018,-5.0303,-1.914,epoch09
E08,G019,-2.4863,-1.7348,epoch09
E08,G020,-0.7205,-0.7499,epoch09
E08,G021,-4.6595,-2.2877,epoch09
E08,G022,1.3263,-0.4743,epoch09
E08,G023,-2.4968,-1.371,epoch09
E08,G024,-0.4553,-2.5574,epoch09
E08,G025,0.2125,-2.055,epoch09
E08,G026,-1.0257,-1.7323,epoch09
E08,G027,-1.8018,-1.4602,epoch09
E08,G028,-0.8452,-0.776,epoch09
E08,G029,0.2321,-1.4027,epoch09
E08,G030,-1.8705,-0.8902,epoch09
E08,G031,-1.2594,-2.5004,epoch09
E08,G032,1.5686,-3.2954,epoch09
E08,G033,-5.3624,-2.0427,epoch09
E08,G034,-0.5988,-1.1152,epoch09
E08,G035,-1.7204,-1.6461,epoch09
E08,G036,-1.4079,-2.1843,epoch09
E08,G037,1.6869,-0.8919,epoch09
E08,G038,0.1705,0.0087,epoch09
E08,G039,-2.1975,-1.7897,epoch09
E08,G040,-2.7851,-1.9405,epoch09
E08,G041,0.965,-1.8662,epoch09
E08,G042,-1.6135,-0.1491,epoch09
E08,G043,0.8245,-1.2886,epoch09
E08,G044,-0.8367,-1.0378,epoch09
E08,G045,-3.3654,-0.6047,epoch09
E08,G046,-0.2945,-0.5185,epoch09
E08,G047,-2.3875,-2.2737,epoch09
E08,G048,-0.621,-0.9799,epoch09
E08,G049,-1.0001,-0.9249,epoch09
E08,G050,-0.8842,-1.1362,epoch09
E08,G051,-3.6145,-0.9487,epoch09
E08,G052,-1.5671,-2.0938,epoch09
E08,G053,0.1248,-1.5839,epoch09
E08,G054,-0.7231,-1.7443,epoch09
E08,G055,-0.91,-0.8944,epoch09
E08,G056,-5.7516,-2.3184,epoch09
E08,G057,-1.3762,-1.361,epoch09
E08,G058,2.7468,-2.0021,epoch09
E08,G059,-2.2391,-1.7998,epoch09
E09,G000,-0.6027,0.0608,epoch09
E09,G001,-1.95,0.1324,epoch09
E09,G002,-2.0357,0.5033,epoch09
E09,G003,-1.4515,0.0438,epoch09
E09,G004,-4.2172,-0.0077,epoch09
E09,G005,-1.8392,-1.0247,epoch09
E09,G006,-2.6961,0.8618,epoch09
E09,G007,-0.7673,-0.0793,epoch09
E09,G008,-2.1824,0.0314,epoch09
E09,G009,-1.1806,-0.2011,epoch09
E09,G010,-3.3687,0.8456,epoch09
E09,G011,-2.0184,-0.13,epoch09
E09,G012,-1.7105,0.6422,epoch09
E09,G013,-2.4764,1.0848,epoch09
E09,G014,-4.7414,1.1495,epoch09
E09,G015,-1.9856,1.243,epoch09
E09,G016,-2.2013,0.7266,epoch09
E09,G017,-3.3243,-0.4296,epoch09
E09,G018,-4.2899,0.9881,epoch09
E09,G019,-2.7238,1.1898,epoch09
E09,G020,-2.3687,0.7488,epoch09
E09,G021,-0.9235,0.9027,epoch09
E09,G022,0.8402,0.4513,epoch09
E09,G023,-3.9865,-0.1274,epoch09
E09,G024,-2.402,1.029,epoch09
E09,G025,0.7964,1.388,epoch09
E09,G026,-1.6199,-0.3114,epoch09
E09,G027,-3.0465,0.7762,epoch09
E09,G028,-0.3721,0.4319,epoch09
E09,G029,-1.59,0.9716,epoch09
E09,G030,-4.3935,0.2839,epoch09
E09,G031,-3.8577,0.9325,epoch09
E09,G032,0.8703,1.3222,epoch09
E09,G033,-2.4473,0.756,epoch09
E09,G034,-1.7183,-0.3758,epoch09
E09,G035,-2.75,0.8582,epoch09
E09,G036,-0.9377,0.3954,epoch09
E09,G037,0.8585,-0.1181,epoch09
E09,G038,-0.6646,1.0356,epoch09
E09,G039,-2.7664,-0.8065,epoch09
E09,G040,-1.5027,0.8613,epoch09
E09,G041,-2.6143,1.563,epoch09
E09,G042,-2.5437,-0.0727,epoch09
E09,G043,0.0197,1.1216,epoch09
E09,G044,-2.0087,0.6656,epoch09
E09,G045,-3.669,0.7822,epoch09
E09,G046,-0.3447,-0.3097,epoch09
E09,G047,-1.7207,0.6194,epoch09
E09,G048,0.8734,0.5658,epoch09
E09,G049,-4.6481,0.707,epoch09
E09,G050,0.882,0.3366,epoch09
E09,G051,-3.0177,1.0217,epoch09
E09,G052,0.3935,0.6796,epoch09
E09,G053,0.8861,0.9748,epoch09
E09,G054,0.3749,1.3859,epoch09
E09,G055,-0.1031,0.6659,epoch09
E09,G056,-2.9627,0.9696,epoch09
E09,G057,-1.8064,0.3801,epoch09
E09,G058,-2.303,0.6944,epoch09
E09,G059,-5.9845,-0.258,epoch09
E10,G000,4.475,2.1044,epoch09
E10,G001,0.4218,2.1173,epoch09
E10,G002,1.8611,1.3164,epoch09
E10,G003,0.0026,2.0109,epoch09
E10,G004,1.8137,1.6918,epoch09
E10,G005,1.826,0.682,epoch09
E10,G006,0.779,1.4806,epoch09
E10,G007,0.0627,2.2312,epoch09
E10,G008,-1.3862,1.0238,epoch09
E10,G009,0.5778,0.3214,epoch09
E10,G010,-1.8965,1.5421,epoch09
E10,G011,-0.8292,1.0761,epoch09
E10,G012,1.2201,2.7564,epoch09
E10,G013,-0.6708,1.3861,epoch09
E10,G014,-0.6644,1.2907,epoch09
E10,G015,0.558,1.0568,epoch09
E10,G016,2.5893,1.6235,epoch09
E10,G017,2.3889,1.1607,epoch09
E10,G018,-0.5056,0.7177,epoch09
E10,G019,2.4461,1.5061,epoch09
E10,G020,-1.6506,0.7181,epoch09
E10,G021,-0.6472,2.1727,epoch09
E10,G022,2.9311,0.9081,epoch09
E10,G023,0.948,1.6375,epoch09
E10,G024,1.5821,1.1935,epoch09
E10,G025,0.7101,0.7726,epoch09
E10,G026,1.2569,2.6038,epoch09
E10,G027,4.1856,0.3839,epoch09
E10,G028,0.4194,2.4738,epoch09
E10,G029,1.2578,0.6084,epoch09
E10,G030,-0.0494,1.5488,epoch09
E10,G031,0.4971,3.0629,epoch09
E10,G032,1.8175,0.4411,epoch09
E10,G033,0.7765,0.3867,epoch09
E10,G034,5.7934,2.709,epoch09
E10,G035,3.0237,1.8475,epoch09
E10,G036,0.263,1.1586,epoch09
E10,G037,4.4089,1.8841,epoch09
E10,G038,0.2335,0.83,epoch09
E10,G039,1.2731,1.515,epoch09
E10,G040,1.4542,2.4971,epoch09
E10,G041,2.3847,1.4271,epoch09
E10,G042,2.1208,1.6768,epoch09
E10,G043,1.0891,2.3832,epoch09
E10,G044,-0.4296,2.6418,epoch09
E10,G045,0.4281,1.3017,epoch09
E10,G046,1.7023,1.872,epoch09
E10,G047,-1.1045,1.0525,epoch09
E10,G048,0.8599,1.0995,epoch09
E10,G049,-0.4354,1.1866,epoch09
E10,G050,-0.1636,0.9233,epoch09
E10,G051,1.3425,0.385,epoch09
E10,G052,-0.5975,0.2088,epoch09
E10,G053,0.9931,1.1604,epoch09
E10,G054,2.5659,1.9615,epoch09
E10,G055,3.1321,2.494,epoch09
E10,G056,0.3457,0.8303,epoch09
E10,G057,0.6558,1.2322,epoch09
E10,G058,0.6773,1.9412,epoch09
E10,G059,0.3459,1.6813,epoch09
E11,G000,-0.4607,1.5973,epoch09
E11,G001,0.0596,1.2755,epoch09
E11,G002,0.4465,2.8808,epoch09
E11,G003,-2.25,1.3804,epoch09
E11,G004,2.407,1.1684,epoch09
E11,G005,1.936,0.5261,epoch09
E11,G006,-2.2604,1.6184,epoch09
E11,G007,-0.2794,1.284,epoch09
E11,G008,-1.5419,2.5519,epoch09
E11,G009,0.3306,1.3364,epoch09
E11,G010,-3.0364,1.8145,epoch09
E11,G011,0.4612,2.2829,epoch09
E11,G012,2.8088,2.9151,epoch09
E11,G013,2.3143,0.9804,epoch09
E11,G014,0.5,2.4215,epoch09
E11,G015,0.9273,1.6496,epoch09
E11,G016,2.7194,1.505,epoch09
E11,G017,1.2997,1.6112,epoch09
E11,G018,-0.4179,1.1668,epoch09
E11,G019,-1.5501,1.3506,epoch09
E11,G020,-1.5433,-0.0206,epoch09
E11,G021,1.4763,1.867,epoch09
E11,G022,0.7057,1.7972,epoch09
E11,G023,0.5567,0.9122,epoch09
E11,G024,0.0387,1.4919,epoch09
E11,G025,0.4705,3.2114,epoch09
E11,G026,1.5568,2.038,epoch09
E11,G027,0.2176,1.3756,epoch09
E11,G028,0.3483,2.7355,epoch09
E11,G029,2.0823,1.2006,epoch09
E11,G030,0.8152,1.4431,epoch09
E11,G031,-0.3887,1.1909,epoch09
E11,G032,1.1989,1.6715,epoch09
E11,G033,0.2702,1.9846,epoch09
E11,G034,1.8405,2.1708,epoch09
E11,G035,2.1252,1.2086,epoch09
E11,G036,3.9939,1.6289,epoch09
E11,G037,3.2611,1.9226,epoch09
E11,G038,1.6777,1.5041,epoch09
E11,G039,-0.8432,1.3968,epoch09
E11,G040,1.1533,1.3471,epoch09
E11,G041,-0.8041,1.0617,epoch09
E11,G042,-0.7691,1.5794,epoch09
E11,G043,0.8094,1.0312,epoch09
E11,G044,0.863,1.9711,epoch09
E11,G045,2.7276,1.6803,epoch09
E11,G046,2.9084,1.4067,epoch09
E11,G047,-1.0827,0.9965,epoch09
E11,G048,0.4024,1.4455,epoch09
E11,G049,1.8682,1.4462,epoch09
E11,G050,1.0605,1.6689,epoch09
E11,G051,1.8716,1.3946,epoch09
E11,G052,0.4657,0.9135,epoch09
E11,G053,0.7318,2.3197,epoch09
E11,G054,1.2833,2.315,epoch09
E11,G055,1.7062,1.7295,epoch09
E11,G056,1.82,1.994,epoch09
E11,G057,-0.8659,1.7757,epoch09
E11,G058,2.9338,1.6051,epoch09
E11,G059,1.7086,1.5712,epoch09
E00,G000,-0.4154,4.7026,epoch10
E00,G001,-2.5288,3.8099,epoch10
E00,G002,0.0976,6.3312,epoch10
E00,G003,0.2616,4.8105,epoch10
E00,G004,-2.788,4.2103,epoch10
E00,G005,-0.2772,5.2193,epoch10
E00,G006,-2.7185,3.7207,epoch10
E00,G007,-2.1974,4.3622,epoch10
E00,G008,-1.4414,3.5107,epoch10
E00,G009,-0.556,4.3421,epoch10
E00,G010,-0.6607,3.9675,epoch10
E00,G011,0.2955,4.8012,epoch10
E00,G012,0.6534,4.3211,epoch10
E00,G013,-0.9257,3.8349,epoch10
E00,G014,-1.2855,3.774,epoch10
E00,G015,-0.4211,4.178,epoch10
E00,G016,1.1629,4.189,epoch10
E00,G017,0.9834,5.1321,epoch10
E00,G018,-3.0006,4.5919,epoch10
E00,G019,-0.1714,4.4992,epoch10
E00,G020,-1.4727,3.3941,epoch10
E00,G021,0.1383,4.7388,epoch10
E00,G022,-0.2985,3.7228,epoch10
E00,G023,1.238,4.4594,epoch10
E00,G024,-0.8287,4.275,epoch10
E00,G025,-0.0812,4.1983,epoch10
E00,G026,-3.4712,3.543,epoch10
E00,G027,-1.8146,3.6727,epoch10
E00,G028,-0.1893,5.7665,epoch10
E00,G029,-1.2814,4.1273,epoch10
E00,G030,-1.015,4.0739,epoch10
E00,G031,1.0094,5.3288,epoch10
E00,G032,1.3314,4.8169,epoch10
E00,G033,-2.7054,4.7749,epoch10
E00,G034,0.9677,3.7489,epoch10
E00,G035,1.4464,3.7499,epoch10
E00,G036,1.8098,6.5098,epoch10
E00,G037,0.8517,4.691,epoch10
E00,G038,0.7926,4.4218,epoch10
E00,G039,-1.6721,4.368,epoch10
E00,G040,0.1383,4.9575,epoch10
E00,G041,-0.6238,3.6923,epoch10
E00,G042,-0.6454,4.5646,epoch10
E00,G043,-0.0818,4.3737,epoch10
E00,G044,-0.8602,4.8739,epoch10
E00,G045,-0.8876,4.53,epoch10
E00,G046,1.6464,4.4073,epoch10
E00,G047,-2.6381,3.7284,epoch10
E00,G048,-1.1767,2.8128,epoch10
E00,G049,-1.287,4.9095,epoch10
E00,G050,0.1955,3.4241,epoch10
E00,G051,-2.7683,3.6902,epoch10
E00,G052,-3.1422,5.2831,epoch10
E00,G053,-0.4029,4.1315,epoch10
E00,G054,0.2103,4.7113,epoch10
E00,G055,2.2968,4.5572,epoch10
E00,G056,-2.6215,4.4359,epoch10
E00,G057,-1.1492,4.3764,epoch10
E00,G058,0.6893,4.0703,epoch10
E00,G059,-2.023,5.06,epoch10
E01,G000,-0.2253,2.2839,epoch10
E01,G001,-2.0616,1.1893,epoch10
E01,G002,3.0404,2.3525,epoch10
E01,G003,2.6715,3.0803,epoch10
E01,G004,0.5158,1.4455,epoch10
E01,G005,-0.3818,2.8441,epoch10
E01,G006,-0.3281,2.5974,epoch10
E01,G007,-1.8268,3.5121,epoch10
E01,G008,-0.4833,1.8159,epoch10
E01,G009,2.6181,2.766,epoch10
E01,G010,0.2107,1.0886,epoch10
E01,G011,-0.0383,2.0997,epoch10
E01,G012,0.3805,2.4503,epoch10
E01,G013,-0.0083,2.5162,epoch10
E01,G014,0.3205,2.112,epoch10
E01,G015,-0.3888,2.257,epoch10
E01,G016,-0.3668,2.1254,epoch10
E01,G017,0.5899,2.1512,epoch10
E01,G018,-1.254,2.2884,epoch10
E01,G019,0.15,2.6812,epoch10
E01,G020,0.6929,2.622,epoch10
E01,G021,0.2603,2.9563,epoch10
E01,G022,2.358,3.3585,epoch10
E01,G023,-1.3717,1.0503,epoch10
E01,G024,0.6172,1.909,epoch10
E01,G025,3.1627,2.3746,epoch10
E01,G026,2.094,2.0959,epoch10
E01,G027,0.4189,3.028,epoch10
E01,G028,0.2735,2.8209,epoch10
E01,G029,2.8339,2.4075,epoch10
E01,G030,-0.4203,2.4679,epoch10
E01,G031,-0.3059,3.1112,epoch10
E01,G032,2.4199,2.4031,epoch10
E01,G033,-0.4987,1.8785,epoch10
E01,G034,-0.0638,2.9694,epoch10
E01,G035,1.688,2.8498,epoch10
E01,G036,-0.1889,3.2632,epoch10
E01,G037,2.9178,3.0248,epoch10
E01,G038,0.8504,2.9679,epoch10
E01,G039,-1.2757,1.9141,epoch10
E01,G040,0.4228,1.7496,epoch10
E01,G041,2.1007,2.5033,epoch10
E01,G042,-1.1847,0.4937,epoch10
E01,G043,0.3374,2.6717,epoch10
E01,G044,2.28,3.2239,epoch10
E01,G045,-0.0107,2.5323,epoch10
E01,G046,2.5722,2.5615,epoch10
E01,G047,-1.0126,3.0338,epoch10
E01,G048,1.7758,2.3819,epoch10
E01,G049,2.2408,2.942,epoch10
E01,G050,3.3374,3.9869,epoch10
E01,G051,-0.8708,2.6719,epoch10
E01,G052,0.8018,2.9367,epoch10
E01,G053,0.6872,2.7266,epoch10
E01,G054,2.5713,2.8898,epoch10
E01,G055,3.9162,2.8889,epoch10
E01,G056,-1.628,2.2933,epoch10
E01,G057,0.613,2.9475,epoch10
E01,G058,0.3774,1.2994,epoch10
E01,G059,0.8277,2.0239,epoch10
E02,G000,0.2838,1.647,epoch10
E02,G001,-2.387,0.3386,epoch10
E02,G002,-0.0581,1.0657,epoch10
E02,G003,1.2929,0.8259,epoch10
E02,G004,-1.412,1.2392,epoch10
E02,G005,-0.01,1.6831,epoch10
E02,G006,-3.4272,1.6645,epoch10
E02,G007,-3.0483,1.3712,epoch10
E02,G008,-2.4997,0.1345,epoch10
E02,G009,0.3819,1.3064,epoch10
E02,G010,-1.4589,1.2976,epoch10
E02,G011,0.2659,2.1655,epoch10
E02,G012,1.823,-0.0995,epoch10
E02,G013,-0.2903,1.4684,epoch10
E02,G014,-4.7103,-0.7058,epoch10
E02,G015,-2.5947,1.258,epoch10
E02,G016,1.0271,1.4613,epoch10
E02,G017,-2.6697,1.3062,epoch10
E02,G018,-1.0323,1.4021,epoch10
E02,G019,-1.2145,1.3511,epoch10
E02,G020,-3.9153,0.2827,epoch10
E02,G021,-1.7111,0.9195,epoch10
E02,G022,0.4602,2.0861,epoch10
E02,G023,-2.762,0.8664,epoch10
E02,G024,-1.2487,1.0598,epoch10
E02,G025,1.1571,0.4256,epoch10
E02,G026,-0.6792,1.6449,epoch10
E02,G027,-2.2836,0.5407,epoch10
E02,G028,-0.2852,0.5814,epoch10
E02,G029,-0.5877,0.6736,epoch10
E02,G030,-3.7055,0.0983,epoch10
E02,G031,0.0998,0.9825,epoch10
E02,G032,0.5986,2.1483,epoch10
E02,G033,-2.4839,1.3877,epoch10
E02,G034,-1.0106,2.0513,epoch10
E02,G035,-0.9596,2.0056,epoch10
E02,G036,-1.9963,0.2522,epoch10
E02,G037,0.1289,1.6308,epoch10
E02,G038,-0.2122,2.2255,epoch10
E02,G039,-1.3194,2.3034,epoch10
E02,G040,-0.1478,0.1913,epoch10
E02,G041,1.0143,0.2685,epoch10
E02,G042,1.7453,1.5967,epoch10
E02,G043,-0.3885,0.8032,epoch10
E02,G044,2.1406,0.5101,epoch10
E02,G045,-0.906,1.4317,epoch10
E02,G046,1.5518,0.7958,epoch10
E02,G047,-2.6941,-0.7203,epoch10
E02,G048,1.0514,1.0392,epoch10
E02,G049,1.072,1.1677,epoch10
E02,G050,-2.57,1.5099,epoch10
E02,G051,-2.7847,1.5063,epoch10
E02,G052,-0.8038,1.062,epoch10
E02,G053,0.7165,1.0218,epoch10
E02,G054,0.935,0.7826,epoch10
E02,G055,-1.1513,-0.0876,epoch10
E02,G056,-2.0382,0.4742,epoch10
E02,G057,-2.2051,1.3653,epoch10
E02,G058,-2.3923,1.2283,epoch10
E02,G059,-2.0215,2.0331,epoch10
E03,G000,-3.4471,-2.7244,epoch10
E03,G001,-2.4902,-4.139,epoch10
E03,G002,-4.1106,-2.3966,epoch10
E03,G003,-1.231,-2.1056,epoch10
E03,G004,-3.0079,-3.6715,epoch10
E03,G005,-3.4625,-3.9323,epoch10
E03,G006,-3.7202,-3.0189,epoch10
E03,G007,-4.4648,-2.5553,epoch10
E03,G008,-4.9541,-3.8554,epoch10
E03,G009,-3.4651,-2.9712,epoch10
E03,G010,-3.1338,-3.4679,epoch10
E03,G011,-1.3074,-3.5152,epoch10
E03,G012,-1.7767,-3.7746,epoch10
E03,G013,-2.1974,-2.6804,epoch10
E03,G014,-4.1744,-3.5614,epoch10
E03,G015,-1.9815,-3.2098,epoch10
E03,G016,-3.258,-4.6959,epoch10
E03,G017,-1.6359,-1.6394,epoch10
E03,G018,-2.7034,-3.6926,epoch10
E03,G019,-3.9729,-3.1344,epoch10
E03,G020,-2.2434,-3.521,epoch10
E03,G021,-2.1739,-2.5161,epoch10
E03,G022,-1.4073,-3.6811,epoch10
E03,G023,-3.3942,-2.788,epoch10
E03,G024,-0.9659,-2.8903,epoch10
E03,G025,-3.572,-2.3565,epoch10
E03,G026,-2.1724,-3.6031,epoch10
E03,G027,-3.2066,-3.263,epoch10
E03,G028,-1.699,-2.9333,epoch10
E03,G029,-2.5249,-1.5326,epoch10
E03,G030,-4.0608,-4.0264,epoch10
E03,G031,-0.2542,-2.6214,epoch10
E03,G032,0.335,-2.8679,epoch10
E03,G033,-1.7626,-2.8242,epoch10
E03,G034,-0.4118,-2.227,epoch10
E03,G035,-1.6991,-2.5107,epoch10
E03,G036,-3.6388,-2.8089,epoch10
E03,G037,-0.0626,-2.3273,epoch10
E03,G038,-2.6748,-3.2851,epoch10
E03,G039,-2.2779,-2.969,epoch10
E03,G040,-1.7631,-3.781,epoch10
E03,G041,-2.8165,-2.8364,epoch10
E03,G042,-2.1725,-3.2717,epoch10
E03,G043,-3.6846,-2.8485,epoch10
E03,G044,-1.7703,-2.3057,epoch10
E03,G045,-2.4617,-2.4718,epoch10
E03,G046,-1.6459,-2.2758,epoch10
E03,G047,-3.0834,-2.1857,epoch10
E03,G048,-0.6924,-4.1782,epoch10
E03,G049,-3.7328,-2.5371,epoch10
E03,G050,-3.8887,-2.8117,epoch10
E03,G051,-4.8853,-3.1476,epoch10
E03,G052,-5.292,-3.8533,epoch10
E03,G053,-2.2676,-2.2879,epoch10
E03,G054,0.6178,-1.8347,epoch10
E03,G055,-2.0906,-1.9251,epoch10
E03,G056,-3.1409,-3.1357,epoch10
E03,G057,-5.1691,-2.6557,epoch10
E03,G058,-1.3273,-2.0969,epoch10
E03,G059,-3.9271,-1.8369,epoch10
E04,G000,-1.3659,0.6786,epoch10
E04,G001,-1.6574,-0.199,epoch10
E04,G002,0.4356,-0.076,epoch10
E04,G003,-0.17,0.1351,epoch10
E04,G004,-3.4716,-0.3766,epoch10
E04,G005,-2.7324,-0.5437,epoch10
E04,G006,-3.0526,-0.0219,epoch10
E04,G007,-2.0531,-0.6819,epoch10
E04,G008,-2.6858,-1.0467,epoch10
E04,G009,-1.0115,0.1562,epoch10
E04,G010,0.4038,-0.5234,epoch10
E04,G011,-3.0678,-0.2618,epoch10
E04,G012,-1.6976,-1.5324,epoch10
E04,G013,-0.3081,0.4099,epoch10
E04,G014,-4.0055,-0.5426,epoch10
E04,G015,-3.1631,-0.4041,epoch10
E04,G016,-1.1284,0.2453,epoch10
E04,G017,-0.9924,0.2907,epoch10
E04,G018,-2.7285,-0.8656,epoch10
E04,G019,0.684,1.1164,epoch10
E04,G020,-1.7016,-0.7003,epoch10
E04,G021,-2.8312,0.4376,epoch10
E04,G022,-1.822,1.138,epoch10
E04,G023,-3.1238,-0.7914,epoch10
E04,G024,0.731,0.1002,epoch10
E04,G025,-1.7076,-0.61,epoch10
E04,G026,-1.6536,0.6173,epoch10
E04,G027,0.7034,-0.1688,epoch10
E04,G028,0.02,-0.7902,epoch10
E04,G029,-1.0593,0.8416,epoch10
E04,G030,-2.1129,0.5238,epoch10
E04,G031,-2.748,-0.7102,epoch10
E04,G032,-0.8919,0.8369,epoch10
E04,G033,-5.8616,-0.4058,epoch10
E04,G034,0.5017,1.8445,epoch10
E04,G035,-0.612,1.226,epoch10
E04,G036,-0.6251,-0.4733,epoch10
E04,G037,2.0726,-0.0601,epoch10
E04,G038,0.1998,-0.6646,epoch10
E04,G039,-3.84,-0.2867,epoch10
E04,G040,0.0117,-0.0313,epoch10
E04,G041,0.4542,0.4522,epoch10
E04,G042,-1.9217,-0.0596,epoch10
E04,G043,-1.1993,-0.9353,epoch10
E04,G044,-1.522,-0.6964,epoch10
E04,G045,-2.099,0.9374,epoch10
E04,G046,1.9172,0.9264,epoch10
E04,G047,-4.2765,-0.3435,epoch10
E04,G048,-1.6879,-0.1063,epoch10
E04,G049,-0.5599,-0.0784,epoch10
E04,G050,-0.8221,-0.0036,epoch10
E04,G051,-2.1187,-1.4216,epoch10
E04,G052,-2.6248,0.1829,epoch10
E04,G053,-1.2749,-0.5352,epoch10
E04,G054,-0.4637,-0.0928,epoch10
E04,G055,-3.1172,-1.7627,epoch10
E04,G056,-1.8621,-0.0796,epoch10
E04,G057,-2.1515,0.7261,epoch10
E04,G058,-0.4622,-1.5034,epoch10
E04,G059,-4.1053,0.3532,epoch10
E05,G000,-3.5455,1.5249,epoch10
E05,G001,-4.5257,0.5107,epoch10
E05,G002,-1.27,0.2554,epoch10
E05,G003,0.1457,2.3983,epoch10
E05,G004,-4.3517,1.2073,epoch10
E05,G005,-1.4424,1.4602,epoch10
E05,G006,-2.8905,0.5927,epoch10
E05,G007,-5.2704,0.4811,epoch10
E05,G008,-4.1428,1.4803,epoch10
E05,G009,-1.0113,0.4254,epoch10
E05,G010,-2.8812,1.6338,epoch10
E05,G011,-2.7924,0.0359,epoch10
E05,G012,-1.7519,0.7821,epoch10
E05,G013,-2.4634,0.3674,epoch10
E05,G014,-4.4491,1.808,epoch10
E05,G015,-3.9004,-0.075,epoch10
E05,G016,-1.4225,0.5332,epoch10
E05,G017,-2.8564,1.6799,epoch10
E05,G018,-4.7226,1.082,epoch10
E05,G019,-4.3964,2.5729,epoch10
E05,G020,-4.417,2.1393,epoch10
E05,G021,-5.1928,1.3373,epoch10
E05,G022,-1.0429,1.9721,epoch10
E05,G023,-2.3787,-0.1372,epoch10
E05,G024,-1.9942,0.6712,epoch10
E05,G025,-0.3888,1.2895,epoch10
E05,G026,-3.9198,0.8124,epoch10
E05,G027,-3.0805,0.2096,epoch10
E05,G028,-2.3732,0.6576,epoch10
E05,G029,-2.4487,0.7314,epoch10
E05,G030,-3.209,1.69,epoch10
E05,G031,-2.7668,1.6564,epoch10
E05,G032,0.3677,1.2734,epoch10
E05,G033,-4.8416,0.6447,epoch10
E05,G034,-3.02,1.4665,epoch10
E05,G035,-2.2851,0.8895,epoch10
E05,G036,-3.4729,1.0078,epoch10
E05,G037,-1.6478,0.206,epoch10
E05,G038,-1.4913,1.974,epoch10
E05,G039,-2.1177,1.7435,epoch10
E05,G040,-2.2459,1.6514,epoch10
E05,G041,-4.4435,1.6075,epoch10
E05,G042,-3.6059,1.4126,epoch10
E05,G043,-4.5932,2.5776,epoch10
E05,G044,-0.8097,1.6643,epoch10
E05,G045,-0.8755,0.4495,epoch10
E05,G046,0.7184,0.9743,epoch10
E05,G047,-4.9455,1.518,epoch10
E05,G048,-2.9235,2.0011,epoch10
E05,G049,-2.3337,1.4711,epoch10
E05,G050,-2.3013,1.772,epoch10
E05,G051,-2.9736,1.2758,epoch10
E05,G052,-2.8786,-0.0032,epoch10
E05,G053,0.528,0.8588,epoch10
E05,G054,-0.0477,0.2244,epoch10
E05,G055,-1.9252,1.049,epoch10
E05,G056,-3.7991,0.042,epoch10
E05,G057,-2.978,1.1097,epoch10
E05,G058,-2.4796,1.2268,epoch10
E05,G059,-5.9056,-0.4673,epoch10
E06,G000,-0.2709,1.2988,epoch10
E06,G001,-1.9405,1.2031,epoch10
E06,G002,-0.6592,-0.164,epoch10
E06,G003,0.0391,0.9516,epoch10
E06,G004,1.1135,1.1337,epoch10
E06,G005,-0.5403,0.7237,epoch10
E06,G006,-2.9432,0.954,epoch10
E06,G007,-1.301,0.796,epoch10
E06,G008,-1.709,1.2139,epoch10
E06,G009,0.278,0.8563,epoch10
E06,G010,-1.0102,0.6643,epoch10
E06,G011,-0.7624,1.2144,epoch10
E06,G012,-0.2848,1.6175,epoch10
E06,G013,-1.5087,0.9297,epoch10
E06,G014,-1.5594,0.2043,epoch10
E06,G015,-0.5018,0.2405,epoch10
E06,G016,-1.4414,0.5392,epoch10
E06,G017,0.3023,0.5931,epoch10
E06,G018,-1.4568,0.7438,epoch10
E06,G019,0.5985,0.9901,epoch10
E06,G020,-1.4547,0.6562,epoch10
E06,G021,-1.669,0.6162,epoch10
E06,G022,-0.6786,1.1692,epoch10
E06,G023,-1.7722,1.8014,epoch10
E06,G024,2.4065,1.7995,epoch10
E06,G025,-1.7878,0.5412,epoch10
E06,G026,-0.7986,1.0625,epoch10
E06,G027,-0.9475,0.4392,epoch10
E06,G028,0.3425,0.9155,epoch10
E06,G029,-1.3511,0.6021,epoch10
E06,G030,-2.4002,0.0401,epoch10
E06,G031,0.1801,-0.0225,epoch10
E06,G032,2.201,-0.4024,epoch10
E06,G033,-4.3416,0.5711,epoch10
E06,G034,0.1007,1.6919,epoch10
E06,G035,-1.1057,0.2069,epoch10
E06,G036,-1.8295,0.977,epoch10
E06,G037,2.6433,1.0099,epoch10
E06,G038,0.9882,1.1028,epoch10
E06,G039,-0.6572,0.05,epoch10
E06,G040,0.1368,0.8086,epoch10
E06,G041,1.1222,0.8153,epoch10
E06,G042,1.4383,-0.6946,epoch10
E06,G043,1.2899,1.026,epoch10
E06,G044,0.6251,0.6322,epoch10
E06,G045,-0.6129,-0.8898,epoch10
E06,G046,2.7176,1.7839,epoch10
E06,G047,0.0756,0.7038,epoch10
E06,G048,-0.8423,1.0806,epoch10
E06,G049,-0.1253,1.0391,epoch10
E06,G050,-0.141,0.6404,epoch10
E06,G051,-1.3708,-0.0401,epoch10
E06,G052,-0.8347,0.7088,epoch10
E06,G053,-1.6636,0.4339,epoch10
E06,G054,-0.0616,2.3373,epoch10
E06,G055,1.4757,2.1917,epoch10
E06,G056,-1.1174,0.1646,epoch10
E06,G057,-0.2017,0.5531,epoch10
E06,G058,1.1822,1.3025,epoch10
E06,G059,-3.3457,0.8021,epoch10
E07,G000,2.885,4.5121,epoch10
E07,G001,1.9241,4.251,epoch10
E07,G002,4.901,6.5879,epoch10
E07,G003,3.8238,5.6179,epoch10
E07,G004,2.3426,3.9125,epoch10
E07,G005,0.6425,3.7294,epoch10
E07,G006,1.3167,4.3679,epoch10
E07,G007,-0.1517,4.9237,epoch10
E07,G008,0.1119,5.1446,epoch10
E07,G009,3.3663,4.6743,epoch10
E07,G010,1.6257,3.7017,epoch10
E07,G011,3.0717,5.4833,epoch10
E07,G012,4.7353,5.6541,epoch10
E07,G013,4.1428,5.0424,epoch10
E07,G014,-0.1352,4.2552,epoch10
E07,G015,0.8102,5.1926,epoch10
E07,G016,2.6891,5.029,epoch10
E07,G017,3.7268,4.3814,epoch10
E07,G018,2.4015,4.9147,epoch10
E07,G019,3.9893,4.155,epoch10
E07,G020,2.7992,5.4719,epoch10
E07,G021,3.6807,5.2927,epoch10
E07,G022,5.7463,4.6252,epoch10
E07,G023,4.1078,5.2814,epoch10
E07,G024,3.0938,6.1848,epoch10
E07,G025,4.0081,3.8062,epoch10
E07,G026,2.5444,4.8359,epoch10
E07,G027,2.8102,6.2087,epoch10
E07,G028,3.9469,4.0174,epoch10
E07,G029,2.5344,4.9303,epoch10
E07,G030,1.1587,3.9405,epoch10
E07,G031,4.1407,4.9639,epoch10
E07,G032,5.7996,3.7987,epoch10
E07,G033,1.9499,3.7449,epoch10
E07,G034,5.3116,4.9334,epoch10
E07,G035,4.4044,5.2135,epoch10
E07,G036,2.541,5.1816,epoch10
E07,G037,2.2297,5.6379,epoch10
E07,G038,3.2711,6.0026,epoch10
E07,G039,1.3105,5.3249,epoch10
E07,G040,2.6046,5.6632,epoch10
E07,G041,4.1228,4.5539,epoch10
E07,G042,3.4003,4.82,epoch10
E07,G043,3.5955,7.4099,epoch10
E07,G044,1.2092,6.491,epoch10
E07,G045,5.6143,5.7253,epoch10
E07,G046,4.1316,5.8349,epoch10
E07,G047,-0.0108,5.4308,epoch10
E07,G048,3.8554,4.8922,epoch10
E07,G049,3.4186,6.3945,epoch10
E07,G050,2.6621,4.8684,epoch10
E07,G051,2.6568,4.8122,epoch10
E07,G052,2.0224,6.4614,epoch10
E07,G053,1.5478,3.5527,epoch10
E07,G054,4.2391,5.4895,epoch10
E07,G055,4.8797,4.0757,epoch10
E07,G056,1.4573,4.4608,epoch10
E07,G057,2.0436,4.7794,epoch10
E07,G058,4.0689,5.0196,epoch10
E07,G059,4.2828,4.9171,epoch10
E08,G000,-1.9328,0.316,epoch10
E08,G001,-1.0843,0.5574,epoch10
E08,G002,-0.9255,0.089,epoch10
E08,G003,-1.8272,0.4942,epoch10
E08,G004,-1.5307,-0.284,epoch10
E08,G005,-0.624,1.2391,epoch10
E08,G006,-1.6664,-0.3373,epoch10
E08,G007,-1.9231,1.1398,epoch10
E08,G008,-4.1302,0.1635,epoch10
E08,G009,-2.1849,0.5604,epoch10
E08,G010,-1.5424,1.5078,epoch10
E08,G011,-0.0769,1.0113,epoch10
E08,G012,0.469,-0.4081,epoch10
E08,G013,-2.059,0.9692,epoch10
E08,G014,-2.3106,-1.5158,epoch10
E08,G015,0.5662,1.0703,epoch10
E08,G016,-0.4074,0.6767,epoch10
E08,G017,-2.4391,-0.074,epoch10
E08,G018,-5.0303,0.4463,epoch10
E08,G019,-2.4863,0.6588,epoch10
E08,G020,-0.7205,2.0329,epoch10
E08,G021,-4.6595,0.0975,epoch10
E08,G022,1.3263,2.4007,epoch10
E08,G023,-2.4968,1.4743,epoch10
E08,G024,-0.4553,0.2588,epoch10
E08,G025,0.2125,0.3529,epoch10
E08,G026,-1.0257,1.8006,epoch10
E08,G027,-1.8018,0.6823,epoch10
E08,G028,-0.8452,1.0006,epoch10
E08,G029,0.2321,0.8837,epoch10
E08,G030,-1.8705,-0.0128,epoch10
E08,G031,-1.2594,0.5833,epoch10
E08,G032,1.5686,0.381,epoch10
E08,G033,-5.3624,-0.6308,epoch10
E08,G034,-0.5988,0.7008,epoch10
E08,G035,-1.7204,2.1414,epoch10
E08,G036,-1.4079,1.8926,epoch10
E08,G037,1.6869,1.1513,epoch10
E08,G038,0.1705,1.182,epoch10
E08,G039,-2.1975,0.8964,epoch10
E08,G040,-2.7851,1.7844,epoch10
E08,G041,0.965,1.2451,epoch10
E08,G042,-1.6135,0.5472,epoch10
E08,G043,0.8245,0.8135,epoch10
E08,G044,-0.8367,1.6587,epoch10
E08,G045,-3.3654,2.7159,epoch10
E08,G046,-0.2945,0.6955,epoch10
E08,G047,-2.3875,-0.8138,epoch10
E08,G048,-0.621,1.2388,epoch10
E08,G049,-1.0001,0.7769,epoch10
E08,G050,-0.8842,0.9508,epoch10
E08,G051,-3.6145,1.5296,epoch10
E08,G052,-1.5671,0.5848,epoch10
E08,G053,0.1248,-0.1554,epoch10
E08,G054,-0.7231,-0.4373,epoch10
E08,G055,-0.91,0.8991,epoch10
E08,G056,-5.7516,-0.4573,epoch10
E08,G057,-1.3762,0.865,epoch10
E08,G058,2.7468,0.1749,epoch10
E08,G059,-2.2391,0.3012,epoch10
E09,G000,-0.6027,-1.5501,epoch10
E09,G001,-1.95,-0.8893,epoch10
E09,G002,-2.0357,-0.7012,epoch10
E09,G003,-1.4515,-0.276,epoch10
E09,G004,-4.2172,0.2096,epoch10
E09,G005,-1.8392,-0.6176,epoch10
E09,G006,-2.6961,-1.3178,epoch10
E09,G007,-0.7673,0.8624,epoch10
E09,G008,-2.1824,-0.4038,epoch10
E09,G009,-1.1806,-0.0555,epoch10
E09,G010,-3.3687,-0.2347,epoch10
E09,G011,-2.0184,0.6728,epoch10
E09,G012,-1.7105,0.1862,epoch10
E09,G013,-2.4764,-0.0427,epoch10
E09,G014,-4.7414,-0.2653,epoch10
E09,G015,-1.9856,-0.9298,epoch10
E09,G016,-2.2013,-0.9254,epoch10
E09,G017,-3.3243,-0.5361,epoch10
E09,G018,-4.2899,-0.6483,epoch10
E09,G019,-2.7238,-0.3837,epoch10
E09,G020,-2.3687,-0.4317,epoch10
E09,G021,-0.9235,-0.4194,epoch10
E09,G022,0.8402,-0.7065,epoch10
E09,G023,-3.9865,-1.7621,epoch10
E09,G024,-2.402,0.0758,epoch10
E09,G025,0.7964,0.1777,epoch10
E09,G026,-1.6199,-1.0597,epoch10
E09,G027,-3.0465,-0.3291,epoch10
E09,G028,-0.3721,-0.2915,epoch10
E09,G029,-1.59,-0.3734,epoch10
E09,G030,-4.3935,-2.0394,epoch10
E09,G031,-3.8577,-1.4811,epoch10
E09,G032,0.8703,-0.5361,epoch10
E09,G033,-2.4473,0.4408,epoch10
E09,G034,-1.7183,-0.8655,epoch10
E09,G035,-2.75,-0.7522,epoch10
E09,G036,-0.9377,-1.2327,epoch10
E09,G037,0.8585,-0.5041,epoch10
E09,G038,-0.6646,0.0239,epoch10
E09,G039,-2.7664,-2.2287,epoch10
E09,G040,-1.5027,-2.5344,epoch10
E09,G041,-2.6143,0.1077,epoch10
E09,G042,-2.5437,-0.5669,epoch10
E09,G043,0.0197,-0.698,epoch10
E09,G044,-2.0087,0.2176,epoch10
E09,G045,-3.669,0.2028,epoch10
E09,G046,-0.3447,-1.6771,epoch10
E09,G047,-1.7207,-0.749,epoch10
E09,G048,0.8734,0.4388,epoch10
E09,G049,-4.6481,-1.0945,epoch10
E09,G050,0.882,-0.7238,epoch10
E09,G051,-3.0177,0.1295,epoch10
E09,G052,0.3935,-0.4929,epoch10
E09,G053,0.8861,-1.1016,epoch10
E09,G054,0.3749,-0.7913,epoch10
E09,G055,-0.1031,-1.1749,epoch10
E09,G056,-2.9627,-0.1329,epoch10
E09,G057,-1.8064,-1.8241,epoch10
E09,G058,-2.303,0.2147,epoch10
E09,G059,-5.9845,-1.945,epoch10
E10,G000,4.475,3.9155,epoch10
E10,G001,0.4218,2.5348,epoch10
E10,G002,1.8611,3.3908,epoch10
E10,G003,0.0026,4.4698,epoch10
E10,G004,1.8137,4.4424,epoch10
E10,G005,1.826,4.5505,epoch10
E10,G006,0.779,3.4089,epoch10
E10,G007,0.0627,3.692,epoch10
E10,G008,-1.3862,3.7333,epoch10
E10,G009,0.5778,4.1602,epoch10
E10,G010,-1.8965,3.3777,epoch10
E10,G011,-0.8292,4.5171,epoch10
E10,G012,1.2201,4.022,epoch10
E10,G013,-0.6708,4.4533,epoch10
E10,G014,-0.6644,3.8499,epoch10
E10,G015,0.558,4.1884,epoch10
E10,G016,2.5893,3.2077,epoch10
E10,G017,2.3889,3.4999,epoch10
E10,G018,-0.5056,2.626,epoch10
E10,G019,2.4461,3.6085,epoch10
E10,G020,-1.6506,3.3319,epoch10
E10,G021,-0.6472,4.1315,epoch10
E10,G022,2.9311,3.0722,epoch10
E10,G023,0.948,6.2268,epoch10
E10,G024,1.5821,3.8358,epoch10
E10,G025,0.7101,4.8249,epoch10
E10,G026,1.2569,4.5207,epoch10
E10,G027,4.1856,2.2854,epoch10
E10,G028,0.4194,3.6204,epoch10
E10,G029,1.2578,4.8042,epoch10
E10,G030,-0.0494,2.0608,epoch10
E10,G031,0.4971,4.4189,epoch10
E10,G032,1.8175,3.4869,epoch10
E10,G033,0.7765,3.1625,epoch10
E10,G034,5.7934,4.3443,epoch10
E10,G035,3.0237,2.7381,epoch10
E10,G036,0.263,3.9059,epoch10
E10,G037,4.4089,3.7852,epoch10
E10,G038,0.2335,3.1781,epoch10
E10,G039,1.2731,4.1711,epoch10
E10,G040,1.4542,6.2415,epoch10
E10,G041,2.3847,4.2004,epoch10
E10,G042,2.1208,4.2457,epoch10
E10,G043,1.0891,3.8517,epoch10
E10,G044,-0.4296,3.0946,epoch10
E10,G045,0.4281,4.1488,epoch10
E10,G046,1.7023,5.0243,epoch10
E10,G047,-1.1045,3.7878,epoch10
E10,G048,0.8599,4.3929,epoch10
E10,G049,-0.4354,3.5329,epoch10
E10,G050,-0.1636,5.3099,epoch10
E10,G051,1.3425,2.606,epoch10
E10,G052,-0.5975,4.1488,epoch10
E10,G053,0.9931,4.2863,epoch10
E10,G054,2.5659,4.385,epoch10
E10,G055,3.1321,3.2309,epoch10
E10,G056,0.3457,2.5762,epoch10
E10,G057,0.6558,3.4029,epoch10
E10,G058,0.6773,3.8441,epoch10
E10,G059,0.3459,2.5646,epoch10
E11,G000,-0.4607,0.5788,epoch10
E11,G001,0.0596,1.2847,epoch10
E11,G002,0.4465,2.0468,epoch10
E11,G003,-2.25,0.8401,epoch10
E11,G004,2.407,0.6122,epoch10
E11,G005,1.936,0.6948,epoch10
E11,G006,-2.2604,2.6542,epoch10
E11,G007,-0.2794,1.4035,epoch10
E11,G008,-1.5419,0.8667,epoch10
E11,G009,0.3306,1.8781,epoch10
E11,G010,-3.0364,2.4712,epoch10
E11,G011,0.4612,2.1485,epoch10
E11,G012,2.8088,0.5442,epoch10
E11,G013,2.3143,1.4356,epoch10
E11,G014,0.5,0.7371,epoch10
E11,G015,0.9273,1.0436,epoch10
E11,G016,2.7194,0.3533,epoch10
E11,G017,1.2997,1.2085,epoch10
E11,G018,-0.4179,0.2664,epoch10
E11,G019,-1.5501,1.4357,epoch10
E11,G020,-1.5433,1.1185,epoch10
E11,G021,1.4763,0.1765,epoch10
E11,G022,0.7057,0.2281,epoch10
E11,G023,0.5567,0.8064,epoch10
E11,G024,0.0387,1.607,epoch10
E11,G025,0.4705,1.7393,epoch10
E11,G026,1.5568,1.4147,epoch10
E11,G027,0.2176,-1.0428,epoch10
E11,G028,0.3483,0.9334,epoch10
E11,G029,2.0823,0.8462,epoch10
E11,G030,0.8152,0.9295,epoch10
E11,G031,-0.3887,0.3169,epoch10
E11,G032,1.1989,1.193,epoch10
E11,G033,0.2702,0.6695,epoch10
E11,G034,1.8405,3.3599,epoch10
E11,G035,2.1252,1.8133,epoch10
E11,G036,3.9939,1.2289,epoch10
E11,G037,3.2611,1.5143,epoch10
E11,G038,1.6777,1.3445,epoch10
E11,G039,-0.8432,1.1519,epoch10
E11,G040,1.1533,1.1955,epoch10
E11,G041,-0.8041,1.1402,epoch10
E11,G042,-0.7691,1.8912,epoch10
E11,G043,0.8094,1.9207,epoch10
E11,G044,0.863,1.5708,epoch10
E11,G045,2.7276,2.403,epoch10
E11,G046,2.9084,1.856,epoch10
E11,G047,-1.0827,0.299,epoch10
E11,G048,0.4024,0.1921,epoch10
E11,G049,1.8682,0.6877,epoch10
E11,G050,1.0605,1.1856,epoch10
E11,G051,1.8716,1.427,epoch10
E11,G052,0.4657,1.8302,epoch10
E11,G053,0.7318,0.605,epoch10
E11,G054,1.2833,0.8343,epoch10
E11,G055,1.7062,1.8419,epoch10
E11,G056,1.82,1.8054,epoch10
E11,G057,-0.8659,0.8627,epoch10
E11,G058,2.9338,1.6705,epoch10
E11,G059,1.7086,2.0967,epoch10
E00,G000,-0.4154,1.5071,epoch11
E00,G001,-2.5288,0.3161,epoch11
E00,G002,0.0976,1.5319,epoch11
E00,G003,0.2616,0.0077,epoch11
E00,G004,-2.788,0.4317,epoch11
E00,G005,-0.2772,1.2456,epoch11
E00,G006,-2.7185,0.1609,epoch11
E00,G007,-2.1974,-0.6387,epoch11
E00,G008,-1.4414,-0.1797,epoch11
E00,G009,-0.556,0.7941,epoch11
E00,G010,-0.6607,-0.7447,epoch11
E00,G011,0.2955,-0.5384,epoch11
E00,G012,0.6534,0.6655,epoch11
E00,G013,-0.9257,-0.4034,epoch11
E00,G014,-1.2855,0.4889,epoch11
E00,G015,-0.4211,-0.5459,epoch11
E00,G016,1.1629,-0.7112,epoch11
E00,G017,0.9834,0.0301,epoch11
E00,G018,-3.0006,1.2807,epoch11
E00,G019,-0.1714,-0.1491,epoch11
E00,G020,-1.4727,0.2432,epoch11
E00,G021,0.1383,0.656,epoch11
E00,G022,-0.2985,-0.0007,epoch11
E00,G023,1.238,1.2133,epoch11
E00,G024,-0.8287,0.4336,epoch11
E00,G025,-0.0812,1.0407,epoch11
E00,G026,-3.4712,-1.0997,epoch11
E00,G027,-1.8146,-1.1041,epoch11
E00,G028,-0.1893,-1.5595,epoch11
E00,G029,-1.2814,0.2374,epoch11
E00,G030,-1.015,0.1003,epoch11
E00,G031,1.0094,1.349,epoch11
E00,G032,1.3314,1.7373,epoch11
E00,G033,-2.7054,-0.0906,epoch11
E00,G034,0.9677,0.4913,epoch11
E00,G035,1.4464,0.9137,epoch11
E00,G036,1.8098,1.4635,epoch11
E00,G037,0.8517,0.2526,epoch11
E00,G038,0.7926,1.1998,epoch11
E00,G039,-1.6721,0.1428,epoch11
E00,G040,0.1383,0.1154,epoch11
E00,G041,-0.6238,1.1937,epoch11
E00,G042,-0.6454,-0.1237,epoch11
E00,G043,-0.0818,-0.3065,epoch11
E00,G044,-0.8602,1.0032,epoch11
E00,G045,-0.8876,0.4855,epoch11
E00,G046,1.6464,0.7176,epoch11
E00,G047,-2.6381,0.2855,epoch11
E00,G048,-1.1767,0.9092,epoch11
E00,G049,-1.287,0.0448,epoch11
E00,G050,0.1955,1.0631,epoch11
E00,G051,-2.7683,0.2827,epoch11
E00,G052,-3.1422,1.3092,epoch11
E00,G053,-0.4029,1.4339,epoch11
E00,G054,0.2103,1.0047,epoch11
E00,G055,2.2968,0.6874,epoch11
E00,G056,-2.6215,0.0734,epoch11
E00,G057,-1.1492,0.0031,epoch11
E00,G058,0.6893,2.5996,epoch11
E00,G059,-2.023,0.0417,epoch11
E01,G000,-0.2253,0.995,epoch11
E01,G001,-2.0616,1.1484,epoch11
E01,G002,3.0404,-0.287,epoch11
E01,G003,2.6715,0.2786,epoch11
E01,G004,0.5158,-0.0186,epoch11
E01,G005,-0.3818,-0.3124,epoch11
E01,G006,-0.3281,-0.7841,epoch11
E01,G007,-1.8268,-0.2233,epoch11
E01,G008,-0.4833,1.2856,epoch11
E01,G009,2.6181,0.9588,epoch11
E01,G010,0.2107,0.3155,epoch11
E01,G011,-0.0383,0.5132,epoch11
E01,G012,0.3805,-0.7281,epoch11
E01,G013,-0.0083,0.8464,epoch11
E01,G014,0.3205,0.5375,epoch11
E01,G015,-0.3888,-0.3746,epoch11
E01,G016,-0.3668,0.826,epoch11
E01,G017,0.5899,0.4322,epoch11
E01,G018,-1.254,-0.2316,epoch11
E01,G019,0.15,-0.3174,epoch11
E01,G020,0.6929,-0.219,epoch11
E01,G021,0.2603,-0.3026,epoch11
E01,G022,2.358,1.0474,epoch11
E01,G023,-1.3717,0.6165,epoch11
E01,G024,0.6172,0.589,epoch11
E01,G025,3.1627,0.4795,epoch11
E01,G026,2.094,0.3645,epoch11
E01,G027,0.4189,1.936,epoch11
E01,G028,0.2735,-0.9427,epoch11
E01,G029,2.8339,1.4894,epoch11
E01,G030,-0.4203,0.7629,epoch11
E01,G031,-0.3059,0.4145,epoch11
E01,G032,2.4199,0.4174,epoch11
E01,G033,-0.4987,-0.005,epoch11
E01,G034,-0.0638,-0.3949,epoch11
E01,G035,1.688,-0.3429,epoch11
E01,G036,-0.1889,0.3383,epoch11
E01,G037,2.9178,-0.259,epoch11
E01,G038,0.8504,1.2147,epoch11
E01,G039,-1.2757,1.1956,epoch11
E01,G040,0.4228,-2.0369,epoch11
E01,G041,2.1007,-0.4951,epoch11
E01,G042,-1.1847,0.5599,epoch11
E01,G043,0.3374,0.6739,epoch11
E01,G044,2.28,0.8059,epoch11
E01,G045,-0.0107,0.9238,epoch11
E01,G046,2.5722,1.4265,epoch11
E01,G047,-1.0126,1.0496,epoch11
E01,G048,1.7758,1.8465,epoch11
E01,G049,2.2408,0.4095,epoch11
E01,G050,3.3374,1.3,epoch11
E01,G051,-0.8708,-0.9174,epoch11
E01,G052,0.8018,0.3203,epoch11
E01,G053,0.6872,-0.3789,epoch11
E01,G054,2.5713,1.9188,epoch11
E01,G055,3.9162,2.5909,epoch11
E01,G056,-1.628,0.7419,epoch11
E01,G057,0.613,-0.638,epoch11
E01,G058,0.3774,0.4074,epoch11
E01,G059,0.8277,0.312,epoch11
E02,G000,0.2838,-4.2894,epoch11
E02,G001,-2.387,-3.9943,epoch11
E02,G002,-0.0581,-3.8197,epoch11
E02,G003,1.2929,-6.2903,epoch11
E02,G004,-1.412,-3.7371,epoch11
E02,G005,-0.01,-4.9174,epoch11
E02,G006,-3.4272,-5.4412,epoch11
E02,G007,-3.0483,-3.5941,epoch11
E02,G008,-2.4997,-5.3244,epoch11
E02,G009,0.3819,-5.5234,epoch11
E02,G010,-1.4589,-5.7463,epoch11
E02,G011,0.2659,-4.3716,epoch11
E02,G012,1.823,-3.6302,epoch11
E02,G013,-0.2903,-3.3171,epoch11
E02,G014,-4.7103,-5.3732,epoch11
E02,G015,-2.5947,-5.2747,epoch11
E02,G016,1.0271,-3.2924,epoch11
E02,G017,-2.6697,-5.0436,epoch11
E02,G018,-1.0323,-3.8229,epoch11
E02,G019,-1.2145,-4.3945,epoch11
E02,G020,-3.9153,-4.8369,epoch11
E02,G021,-1.7111,-5.2152,epoch11
E02,G022,0.4602,-4.1239,epoch11
E02,G023,-2.762,-5.0839,epoch11
E02,G024,-1.2487,-5.128,epoch11
E02,G025,1.1571,-4.5069,epoch11
E02,G026,-0.6792,-5.3016,epoch11
E02,G027,-2.2836,-4.5974,epoch11
E02,G028,-0.2852,-4.5269,epoch11
E02,G029,-0.5877,-4.9033,epoch11
E02,G030,-3.7055,-5.2065,epoch11
E02,G031,0.0998,-4.6709,epoch11
E02,G032,0.5986,-3.0495,epoch11
E02,G033,-2.4839,-4.8457,epoch11
E02,G034,-1.0106,-4.9916,epoch11
E02,G035,-0.9596,-4.8734,epoch11
E02,G036,-1.9963,-4.3679,epoch11
E02,G037,0.1289,-4.4619,epoch11
E02,G038,-0.2122,-4.5207,epoch11
E02,G039,-1.3194,-5.1236,epoch11
E02,G040,-0.1478,-4.4033,epoch11
E02,G041,1.0143,-4.14,epoch11
E02,G042,1.7453,-4.0188,epoch11
E02,G043,-0.3885,-5.8482,epoch11
E02,G044,2.1406,-5.2625,epoch11
E02,G045,-0.906,-6.3993,epoch11
E02,G046,1.5518,-3.7167,epoch11
E02,G047,-2.6941,-4.1105,epoch11
E02,G048,1.0514,-3.6576,epoch11
E02,G049,1.072,-4.4723,epoch11
E02,G050,-2.57,-3.7315,epoch11
E02,G051,-2.7847,-4.8408,epoch11
E02,G052,-0.8038,-4.8333,epoch11
E02,G053,0.7165,-5.5993,epoch11
E02,G054,0.935,-4.9884,epoch11
E02,G055,-1.1513,-5.1023,epoch11
E02,G056,-2.0382,-4.2737,epoch11
E02,G057,-2.2051,-3.8025,epoch11
E02,G058,-2.3923,-5.2568,epoch11
E02,G059,-2.0215,-4.7848,epoch11
E03,G000,-3.4471,0.5229,epoch11
E03,G001,-2.4902,-0.6321,epoch11
E03,G002,-4.1106,-1.3186,epoch11
E03,G003,-1.231,-0.4317,epoch11
E03,G004,-3.0079,-1.051,epoch11
E03,G005,-3.4625,-0.1871,epoch11
E03,G006,-3.7202,-0.3611,epoch11
E03,G007,-4.4648,-0.2828,epoch11
E03,G008,-4.9541,-0.3704,epoch11
E03,G009,-3.4651,0.5333,epoch11
E03,G010,-3.1338,-0.7455,epoch11
E03,G011,-1.3074,0.8486,epoch11
E03,G012,-1.7767,-1.2278,epoch11
E03,G013,-2.1974,0.1924,epoch11
E03,G014,-4.1744,-0.1968,epoch11
E03,G015,-1.9815,-0.4234,epoch11
E03,G016,-3.258,-1.2439,epoch11
E03,G017,-1.6359,0.584,epoch11
E03,G018,-2.7034,-0.6868,epoch11
E03,G019,-3.9729,0.4067,epoch11
E03,G020,-2.2434,0.7207,epoch11
E03,G021,-2.1739,0.15,epoch11
E03,G022,-1.4073,0.2569,epoch11
E03,G023,-3.3942,0.7829,epoch11
E03,G024,-0.9659,0.434,epoch11
E03,G025,-3.572,-0.7602,epoch11
E03,G026,-2.1724,0.1537,epoch11
E03,G027,-3.2066,0.487,epoch11
E03,G028,-1.699,0.2937,epoch11
E03,G029,-2.5249,0.1136,epoch11
E03,G030,-4.0608,-0.2769,epoch11
E03,G031,-0.2542,0.0152,epoch11
E03,G032,0.335,-0.1387,epoch11
E03,G033,-1.7626,-1.197,epoch11
E03,G034,-0.4118,1.1059,epoch11
E03,G035,-1.6991,-0.1184,epoch11
E03,G036,-3.6388,0.0699,epoch11
E03,G037,-0.0626,-0.6442,epoch11
E03,G038,-2.6748,0.1264,epoch11
E03,G039,-2.2779,-0.5141,epoch11
E03,G040,-1.7631,2.4322,epoch11
E03,G041,-2.8165,-0.3918,epoch11
E03,G042,-2.1725,-0.5393,epoch11
E03,G043,-3.6846,0.9521,epoch11
E03,G044,-1.7703,0.9601,epoch11
E03,G045,-2.4617,-1.3318,epoch11
E03,G046,-1.6459,0.555,epoch11
E03,G047,-3.0834,0.6272,epoch11
E03,G048,-0.6924,-0.533,epoch11
E03,G049,-3.7328,0.5963,epoch11
E03,G050,-3.8887,-0.2571,epoch11
E03,G051,-4.8853,-0.9346,epoch11
E03,G052,-5.292,-0.3485,epoch11
E03,G053,-2.2676,-0.0426,epoch11
E03,G054,0.6178,-0.6559,epoch11
E03,G055,-2.0906,1.9824,epoch11
E03,G056,-3.1409,-0.5325,epoch11
E03,G057,-5.1691,-0.7464,epoch11
E03,G058,-1.3273,0.8538,epoch11
E03,G059,-3.9271,-0.2163,epoch11
E04,G000,-1.3659,0.8906,epoch11
E04,G001,-1.6574,-0.4612,epoch11
E04,G002,0.4356,0.1702,epoch11
E04,G003,-0.17,0.1713,epoch11
E04,G004,-3.4716,-0.4165,epoch11
E04,G005,-2.7324,-0.3255,epoch11
E04,G006,-3.0526,-0.6222,epoch11
E04,G007,-2.0531,1.0404,epoch11
E04,G008,-2.6858,-1.0193,epoch11
E04,G009,-1.0115,-0.4152,epoch11
E04,G010,0.4038,-0.3406,epoch11
E04,G011,-3.0678,0.3764,epoch11
E04,G012,-1.6976,0.1901,epoch11
E04,G013,-0.3081,0.6216,epoch11
E04,G014,-4.0055,-1.5274,epoch11
E04,G015,-3.1631,-0.1059,epoch11
E04,G016,-1.1284,-0.1242,epoch11
E04,G017,-0.9924,0.0436,epoch11
E04,G018,-2.7285,-0.2702,epoch11
E04,G019,0.684,-1.6086,epoch11
E04,G020,-1.7016,-0.1904,epoch11
E04,G021,-2.8312,-0.0609,epoch11
E04,G022,-1.822,-1.0539,epoch11
E04,G023,-3.1238,-0.4335,epoch11
E04,G024,0.731,1.2505,epoch11
E04,G025,-1.7076,-0.2831,epoch11
E04,G026,-1.6536,0.4164,epoch11
E04,G027,0.7034,-0.0247,epoch11
E04,G028,0.02,-0.5833,epoch11
E04,G029,-1.0593,-0.6311,epoch11
E04,G030,-2.1129,-0.3114,epoch11
E04,G031,-2.748,0.8848,epoch11
E04,G032,-0.8919,0.7318,epoch11
E04,G033,-5.8616,-1.0592,epoch11
E04,G034,0.5017,0.8535,epoch11
E04,G035,-0.612,0.0862,epoch11
E04,G036,-0.6251,-0.547,epoch11
E04,G037,2.0726,0.5296,epoch11
E04,G038,0.1998,-0.6811,epoch11
E04,G039,-3.84,-1.5006,epoch11
E04,G040,0.0117,0.9475,epoch11
E04,G041,0.4542,-1.2933,epoch11
E04,G042,-1.9217,0.3368,epoch11
E04,G043,-1.1993,-0.9821,epoch11
E04,G044,-1.522,-0.1256,epoch11
E04,G045,-2.099,-0.0666,epoch11
E04,G046,1.9172,-0.0548,epoch11
E04,G047,-4.2765,-1.7848,epoch11
E04,G048,-1.6879,-0.0182,epoch11
E04,G049,-0.5599,0.0919,epoch11
E04,G050,-0.8221,-0.5942,epoch11
E04,G051,-2.1187,-0.3263,epoch11
E04,G052,-2.6248,0.3234,epoch11
E04,G053,-1.2749,-0.5558,epoch11
E04,G054,-0.4637,0.046,epoch11
E04,G055,-3.1172,-0.8525,epoch11
E04,G056,-1.8621,0.0851,epoch11
E04,G057,-2.1515,0.3564,epoch11
E04,G058,-0.4622,1.8603,epoch11
E04,G059,-4.1053,-0.0239,epoch11
E05,G000,-3.5455,-2.0574,epoch11
E05,G001,-4.5257,-1.5972,epoch11
E05,G002,-1.27,-2.9795,epoch11
E05,G003,0.1457,-1.1111,epoch11
E05,G004,-4.3517,-2.9724,epoch11
E05,G005,-1.4424,-2.9886,epoch11
E05,G006,-2.8905,-2.0855,epoch11
E05,G007,-5.2704,-2.4339,epoch11
E05,G008,-4.1428,-1.7685,epoch11
E05,G009,-1.0113,-3.5966,epoch11
E05,G010,-2.8812,-2.3772,epoch11
E05,G011,-2.7924,-2.8261,epoch11
E05,G012,-1.7519,-2.3491,epoch11
E05,G013,-2.4634,-3.6098,epoch11
E05,G014,-4.4491,-2.0083,epoch11
E05,G015,-3.9004,-2.3587,epoch11
E05,G016,-1.4225,-2.9899,epoch11
E05,G017,-2.8564,-3.3084,epoch11
E05,G018,-4.7226,-3.3246,epoch11
E05,G019,-4.3964,-1.4674,epoch11
E05,G020,-4.417,-2.7841,epoch11
E05,G021,-5.1928,-2.9391,epoch11
E05,G022,-1.0429,-1.6583,epoch11
E05,G023,-2.3787,-2.514,epoch11
E05,G024,-1.9942,-2.144,epoch11
E05,G025,-0.3888,-1.4826,epoch11
E05,G026,-3.9198,-2.4517,epoch11
E05,G027,-3.0805,-1.8303,epoch11
E05,G028,-2.3732,-3.1496,epoch11
E05,G029,-2.4487,-2.2208,epoch11
E05,G030,-3.209,-2.8848,epoch11
E05,G031,-2.7668,-2.0974,epoch11
E05,G032,0.3677,-2.0621,epoch11
E05,G033,-4.8416,-3.2663,epoch11
E05,G034,-3.02,-2.542,epoch11
E05,G035,-2.2851,-1.5115,epoch11
E05,G036,-3.4729,-2.7921,epoch11
E05,G037,-1.6478,-3.095,epoch11
E05,G038,-1.4913,-1.5623,epoch11
E05,G039,-2.1177,-1.7828,epoch11
E05,G040,-2.2459,-2.322,epoch11
E05,G041,-4.4435,-2.1752,epoch11
E05,G042,-3.6059,-3.0107,epoch11
E05,G043,-4.5932,-2.4947,epoch11
E05,G044,-0.8097,-1.19,epoch11
E05,G045,-0.8755,-1.6408,epoch11
E05,G046,0.7184,-1.7136,epoch11
E05,G047,-4.9455,-2.7483,epoch11
E05,G048,-2.9235,-3.4365,epoch11
E05,G049,-2.3337,-2.4225,epoch11
E05,G050,-2.3013,-2.0231,epoch11
E05,G051,-2.9736,-1.6643,epoch11
E05,G052,-2.8786,-1.1622,epoch11
E05,G053,0.528,-1.943,epoch11
E05,G054,-0.0477,-1.4097,epoch11
E05,G055,-1.9252,-3.045,epoch11
E05,G056,-3.7991,-1.7884,epoch11
E05,G057,-2.978,-1.92,epoch11
E05,G058,-2.4796,-1.2204,epoch11
E05,G059,-5.9056,-2.3068,epoch11
E06,G000,-0.2709,-0.5448,epoch11
E06,G001,-1.9405,0.0603,epoch11
E06,G002,-0.6592,-1.4016,epoch11
E06,G003,0.0391,-0.3534,epoch11
E06,G004,1.1135,-0.2698,epoch11
E06,G005,-0.5403,-1.3069,epoch11
E06,G006,-2.9432,-2.1916,epoch11
E06,G007,-1.301,-0.7176,epoch11
E06,G008,-1.709,-1.1399,epoch11
E06,G009,0.278,-0.5182,epoch11
E06,G010,-1.0102,-0.4427,epoch11
E06,G011,-0.7624,-1.3398,epoch11
E06,G012,-0.2848,-0.2895,epoch11
E06,G013,-1.5087,-0.1073,epoch11
E06,G014,-1.5594,-1.4707,epoch11
E06,G015,-0.5018,-1.1126,epoch11
E06,G016,-1.4414,-1.6922,epoch11
E06,G017,0.3023,-0.0794,epoch11
E06,G018,-1.4568,0.3049,epoch11
E06,G019,0.5985,-1.7607,epoch11
E06,G020,-1.4547,-0.4228,epoch11
E06,G021,-1.669,-0.4322,epoch11
E06,G022,-0.6786,-0.9723,epoch11
E06,G023,-1.7722,-1.187,epoch11
E06,G024,2.4065,-1.3891,epoch11
E06,G025,-1.7878,-1.2781,epoch11
E06,G026,-0.7986,-0.7689,epoch11
E06,G027,-0.9475,-0.5601,epoch11
E06,G028,0.3425,-0.5695,epoch11
E06,G029,-1.3511,-0.2904,epoch11
E06,G030,-2.4002,-1.1126,epoch11
E06,G031,0.1801,-1.5952,epoch11
E06,G032,2.201,0.6985,epoch11
E06,G033,-4.3416,-0.4347,epoch11
E06,G034,0.1007,-1.2532,epoch11
E06,G035,-1.1057,0.4263,epoch11
E06,G036,-1.8295,-0.7113,epoch11
E06,G037,2.6433,-0.2183,epoch11
E06,G038,0.9882,0.6501,epoch11
E06,G039,-0.6572,-2.8896,epoch11
E06,G040,0.1368,-1.8159,epoch11
E06,G041,1.1222,-0.243,epoch11
E06,G042,1.4383,-0.9144,epoch11
E06,G043,1.2899,-1.4381,epoch11
E06,G044,0.6251,0.138,epoch11
E06,G045,-0.6129,-0.5336,epoch11
E06,G046,2.7176,-1.1297,epoch11
E06,G047,0.0756,-1.4109,epoch11
E06,G048,-0.8423,-0.0792,epoch11
E06,G049,-0.1253,0.424,epoch11
E06,G050,-0.141,-2.1456,epoch11
E06,G051,-1.3708,-0.8076,epoch11
E06,G052,-0.8347,-0.8808,epoch11
E06,G053,-1.6636,-2.192,epoch11
E06,G054,-0.0616,-0.914,epoch11
E06,G055,1.4757,-1.8183,epoch11
E06,G056,-1.1174,-1.5892,epoch11
E06,G057,-0.2017,0.3493,epoch11
E06,G058,1.1822,-0.1452,epoch11
E06,G059,-3.3457,-0.7247,epoch11
E07,G000,2.885,1.2692,epoch11
E07,G001,1.9241,1.0323,epoch11
E07,G002,4.901,1.8969,epoch11
E07,G003,3.8238,-0.076,epoch11
E07,G004,2.3426,0.5619,epoch11
E07,G005,0.6425,1.3847,epoch11
E07,G006,1.3167,0.2594,epoch11
E07,G007,-0.1517,0.2949,epoch11
E07,G008,0.1119,1.4747,epoch11
E07,G009,3.3663,1.8589,epoch11
E07,G010,1.6257,0.1942,epoch11
E07,G011,3.0717,0.6777,epoch11
E07,G012,4.7353,1.5802,epoch11
E07,G013,4.1428,1.1182,epoch11
E07,G014,-0.1352,-0.0857,epoch11
E07,G015,0.8102,1.0752,epoch11
E07,G016,2.6891,1.3507,epoch11
E07,G017,3.7268,1.0945,epoch11
E07,G018,2.4015,2.8103,epoch11
E07,G019,3.9893,1.8855,epoch11
E07,G020,2.7992,1.2533,epoch11
E07,G021,3.6807,1.5836,epoch11
E07,G022,5.7463,3.3485,epoch11
E07,G023,4.1078,1.8261,epoch11
E07,G024,3.0938,0.7573,epoch11
E07,G025,4.0081,1.407,epoch11
E07,G026,2.5444,0.8507,epoch11
E07,G027,2.8102,0.5821,epoch11
E07,G028,3.9469,1.1447,epoch11
E07,G029,2.5344,1.1106,epoch11
E07,G030,1.1587,0.7296,epoch11
E07,G031,4.1407,0.5421,epoch11
E07,G032,5.7996,1.9699,epoch11
E07,G033,1.9499,-0.4457,epoch11
E07,G034,5.3116,1.8183,epoch11
E07,G035,4.4044,1.0267,epoch11
E07,G036,2.541,0.9905,epoch11
E07,G037,2.2297,-0.4186,epoch11
E07,G038,3.2711,2.3467,epoch11
E07,G039,1.3105,-0.5352,epoch11
E07,G040,2.6046,0.4483,epoch11
E07,G041,4.1228,1.5982,epoch11
E07,G042,3.4003,0.3599,epoch11
E07,G043,3.5955,0.8743,epoch11
E07,G044,1.2092,-0.7822,epoch11
E07,G045,5.6143,0.7555,epoch11
E07,G046,4.1316,1.4195,epoch11
E07,G047,-0.0108,1.0879,epoch11
E07,G048,3.8554,0.8694,epoch11
E07,G049,3.4186,1.1092,epoch11
E07,G050,2.6621,1.3411,epoch11
E07,G051,2.6568,0.2437,epoch11
E07,G052,2.0224,0.3165,epoch11
E07,G053,1.5478,2.2584,epoch11
E07,G054,4.2391,0.5523,epoch11
E07,G055,4.8797,2.0604,epoch11
E07,G056,1.4573,0.8245,epoch11
E07,G057,2.0436,1.7579,epoch11
E07,G058,4.0689,0.7253,epoch11
E07,G059,4.2828,1.0204,epoch11
E08,G000,-1.9328,-1.2145,epoch11
E08,G001,-1.0843,-1.8629,epoch11
E08,G002,-0.9255,-1.1595,epoch11
E08,G003,-1.8272,-2.0999,epoch11
E08,G004,-1.5307,-1.7144,epoch11
E08,G005,-0.624,-1.7981,epoch11
E08,G006,-1.6664,-1.2438,epoch11
E08,G007,-1.9231,-1.7218,epoch11
E08,G008,-4.1302,-2.9124,epoch11
E08,G009,-2.1849,-1.8039,epoch11
E08,G010,-1.5424,-1.6873,epoch11
E08,G011,-0.0769,-1.9901,epoch11
E08,G012,0.469,-0.4356,epoch11
E08,G013,-2.059,-1.4097,epoch11
E08,G014,-2.3106,-1.2715,epoch11
E08,G015,0.5662,-1.9482,epoch11
E08,G016,-0.4074,-1.6099,epoch11
E08,G017,-2.4391,-0.6723,epoch11
E08,G018,-5.0303,-3.0053,epoch11
E08,G019,-2.4863,-1.1526,epoch11
E08,G020,-0.7205,-1.6037,epoch11
E08,G021,-4.6595,-2.3262,epoch11
E08,G022,1.3263,-1.1253,epoch11
E08,G023,-2.4968,-2.5963,epoch11
E08,G024,-0.4553,-1.4782,epoch11
E08,G025,0.2125,-2.243,epoch11
E08,G026,-1.0257,-2.3125,epoch11
E08,G027,-1.8018,-0.519,epoch11
E08,G028,-0.8452,-1.8996,epoch11
E08,G029,0.2321,-2.7221,epoch11
E08,G030,-1.8705,-0.7726,epoch11
E08,G031,-1.2594,-2.0096,epoch11
E08,G032,1.5686,-3.7578,epoch11
E08,G033,-5.3624,-1.9771,epoch11
E08,G034,-0.5988,-0.7102,epoch11
E08,G035,-1.7204,-1.1167,epoch11
E08,G036,-1.4079,-0.2846,epoch11
E08,G037,1.6869,-1.1312,epoch11
E08,G038,0.1705,-0.7315,epoch11
E08,G039,-2.1975,-2.5256,epoch11
E08,G040,-2.7851,-1.3281,epoch11
E08,G041,0.965,-0.1316,epoch11
E08,G042,-1.6135,-1.0453,epoch11
E08,G043,0.8245,-1.0511,epoch11
E08,G044,-0.8367,-2.8382,epoch11
E08,G045,-3.3654,-1.6355,epoch11
E08,G046,-0.2945,-2.0476,epoch11
E08,G047,-2.3875,-1.1648,epoch11
E08,G048,-0.621,-2.1739,epoch11
E08,G049,-1.0001,-1.2027,epoch11
E08,G050,-0.8842,-2.1587,epoch11
E08,G051,-3.6145,-0.2824,epoch11
E08,G052,-1.5671,-2.6508,epoch11
E08,G053,0.1248,-1.4427,epoch11
E08,G054,-0.7231,0.5429,epoch11
E08,G055,-0.91,-1.1897,epoch11
E08,G056,-5.7516,-2.6593,epoch11
E08,G057,-1.3762,-1.2122,epoch11
E08,G058,2.7468,-0.482,epoch11
E08,G059,-2.2391,-1.1651,epoch11
E09,G000,-0.6027,-3.273,epoch11
E09,G001,-1.95,-1.8161,epoch11
E09,G002,-2.0357,-3.2253,epoch11
E09,G003,-1.4515,-0.6579,epoch11
E09,G004,-4.2172,-2.018,epoch11
E09,G005,-1.8392,-2.1346,epoch11
E09,G006,-2.6961,-1.5811,epoch11
E09,G007,-0.7673,-1.452,epoch11
E09,G008,-2.1824,-2.8515,epoch11
E09,G009,-1.1806,-0.6119,epoch11
E09,G010,-3.3687,-2.1708,epoch11
E09,G011,-2.0184,-2.8961,epoch11
E09,G012,-1.7105,-0.8143,epoch11
E09,G013,-2.4764,-0.7162,epoch11
E09,G014,-4.7414,-1.2486,epoch11
E09,G015,-1.9856,-1.222,epoch11
E09,G016,-2.2013,-2.4635,epoch11
E09,G017,-3.3243,-1.0889,epoch11
E09,G018,-4.2899,-0.7115,epoch11
E09,G019,-2.7238,-1.1014,epoch11
E09,G020,-2.3687,-0.8207,epoch11
E09,G021,-0.9235,-2.3036,epoch11
E09,G022,0.8402,-0.9676,epoch11
E09,G023,-3.9865,-1.2895,epoch11
E09,G024,-2.402,-2.9003,epoch11
E09,G025,0.7964,-2.6805,epoch11
E09,G026,-1.6199,-2.2772,epoch11
E09,G027,-3.0465,-1.956,epoch11
E09,G028,-0.3721,-1.5591,epoch11
E09,G029,-1.59,-1.8876,epoch11
E09,G030,-4.3935,-2.165,epoch11
E09,G031,-3.8577,-2.0613,epoch11
E09,G032,0.8703,-1.3047,epoch11
E09,G033,-2.4473,-1.596,epoch11
E09,G034,-1.7183,-1.1825,epoch11
E09,G035,-2.75,-1.8646,epoch11
E09,G036,-0.9377,-1.578,epoch11
E09,G037,0.8585,-1.7469,epoch11
E09,G038,-0.6646,-0.8984,epoch11
E09,G039,-2.7664,-2.514,epoch11
E09,G040,-1.5027,-0.6905,epoch11
E09,G041,-2.6143,-1.6563,epoch11
E09,G042,-2.5437,-1.7171,epoch11
E09,G043,0.0197,-2.1061,epoch11
E09,G044,-2.0087,-2.01,epoch11
E09,G045,-3.669,-1.6573,epoch11
E09,G046,-0.3447,-1.472,epoch11
E09,G047,-1.7207,-2.4173,epoch11
E09,G048,0.8734,-2.4602,epoch11
E09,G049,-4.6481,-1.932,epoch11
E09,G050,0.882,-1.7049,epoch11
E09,G051,-3.0177,-1.4483,epoch11
E09,G052,0.3935,-0.6761,epoch11
E09,G053,0.8861,-1.7702,epoch11
E09,G054,0.3749,-3.0488,epoch11
E09,G055,-0.1031,-1.6277,epoch11
E09,G056,-2.9627,-3.1771,epoch11
E09,G057,-1.8064,-2.8941,epoch11
E09,G058,-2.303,-1.0366,epoch11
E09,G059,-5.9845,-1.7466,epoch11
E10,G000,4.475,2.8172,epoch11
E10,G001,0.4218,2.4403,epoch11
E10,G002,1.8611,2.9044,epoch11
E10,G003,0.0026,1.861,epoch11
E10,G004,1.8137,3.3803,epoch11
E10,G005,1.826,2.7531,epoch11
E10,G006,0.779,4.1509,epoch11
E10,G007,0.0627,2.204,epoch11
E10,G008,-1.3862,3.6576,epoch11
E10,G009,0.5778,2.6135,epoch11
E10,G010,-1.8965,3.7676,epoch11
E10,G011,-0.8292,2.4195,epoch11
E10,G012,1.2201,3.7219,epoch11
E10,G013,-0.6708,2.7037,epoch11
E10,G014,-0.6644,2.2596,epoch11
E10,G015,0.558,2.9843,epoch11
E10,G016,2.5893,3.4407,epoch11
E10,G017,2.3889,3.4742,epoch11
E10,G018,-0.5056,4.0247,epoch11
E10,G019,2.4461,3.8083,epoch11
E10,G020,-1.6506,0.8617,epoch11
E10,G021,-0.6472,2.6076,epoch11
E10,G022,2.9311,1.9061,epoch11
E10,G023,0.948,3.116,epoch11
E10,G024,1.5821,3.7879,epoch11
E10,G025,0.7101,2.3873,epoch11
E10,G026,1.2569,2.3248,epoch11
E10,G027,4.1856,3.5746,epoch11
E10,G028,0.4194,2.984,epoch11
E10,G029,1.2578,4.3258,epoch11
E10,G030,-0.0494,3.3668,epoch11
E10,G031,0.4971,3.679,epoch11
E10,G032,1.8175,4.8492,epoch11
E10,G033,0.7765,2.4613,epoch11
E10,G034,5.7934,3.6427,epoch11
E10,G035,3.0237,2.7408,epoch11
E10,G036,0.263,3.3463,epoch11
E10,G037,4.4089,4.4559,epoch11
E10,G038,0.2335,4.0778,epoch11
E10,G039,1.2731,3.0303,epoch11
E10,G040,1.4542,2.6736,epoch11
E10,G041,2.3847,2.8203,epoch11
E10,G042,2.1208,2.2427,epoch11
E10,G043,1.0891,3.3839,epoch11
E10,G044,-0.4296,3.9546,epoch11
E10,G045,0.4281,1.654,epoch11
E10,G046,1.7023,1.7958,epoch11
E10,G047,-1.1045,4.0545,epoch11
E10,G048,0.8599,1.9843,epoch11
E10,G049,-0.4354,3.311,epoch11
E10,G050,-0.1636,1.9897,epoch11
E10,G051,1.3425,3.7151,epoch11
E10,G052,-0.5975,3.7025,epoch11
E10,G053,0.9931,3.4482,epoch11
E10,G054,2.5659,4.2677,epoch11
E10,G055,3.1321,3.4768,epoch11
E10,G056,0.3457,3.11,epoch11
E10,G057,0.6558,4.2657,epoch11
E10,G058,0.6773,3.9764,epoch11
E10,G059,0.3459,2.2625,epoch11
E11,G000,-0.4607,-1.9141,epoch11
E11,G001,0.0596,-1.9946,epoch11
E11,G002,0.4465,-1.4827,epoch11
E11,G003,-2.25,-1.3755,epoch11
E11,G004,2.407,-2.0247,epoch11
E11,G005,1.936,-0.983,epoch11
E11,G006,-2.2604,-1.7486,epoch11
E11,G007,-0.2794,-1.3559,epoch11
E11,G008,-1.5419,-1.7902,epoch11
E11,G009,0.3306,-1.035,epoch11
E11,G010,-3.0364,-2.7177,epoch11
E11,G011,0.4612,-0.1442,epoch11
E11,G012,2.8088,-0.8118,epoch11
E11,G013,2.3143,-0.7852,epoch11
E11,G014,0.5,-1.2201,epoch11
E11,G015,0.9273,-0.5673,epoch11
E11,G016,2.7194,-0.9153,epoch11
E11,G017,1.2997,-0.9548,epoch11
E11,G018,-0.4179,-1.7963,epoch11
E11,G019,-1.5501,-2.6628,epoch11
E11,G020,-1.5433,-1.4283,epoch11
E11,G021,1.4763,-1.7278,epoch11
E11,G022,0.7057,-1.4305,epoch11
E11,G023,0.5567,0.2435,epoch11
E11,G024,0.0387,-2.8723,epoch11
E11,G025,0.4705,-1.1849,epoch11
E11,G026,1.5568,-0.258,epoch11
E11,G027,0.2176,-0.6751,epoch11
E11,G028,0.3483,-0.4495,epoch11
E11,G029,2.0823,-2.1929,epoch11
E11,G030,0.8152,-2.1988,epoch11
E11,G031,-0.3887,-1.0329,epoch11
E11,G032,1.1989,-1.3241,epoch11
E11,G033,0.2702,-0.2696,epoch11
E11,G034,1.8405,-0.9711,epoch11
E11,G035,2.1252,-1.1619,epoch11
E11,G036,3.9939,-0.9337,epoch11
E11,G037,3.2611,-1.2425,epoch11
E11,G038,1.6777,-1.095,epoch11
E11,G039,-0.8432,-2.1509,epoch11
E11,G040,1.1533,-1.15,epoch11
E11,G041,-0.8041,-1.856,epoch11
E11,G042,-0.7691,-1.2863,epoch11
E11,G043,0.8094,-2.3223,epoch11
E11,G044,0.863,-2.3603,epoch11
E11,G045,2.7276,-0.7888,epoch11
E11,G046,2.9084,-0.697,epoch11
E11,G047,-1.0827,-2.4034,epoch11
E11,G048,0.4024,-1.3642,epoch11
E11,G049,1.8682,-2.2452,epoch11
E11,G050,1.0605,0.0898,epoch11
E11,G051,1.8716,-2.6503,epoch11
E11,G052,0.4657,-0.3257,epoch11
E11,G053,0.7318,-2.2733,epoch11
E11,G054,1.2833,-0.9046,epoch11
E11,G055,1.7062,-1.5144,epoch11
E11,G056,1.82,-1.9731,epoch11
E11,G057,-0.8659,-0.7588,epoch11
E11,G058,2.9338,-0.5691,epoch11
E11,G059,1.7086,-1.7275,epoch11
E00,G000,-0.4154,-0.2191,epoch12
E00,G001,-2.5288,-1.86,epoch12
E00,G002,0.0976,-0.9503,epoch12
E00,G003,0.2616,-0.2063,epoch12
E00,G004,-2.788,-2.1515,epoch12
E00,G005,-0.2772,-2.4453,epoch12
E00,G006,-2.7185,-1.2317,epoch12
E00,G007,-2.1974,-1.2206,epoch12
E00,G008,-1.4414,-2.2097,epoch12
E00,G009,-0.556,-0.5347,epoch12
E00,G010,-0.6607,-1.6111,epoch12
E00,G011,0.2955,-2.8925,epoch12
E00,G012,0.6534,-1.2885,epoch12
E00,G013,-0.9257,-1.8267,epoch12
E00,G014,-1.2855,-0.6843,epoch12
E00,G015,-0.4211,-1.7667,epoch12
E00,G016,1.1629,-1.5439,epoch12
E00,G017,0.9834,-1.0922,epoch12
E00,G018,-3.0006,-1.7238,epoch12
E00,G019,-0.1714,-2.6493,epoch12
E00,G020,-1.4727,-1.745,epoch12
E00,G021,0.1383,-1.8291,epoch12
E00,G022,-0.2985,-0.2334,epoch12
E00,G023,1.238,0.203,epoch12
E00,G024,-0.8287,-2.6361,epoch12
E00,G025,-0.0812,-2.0476,epoch12
E00,G026,-3.4712,-2.6127,epoch12
E00,G027,-1.8146,-2.4172,epoch12
E00,G028,-0.1893,-2.1156,epoch12
E00,G029,-1.2814,-1.6465,epoch12
E00,G030,-1.015,-0.9714,epoch12
E00,G031,1.0094,-2.1874,epoch12
E00,G032,1.3314,-2.5697,epoch12
E00,G033,-2.7054,-3.4346,epoch12
E00,G034,0.9677,-0.4761,epoch12
E00,G035,1.4464,-0.4277,epoch12
E00,G036,1.8098,-2.9183,epoch12
E00,G037,0.8517,-2.3943,epoch12
E00,G038,0.7926,-1.1714,epoch12
E00,G039,-1.6721,-0.905,epoch12
E00,G040,0.1383,-0.9226,epoch12
E00,G041,-0.6238,-1.2895,epoch12
E00,G042,-0.6454,-1.0687,epoch12
E00,G043,-0.0818,-1.3177,epoch12
E00,G044,-0.8602,-1.9596,epoch12
E00,G045,-0.8876,-0.0684,epoch12
E00,G046,1.6464,-1.0747,epoch12
E00,G047,-2.6381,-2.54,epoch12
E00,G048,-1.1767,-1.8583,epoch12
E00,G049,-1.287,-2.9487,epoch12
E00,G050,0.1955,-1.5344,epoch12
E00,G051,-2.7683,-1.3009,epoch12
E00,G052,-3.1422,-2.8477,epoch12
E00,G053,-0.4029,-0.6734,epoch12
E00,G054,0.2103,-0.0752,epoch12
E00,G055,2.2968,-0.868,epoch12
E00,G056,-2.6215,-3.0329,epoch12
E00,G057,-1.1492,-2.2767,epoch12
E00,G058,0.6893,-1.8031,epoch12
E00,G059,-2.023,-2.8778,epoch12
E01,G000,-0.2253,4.1897,epoch12
E01,G001,-2.0616,4.4517,epoch12
E01,G002,3.0404,5.164,epoch12
E01,G003,2.6715,5.9675,epoch12
E01,G004,0.5158,3.8661,epoch12
E01,G005,-0.3818,6.4087,epoch12
E01,G006,-0.3281,5.4709,epoch12
E01,G007,-1.8268,5.3483,epoch12
E01,G008,-0.4833,4.3626,epoch12
E01,G009,2.6181,6.3141,epoch12
E01,G010,0.2107,4.548,epoch12
E01,G011,-0.0383,6.4487,epoch12
E01,G012,0.3805,5.8741,epoch12
E01,G013,-0.0083,4.1708,epoch12
E01,G014,0.3205,4.3859,epoch12
E01,G015,-0.3888,6.4088,epoch12
E01,G016,-0.3668,6.0279,epoch12
E01,G017,0.5899,5.0187,epoch12
E01,G018,-1.254,4.8081,epoch12
E01,G019,0.15,5.1029,epoch12
E01,G020,0.6929,4.2006,epoch12
E01,G021,0.2603,4.7727,epoch12
E01,G022,2.358,4.7831,epoch12
E01,G023,-1.3717,4.5472,epoch12
E01,G024,0.6172,5.2438,epoch12
E01,G025,3.1627,4.4438,epoch12
E01,G026,2.094,5.8035,epoch12
E01,G027,0.4189,5.063,epoch12
E01,G028,0.2735,5.5572,epoch12
E01,G029,2.8339,5.867,epoch12
E01,G030,-0.4203,6.0199,epoch12
E01,G031,-0.3059,5.3817,epoch12
E01,G032,2.4199,5.9347,epoch12
E01,G033,-0.4987,4.5174,epoch12
E01,G034,-0.0638,5.4658,epoch12
E01,G035,1.688,4.559,epoch12
E01,G036,-0.1889,4.7702,epoch12
E01,G037,2.9178,6.1584,epoch12
E01,G038,0.8504,5.1244,epoch12
E01,G039,-1.2757,5.2546,epoch12
E01,G040,0.4228,4.2243,epoch12
E01,G041,2.1007,6.2778,epoch12
E01,G042,-1.1847,4.4442,epoch12
E01,G043,0.3374,5.3784,epoch12
E01,G044,2.28,5.2914,epoch12
E01,G045,-0.0107,5.9038,epoch12
E01,G046,2.5722,5.1898,epoch12
E01,G047,-1.0126,4.1771,epoch12
E01,G048,1.7758,3.6178,epoch12
E01,G049,2.2408,4.6865,epoch12
E01,G050,3.3374,4.3163,epoch12
E01,G051,-0.8708,5.2051,epoch12
E01,G052,0.8018,6.0699,epoch12
E01,G053,0.6872,3.3469,epoch12
E01,G054,2.5713,4.5056,epoch12
E01,G055,3.9162,5.7201,epoch12
E01,G056,-1.628,5.8252,epoch12
E01,G057,0.613,5.0757,epoch12
E01,G058,0.3774,5.2883,epoch12
E01,G059,0.8277,5.1991,epoch12
E02,G000,0.2838,2.9743,epoch12
E02,G001,-2.387,3.3884,epoch12
E02,G002,-0.0581,2.9047,epoch12
E02,G003,1.2929,1.6728,epoch12
E02,G004,-1.412,1.8101,epoch12
E02,G005,-0.01,2.5556,epoch12
E02,G006,-3.4272,1.2145,epoch12
E02,G007,-3.0483,2.0957,epoch12
E02,G008,-2.4997,1.323,epoch12
E02,G009,0.3819,1.8909,epoch12
E02,G010,-1.4589,2.6776,epoch12
E02,G011,0.2659,2.2499,epoch12
E02,G012,1.823,1.8393,epoch12
E02,G013,-0.2903,1.9899,epoch12
E02,G014,-4.7103,1.6215,epoch12
E02,G015,-2.5947,3.5954,epoch12
E02,G016,1.0271,2.6701,epoch12
E02,G017,-2.6697,3.3651,epoch12
E02,G018,-1.0323,2.3824,epoch12
E02,G019,-1.2145,0.7075,epoch12
E02,G020,-3.9153,2.1578,epoch12
E02,G021,-1.7111,1.1667,epoch12
E02,G022,0.4602,1.5825,epoch12
E02,G023,-2.762,1.3361,epoch12
E02,G024,-1.2487,3.6916,epoch12
E02,G025,1.1571,1.3321,epoch12
E02,G026,-0.6792,1.5976,epoch12
E02,G027,-2.2836,2.9819,epoch12
E02,G028,-0.2852,2.8646,epoch12
E02,G029,-0.5877,0.8799,epoch12
E02,G030,-3.7055,1.7207,epoch12
E02,G031,0.0998,2.0466,epoch12
E02,G032,0.5986,2.4979,epoch12
E02,G033,-2.4839,2.6451,epoch12
E02,G034,-1.0106,1.9393,epoch12
E02,G035,-0.9596,2.0223,epoch12
E02,G036,-1.9963,3.1772,epoch12
E02,G037,0.1289,1.2312,epoch12
E02,G038,-0.2122,2.2644,epoch12
E02,G039,-1.3194,2.3148,epoch12
E02,G040,-0.1478,1.4536,epoch12
E02,G041,1.0143,2.0441,epoch12
E02,G042,1.7453,1.607,epoch12
E02,G043,-0.3885,2.4025,epoch12
E02,G044,2.1406,1.9902,epoch12
E02,G045,-0.906,3.0981,epoch12
E02,G046,1.5518,3.4683,epoch12
E02,G047,-2.6941,1.9979,epoch12
E02,G048,1.0514,2.0253,epoch12
E02,G049,1.072,2.5633,epoch12
E02,G050,-2.57,2.4083,epoch12
E02,G051,-2.7847,1.1426,epoch12
E02,G052,-0.8038,3.0024,epoch12
E02,G053,0.7165,2.6628,epoch12
E02,G054,0.935,3.1627,epoch12
E02,G055,-1.1513,1.1975,epoch12
E02,G056,-2.0382,2.6165,epoch12
E02,G057,-2.2051,3.4902,epoch12
E02,G058,-2.3923,2.4543,epoch12
E02,G059,-2.0215,0.6787,epoch12
E03,G000,-3.4471,-1.4365,epoch12
E03,G001,-2.4902,-1.9534,epoch12
E03,G002,-4.1106,-1.7269,epoch12
E03,G003,-1.231,-1.8762,epoch12
E03,G004,-3.0079,-1.4431,epoch12
E03,G005,-3.4625,-2.1441,epoch12
E03,G006,-3.7202,-1.9506,epoch12
E03,G007,-4.4648,-2.5424,epoch12
E03,G008,-4.9541,-2.0407,epoch12
E03,G009,-3.4651,-0.8532,epoch12
E03,G010,-3.1338,-2.2868,epoch12
E03,G011,-1.3074,-1.0878,epoch12
E03,G012,-1.7767,-2.5256,epoch12
E03,G013,-2.1974,-1.9547,epoch12
E03,G014,-4.1744,-2.5722,epoch12
E03,G015,-1.9815,-0.6812,epoch12
E03,G016,-3.258,-2.5154,epoch12
E03,G017,-1.6359,-0.7514,epoch12
E03,G018,-2.7034,-3.1968,epoch12
E03,G019,-3.9729,-2.1487,epoch12
E03,G020,-2.2434,-0.9417,epoch12
E03,G021,-2.1739,-1.1143,epoch12
E03,G022,-1.4073,-2.3239,epoch12
E03,G023,-3.3942,-2.7198,epoch12
E03,G024,-0.9659,-0.9682,epoch12
E03,G025,-3.572,-2.9048,epoch12
E03,G026,-2.1724,-1.3468,epoch12
E03,G027,-3.2066,-2.1473,epoch12
E03,G028,-1.699,-1.676,epoch12
E03,G029,-2.5249,-0.0579,epoch12
E03,G030,-4.0608,-0.8197,epoch12
E03,G031,-0.2542,-1.0621,epoch12
E03,G032,0.335,-2.2804,epoch12
E03,G033,-1.7626,-1.7567,epoch12
E03,G034,-0.4118,-1.4697,epoch12
E03,G035,-1.6991,-1.5134,epoch12
E03,G036,-3.6388,-0.8989,epoch12
E03,G037,-0.0626,-2.6538,epoch12
E03,G038,-2.6748,-1.5752,epoch12
E03,G039,-2.2779,-1.6317,epoch12
E03,G040,-1.7631,-2.1223,epoch12
E03,G041,-2.8165,-0.0814,epoch12
E03,G042,-2.1725,-2.6333,epoch12
E03,G043,-3.6846,-1.5126,epoch12
E03,G044,-1.7703,-1.6263,epoch12
E03,G045,-2.4617,-3.3076,epoch12
E03,G046,-1.6459,-2.5294,epoch12
E03,G047,-3.0834,-2.6113,epoch12
E03,G048,-0.6924,-0.8052,epoch12
E03,G049,-3.7328,-0.9871,epoch12
E03,G050,-3.8887,-1.2248,epoch12
E03,G051,-4.8853,-1.885,epoch12
E03,G052,-5.292,-3.6606,epoch12
E03,G053,-2.2676,-1.3291,epoch12
E03,G054,0.6178,-1.8245,epoch12
E03,G055,-2.0906,-0.5221,epoch12
E03,G056,-3.1409,-1.0154,epoch12
E03,G057,-5.1691,-0.32,epoch12
E03,G058,-1.3273,-1.0186,epoch12
E03,G059,-3.9271,-1.388,epoch12
E04,G000,-1.3659,-2.3353,epoch12
E04,G001,-1.6574,-1.6775,epoch12
E04,G002,0.4356,-2.4987,epoch12
E04,G003,-0.17,-0.6135,epoch12
E04,G004,-3.4716,-2.9865,epoch12
E04,G005,-2.7324,-1.8011,epoch12
E04,G006,-3.0526,-2.704,epoch12
E04,G007,-2.0531,-2.0116,epoch12
E04,G008,-2.6858,-1.6781,epoch12
E04,G009,-1.0115,-1.8948,epoch12
E04,G010,0.4038,-1.3659,epoch12
E04,G011,-3.0678,-2.2657,epoch12
E04,G012,-1.6976,-0.4602,epoch12
E04,G013,-0.3081,-2.0091,epoch12
E04,G014,-4.0055,-1.2757,epoch12
E04,G015,-3.1631,-0.1017,epoch12
E04,G016,-1.1284,-3.3383,epoch12
E04,G017,-0.9924,-1.922,epoch12
E04,G018,-2.7285,-2.0456,epoch12
E04,G019,0.684,-0.7189,epoch12
E04,G020,-1.7016,-2.2639,epoch12
E04,G021,-2.8312,-1.3307,epoch12
E04,G022,-1.822,-2.0231,epoch12
E04,G023,-3.1238,-1.4148,epoch12
E04,G024,0.731,-2.2485,epoch12
E04,G025,-1.7076,-0.7818,epoch12
E04,G026,-1.6536,-3.8004,epoch12
E04,G027,0.7034,-2.7594,epoch12
E04,G028,0.02,-0.0017,epoch12
E04,G029,-1.0593,-1.2571,epoch12
E04,G030,-2.1129,-2.1658,epoch12
E04,G031,-2.748,0.2195,epoch12
E04,G032,-0.8919,-0.4556,epoch12
E04,G033,-5.8616,-1.1793,epoch12
E04,G034,0.5017,-1.6248,epoch12
E04,G035,-0.612,-0.7443,epoch12
E04,G036,-0.6251,-1.0911,epoch12
E04,G037,2.0726,-2.4928,epoch12
E04,G038,0.1998,-0.9929,epoch12
E04,G039,-3.84,-1.9962,epoch12
E04,G040,0.0117,-0.4217,epoch12
E04,G041,0.4542,-0.371,epoch12
E04,G042,-1.9217,-2.0115,epoch12
E04,G043,-1.1993,-1.7689,epoch12
E04,G044,-1.522,-1.4096,epoch12
E04,G045,-2.099,-0.8361,epoch12
E04,G046,1.9172,-1.4597,epoch12
E04,G047,-4.2765,-1.7554,epoch12
E04,G048,-1.6879,-0.8901,epoch12
E04,G049,-0.5599,-0.9717,epoch12
E04,G050,-0.8221,-0.4586,epoch12
E04,G051,-2.1187,-1.5724,epoch12
E04,G052,-2.6248,-2.5988,epoch12
E04,G053,-1.2749,-2.8712,epoch12
E04,G054,-0.4637,-0.9652,epoch12
E04,G055,-3.1172,-1.7254,epoch12
E04,G056,-1.8621,-1.9388,epoch12
E04,G057,-2.1515,-1.7961,epoch12
E04,G058,-0.4622,-2.6156,epoch12
E04,G059,-4.1053,-2.5359,epoch12
E05,G000,-3.5455,-3.7579,epoch12
E05,G001,-4.5257,-2.3079,epoch12
E05,G002,-1.27,-2.2811,epoch12
E05,G003,0.1457,0.3011,epoch12
E05,G004,-4.3517,-1.5889,epoch12
E05,G005,-1.4424,-2.0676,epoch12
E05,G006,-2.8905,-2.1628,epoch12
E05,G007,-5.2704,-1.3972,epoch12
E05,G008,-4.1428,-2.7169,epoch12
E05,G009,-1.0113,-2.0898,epoch12
E05,G010,-2.8812,-2.2217,epoch12
E05,G011,-2.7924,0.1722,epoch12
E05,G012,-1.7519,-1.3995,epoch12
E05,G013,-2.4634,-3.099,epoch12
E05,G014,-4.4491,-1.4416,epoch12
E05,G015,-3.9004,0.1773,epoch12
E05,G016,-1.4225,-2.3568,epoch12
E05,G017,-2.8564,1.0882,epoch12
E05,G018,-4.7226,-2.1325,epoch12
E05,G019,-4.3964,-1.0421,epoch12
E05,G020,-4.417,-2.5495,epoch12
E05,G021,-5.1928,-2.3009,epoch12
E05,G022,-1.0429,-2.2785,epoch12
E05,G023,-2.3787,-2.7246,epoch12
E05,G024,-1.9942,-3.3445,epoch12
E05,G025,-0.3888,-0.4028,epoch12
E05,G026,-3.9198,-2.9938,epoch12
E05,G027,-3.0805,-1.5294,epoch12
E05,G028,-2.3732,-1.3575,epoch12
E05,G029,-2.4487,-2.1108,epoch12
E05,G030,-3.209,-1.975,epoch12
E05,G031,-2.7668,-1.5664,epoch12
E05,G032,0.3677,-1.7228,epoch12
E05,G033,-4.8416,-2.1813,epoch12
E05,G034,-3.02,-1.5859,epoch12
E05,G035,-2.2851,-2.3284,epoch12
E05,G036,-3.4729,-2.7763,epoch12
E05,G037,-1.6478,-2.1955,epoch12
E05,G038,-1.4913,-1.1886,epoch12
E05,G039,-2.1177,-0.7532,epoch12
E05,G040,-2.2459,-0.2739,epoch12
E05,G041,-4.4435,-1.3547,epoch12
E05,G042,-3.6059,-1.012,epoch12
E05,G043,-4.5932,-1.6014,epoch12
E05,G044,-0.8097,-0.4058,epoch12
E05,G045,-0.8755,-1.4493,epoch12
E05,G046,0.7184,-0.7806,epoch12
E05,G047,-4.9455,-2.16,epoch12
E05,G048,-2.9235,-1.608,epoch12
E05,G049,-2.3337,-0.5372,epoch12
E05,G050,-2.3013,-2.6632,epoch12
E05,G051,-2.9736,-1.788,epoch12
E05,G052,-2.8786,-2.4801,epoch12
E05,G053,0.528,-0.785,epoch12
E05,G054,-0.0477,0.0294,epoch12
E05,G055,-1.9252,-1.8309,epoch12
E05,G056,-3.7991,-4.2704,epoch12
E05,G057,-2.978,-1.4414,epoch12
E05,G058,-2.4796,-1.0463,epoch12
E05,G059,-5.9056,-3.5623,epoch12
E06,G000,-0.2709,0.2318,epoch12
E06,G001,-1.9405,0.2182,epoch12
E06,G002,-0.6592,-1.4843,epoch12
E06,G003,0.0391,1.024,epoch12
E06,G004,1.1135,0.5688,epoch12
E06,G005,-0.5403,0.7597,epoch12
E06,G006,-2.9432,-0.994,epoch12
E06,G007,-1.301,-0.3312,epoch12
E06,G008,-1.709,-0.4992,epoch12
E06,G009,0.278,0.7041,epoch12
E06,G010,-1.0102,-0.4085,epoch12
E06,G011,-0.7624,1.6803,epoch12
E06,G012,-0.2848,1.1082,epoch12
E06,G013,-1.5087,-1.3797,epoch12
E06,G014,-1.5594,1.3644,epoch12
E06,G015,-0.5018,0.4972,epoch12
E06,G016,-1.4414,-0.0424,epoch12
E06,G017,0.3023,0.731,epoch12
E06,G018,-1.4568,-1.3071,epoch12
E06,G019,0.5985,0.6683,epoch12
E06,G020,-1.4547,-1.6718,epoch12
E06,G021,-1.669,-0.6495,epoch12
E06,G022,-0.6786,1.8394,epoch12
E06,G023,-1.7722,1.3631,epoch12
E06,G024,2.4065,0.3996,epoch12
E06,G025,-1.7878,-0.1907,epoch12
E06,G026,-0.7986,1.1353,epoch12
E06,G027,-0.9475,0.1858,epoch12
E06,G028,0.3425,0.8258,epoch12
E06,G029,-1.3511,0.8706,epoch12
E06,G030,-2.4002,-0.9058,epoch12
E06,G031,0.1801,1.1703,epoch12
E06,G032,2.201,-0.685,epoch12
E06,G033,-4.3416,1.1025,epoch12
E06,G034,0.1007,-0.7133,epoch12
E06,G035,-1.1057,-0.0713,epoch12
E06,G036,-1.8295,-0.3399,epoch12
E06,G037,2.6433,1.6263,epoch12
E06,G038,0.9882,1.168,epoch12
E06,G039,-0.6572,0.4227,epoch12
E06,G040,0.1368,1.0693,epoch12
E06,G041,1.1222,0.9102,epoch12
E06,G042,1.4383,0.49,epoch12
E06,G043,1.2899,-1.0135,epoch12
E06,G044,0.6251,-1.541,epoch12
E06,G045,-0.6129,-1.4698,epoch12
E06,G046,2.7176,1.1085,epoch12
E06,G047,0.0756,0.1321,epoch12
E06,G048,-0.8423,0.4937,epoch12
E06,G049,-0.1253,0.5902,epoch12
E06,G050,-0.141,0.3851,epoch12
E06,G051,-1.3708,-0.5478,epoch12
E06,G052,-0.8347,-0.5174,epoch12
E06,G053,-1.6636,-1.2195,epoch12
E06,G054,-0.0616,1.4539,epoch12
E06,G055,1.4757,1.3489,epoch12
E06,G056,-1.1174,-1.0878,epoch12
E06,G057,-0.2017,0.235,epoch12
E06,G058,1.1822,1.1515,epoch12
E06,G059,-3.3457,1.1931,epoch12
E07,G000,2.885,5.2473,epoch12
E07,G001,1.9241,5.802,epoch12
E07,G002,4.901,7.0784,epoch12
E07,G003,3.8238,4.2377,epoch12
E07,G004,2.3426,5.1157,epoch12
E07,G005,0.6425,5.6212,epoch12
E07,G006,1.3167,5.0801,epoch12
E07,G007,-0.1517,7.1659,epoch12
E07,G008,0.1119,6.1622,epoch12
E07,G009,3.3663,5.7924,epoch12
E07,G010,1.6257,4.708,epoch12
E07,G011,3.0717,6.9106,epoch12
E07,G012,4.7353,6.6051,epoch12
E07,G013,4.1428,5.4052,epoch12
E07,G014,-0.1352,4.8631,epoch12
E07,G015,0.8102,4.3216,epoch12
E07,G016,2.6891,5.7904,epoch12
E07,G017,3.7268,6.6461,epoch12
E07,G018,2.4015,6.371,epoch12
E07,G019,3.9893,6.2702,epoch12
E07,G020,2.7992,6.1885,epoch12
E07,G021,3.6807,5.2556,epoch12
E07,G022,5.7463,5.7825,epoch12
E07,G023,4.1078,6.9188,epoch12
E07,G024,3.0938,6.58,epoch12
E07,G025,4.0081,5.4643,epoch12
E07,G026,2.5444,6.0733,epoch12
E07,G027,2.8102,6.5586,epoch12
E07,G028,3.9469,6.4231,epoch12
E07,G029,2.5344,5.9071,epoch12
E07,G030,1.1587,5.2191,epoch12
E07,G031,4.1407,6.0966,epoch12
E07,G032,5.7996,7.6973,epoch12
E07,G033,1.9499,5.6724,epoch12
E07,G034,5.3116,5.6214,epoch12
E07,G035,4.4044,6.195,epoch12
E07,G036,2.541,4.6673,epoch12
E07,G037,2.2297,6.4132,epoch12
E07,G038,3.2711,5.818,epoch12
E07,G039,1.3105,6.3329,epoch12
E07,G040,2.6046,6.0602,epoch12
E07,G041,4.1228,6.8991,epoch12
E07,G042,3.4003,7.514,epoch12
E07,G043,3.5955,5.9136,epoch12
E07,G044,1.2092,5.0202,epoch12
E07,G045,5.6143,6.3459,epoch12
E07,G046,4.1316,6.1325,epoch12
E07,G047,-0.0108,5.5499,epoch12
E07,G048,3.8554,5.4977,epoch12
E07,G049,3.4186,6.287,epoch12
E07,G050,2.6621,5.9809,epoch12
E07,G051,2.6568,3.8441,epoch12
E07,G052,2.0224,5.5387,epoch12
E07,G053,1.5478,5.9883,epoch12
E07,G054,4.2391,7.0304,epoch12
E07,G055,4.8797,5.6294,epoch12
E07,G056,1.4573,4.9878,epoch12
E07,G057,2.0436,6.4704,epoch12
E07,G058,4.0689,5.6155,epoch12
E07,G059,4.2828,5.5724,epoch12
E08,G000,-1.9328,-2.5737,epoch12
E08,G001,-1.0843,-2.6449,epoch12
E08,G002,-0.9255,-2.8669,epoch12
E08,G003,-1.8272,-3.956,epoch12
E08,G004,-1.5307,-2.3766,epoch12
E08,G005,-0.624,-3.3698,epoch12
E08,G006,-1.6664,-3.7628,epoch12
E08,G007,-1.9231,-1.5774,epoch12
E08,G008,-4.1302,-2.7751,epoch12
E08,G009,-2.1849,-3.902,epoch12
E08,G010,-1.5424,-3.5301,epoch12
E08,G011,-0.0769,-3.0225,epoch12
E08,G012,0.469,-3.4887,epoch12
E08,G013,-2.059,-4.7798,epoch12
E08,G014,-2.3106,-2.8012,epoch12
E08,G015,0.5662,-2.2697,epoch12
E08,G016,-0.4074,-2.6105,epoch12
E08,G017,-2.4391,-3.2155,epoch12
E08,G018,-5.0303,-3.385,epoch12
E08,G019,-2.4863,-2.4032,epoch12
E08,G020,-0.7205,-4.0399,epoch12
E08,G021,-4.6595,-3.8129,epoch12
E08,G022,1.3263,-3.1029,epoch12
E08,G023,-2.4968,-2.8217,epoch12
E08,G024,-0.4553,-2.9623,epoch12
E08,G025,0.2125,-3.8979,epoch12
E08,G026,-1.0257,-3.3818,epoch12
E08,G027,-1.8018,-1.6266,epoch12
E08,G028,-0.8452,-3.6671,epoch12
E08,G029,0.2321,-2.5432,epoch12
E08,G030,-1.8705,-3.4875,epoch12
E08,G031,-1.2594,-1.9584,epoch12
E08,G032,1.5686,-2.7382,epoch12
E08,G033,-5.3624,-3.8634,epoch12
E08,G034,-0.5988,-3.8149,epoch12
E08,G035,-1.7204,-3.0601,epoch12
E08,G036,-1.4079,-2.379,epoch12
E08,G037,1.6869,-1.9464,epoch12
E08,G038,0.1705,-3.6858,epoch12
E08,G039,-2.1975,-2.1083,epoch12
E08,G040,-2.7851,-3.1491,epoch12
E08,G041,0.965,-3.5548,epoch12
E08,G042,-1.6135,-2.8079,epoch12
E08,G043,0.8245,-3.1311,epoch12
E08,G044,-0.8367,-3.3756,epoch12
E08,G045,-3.3654,-3.3638,epoch12
E08,G046,-0.2945,-2.6472,epoch12
E08,G047,-2.3875,-3.6763,epoch12
E08,G048,-0.621,-4.5453,epoch12
E08,G049,-1.0001,-2.5573,epoch12
E08,G050,-0.8842,-3.359,epoch12
E08,G051,-3.6145,-2.2279,epoch12
E08,G052,-1.5671,-2.9382,epoch12
E08,G053,0.1248,-2.573,epoch12
E08,G054,-0.7231,-2.7083,epoch12
E08,G055,-0.91,-1.804,epoch12
E08,G056,-5.7516,-3.8876,epoch12
E08,G057,-1.3762,-3.992,epoch12
E08,G058,2.7468,-2.3967,epoch12
E08,G059,-2.2391,-5.5312,epoch12
E09,G000,-0.6027,-1.6916,epoch12
E09,G001,-1.95,-1.3684,epoch12
E09,G002,-2.0357,-1.5433,epoch12
E09,G003,-1.4515,-0.6038,epoch12
E09,G004,-4.2172,-1.0924,epoch12
E09,G005,-1.8392,-1.2528,epoch12
E09,G006,-2.6961,-1.9705,epoch12
E09,G007,-0.7673,-0.474,epoch12
E09,G008,-2.1824,-2.1071,epoch12
E09,G009,-1.1806,-1.6619,epoch12
E09,G010,-3.3687,-0.9712,epoch12
E09,G011,-2.0184,-0.6633,epoch12
E09,G012,-1.7105,0.2473,epoch12
E09,G013,-2.4764,-1.5487,epoch12
E09,G014,-4.7414,-3.2577,epoch12
E09,G015,-1.9856,-0.6108,epoch12
E09,G016,-2.2013,-0.3603,epoch12
E09,G017,-3.3243,-1.4408,epoch12
E09,G018,-4.2899,-0.4014,epoch12
E09,G019,-2.7238,0.1987,epoch12
E09,G020,-2.3687,-2.0873,epoch12
E09,G021,-0.9235,-1.6613,epoch12
E09,G022,0.8402,-2.2393,epoch12
E09,G023,-3.9865,-1.1093,epoch12
E09,G024,-2.402,-0.7942,epoch12
E09,G025,0.7964,-0.5182,epoch12
E09,G026,-1.6199,-2.2787,epoch12
E09,G027,-3.0465,-2.2043,epoch12
E09,G028,-0.3721,-2.5915,epoch12
E09,G029,-1.59,-2.5462,epoch12
E09,G030,-4.3935,-2.7881,epoch12
E09,G031,-3.8577,-2.8163,epoch12
E09,G032,0.8703,-0.9989,epoch12
E09,G033,-2.4473,-1.2669,epoch12
E09,G034,-1.7183,-0.557,epoch12
E09,G035,-2.75,-1.3954,epoch12
E09,G036,-0.9377,-1.8479,epoch12
E09,G037,0.8585,-0.9207,epoch12
E09,G038,-0.6646,-0.5277,epoch12
E09,G039,-2.7664,-1.9867,epoch12
E09,G040,-1.5027,-1.4087,epoch12
E09,G041,-2.6143,-1.411,epoch12
E09,G042,-2.5437,-1.9046,epoch12
E09,G043,0.0197,-1.0409,epoch12
E09,G044,-2.0087,-2.1945,epoch12
E09,G045,-3.669,-0.4901,epoch12
E09,G046,-0.3447,-2.2362,epoch12
E09,G047,-1.7207,-1.1759,epoch12
E09,G048,0.8734,-2.2241,epoch12
E09,G049,-4.6481,-0.3375,epoch12
E09,G050,0.882,-0.6823,epoch12
E09,G051,-3.0177,-2.0563,epoch12
E09,G052,0.3935,-1.4653,epoch12
E09,G053,0.8861,-1.956,epoch12
E09,G054,0.3749,-1.1643,epoch12
E09,G055,-0.1031,-0.7097,epoch12
E09,G056,-2.9627,0.6423,epoch12
E09,G057,-1.8064,-2.6215,epoch12
E09,G058,-2.303,-0.355,epoch12
E09,G059,-5.9845,-2.2329,epoch12
E10,G000,4.475,0.1589,epoch12
E10,G001,0.4218,0.1973,epoch12
E10,G002,1.8611,0.0056,epoch12
E10,G003,0.0026,0.1086,epoch12
E10,G004,1.8137,-0.5138,epoch12
E10,G005,1.826,-0.389,epoch12
E10,G006,0.779,-0.492,epoch12
E10,G007,0.0627,0.5357,epoch12
E10,G008,-1.3862,-1.645,epoch12
E10,G009,0.5778,-0.6547,epoch12
E10,G010,-1.8965,-1.3571,epoch12
E10,G011,-0.8292,-1.003,epoch12
E10,G012,1.2201,-0.8128,epoch12
E10,G013,-0.6708,0.5092,epoch12
E10,G014,-0.6644,1.1532,epoch12
E10,G015,0.558,0.7925,epoch12
E10,G016,2.5893,-1.2273,epoch12
E10,G017,2.3889,-0.1276,epoch12
E10,G018,-0.5056,-1.4434,epoch12
E10,G019,2.4461,0.1998,epoch12
E10,G020,-1.6506,0.3744,epoch12
E10,G021,-0.6472,-0.0406,epoch12
E10,G022,2.9311,0.7165,epoch12
E10,G023,0.948,-0.0534,epoch12
E10,G024,1.5821,-1.5753,epoch12
E10,G025,0.7101,-1.5466,epoch12
E10,G026,1.2569,-0.2546,epoch12
E10,G027,4.1856,0.6027,epoch12
E10,G028,0.4194,0.8397,epoch12
E10,G029,1.2578,-0.4774,epoch12
E10,G030,-0.0494,-0.1837,epoch12
E10,G031,0.4971,0.1424,epoch12
E10,G032,1.8175,1.1045,epoch12
E10,G033,0.7765,-0.6469,epoch12
E10,G034,5.7934,-0.5221,epoch12
E10,G035,3.0237,1.0025,epoch12
E10,G036,0.263,0.1134,epoch12
E10,G037,4.4089,0.7126,epoch12
E10,G038,0.2335,-1.3162,epoch12
E10,G039,1.2731,-0.3348,epoch12
E10,G040,1.4542,-1.5351,epoch12
E10,G041,2.3847,-1.5483,epoch12
E10,G042,2.1208,-0.2792,epoch12
E10,G043,1.0891,-0.401,epoch12
E10,G044,-0.4296,0.008,epoch12
E10,G045,0.4281,1.1979,epoch12
E10,G046,1.7023,0.0256,epoch12
E10,G047,-1.1045,1.0544,epoch12
E10,G048,0.8599,-0.6737,epoch12
E10,G049,-0.4354,0.2877,epoch12
E10,G050,-0.1636,-1.5025,epoch12
E10,G051,1.3425,-0.1333,epoch12
E10,G052,-0.5975,-0.4997,epoch12
E10,G053,0.9931,-0.1899,epoch12
E10,G054,2.5659,0.8317,epoch12
E10,G055,3.1321,-1.3873,epoch12
E10,G056,0.3457,-0.6555,epoch12
E10,G057,0.6558,-1.1255,epoch12
E10,G058,0.6773,-0.1094,epoch12
E10,G059,0.3459,-0.3806,epoch12
E11,G000,-0.4607,3.4069,epoch12
E11,G001,0.0596,2.8366,epoch12
E11,G002,0.4465,2.7985,epoch12
E11,G003,-2.25,4.0171,epoch12
E11,G004,2.407,2.8717,epoch12
E11,G005,1.936,3.8945,epoch12
E11,G006,-2.2604,2.0499,epoch12
E11,G007,-0.2794,4.4426,epoch12
E11,G008,-1.5419,2.348,epoch12
E11,G009,0.3306,4.4299,epoch12
E11,G010,-3.0364,2.7508,epoch12
E11,G011,0.4612,4.1541,epoch12
E11,G012,2.8088,3.8814,epoch12
E11,G013,2.3143,4.4766,epoch12
E11,G014,0.5,3.3047,epoch12
E11,G015,0.9273,4.6605,epoch12
E11,G016,2.7194,4.0776,epoch12
E11,G017,1.2997,4.4609,epoch12
E11,G018,-0.4179,4.629,epoch12
E11,G019,-1.5501,2.9918,epoch12
E11,G020,-1.5433,4.4257,epoch12
E11,G021,1.4763,3.5512,epoch12
E11,G022,0.7057,2.6655,epoch12
E11,G023,0.5567,3.8455,epoch12
E11,G024,0.0387,3.3221,epoch12
E11,G025,0.4705,5.1437,epoch12
E11,G026,1.5568,3.5065,epoch12
E11,G027,0.2176,3.667,epoch12
E11,G028,0.3483,3.8373,epoch12
E11,G029,2.0823,2.2547,epoch12
E11,G030,0.8152,3.9006,epoch12
E11,G031,-0.3887,2.7165,epoch12
E11,G032,1.1989,5.0568,epoch12
E11,G033,0.2702,4.7777,epoch12
E11,G034,1.8405,3.8973,epoch12
E11,G035,2.1252,2.4557,epoch12
E11,G036,3.9939,3.9104,epoch12
E11,G037,3.2611,4.1526,epoch12
E11,G038,1.6777,4.4226,epoch12
E11,G039,-0.8432,3.073,epoch12
E11,G040,1.1533,2.977,epoch12
E11,G041,-0.8041,3.3718,epoch12
E11,G042,-0.7691,2.7811,epoch12
E11,G043,0.8094,5.1395,epoch12
E11,G044,0.863,3.1953,epoch12
E11,G045,2.7276,3.3974,epoch12
E11,G046,2.9084,4.1791,epoch12
E11,G047,-1.0827,2.2765,epoch12
E11,G048,0.4024,3.4781,epoch12
E11,G049,1.8682,3.4049,epoch12
E11,G050,1.0605,3.2003,epoch12
E11,G051,1.8716,3.2808,epoch12
E11,G052,0.4657,4.3683,epoch12
E11,G053,0.7318,3.6313,epoch12
E11,G054,1.2833,2.7515,epoch12
E11,G055,1.7062,3.3466,epoch12
E11,G056,1.82,3.8496,epoch12
E11,G057,-0.8659,3.0274,epoch12
E11,G058,2.9338,3.927,epoch12
E11,G059,1.7086,3.4405,epoch12
E00,G000,-0.4154,1.0644,epoch13
E00,G001,-2.5288,0.3042,epoch13
E00,G002,0.0976,0.6227,epoch13
E00,G003,0.2616,0.8921,epoch13
E00,G004,-2.788,1.6929,epoch13
E00,G005,-0.2772,0.4589,epoch13
E00,G006,-2.7185,0.2884,epoch13
E00,G007,-2.1974,0.7348,epoch13
E00,G008,-1.4414,1.1854,epoch13
E00,G009,-0.556,2.6888,epoch13
E00,G010,-0.6607,0.1337,epoch13
E00,G011,0.2955,1.6676,epoch13
E00,G012,0.6534,1.2685,epoch13
E00,G013,-0.9257,0.6624,epoch13
E00,G014,-1.2855,0.9261,epoch13
E00,G015,-0.4211,-0.1082,epoch13
E00,G016,1.1629,2.0538,epoch13
E00,G017,0.9834,1.496,epoch13
E00,G018,-3.0006,-0.0633,epoch13
E00,G019,-0.1714,2.4815,epoch13
E00,G020,-1.4727,1.5525,epoch13
E00,G021,0.1383,2.108,epoch13
E00,G022,-0.2985,0.236,epoch13
E00,G023,1.238,0.8364,epoch13
E00,G024,-0.8287,0.4887,epoch13
E00,G025,-0.0812,1.9764,epoch13
E00,G026,-3.4712,1.8263,epoch13
E00,G027,-1.8146,-0.8115,epoch13
E00,G028,-0.1893,1.1549,epoch13
E00,G029,-1.2814,0.9133,epoch13
E00,G030,-1.015,1.7025,epoch13
E00,G031,1.0094,1.56,epoch13
E00,G032,1.3314,0.3149,epoch13
E00,G033,-2.7054,0.4878,epoch13
E00,G034,0.9677,0.569,epoch13
E00,G035,1.4464,0.6426,epoch13
E00,G036,1.8098,1.0007,epoch13
E00,G037,0.8517,1.2503,epoch13
E00,G038,0.7926,1.7219,epoch13
E00,G039,-1.6721,-0.3072,epoch13
E00,G040,0.1383,2.9146,epoch13
E00,G041,-0.6238,2.3431,epoch13
E00,G042,-0.6454,1.7153,epoch13
E00,G043,-0.0818,0.0814,epoch13
E00,G044,-0.8602,-0.589,epoch13
E00,G045,-0.8876,0.4686,epoch13
E00,G046,1.6464,1.5242,epoch13
E00,G047,-2.6381,2.8684,epoch13
E00,G048,-1.1767,2.3137,epoch13
E00,G049,-1.287,0.5024,epoch13
E00,G050,0.1955,2.1748,epoch13
E00,G051,-2.7683,1.5034,epoch13
E00,G052,-3.1422,0.8209,epoch13
E00,G053,-0.4029,2.1855,epoch13
E00,G054,0.2103,1.2837,epoch13
E00,G055,2.2968,1.0758,epoch13
E00,G056,-2.6215,-0.4687,epoch13
E00,G057,-1.1492,0.9943,epoch13
E00,G058,0.6893,2.0037,epoch13
E00,G059,-2.023,-0.3318,epoch13
E01,G000,-0.2253,-0.9273,epoch13
E01,G001,-2.0616,0.2851,epoch13
E01,G002,3.0404,-1.6727,epoch13
E01,G003,2.6715,2.3026,epoch13
E01,G004,0.5158,-0.3725,epoch13
E01,G005,-0.3818,0.7893,epoch13
E01,G006,-0.3281,1.3657,epoch13
E01,G007,-1.8268,-1.3594,epoch13
E01,G008,-0.4833,-0.7945,epoch13
E01,G009,2.6181,2.0457,epoch13
E01,G010,0.2107,-0.2215,epoch13
E01,G011,-0.0383,0.1733,epoch13
E01,G012,0.3805,0.4673,epoch13
E01,G013,-0.0083,0.9447,epoch13
E01,G014,0.3205,1.0223,epoch13
E01,G015,-0.3888,0.2754,epoch13
E01,G016,-0.3668,0.2392,epoch13
E01,G017,0.5899,0.3546,epoch13
E01,G018,-1.254,0.0788,epoch13
E01,G019,0.15,1.2513,epoch13
E01,G020,0.6929,0.1082,epoch13
E01,G021,0.2603,1.6481,epoch13
E01,G022,2.358,-0.1486,epoch13
E01,G023,-1.3717,0.5277,epoch13
E01,G024,0.6172,1.5445,epoch13
E01,G025,3.1627,1.5003,epoch13
E01,G026,2.094,0.7771,epoch13
E01,G027,0.4189,-0.528,epoch13
E01,G028,0.2735,-0.399,epoch13
E01,G029,2.8339,0.3015,epoch13
E01,G030,-0.4203,0.5471,epoch13
E01,G031,-0.3059,-0.0981,epoch13
E01,G032,2.4199,-0.5347,epoch13
E01,G033,-0.4987,-0.7748,epoch13
E01,G034,-0.0638,0.6835,epoch13
E01,G035,1.688,1.208,epoch13
E01,G036,-0.1889,-0.9748,epoch13
E01,G037,2.9178,0.5855,epoch13
E01,G038,0.8504,-0.969,epoch13
E01,G039,-1.2757,-0.3423,epoch13
E01,G040,0.4228,3.2017,epoch13
E01,G041,2.1007,0.5295,epoch13
E01,G042,-1.1847,-0.1835,epoch13
E01,G043,0.3374,-0.1774,epoch13
E01,G044,2.28,-0.4211,epoch13
E01,G045,-0.0107,-1.1018,epoch13
E01,G046,2.5722,0.7455,epoch13
E01,G047,-1.0126,-0.0575,epoch13
E01,G048,1.7758,1.5464,epoch13
E01,G049,2.2408,-1.2125,epoch13
E01,G050,3.3374,0.8607,epoch13
E01,G051,-0.8708,1.0975,epoch13
E01,G052,0.8018,-1.4431,epoch13
E01,G053,0.6872,0.8495,epoch13
E01,G054,2.5713,-0.5299,epoch13
E01,G055,3.9162,1.2065,epoch13
E01,G056,-1.628,1.2977,epoch13
E01,G057,0.613,0.0403,epoch13
E01,G058,0.3774,0.5067,epoch13
E01,G059,0.8277,-0.5659,epoch13
E02,G000,0.2838,-0.5535,epoch13
E02,G001,-2.387,-0.3281,epoch13
E02,G002,-0.0581,-1.056,epoch13
E02,G003,1.2929,-0.7879,epoch13
E02,G004,-1.412,-0.8718,epoch13
E02,G005,-0.01,-0.267,epoch13
E02,G006,-3.4272,-2.9261,epoch13
E02,G007,-3.0483,-1.006,epoch13
E02,G008,-2.4997,-2.2683,epoch13
E02,G009,0.3819,-0.4896,epoch13
E02,G010,-1.4589,-0.3791,epoch13
E02,G011,0.2659,-0.5082,epoch13
E02,G012,1.823,0.4551,epoch13
E02,G013,-0.2903,-1.5929,epoch13
E02,G014,-4.7103,-2.197,epoch13
E02,G015,-2.5947,-2.2615,epoch13
E02,G016,1.0271,-0.8105,epoch13
E02,G017,-2.6697,-1.0717,epoch13
E02,G018,-1.0323,-1.5598,epoch13
E02,G019,-1.2145,-1.969,epoch13
E02,G020,-3.9153,-1.613,epoch13
E02,G021,-1.7111,-1.9519,epoch13
E02,G022,0.4602,-0.1724,epoch13
E02,G023,-2.762,-1.4205,epoch13
E02,G024,-1.2487,-0.0871,epoch13
E02,G025,1.1571,-0.567,epoch13
E02,G026,-0.6792,-2.8398,epoch13
E02,G027,-2.2836,-1.4433,epoch13
E02,G028,-0.2852,-2.179,epoch13
E02,G029,-0.5877,-0.355,epoch13
E02,G030,-3.7055,-0.4278,epoch13
E02,G031,0.0998,-0.9054,epoch13
E02,G032,0.5986,-0.2862,epoch13
E02,G033,-2.4839,-2.5192,epoch13
E02,G034,-1.0106,-2.8114,epoch13
E02,G035,-0.9596,-1.5431,epoch13
E02,G036,-1.9963,-1.5552,epoch13
E02,G037,0.1289,-1.8875,epoch13
E02,G038,-0.2122,-0.6859,epoch13
E02,G039,-1.3194,-1.1911,epoch13
E02,G040,-0.1478,-0.3787,epoch13
E02,G041,1.0143,0.4985,epoch13
E02,G042,1.7453,-0.0054,epoch13
E02,G043,-0.3885,-1.3737,epoch13
E02,G044,2.1406,-0.7633,epoch13
E02,G045,-0.906,-0.3403,epoch13
E02,G046,1.5518,-1.4874,epoch13
E02,G047,-2.6941,-0.3368,epoch13
E02,G048,1.0514,-0.2798,epoch13
E02,G049,1.072,-1.1664,epoch13
E02,G050,-2.57,-1.5034,epoch13
E02,G051,-2.7847,1.8583,epoch13
E02,G052,-0.8038,-0.5024,epoch13
E02,G053,0.7165,-0.0571,epoch13
E02,G054,0.935,0.7236,epoch13
E02,G055,-1.1513,-0.2849,epoch13
E02,G056,-2.0382,-1.2899,epoch13
E02,G057,-2.2051,-0.9766,epoch13
E02,G058,-2.3923,-2.1724,epoch13
E02,G059,-2.0215,-1.0162,epoch13
E03,G000,-3.4471,-5.1148,epoch13
E03,G001,-2.4902,-3.9948,epoch13
E03,G002,-4.1106,-3.8714,epoch13
E03,G003,-1.231,-5.3915,epoch13
E03,G004,-3.0079,-2.6667,epoch13
E03,G005,-3.4625,-5.1523,epoch13
E03,G006,-3.7202,-3.731,epoch13
E03,G007,-4.4648,-4.8921,epoch13
E03,G008,-4.9541,-4.3236,epoch13
E03,G009,-3.4651,-4.5675,epoch13
E03,G010,-3.1338,-2.2754,epoch13
E03,G011,-1.3074,-3.1441,epoch13
E03,G012,-1.7767,-2.7583,epoch13
E03,G013,-2.1974,-3.4134,epoch13
E03,G014,-4.1744,-4.3088,epoch13
E03,G015,-1.9815,-3.9206,epoch13
E03,G016,-3.258,-4.5454,epoch13
E03,G017,-1.6359,-3.5952,epoch13
E03,G018,-2.7034,-4.3691,epoch13
E03,G019,-3.9729,-4.5928,epoch13
E03,G020,-2.2434,-5.1817,epoch13
E03,G021,-2.1739,-4.2991,epoch13
E03,G022,-1.4073,-3.4081,epoch13
E03,G023,-3.3942,-4.5591,epoch13
E03,G024,-0.9659,-3.751,epoch13
E03,G025,-3.572,-4.4627,epoch13
E03,G026,-2.1724,-5.059,epoch13
E03,G027,-3.2066,-4.8869,epoch13
E03,G028,-1.699,-4.6677,epoch13
E03,G029,-2.5249,-4.5178,epoch13
E03,G030,-4.0608,-4.682,epoch13
E03,G031,-0.2542,-3.1835,epoch13
E03,G032,0.335,-4.4261,epoch13
E03,G033,-1.7626,-6.1319,epoch13
E03,G034,-0.4118,-3.306,epoch13
E03,G035,-1.6991,-4.1643,epoch13
E03,G036,-3.6388,-4.4627,epoch13
E03,G037,-0.0626,-1.5338,epoch13
E03,G038,-2.6748,-3.0151,epoch13
E03,G039,-2.2779,-3.6331,epoch13
E03,G040,-1.7631,-3.1155,epoch13
E03,G041,-2.8165,-3.6781,epoch13
E03,G042,-2.1725,-3.2269,epoch13
E03,G043,-3.6846,-4.402,epoch13
E03,G044,-1.7703,-4.6617,epoch13
E03,G045,-2.4617,-4.3525,epoch13
E03,G046,-1.6459,-2.4465,epoch13
E03,G047,-3.0834,-2.9683,epoch13
E03,G048,-0.6924,-4.2665,epoch13
E03,G049,-3.7328,-3.1487,epoch13
E03,G050,-3.8887,-4.2013,epoch13
E03,G051,-4.8853,-3.6152,epoch13
E03,G052,-5.292,-4.6208,epoch13
E03,G053,-2.2676,-3.0571,epoch13
E03,G054,0.6178,-3.8563,epoch13
E03,G055,-2.0906,-4.0175,epoch13
E03,G056,-3.1409,-4.5156,epoch13
E03,G057,-5.1691,-4.3669,epoch13
E03,G058,-1.3273,-4.4149,epoch13
E03,G059,-3.9271,-5.5826,epoch13
E04,G000,-1.3659,1.0414,epoch13
E04,G001,-1.6574,-0.9291,epoch13
E04,G002,0.4356,-1.8743,epoch13
E04,G003,-0.17,-2.0001,epoch13
E04,G004,-3.4716,-3.2841,epoch13
E04,G005,-2.7324,-0.9888,epoch13
E04,G006,-3.0526,0.159,epoch13
E04,G007,-2.0531,-1.8474,epoch13
E04,G008,-2.6858,-1.204,epoch13
E04,G009,-1.0115,-1.7985,epoch13
E04,G010,0.4038,0.5462,epoch13
E04,G011,-3.0678,-0.0002,epoch13
E04,G012,-1.6976,-0.1175,epoch13
E04,G013,-0.3081,0.7911,epoch13
E04,G014,-4.0055,0.3949,epoch13
E04,G015,-3.1631,0.2185,epoch13
E04,G016,-1.1284,-0.7248,epoch13
E04,G017,-0.9924,-1.0193,epoch13
E04,G018,-2.7285,-1.6278,epoch13
E04,G019,0.684,-1.9324,epoch13
E04,G020,-1.7016,0.7402,epoch13
E04,G021,-2.8312,-0.6253,epoch13
E04,G022,-1.822,-0.1585,epoch13
E04,G023,-3.1238,-0.563,epoch13
E04,G024,0.731,1.5881,epoch13
E04,G025,-1.7076,-0.7167,epoch13
E04,G026,-1.6536,0.714,epoch13
E04,G027,0.7034,0.1873,epoch13
E04,G028,0.02,-0.3641,epoch13
E04,G029,-1.0593,-1.7911,epoch13
E04,G030,-2.1129,0.4876,epoch13
E04,G031,-2.748,-0.9478,epoch13
E04,G032,-0.8919,-0.4492,epoch13
E04,G033,-5.8616,-0.7744,epoch13
E04,G034,0.5017,-0.0027,epoch13
E04,G035,-0.612,0.9224,epoch13
E04,G036,-0.6251,-0.8624,epoch13
E04,G037,2.0726,0.1731,epoch13
E04,G038,0.1998,-0.0383,epoch13
E04,G039,-3.84,-0.6946,epoch13
E04,G040,0.0117,0.3261,epoch13
E04,G041,0.4542,-0.4109,epoch13
E04,G042,-1.9217,0.6806,epoch13
E04,G043,-1.1993,-0.6706,epoch13
E04,G044,-1.522,-1.5809,epoch13
E04,G045,-2.099,-0.1795,epoch13
E04,G046,1.9172,1.0826,epoch13
E04,G047,-4.2765,-0.932,epoch13
E04,G048,-1.6879,-0.6894,epoch13
E04,G049,-0.5599,-0.3794,epoch13
E04,G050,-0.8221,-0.0336,epoch13
E04,G051,-2.1187,-0.7566,epoch13
E04,G052,-2.6248,-0.5111,epoch13
E04,G053,-1.2749,-1.722,epoch13
E04,G054,-0.4637,0.8145,epoch13
E04,G055,-3.1172,0.2144,epoch13
E04,G056,-1.8621,-1.2165,epoch13
E04,G057,-2.1515,0.7518,epoch13
E04,G058,-0.4622,0.2038,epoch13
E04,G059,-4.1053,0.0828,epoch13
E05,G000,-3.5455,-5.5039,epoch13
E05,G001,-4.5257,-3.4704,epoch13
E05,G002,-1.27,-4.3384,epoch13
E05,G003,0.1457,-5.6046,epoch13
E05,G004,-4.3517,-4.1688,epoch13
E05,G005,-1.4424,-4.9971,epoch13
E05,G006,-2.8905,-6.0361,epoch13
E05,G007,-5.2704,-5.0097,epoch13
E05,G008,-4.1428,-6.6127,epoch13
E05,G009,-1.0113,-4.27,epoch13
E05,G010,-2.8812,-4.9735,epoch13
E05,G011,-2.7924,-4.8489,epoch13
E05,G012,-1.7519,-3.0646,epoch13
E05,G013,-2.4634,-4.3109,epoch13
E05,G014,-4.4491,-5.4925,epoch13
E05,G015,-3.9004,-5.503,epoch13
E05,G016,-1.4225,-4.4547,epoch13
E05,G017,-2.8564,-3.5935,epoch13
E05,G018,-4.7226,-5.4381,epoch13
E05,G019,-4.3964,-5.5352,epoch13
E05,G020,-4.417,-4.2086,epoch13
E05,G021,-5.1928,-4.909,epoch13
E05,G022,-1.0429,-4.0855,epoch13
E05,G023,-2.3787,-2.9943,epoch13
E05,G024,-1.9942,-5.4645,epoch13
E05,G025,-0.3888,-3.9068,epoch13
E05,G026,-3.9198,-6.4305,epoch13
E05,G027,-3.0805,-4.9071,epoch13
E05,G028,-2.3732,-3.9355,epoch13
E05,G029,-2.4487,-3.4607,epoch13
E05,G030,-3.209,-5.9305,epoch13
E05,G031,-2.7668,-3.5827,epoch13
E05,G032,0.3677,-3.4416,epoch13
E05,G033,-4.8416,-5.2119,epoch13
E05,G034,-3.02,-2.3831,epoch13
E05,G035,-2.2851,-4.3072,epoch13
E05,G036,-3.4729,-5.3011,epoch13
E05,G037,-1.6478,-3.9567,epoch13
E05,G038,-1.4913,-5.5915,epoch13
E05,G039,-2.1177,-3.3904,epoch13
E05,G040,-2.2459,-3.3992,epoch13
E05,G041,-4.4435,-4.738,epoch13
E05,G042,-3.6059,-4.0773,epoch13
E05,G043,-4.5932,-4.0669,epoch13
E05,G044,-0.8097,-2.4308,epoch13
E05,G045,-0.8755,-4.8563,epoch13
E05,G046,0.7184,-4.8964,epoch13
E05,G047,-4.9455,-6.4723,epoch13
E05,G048,-2.9235,-4.6488,epoch13
E05,G049,-2.3337,-6.2162,epoch13
E05,G050,-2.3013,-4.6669,epoch13
E05,G051,-2.9736,-4.2743,epoch13
E05,G052,-2.8786,-5.2326,epoch13
E05,G053,0.528,-5.1277,epoch13
E05,G054,-0.0477,-3.1986,epoch13
E05,G055,-1.9252,-4.5445,epoch13
E05,G056,-3.7991,-4.7284,epoch13
E05,G057,-2.978,-3.9845,epoch13
E05,G058,-2.4796,-5.4125,epoch13
E05,G059,-5.9056,-5.8697,epoch13
E06,G000,-0.2709,5.95,epoch13
E06,G001,-1.9405,3.5653,epoch13
E06,G002,-0.6592,2.9324,epoch13
E06,G003,0.0391,3.7285,epoch13
E06,G004,1.1135,3.1585,epoch13
E06,G005,-0.5403,3.0134,epoch13
E06,G006,-2.9432,2.8807,epoch13
E06,G007,-1.301,3.6426,epoch13
E06,G008,-1.709,3.3851,epoch13
E06,G009,0.278,4.2029,epoch13
E06,G010,-1.0102,2.3775,epoch13
E06,G011,-0.7624,2.7257,epoch13
E06,G012,-0.2848,4.9647,epoch13
E06,G013,-1.5087,3.435,epoch13
E06,G014,-1.5594,4.422,epoch13
E06,G015,-0.5018,4.0656,epoch13
E06,G016,-1.4414,2.6711,epoch13
E06,G017,0.3023,4.5773,epoch13
E06,G018,-1.4568,2.7261,epoch13
E06,G019,0.5985,4.1961,epoch13
E06,G020,-1.4547,4.7537,epoch13
E06,G021,-1.669,5.3437,epoch13
E06,G022,-0.6786,4.1941,epoch13
E06,G023,-1.7722,4.3741,epoch13
E06,G024,2.4065,4.4104,epoch13
E06,G025,-1.7878,4.7173,epoch13
E06,G026,-0.7986,1.7138,epoch13
E06,G027,-0.9475,3.3284,epoch13
E06,G028,0.3425,4.3836,epoch13
E06,G029,-1.3511,4.2043,epoch13
E06,G030,-2.4002,2.72,epoch13
E06,G031,0.1801,4.6893,epoch13
E06,G032,2.201,5.467,epoch13
E06,G033,-4.3416,3.3724,epoch13
E06,G034,0.1007,3.8312,epoch13
E06,G035,-1.1057,3.5938,epoch13
E06,G036,-1.8295,3.7373,epoch13
E06,G037,2.6433,5.5648,epoch13
E06,G038,0.9882,5.2919,epoch13
E06,G039,-0.6572,3.1605,epoch13
E06,G040,0.1368,3.3476,epoch13
E06,G041,1.1222,3.3485,epoch13
E06,G042,1.4383,4.8424,epoch13
E06,G043,1.2899,4.1796,epoch13
E06,G044,0.6251,4.0047,epoch13
E06,G045,-0.6129,4.2341,epoch13
E06,G046,2.7176,5.0204,epoch13
E06,G047,0.0756,3.6588,epoch13
E06,G048,-0.8423,3.2281,epoch13
E06,G049,-0.1253,3.3556,epoch13
E06,G050,-0.141,4.158,epoch13
E06,G051,-1.3708,4.0207,epoch13
E06,G052,-0.8347,3.8849,epoch13
E06,G053,-1.6636,3.4097,epoch13
E06,G054,-0.0616,5.0799,epoch13
E06,G055,1.4757,3.7214,epoch13
E06,G056,-1.1174,3.5914,epoch13
E06,G057,-0.2017,3.6603,epoch13
E06,G058,1.1822,3.6003,epoch13
E06,G059,-3.3457,2.0433,epoch13
E07,G000,2.885,2.6687,epoch13
E07,G001,1.9241,2.3527,epoch13
E07,G002,4.901,4.2884,epoch13
E07,G003,3.8238,2.0556,epoch13
E07,G004,2.3426,2.7441,epoch13
E07,G005,0.6425,3.567,epoch13
E07,G006,1.3167,2.9412,epoch13
E07,G007,-0.1517,3.2177,epoch13
E07,G008,0.1119,3.4999,epoch13
E07,G009,3.3663,1.6307,epoch13
E07,G010,1.6257,2.491,epoch13
E07,G011,3.0717,2.868,epoch13
E07,G012,4.7353,4.6458,epoch13
E07,G013,4.1428,3.1207,epoch13
E07,G014,-0.1352,2.9371,epoch13
E07,G015,0.8102,4.2589,epoch13
E07,G016,2.6891,2.9613,epoch13
E07,G017,3.7268,3.425,epoch13
E07,G018,2.4015,3.2636,epoch13
E07,G019,3.9893,2.9775,epoch13
E07,G020,2.7992,3.9172,epoch13
E07,G021,3.6807,3.792,epoch13
E07,G022,5.7463,4.4357,epoch13
E07,G023,4.1078,3.4044,epoch13
E07,G024,3.0938,3.3881,epoch13
E07,G025,4.0081,3.2517,epoch13
E07,G026,2.5444,2.747,epoch13
E07,G027,2.8102,1.9439,epoch13
E07,G028,3.9469,3.5563,epoch13
E07,G029,2.5344,3.8908,epoch13
E07,G030,1.1587,3.0013,epoch13
E07,G031,4.1407,2.7603,epoch13
E07,G032,5.7996,3.8334,epoch13
E07,G033,1.9499,3.1027,epoch13
E07,G034,5.3116,3.8774,epoch13
E07,G035,4.4044,4.8164,epoch13
E07,G036,2.541,2.3347,epoch13
E07,G037,2.2297,3.9861,epoch13
E07,G038,3.2711,4.0612,epoch13
E07,G039,1.3105,2.9905,epoch13
E07,G040,2.6046,3.2073,epoch13
E07,G041,4.1228,2.6452,epoch13
E07,G042,3.4003,2.5527,epoch13
E07,G043,3.5955,4.1082,epoch13
E07,G044,1.2092,4.2693,epoch13
E07,G045,5.6143,2.8603,epoch13
E07,G046,4.1316,4.0458,epoch13
E07,G047,-0.0108,3.2108,epoch13
E07,G048,3.8554,4.2348,epoch13
E07,G049,3.4186,3.4454,epoch13
E07,G050,2.6621,3.7052,epoch13
E07,G051,2.6568,3.6851,epoch13
E07,G052,2.0224,2.1639,epoch13
E07,G053,1.5478,3.1467,epoch13
E07,G054,4.2391,2.0756,epoch13
E07,G055,4.8797,1.9191,epoch13
E07,G056,1.4573,2.335,epoch13
E07,G057,2.0436,1.6498,epoch13
E07,G058,4.0689,3.9632,epoch13
E07,G059,4.2828,3.6579,epoch13
E08,G000,-1.9328,-1.9404,epoch13
E08,G001,-1.0843,-2.1277,epoch13
E08,G002,-0.9255,-1.7905,epoch13
E08,G003,-1.8272,-2.0287,epoch13
E08,G004,-1.5307,-1.8479,epoch13
E08,G005,-0.624,-1.4806,epoch13
E08,G006,-1.6664,-2.5137,epoch13
E08,G007,-1.9231,-2.6015,epoch13
E08,G008,-4.1302,-2.7167,epoch13
E08,G009,-2.1849,-1.1471,epoch13
E08,G010,-1.5424,-2.2503,epoch13
E08,G011,-0.0769,-0.3599,epoch13
E08,G012,0.469,-1.8124,epoch13
E08,G013,-2.059,-0.902,epoch13
E08,G014,-2.3106,-3.2247,epoch13
E08,G015,0.5662,-2.187,epoch13
E08,G016,-0.4074,-1.1327,epoch13
E08,G017,-2.4391,-1.2231,epoch13
E08,G018,-5.0303,-2.5038,epoch13
E08,G019,-2.4863,0.0162,epoch13
E08,G020,-0.7205,-1.9171,epoch13
E08,G021,-4.6595,-2.1305,epoch13
E08,G022,1.3263,-1.8136,epoch13
E08,G023,-2.4968,-0.8271,epoch13
E08,G024,-0.4553,-1.2414,epoch13
E08,G025,0.2125,-1.2439,epoch13
E08,G026,-1.0257,-2.9474,epoch13
E08,G027,-1.8018,-1.4957,epoch13
E08,G028,-0.8452,-1.9964,epoch13
E08,G029,0.2321,-1.0402,epoch13
E08,G030,-1.8705,-0.9802,epoch13
E08,G031,-1.2594,-2.3034,epoch13
E08,G032,1.5686,-1.2089,epoch13
E08,G033,-5.3624,-1.613,epoch13
E08,G034,-0.5988,-1.4658,epoch13
E08,G035,-1.7204,-1.8542,epoch13
E08,G036,-1.4079,-2.6513,epoch13
E08,G037,1.6869,-1.6985,epoch13
E08,G038,0.1705,-2.3479,epoch13
E08,G039,-2.1975,-1.346,epoch13
E08,G040,-2.7851,-1.6019,epoch13
E08,G041,0.965,-2.3999,epoch13
E08,G042,-1.6135,-1.643,epoch13
E08,G043,0.8245,-2.3713,epoch13
E08,G044,-0.8367,-4.3094,epoch13
E08,G045,-3.3654,-0.5981,epoch13
E08,G046,-0.2945,-0.3051,epoch13
E08,G047,-2.3875,-3.2521,epoch13
E08,G048,-0.621,-2.5251,epoch13
E08,G049,-1.0001,-1.5443,epoch13
E08,G050,-0.8842,-1.9849,epoch13
E08,G051,-3.6145,-2.6439,epoch13
E08,G052,-1.5671,-2.5738,epoch13
E08,G053,0.1248,-2.01,epoch13
E08,G054,-0.7231,-2.0212,epoch13
E08,G055,-0.91,-1.3861,epoch13
E08,G056,-5.7516,-2.6406,epoch13
E08,G057,-1.3762,-2.5826,epoch13
E08,G058,2.7468,-1.3465,epoch13
E08,G059,-2.2391,-3.494,epoch13
E09,G000,-0.6027,1.2953,epoch13
E09,G001,-1.95,-1.4488,epoch13
E09,G002,-2.0357,0.2684,epoch13
E09,G003,-1.4515,0.159,epoch13
E09,G004,-4.2172,0.1687,epoch13
E09,G005,-1.8392,0.3964,epoch13
E09,G006,-2.6961,0.8583,epoch13
E09,G007,-0.7673,-0.7319,epoch13
E09,G008,-2.1824,-0.1237,epoch13
E09,G009,-1.1806,0.3192,epoch13
E09,G010,-3.3687,-0.4718,epoch13
E09,G011,-2.0184,-0.0622,epoch13
E09,G012,-1.7105,1.1888,epoch13
E09,G013,-2.4764,-0.4285,epoch13
E09,G014,-4.7414,-0.6732,epoch13
E09,G015,-1.9856,0.1969,epoch13
E09,G016,-2.2013,-0.0099,epoch13
E09,G017,-3.3243,0.3553,epoch13
E09,G018,-4.2899,-0.3259,epoch13
E09,G019,-2.7238,0.6255,epoch13
E09,G020,-2.3687,0.0525,epoch13
E09,G021,-0.9235,0.6482,epoch13
E09,G022,0.8402,1.4101,epoch13
E09,G023,-3.9865,-0.7239,epoch13
E09,G024,-2.402,1.4915,epoch13
E09,G025,0.7964,0.2129,epoch13
E09,G026,-1.6199,0.7783,epoch13
E09,G027,-3.0465,0.0276,epoch13
E09,G028,-0.3721,-0.1755,epoch13
E09,G029,-1.59,-1.3046,epoch13
E09,G030,-4.3935,1.0641,epoch13
E09,G031,-3.8577,-0.6671,epoch13
E09,G032,0.8703,0.1082,epoch13
E09,G033,-2.4473,0.7459,epoch13
E09,G034,-1.7183,0.5753,epoch13
E09,G035,-2.75,1.6795,epoch13
E09,G036,-0.9377,1.5782,epoch13
E09,G037,0.8585,1.2491,epoch13
E09,G038,-0.6646,0.8019,epoch13
E09,G039,-2.7664,0.3371,epoch13
E09,G040,-1.5027,-0.9974,epoch13
E09,G041,-2.6143,0.5259,epoch13
E09,G042,-2.5437,0.142,epoch13
E09,G043,0.0197,0.1211,epoch13
E09,G044,-2.0087,0.4347,epoch13
E09,G045,-3.669,-0.9712,epoch13
E09,G046,-0.3447,1.3142,epoch13
E09,G047,-1.7207,0.9968,epoch13
E09,G048,0.8734,-0.6235,epoch13
E09,G049,-4.6481,0.0807,epoch13
E09,G050,0.882,1.3969,epoch13
E09,G051,-3.0177,0.4482,epoch13
E09,G052,0.3935,-0.3735,epoch13
E09,G053,0.8861,-0.2826,epoch13
E09,G054,0.3749,1.1307,epoch13
E09,G055,-0.1031,2.0118,epoch13
E09,G056,-2.9627,-0.7394,epoch13
E09,G057,-1.8064,-0.0006,epoch13
E09,G058,-2.303,-0.4351,epoch13
E09,G059,-5.9845,-0.5276,epoch13
E10,G000,4.475,1.4127,epoch13
E10,G001,0.4218,0.6281,epoch13
E10,G002,1.8611,0.1961,epoch13
E10,G003,0.0026,2.6646,epoch13
E10,G004,1.8137,0.6986,epoch13
E10,G005,1.826,0.6512,epoch13
E10,G006,0.779,1.4248,epoch13
E10,G007,0.0627,0.7672,epoch13
E10,G008,-1.3862,0.525,epoch13
E10,G009,0.5778,1.6938,epoch13
E10,G010,-1.8965,-0.0152,epoch13
E10,G011,-0.8292,1.563,epoch13
E10,G012,1.2201,1.8557,epoch13
E10,G013,-0.6708,1.3502,epoch13
E10,G014,-0.6644,0.4619,epoch13
E10,G015,0.558,0.9024,epoch13
E10,G016,2.5893,-0.4705,epoch13
E10,G017,2.3889,0.9146,epoch13
E10,G018,-0.5056,0.8471,epoch13
E10,G019,2.4461,1.7524,epoch13
E10,G020,-1.6506,0.6221,epoch13
E10,G021,-0.6472,0.3423,epoch13
E10,G022,2.9311,0.5889,epoch13
E10,G023,0.948,1.268,epoch13
E10,G024,1.5821,1.3269,epoch13
E10,G025,0.7101,2.2325,epoch13
E10,G026,1.2569,1.0383,epoch13
E10,G027,4.1856,0.9981,epoch13
E10,G028,0.4194,0.9536,epoch13
E10,G029,1.2578,0.6163,epoch13
E10,G030,-0.0494,0.7672,epoch13
E10,G031,0.4971,-0.6036,epoch13
E10,G032,1.8175,0.2541,epoch13
E10,G033,0.7765,-0.398,epoch13
E10,G034,5.7934,1.9998,epoch13
E10,G035,3.0237,1.3328,epoch13
E10,G036,0.263,1.1065,epoch13
E10,G037,4.4089,2.6278,epoch13
E10,G038,0.2335,0.0478,epoch13
E10,G039,1.2731,1.7708,epoch13
E10,G040,1.4542,1.3441,epoch13
E10,G041,2.3847,0.7106,epoch13
E10,G042,2.1208,2.3181,epoch13
E10,G043,1.0891,0.0274,epoch13
E10,G044,-0.4296,-0.1739,epoch13
E10,G045,0.4281,1.1264,epoch13
E10,G046,1.7023,1.6153,epoch13
E10,G047,-1.1045,0.6631,epoch13
E10,G048,0.8599,-0.7119,epoch13
E10,G049,-0.4354,0.6307,epoch13
E10,G050,-0.1636,0.597,epoch13
E10,G051,1.3425,2.9978,epoch13
E10,G052,-0.5975,2.0447,epoch13
E10,G053,0.9931,1.3015,epoch13
E10,G054,2.5659,0.7747,epoch13
E10,G055,3.1321,1.6269,epoch13
E10,G056,0.3457,-0.5528,epoch13
E10,G057,0.6558,0.8439,epoch13
E10,G058,0.6773,1.2927,epoch13
E10,G059,0.3459,0.1214,epoch13
E11,G000,-0.4607,1.3412,epoch13
E11,G001,0.0596,0.2295,epoch13
E11,G002,0.4465,0.6988,epoch13
E11,G003,-2.25,2.2307,epoch13
E11,G004,2.407,1.268,epoch13
E11,G005,1.936,0.7155,epoch13
E11,G006,-2.2604,-0.0646,epoch13
E11,G007,-0.2794,0.8922,epoch13
E11,G008,-1.5419,0.9743,epoch13
E11,G009,0.3306,1.6063,epoch13
E11,G010,-3.0364,1.6391,epoch13
E11,G011,0.4612,1.5328,epoch13
E11,G012,2.8088,0.5832,epoch13
E11,G013,2.3143,3.031,epoch13
E11,G014,0.5,1.6111,epoch13
E11,G015,0.9273,1.7507,epoch13
E11,G016,2.7194,2.0298,epoch13
E11,G017,1.2997,0.2034,epoch13
E11,G018,-0.4179,0.3928,epoch13
E11,G019,-1.5501,0.5538,epoch13
E11,G020,-1.5433,1.7401,epoch13
E11,G021,1.4763,-0.0366,epoch13
E11,G022,0.7057,1.0384,epoch13
E11,G023,0.5567,2.0839,epoch13
E11,G024,0.0387,1.4089,epoch13
E11,G025,0.4705,0.9535,epoch13
E11,G026,1.5568,2.8613,epoch13
E11,G027,0.2176,-0.0036,epoch13
E11,G028,0.3483,1.4445,epoch13
E11,G029,2.0823,1.03,epoch13
E11,G030,0.8152,1.3151,epoch13
E11,G031,-0.3887,0.6947,epoch13
E11,G032,1.1989,0.7469,epoch13
E11,G033,0.2702,1.0321,epoch13
E11,G034,1.8405,0.3204,epoch13
E11,G035,2.1252,1.5737,epoch13
E11,G036,3.9939,0.9587,epoch13
E11,G037,3.2611,2.2294,epoch13
E11,G038,1.6777,0.9537,epoch13
E11,G039,-0.8432,0.1543,epoch13
E11,G040,1.1533,1.7058,epoch13
E11,G041,-0.8041,1.8749,epoch13
E11,G042,-0.7691,-0.7254,epoch13
E11,G043,0.8094,1.2728,epoch13
E11,G044,0.863,1.6988,epoch13
E11,G045,2.7276,0.2478,epoch13
E11,G046,2.9084,1.0229,epoch13
E11,G047,-1.0827,1.1458,epoch13
E11,G048,0.4024,0.6267,epoch13
E11,G049,1.8682,0.4133,epoch13
E11,G050,1.0605,2.3759,epoch13
E11,G051,1.8716,0.1337,epoch13
E11,G052,0.4657,0.0892,epoch13
E11,G053,0.7318,-1.1775,epoch13
E11,G054,1.2833,0.3893,epoch13
E11,G055,1.7062,0.1397,epoch13
E11,G056,1.82,1.9988,epoch13
E11,G057,-0.8659,1.9253,epoch13
E11,G058,2.9338,0.3125,epoch13
E11,G059,1.7086,2.4317,epoch13
E00,G000,-0.4154,2.4586,epoch14
E00,G001,-2.5288,1.0886,epoch14
E00,G002,0.0976,2.1236,epoch14
E00,G003,0.2616,1.1985,epoch14
E00,G004,-2.788,1.3127,epoch14
E00,G005,-0.2772,0.922,epoch14
E00,G006,-2.7185,-0.278,epoch14
E00,G007,-2.1974,1.7004,epoch14
E00,G008,-1.4414,1.1095,epoch14
E00,G009,-0.556,2.3389,epoch14
E00,G010,-0.6607,1.7176,epoch14
E00,G011,0.2955,0.9947,epoch14
E00,G012,0.6534,1.2779,epoch14
E00,G013,-0.9257,-0.5659,epoch14
E00,G014,-1.2855,0.1086,epoch14
E00,G015,-0.4211,2.6093,epoch14
E00,G016,1.1629,3.2656,epoch14
E00,G017,0.9834,2.5826,epoch14
E00,G018,-3.0006,1.5775,epoch14
E00,G019,-0.1714,2.2663,epoch14
E00,G020,-1.4727,1.8275,epoch14
E00,G021,0.1383,0.3192,epoch14
E00,G022,-0.2985,1.3669,epoch14
E00,G023,1.238,2.6481,epoch14
E00,G024,-0.8287,2.4861,epoch14
E00,G025,-0.0812,2.312,epoch14
E00,G026,-3.4712,1.0037,epoch14
E00,G027,-1.8146,1.0088,epoch14
E00,G028,-0.1893,1.2986,epoch14
E00,G029,-1.2814,0.844,epoch14
E00,G030,-1.015,-0.1475,epoch14
E00,G031,1.0094,2.3889,epoch14
E00,G032,1.3314,1.6329,epoch14
E00,G033,-2.7054,1.0186,epoch14
E00,G034,0.9677,3.5009,epoch14
E00,G035,1.4464,2.4091,epoch14
E00,G036,1.8098,0.9713,epoch14
E00,G037,0.8517,2.809,epoch14
E00,G038,0.7926,0.8976,epoch14
E00,G039,-1.6721,2.4091,epoch14
E00,G040,0.1383,1.8082,epoch14
E00,G041,-0.6238,1.7721,epoch14
E00,G042,-0.6454,2.207,epoch14
E00,G043,-0.0818,2.9752,epoch14
E00,G044,-0.8602,1.4277,epoch14
E00,G045,-0.8876,0.9773,epoch14
E00,G046,1.6464,4.1633,epoch14
E00,G047,-2.6381,1.6337,epoch14
E00,G048,-1.1767,3.102,epoch14
E00,G049,-1.287,0.959,epoch14
E00,G050,0.1955,2.1078,epoch14
E00,G051,-2.7683,0.485,epoch14
E00,G052,-3.1422,1.9039,epoch14
E00,G053,-0.4029,1.5663,epoch14
E00,G054,0.2103,1.0474,epoch14
E00,G055,2.2968,3.5834,epoch14
E00,G056,-2.6215,1.3134,epoch14
E00,G057,-1.1492,0.0097,epoch14
E00,G058,0.6893,1.5991,epoch14
E00,G059,-2.023,0.5885,epoch14
E01,G000,-0.2253,-0.5934,epoch14
E01,G001,-2.0616,-0.7124,epoch14
E01,G002,3.0404,0.2146,epoch14
E01,G003,2.6715,0.8934,epoch14
E01,G004,0.5158,-0.7067,epoch14
E01,G005,-0.3818,-1.3806,epoch14
E01,G006,-0.3281,-0.6753,epoch14
E01,G007,-1.8268,0.5177,epoch14
E01,G008,-0.4833,-1.0917,epoch14
E01,G009,2.6181,0.6991,epoch14
E01,G010,0.2107,0.3632,epoch14
E01,G011,-0.0383,-0.0943,epoch14
E01,G012,0.3805,0.5389,epoch14
E01,G013,-0.0083,-0.5806,epoch14
E01,G014,0.3205,-0.4525,epoch14
E01,G015,-0.3888,-0.6804,epoch14
E01,G016,-0.3668,0.9363,epoch14
E01,G017,0.5899,1.5442,epoch14
E01,G018,-1.254,-0.7977,epoch14
E01,G019,0.15,1.1554,epoch14
E01,G020,0.6929,-1.825,epoch14
E01,G021,0.2603,-0.614,epoch14
E01,G022,2.358,-0.2491,epoch14
E01,G023,-1.3717,1.503,epoch14
E01,G024,0.6172,-0.4256,epoch14
E01,G025,3.1627,1.1085,epoch14
E01,G026,2.094,-1.1835,epoch14
E01,G027,0.4189,0.2867,epoch14
E01,G028,0.2735,0.6513,epoch14
E01,G029,2.8339,0.4192,epoch14
E01,G030,-0.4203,-1.9895,epoch14
E01,G031,-0.3059,0.233,epoch14
E01,G032,2.4199,1.3981,epoch14
E01,G033,-0.4987,0.8834,epoch14
E01,G034,-0.0638,0.586,epoch14
E01,G035,1.688,-0.8673,epoch14
E01,G036,-0.1889,-0.0071,epoch14
E01,G037,2.9178,1.7225,epoch14
E01,G038,0.8504,-0.2553,epoch14
E01,G039,-1.2757,0.5764,epoch14
E01,G040,0.4228,-0.1291,epoch14
E01,G041,2.1007,0.5793,epoch14
E01,G042,-1.1847,0.7137,epoch14
E01,G043,0.3374,-0.2827,epoch14
E01,G044,2.28,3.0207,epoch14
E01,G045,-0.0107,0.5808,epoch14
E01,G046,2.5722,1.1326,epoch14
E01,G047,-1.0126,-0.4668,epoch14
E01,G048,1.7758,0.3825,epoch14
E01,G049,2.2408,-0.1048,epoch14
E01,G050,3.3374,-0.6975,epoch14
E01,G051,-0.8708,-1.337,epoch14
E01,G052,0.8018,0.4007,epoch14
E01,G053,0.6872,0.2342,epoch14
E01,G054,2.5713,-1.3437,epoch14
E01,G055,3.9162,-0.9655,epoch14
E01,G056,-1.628,-0.209,epoch14
E01,G057,0.613,-0.0466,epoch14
E01,G058,0.3774,0.7781,epoch14
E01,G059,0.8277,-1.0721,epoch14
E02,G000,0.2838,1.9014,epoch14
E02,G001,-2.387,0.6116,epoch14
E02,G002,-0.0581,0.8491,epoch14
E02,G003,1.2929,1.4194,epoch14
E02,G004,-1.412,1.7787,epoch14
E02,G005,-0.01,1.6977,epoch14
E02,G006,-3.4272,1.269,epoch14
E02,G007,-3.0483,0.5266,epoch14
E02,G008,-2.4997,0.1355,epoch14
E02,G009,0.3819,0.3022,epoch14
E02,G010,-1.4589,0.4358,epoch14
E02,G011,0.2659,1.0989,epoch14
E02,G012,1.823,1.2139,epoch14
E02,G013,-0.2903,2.0245,epoch14
E02,G014,-4.7103,0.5551,epoch14
E02,G015,-2.5947,1.3065,epoch14
E02,G016,1.0271,1.4351,epoch14
E02,G017,-2.6697,1.901,epoch14
E02,G018,-1.0323,0.8163,epoch14
E02,G019,-1.2145,2.019,epoch14
E02,G020,-3.9153,0.9705,epoch14
E02,G021,-1.7111,1.1201,epoch14
E02,G022,0.4602,1.4822,epoch14
E02,G023,-2.762,-0.0988,epoch14
E02,G024,-1.2487,-0.1042,epoch14
E02,G025,1.1571,3.0903,epoch14
E02,G026,-0.6792,1.151,epoch14
E02,G027,-2.2836,1.2022,epoch14
E02,G028,-0.2852,1.0307,epoch14
E02,G029,-0.5877,0.6055,epoch14
E02,G030,-3.7055,2.8937,epoch14
E02,G031,0.0998,0.3562,epoch14
E02,G032,0.5986,1.5074,epoch14
E02,G033,-2.4839,0.7585,epoch14
E02,G034,-1.0106,0.2694,epoch14
E02,G035,-0.9596,0.0014,epoch14
E02,G036,-1.9963,0.1863,epoch14
E02,G037,0.1289,1.2894,epoch14
E02,G038,-0.2122,1.0285,epoch14
E02,G039,-1.3194,1.3442,epoch14
E02,G040,-0.1478,0.2754,epoch14
E02,G041,1.0143,1.7537,epoch14
E02,G042,1.7453,2.7719,epoch14
E02,G043,-0.3885,1.8395,epoch14
E02,G044,2.1406,0.3767,epoch14
E02,G045,-0.906,-1.1371,epoch14
E02,G046,1.5518,2.3056,epoch14
E02,G047,-2.6941,1.0943,epoch14
E02,G048,1.0514,0.6448,epoch14
E02,G049,1.072,2.2688,epoch14
E02,G050,-2.57,0.8528,epoch14
E02,G051,-2.7847,0.9315,epoch14
E02,G052,-0.8038,0.0683,epoch14
E02,G053,0.7165,1.622,epoch14
E02,G054,0.935,1.0706,epoch14
E02,G055,-1.1513,0.6328,epoch14
E02,G056,-2.0382,1.551,epoch14
E02,G057,-2.2051,0.7146,epoch14
E02,G058,-2.3923,-0.566,epoch14
E02,G059,-2.0215,1.0604,epoch14
E03,G000,-3.4471,-0.3282,epoch14
E03,G001,-2.4902,-2.3037,epoch14
E03,G002,-4.1106,-1.9197,epoch14
E03,G003,-1.231,-1.2824,epoch14
E03,G004,-3.0079,-1.7113,epoch14
E03,G005,-3.4625,-1.3364,epoch14
E03,G006,-3.7202,-1.3404,epoch14
E03,G007,-4.4648,-2.1432,epoch14
E03,G008,-4.9541,-0.1195,epoch14
E03,G009,-3.4651,-1.8416,epoch14
E03,G010,-3.1338,-2.0517,epoch14
E03,G011,-1.3074,0.4443,epoch14
E03,G012,-1.7767,0.5017,epoch14
E03,G013,-2.1974,-1.2566,epoch14
E03,G014,-4.1744,-2.3776,epoch14
E03,G015,-1.9815,-2.1757,epoch14
E03,G016,-3.258,-0.6518,epoch14
E03,G017,-1.6359,-1.1877,epoch14
E03,G018,-2.7034,-2.5031,epoch14
E03,G019,-3.9729,-1.4099,epoch14
E03,G020,-2.2434,-0.1173,epoch14
E03,G021,-2.1739,-0.6981,epoch14
E03,G022,-1.4073,0.7383,epoch14
E03,G023,-3.3942,-0.4403,epoch14
E03,G024,-0.9659,-0.899,epoch14
E03,G025,-3.572,-1.6442,epoch14
E03,G026,-2.1724,-0.9952,epoch14
E03,G027,-3.2066,-0.3585,epoch14
E03,G028,-1.699,-0.5655,epoch14
E03,G029,-2.5249,-0.6529,epoch14
E03,G030,-4.0608,-1.5666,epoch14
E03,G031,-0.2542,-0.7072,epoch14
E03,G032,0.335,0.3296,epoch14
E03,G033,-1.7626,-1.8642,epoch14
E03,G034,-0.4118,-2.1788,epoch14
E03,G035,-1.6991,0.4656,epoch14
E03,G036,-3.6388,-1.1502,epoch14
E03,G037,-0.0626,-1.2007,epoch14
E03,G038,-2.6748,-1.2912,epoch14
E03,G039,-2.2779,-1.5764,epoch14
E03,G040,-1.7631,-2.5545,epoch14
E03,G041,-2.8165,-1.1348,epoch14
E03,G042,-2.1725,-2.456,epoch14
E03,G043,-3.6846,-0.9442,epoch14
E03,G044,-1.7703,-1.4058,epoch14
E03,G045,-2.4617,-0.2392,epoch14
E03,G046,-1.6459,-1.0584,epoch14
E03,G047,-3.0834,-1.211,epoch14
E03,G048,-0.6924,-1.2192,epoch14
E03,G049,-3.7328,-1.6804,epoch14
E03,G050,-3.8887,-2.4904,epoch14
E03,G051,-4.8853,-0.9727,epoch14
E03,G052,-5.292,-1.4959,epoch14
E03,G053,-2.2676,-1.5573,epoch14
E03,G054,0.6178,-0.7943,epoch14
E03,G055,-2.0906,-1.337,epoch14
E03,G056,-3.1409,-2.4093,epoch14
E03,G057,-5.1691,-1.5906,epoch14
E03,G058,-1.3273,-0.1384,epoch14
E03,G059,-3.9271,-1.9718,epoch14
E04,G000,-1.3659,-4.1003,epoch14
E04,G001,-1.6574,-3.6886,epoch14
E04,G002,0.4356,-1.3902,epoch14
E04,G003,-0.17,-3.3065,epoch14
E04,G004,-3.4716,-2.5729,epoch14
E04,G005,-2.7324,-3.2347,epoch14
E04,G006,-3.0526,-2.9619,epoch14
E04,G007,-2.0531,-3.1369,epoch14
E04,G008,-2.6858,-4.8796,epoch14
E04,G009,-1.0115,-3.1475,epoch14
E04,G010,0.4038,-1.1298,epoch14
E04,G011,-3.0678,-2.946,epoch14
E04,G012,-1.6976,-2.4522,epoch14
E04,G013,-0.3081,-3.1491,epoch14
E04,G014,-4.0055,-3.702,epoch14
E04,G015,-3.1631,-2.9417,epoch14
E04,G016,-1.1284,-2.3701,epoch14
E04,G017,-0.9924,-0.5318,epoch14
E04,G018,-2.7285,-3.3662,epoch14
E04,G019,0.684,-3.1837,epoch14
E04,G020,-1.7016,-3.9105,epoch14
E04,G021,-2.8312,-4.1279,epoch14
E04,G022,-1.822,-4.1501,epoch14
E04,G023,-3.1238,-2.7561,epoch14
E04,G024,0.731,-4.1635,epoch14
E04,G025,-1.7076,-1.5908,epoch14
E04,G026,-1.6536,-2.0745,epoch14
E04,G027,0.7034,-2.8164,epoch14
E04,G028,0.02,-3.7351,epoch14
E04,G029,-1.0593,-2.6921,epoch14
E04,G030,-2.1129,-2.7884,epoch14
E04,G031,-2.748,-1.917,epoch14
E04,G032,-0.8919,-3.1956,epoch14
E04,G033,-5.8616,-3.9002,epoch14
E04,G034,0.5017,-2.6311,epoch14
E04,G035,-0.612,-2.7418,epoch14
E04,G036,-0.6251,-3.3649,epoch14
E04,G037,2.0726,-3.8978,epoch14
E04,G038,0.1998,-4.1809,epoch14
E04,G039,-3.84,-3.8735,epoch14
E04,G040,0.0117,-2.9548,epoch14
E04,G041,0.4542,-1.8789,epoch14
E04,G042,-1.9217,-0.9136,epoch14
E04,G043,-1.1993,-1.1416,epoch14
E04,G044,-1.522,-2.5957,epoch14
E04,G045,-2.099,-1.0771,epoch14
E04,G046,1.9172,-2.4795,epoch14
E04,G047,-4.2765,-3.5072,epoch14
E04,G048,-1.6879,-0.7352,epoch14
E04,G049,-0.5599,-3.4971,epoch14
E04,G050,-0.8221,-3.037,epoch14
E04,G051,-2.1187,-3.4065,epoch14
E04,G052,-2.6248,-2.1354,epoch14
E04,G053,-1.2749,-3.3257,epoch14
E04,G054,-0.4637,-2.3255,epoch14
E04,G055,-3.1172,-3.1431,epoch14
E04,G056,-1.8621,-4.0908,epoch14
E04,G057,-2.1515,-2.7367,epoch14
E04,G058,-0.4622,-2.5458,epoch14
E04,G059,-4.1053,-4.7587,epoch14
E05,G000,-3.5455,-7.2203,epoch14
E05,G001,-4.5257,-7.5272,epoch14
E05,G002,-1.27,-5.5117,epoch14
E05,G003,0.1457,-5.3874,epoch14
E05,G004,-4.3517,-6.5956,epoch14
E05,G005,-1.4424,-6.3275,epoch14
E05,G006,-2.8905,-7.6468,epoch14
E05,G007,-5.2704,-6.434,epoch14
E05,G008,-4.1428,-7.5329,epoch14
E05,G009,-1.0113,-7.8733,epoch14
E05,G010,-2.8812,-7.386,epoch14
E05,G011,-2.7924,-6.4247,epoch14
E05,G012,-1.7519,-6.0939,epoch14
E05,G013,-2.4634,-5.3902,epoch14
E05,G014,-4.4491,-8.3838,epoch14
E05,G015,-3.9004,-6.8857,epoch14
E05,G016,-1.4225,-6.0204,epoch14
E05,G017,-2.8564,-7.2488,epoch14
E05,G018,-4.7226,-6.7646,epoch14
E05,G019,-4.3964,-6.9991,epoch14
E05,G020,-4.417,-7.9512,epoch14
E05,G021,-5.1928,-6.035,epoch14
E05,G022,-1.0429,-7.1381,epoch14
E05,G023,-2.3787,-5.8783,epoch14
E05,G024,-1.9942,-6.7573,epoch14
E05,G025,-0.3888,-6.769,epoch14
E05,G026,-3.9198,-7.7172,epoch14
E05,G027,-3.0805,-7.259,epoch14
E05,G028,-2.3732,-7.0886,epoch14
E05,G029,-2.4487,-6.1173,epoch14
E05,G030,-3.209,-8.4547,epoch14
E05,G031,-2.7668,-5.1647,epoch14
E05,G032,0.3677,-5.2969,epoch14
E05,G033,-4.8416,-5.9795,epoch14
E05,G034,-3.02,-7.2095,epoch14
E05,G035,-2.2851,-8.194,epoch14
E05,G036,-3.4729,-7.0615,epoch14
E05,G037,-1.6478,-6.3866,epoch14
E05,G038,-1.4913,-5.6856,epoch14
E05,G039,-2.1177,-7.1088,epoch14
E05,G040,-2.2459,-6.2146,epoch14
E05,G041,-4.4435,-6.2258,epoch14
E05,G042,-3.6059,-7.863,epoch14
E05,G043,-4.5932,-4.9524,epoch14
E05,G044,-0.8097,-6.8845,epoch14
E05,G045,-0.8755,-6.0602,epoch14
E05,G046,0.7184,-4.7833,epoch14
E05,G047,-4.9455,-7.4326,epoch14
E05,G048,-2.9235,-6.3451,epoch14
E05,G049,-2.3337,-5.5468,epoch14
E05,G050,-2.3013,-6.7195,epoch14
E05,G051,-2.9736,-5.7072,epoch14
E05,G052,-2.8786,-6.6236,epoch14
E05,G053,0.528,-6.0849,epoch14
E05,G054,-0.0477,-5.5019,epoch14
E05,G055,-1.9252,-6.5129,epoch14
E05,G056,-3.7991,-7.109,epoch14
E05,G057,-2.978,-5.9582,epoch14
E05,G058,-2.4796,-6.0392,epoch14
E05,G059,-5.9056,-6.7168,epoch14
E06,G000,-0.2709,-3.028,epoch14
E06,G001,-1.9405,-2.2038,epoch14
E06,G002,-0.6592,-1.0801,epoch14
E06,G003,0.0391,-1.1846,epoch14
E06,G004,1.1135,-1.9964,epoch14
E06,G005,-0.5403,-2.269,epoch14
E06,G006,-2.9432,-3.2702,epoch14
E06,G007,-1.301,-1.8897,epoch14
E06,G008,-1.709,-1.361,epoch14
E06,G009,0.278,-2.1137,epoch14
E06,G010,-1.0102,-0.9784,epoch14
E06,G011,-0.7624,-2.1585,epoch14
E06,G012,-0.2848,-0.5135,epoch14
E06,G013,-1.5087,-2.9361,epoch14
E06,G014,-1.5594,-2.3826,epoch14
E06,G015,-0.5018,-2.9829,epoch14
E06,G016,-1.4414,-1.493,epoch14
E06,G017,0.3023,-1.2424,epoch14
E06,G018,-1.4568,-3.1603,epoch14
E06,G019,0.5985,-2.5221,epoch14
E06,G020,-1.4547,-2.5493,epoch14
E06,G021,-1.669,-3.5935,epoch14
E06,G022,-0.6786,-2.3674,epoch14
E06,G023,-1.7722,-2.8335,epoch14
E06,G024,2.4065,-1.0329,epoch14
E06,G025,-1.7878,-0.641,epoch14
E06,G026,-0.7986,-2.4325,epoch14
E06,G027,-0.9475,-2.5086,epoch14
E06,G028,0.3425,-1.5325,epoch14
E06,G029,-1.3511,-2.522,epoch14
E06,G030,-2.4002,-2.8455,epoch14
E06,G031,0.1801,-1.1641,epoch14
E06,G032,2.201,-1.0579,epoch14
E06,G033,-4.3416,-2.7196,epoch14
E06,G034,0.1007,-2.332,epoch14
E06,G035,-1.1057,-0.7589,epoch14
E06,G036,-1.8295,-2.8168,epoch14
E06,G037,2.6433,-1.1104,epoch14
E06,G038,0.9882,-2.6901,epoch14
E06,G039,-0.6572,-2.8807,epoch14
E06,G040,0.1368,-1.6576,epoch14
E06,G041,1.1222,-2.1971,epoch14
E06,G042,1.4383,-1.3966,epoch14
E06,G043,1.2899,-1.821,epoch14
E06,G044,0.6251,-3.312,epoch14
E06,G045,-0.6129,-4.003,epoch14
E06,G046,2.7176,-0.2353,epoch14
E06,G047,0.0756,-2.6352,epoch14
E06,G048,-0.8423,-0.5244,epoch14
E06,G049,-0.1253,-2.0101,epoch14
E06,G050,-0.141,-2.4522,epoch14
E06,G051,-1.3708,-1.7491,epoch14
E06,G052,-0.8347,-1.8853,epoch14
E06,G053,-1.6636,-2.1408,epoch14
E06,G054,-0.0616,-2.7179,epoch14
E06,G055,1.4757,-1.2143,epoch14
E06,G056,-1.1174,-1.6225,epoch14
E06,G057,-0.2017,-2.4019,epoch14
E06,G058,1.1822,-0.02,epoch14
E06,G059,-3.3457,-3.1428,epoch14
E07,G000,2.885,3.3264,epoch14
E07,G001,1.9241,1.6489,epoch14
E07,G002,4.901,2.0315,epoch14
E07,G003,3.8238,4.7642,epoch14
E07,G004,2.3426,4.2833,epoch14
E07,G005,0.6425,3.9815,epoch14
E07,G006,1.3167,1.5983,epoch14
E07,G007,-0.1517,2.9606,epoch14
E07,G008,0.1119,3.1242,epoch14
E07,G009,3.3663,3.059,epoch14
E07,G010,1.6257,3.0478,epoch14
E07,G011,3.0717,2.9636,epoch14
E07,G012,4.7353,3.4516,epoch14
E07,G013,4.1428,2.2746,epoch14
E07,G014,-0.1352,2.1577,epoch14
E07,G015,0.8102,3.1353,epoch14
E07,G016,2.6891,2.6175,epoch14
E07,G017,3.7268,3.1648,epoch14
E07,G018,2.4015,2.5407,epoch14
E07,G019,3.9893,3.2234,epoch14
E07,G020,2.7992,3.6261,epoch14
E07,G021,3.6807,3.3176,epoch14
E07,G022,5.7463,4.0068,epoch14
E07,G023,4.1078,2.1867,epoch14
E07,G024,3.0938,3.4397,epoch14
E07,G025,4.0081,4.2901,epoch14
E07,G026,2.5444,2.316,epoch14
E07,G027,2.8102,2.9589,epoch14
E07,G028,3.9469,2.4616,epoch14
E07,G029,2.5344,4.3578,epoch14
E07,G030,1.1587,2.6164,epoch14
E07,G031,4.1407,2.5632,epoch14
E07,G032,5.7996,4.4132,epoch14
E07,G033,1.9499,3.8175,epoch14
E07,G034,5.3116,4.089,epoch14
E07,G035,4.4044,4.1922,epoch14
E07,G036,2.541,3.2079,epoch14
E07,G037,2.2297,3.6533,epoch14
E07,G038,3.2711,3.1731,epoch14
E07,G039,1.3105,2.4748,epoch14
E07,G040,2.6046,2.9359,epoch14
E07,G041,4.1228,3.8461,epoch14
E07,G042,3.4003,2.9366,epoch14
E07,G043,3.5955,3.6557,epoch14
E07,G044,1.2092,3.5808,epoch14
E07,G045,5.6143,3.3911,epoch14
E07,G046,4.1316,2.5776,epoch14
E07,G047,-0.0108,2.0753,epoch14
E07,G048,3.8554,2.5041,epoch14
E07,G049,3.4186,1.6575,epoch14
E07,G050,2.6621,3.4597,epoch14
E07,G051,2.6568,1.9215,epoch14
E07,G052,2.0224,2.04,epoch14
E07,G053,1.5478,2.2014,epoch14
E07,G054,4.2391,4.3099,epoch14
E07,G055,4.8797,3.3278,epoch14
E07,G056,1.4573,3.8364,epoch14
E07,G057,2.0436,2.8087,epoch14
E07,G058,4.0689,3.2379,epoch14
E07,G059,4.2828,3.2847,epoch14
E08,G000,-1.9328,-1.5089,epoch14
E08,G001,-1.0843,-2.2803,epoch14
E08,G002,-0.9255,-2.7803,epoch14
E08,G003,-1.8272,-2.536,epoch14
E08,G004,-1.5307,-3.3082,epoch14
E08,G005,-0.624,-2.3152,epoch14
E08,G006,-1.6664,-2.4359,epoch14
E08,G007,-1.9231,-1.0662,epoch14
E08,G008,-4.1302,-1.5013,epoch14
E08,G009,-2.1849,-1.5668,epoch14
E08,G010,-1.5424,-1.4527,epoch14
E08,G011,-0.0769,-1.6521,epoch14
E08,G012,0.469,0.407,epoch14
E08,G013,-2.059,-1.0958,epoch14
E08,G014,-2.3106,-0.4172,epoch14
E08,G015,0.5662,-1.6115,epoch14
E08,G016,-0.4074,-1.4739,epoch14
E08,G017,-2.4391,-1.0478,epoch14
E08,G018,-5.0303,-2.6274,epoch14
E08,G019,-2.4863,-1.7003,epoch14
E08,G020,-0.7205,-3.1649,epoch14
E08,G021,-4.6595,-1.9838,epoch14
E08,G022,1.3263,-1.5121,epoch14
E08,G023,-2.4968,-1.8795,epoch14
E08,G024,-0.4553,-2.4784,epoch14
E08,G025,0.2125,-3.3823,epoch14
E08,G026,-1.0257,-1.504,epoch14
E08,G027,-1.8018,-1.1448,epoch14
E08,G028,-0.8452,-3.006,epoch14
E08,G029,0.2321,-2.4554,epoch14
E08,G030,-1.8705,-2.3026,epoch14
E08,G031,-1.2594,-2.224,epoch14
E08,G032,1.5686,-3.0988,epoch14
E08,G033,-5.3624,-1.2532,epoch14
E08,G034,-0.5988,-1.0562,epoch14
E08,G035,-1.7204,-2.4137,epoch14
E08,G036,-1.4079,-3.6506,epoch14
E08,G037,1.6869,-1.1012,epoch14
E08,G038,0.1705,0.0824,epoch14
E08,G039,-2.1975,-1.832,epoch14
E08,G040,-2.7851,-1.0351,epoch14
E08,G041,0.965,-2.4906,epoch14
E08,G042,-1.6135,-1.7573,epoch14
E08,G043,0.8245,-2.86,epoch14
E08,G044,-0.8367,-0.2891,epoch14
E08,G045,-3.3654,-1.4058,epoch14
E08,G046,-0.2945,-3.2939,epoch14
E08,G047,-2.3875,-3.98,epoch14
E08,G048,-0.621,-1.8921,epoch14
E08,G049,-1.0001,-1.919,epoch14
E08,G050,-0.8842,-2.2541,epoch14
E08,G051,-3.6145,-1.7855,epoch14
E08,G052,-1.5671,-0.8474,epoch14
E08,G053,0.1248,-1.8431,epoch14
E08,G054,-0.7231,-3.3974,epoch14
E08,G055,-0.91,-1.9938,epoch14
E08,G056,-5.7516,-3.9771,epoch14
E08,G057,-1.3762,-2.9992,epoch14
E08,G058,2.7468,-1.3701,epoch14
E08,G059,-2.2391,-2.671,epoch14
E09,G000,-0.6027,-4.2006,epoch14
E09,G001,-1.95,-3.511,epoch14
E09,G002,-2.0357,-3.7524,epoch14
E09,G003,-1.4515,-3.1305,epoch14
E09,G004,-4.2172,-3.8385,epoch14
E09,G005,-1.8392,-2.9072,epoch14
E09,G006,-2.6961,-3.8582,epoch14
E09,G007,-0.7673,-2.6131,epoch14
E09,G008,-2.1824,-3.6373,epoch14
E09,G009,-1.1806,-3.2305,epoch14
E09,G010,-3.3687,-4.0021,epoch14
E09,G011,-2.0184,-2.8541,epoch14
E09,G012,-1.7105,-4.7748,epoch14
E09,G013,-2.4764,-1.033,epoch14
E09,G014,-4.7414,-4.3437,epoch14
E09,G015,-1.9856,-2.8889,epoch14
E09,G016,-2.2013,-3.6636,epoch14
E09,G017,-3.3243,-3.605,epoch14
E09,G018,-4.2899,-3.288,epoch14
E09,G019,-2.7238,-3.5121,epoch14
E09,G020,-2.3687,-3.8729,epoch14
E09,G021,-0.9235,-4.3147,epoch14
E09,G022,0.8402,-3.8837,epoch14
E09,G023,-3.9865,-4.4797,epoch14
E09,G024,-2.402,-1.7517,epoch14
E09,G025,0.7964,-3.9211,epoch14
E09,G026,-1.6199,-4.0802,epoch14
E09,G027,-3.0465,-3.401,epoch14
E09,G028,-0.3721,-2.173,epoch14
E09,G029,-1.59,-4.5588,epoch14
E09,G030,-4.3935,-5.0211,epoch14
E09,G031,-3.8577,-3.4066,epoch14
E09,G032,0.8703,-2.3232,epoch14
E09,G033,-2.4473,-4.767,epoch14
E09,G034,-1.7183,-4.3842,epoch14
E09,G035,-2.75,-4.0941,epoch14
E09,G036,-0.9377,-2.5694,epoch14
E09,G037,0.8585,-2.7196,epoch14
E09,G038,-0.6646,-2.1448,epoch14
E09,G039,-2.7664,-3.8535,epoch14
E09,G040,-1.5027,-3.4049,epoch14
E09,G041,-2.6143,-2.4944,epoch14
E09,G042,-2.5437,-3.5236,epoch14
E09,G043,0.0197,-2.6852,epoch14
E09,G044,-2.0087,-3.9581,epoch14
E09,G045,-3.669,-3.7235,epoch14
E09,G046,-0.3447,-2.3916,epoch14
E09,G047,-1.7207,-3.6979,epoch14
E09,G048,0.8734,-3.6063,epoch14
E09,G049,-4.6481,-2.9377,epoch14
E09,G050,0.882,-2.8178,epoch14
E09,G051,-3.0177,-3.3313,epoch14
E09,G052,0.3935,-3.5743,epoch14
E09,G053,0.8861,-2.1163,epoch14
E09,G054,0.3749,-0.845,epoch14
E09,G055,-0.1031,-3.5365,epoch14
E09,G056,-2.9627,-4.5982,epoch14
E09,G057,-1.8064,-4.1426,epoch14
E09,G058,-2.303,-4.0235,epoch14
E09,G059,-5.9845,-4.854,epoch14
E10,G000,4.475,2.5678,epoch14
E10,G001,0.4218,3.7095,epoch14
E10,G002,1.8611,3.8161,epoch14
E10,G003,0.0026,4.5952,epoch14
E10,G004,1.8137,3.8097,epoch14
E10,G005,1.826,2.746,epoch14
E10,G006,0.779,3.7641,epoch14
E10,G007,0.0627,2.5879,epoch14
E10,G008,-1.3862,2.7315,epoch14
E10,G009,0.5778,2.312,epoch14
E10,G010,-1.8965,4.2012,epoch14
E10,G011,-0.8292,4.1855,epoch14
E10,G012,1.2201,3.0187,epoch14
E10,G013,-0.6708,2.9098,epoch14
E10,G014,-0.6644,2.9596,epoch14
E10,G015,0.558,3.4421,epoch14
E10,G016,2.5893,3.9817,epoch14
E10,G017,2.3889,3.4532,epoch14
E10,G018,-0.5056,3.2779,epoch14
E10,G019,2.4461,2.1762,epoch14
E10,G020,-1.6506,2.5655,epoch14
E10,G021,-0.6472,1.4738,epoch14
E10,G022,2.9311,5.1714,epoch14
E10,G023,0.948,4.8943,epoch14
E10,G024,1.5821,4.2251,epoch14
E10,G025,0.7101,4.6079,epoch14
E10,G026,1.2569,5.0977,epoch14
E10,G027,4.1856,4.6165,epoch14
E10,G028,0.4194,2.0776,epoch14
E10,G029,1.2578,3.2035,epoch14
E10,G030,-0.0494,1.3402,epoch14
E10,G031,0.4971,2.8718,epoch14
E10,G032,1.8175,2.9235,epoch14
E10,G033,0.7765,2.8661,epoch14
E10,G034,5.7934,4.4098,epoch14
E10,G035,3.0237,3.0378,epoch14
E10,G036,0.263,3.1214,epoch14
E10,G037,4.4089,4.3965,epoch14
E10,G038,0.2335,3.106,epoch14
E10,G039,1.2731,3.0592,epoch14
E10,G040,1.4542,1.3877,epoch14
E10,G041,2.3847,3.318,epoch14
E10,G042,2.1208,4.1826,epoch14
E10,G043,1.0891,3.778,epoch14
E10,G044,-0.4296,1.8132,epoch14
E10,G045,0.4281,3.4719,epoch14
E10,G046,1.7023,3.9239,epoch14
E10,G047,-1.1045,2.3418,epoch14
E10,G048,0.8599,3.9322,epoch14
E10,G049,-0.4354,2.547,epoch14
E10,G050,-0.1636,2.7115,epoch14
E10,G051,1.3425,3.2378,epoch14
E10,G052,-0.5975,5.1854,epoch14
E10,G053,0.9931,3.329,epoch14
E10,G054,2.5659,3.6189,epoch14
E10,G055,3.1321,4.3723,epoch14
E10,G056,0.3457,2.2703,epoch14
E10,G057,0.6558,3.1726,epoch14
E10,G058,0.6773,1.4709,epoch14
E10,G059,0.3459,2.989,epoch14
E11,G000,-0.4607,-1.5033,epoch14
E11,G001,0.0596,-3.3073,epoch14
E11,G002,0.4465,-0.3296,epoch14
E11,G003,-2.25,-1.8419,epoch14
E11,G004,2.407,-2.0338,epoch14
E11,G005,1.936,-2.7987,epoch14
E11,G006,-2.2604,-3.5278,epoch14
E11,G007,-0.2794,-2.4079,epoch14
E11,G008,-1.5419,-3.4706,epoch14
E11,G009,0.3306,-1.3172,epoch14
E11,G010,-3.0364,-1.5224,epoch14
E11,G011,0.4612,-1.9963,epoch14
E11,G012,2.8088,-2.4647,epoch14
E11,G013,2.3143,-1.5145,epoch14
E11,G014,0.5,-2.897,epoch14
E11,G015,0.9273,-1.4084,epoch14
E11,G016,2.7194,-1.538,epoch14
E11,G017,1.2997,-1.5647,epoch14
E11,G018,-0.4179,-1.9361,epoch14
E11,G019,-1.5501,-0.8144,epoch14
E11,G020,-1.5433,-0.4492,epoch14
E11,G021,1.4763,-2.1952,epoch14
E11,G022,0.7057,-0.7059,epoch14
E11,G023,0.5567,-1.992,epoch14
E11,G024,0.0387,-2.6607,epoch14
E11,G025,0.4705,-0.2742,epoch14
E11,G026,1.5568,-0.9087,epoch14
E11,G027,0.2176,-1.4663,epoch14
E11,G028,0.3483,-1.2556,epoch14
E11,G029,2.0823,-1.5463,epoch14
E11,G030,0.8152,-2.6393,epoch14
E11,G031,-0.3887,-0.2492,epoch14
E11,G032,1.1989,-0.4231,epoch14
E11,G033,0.2702,-1.5823,epoch14
E11,G034,1.8405,-0.4165,epoch14
E11,G035,2.1252,-0.3949,epoch14
E11,G036,3.9939,-1.5752,epoch14
E11,G037,3.2611,-0.5948,epoch14
E11,G038,1.6777,-1.5702,epoch14
E11,G039,-0.8432,-1.4553,epoch14
E11,G040,1.1533,-1.4238,epoch14
E11,G041,-0.8041,0.2799,epoch14
E11,G042,-0.7691,-2.0328,epoch14
E11,G043,0.8094,-1.012,epoch14
E11,G044,0.863,-1.0312,epoch14
E11,G045,2.7276,-1.4994,epoch14
E11,G046,2.9084,-0.0393,epoch14
E11,G047,-1.0827,-2.1318,epoch14
E11,G048,0.4024,-1.6712,epoch14
E11,G049,1.8682,-1.734,epoch14
E11,G050,1.0605,-2.2707,epoch14
E11,G051,1.8716,-0.7687,epoch14
E11,G052,0.4657,-1.3719,epoch14
E11,G053,0.7318,-1.1967,epoch14
E11,G054,1.2833,-2.4885,epoch14
E11,G055,1.7062,-1.282,epoch14
E11,G056,1.82,-2.7092,epoch14
E11,G057,-0.8659,-1.6231,epoch14
E11,G058,2.9338,-0.2108,epoch14
E11,G059,1.7086,-1.5815,epoch14
E00,G000,-0.4154,-0.8683,epoch15
E00,G001,-2.5288,0.7355,epoch15
E00,G002,0.0976,-0.9178,epoch15
E00,G003,0.2616,-1.2009,epoch15
E00,G004,-2.788,-2.8168,epoch15
E00,G005,-0.2772,-1.1114,epoch15
E00,G006,-2.7185,-1.4631,epoch15
E00,G007,-2.1974,-0.5115,epoch15
E00,G008,-1.4414,-2.5394,epoch15
E00,G009,-0.556,-1.382,epoch15
E00,G010,-0.6607,-2.8879,epoch15
E00,G011,0.2955,-0.3588,epoch15
E00,G012,0.6534,-1.9341,epoch15
E00,G013,-0.9257,-3.2895,epoch15
E00,G014,-1.2855,-0.3861,epoch15
E00,G015,-0.4211,-0.4059,epoch15
E00,G016,1.1629,-0.0066,epoch15
E00,G017,0.9834,-0.0724,epoch15
E00,G018,-3.0006,-1.9838,epoch15
E00,G019,-0.1714,0.3686,epoch15
E00,G020,-1.4727,-1.8858,epoch15
E00,G021,0.1383,1.0811,epoch15
E00,G022,-0.2985,-0.0206,epoch15
E00,G023,1.238,-2.3124,epoch15
E00,G024,-0.8287,-0.1161,epoch15
E00,G025,-0.0812,1.5311,epoch15
E00,G026,-3.4712,-1.3725,epoch15
E00,G027,-1.8146,-0.1413,epoch15
E00,G028,-0.1893,-0.7862,epoch15
E00,G029,-1.2814,-1.3029,epoch15
E00,G030,-1.015,-3.1917,epoch15
E00,G031,1.0094,1.0589,epoch15
E00,G032,1.3314,-0.6995,epoch15
E00,G033,-2.7054,-0.8889,epoch15
E00,G034,0.9677,-1.2269,epoch15
E00,G035,1.4464,-1.2078,epoch15
E00,G036,1.8098,0.159,epoch15
E00,G037,0.8517,-0.2911,epoch15
E00,G038,0.7926,-0.5028,epoch15
E00,G039,-1.6721,-1.9444,epoch15
E00,G040,0.1383,-0.5962,epoch15
E00,G041,-0.6238,0.2881,epoch15
E00,G042,-0.6454,-1.0225,epoch15
E00,G043,-0.0818,-0.7475,epoch15
E00,G044,-0.8602,-1.5954,epoch15
E00,G045,-0.8876,0.6849,epoch15
E00,G046,1.6464,-0.4066,epoch15
E00,G047,-2.6381,-0.8792,epoch15
E00,G048,-1.1767,0.9982,epoch15
E00,G049,-1.287,-1.0521,epoch15
E00,G050,0.1955,-1.9089,epoch15
E00,G051,-2.7683,-2.2289,epoch15
E00,G052,-3.1422,-1.3306,epoch15
E00,G053,-0.4029,1.0183,epoch15
E00,G054,0.2103,-0.5619,epoch15
E00,G055,2.2968,-0.186,epoch15
E00,G056,-2.6215,-0.6756,epoch15
E00,G057,-1.1492,0.4948,epoch15
E00,G058,0.6893,-1.2088,epoch15
E00,G059,-2.023,0.2194,epoch15
E01,G000,-0.2253,4.1897,epoch15
E01,G001,-2.0616,3.1031,epoch15
E01,G002,3.0404,1.5731,epoch15
E01,G003,2.6715,4.107,epoch15
E01,G004,0.5158,4.1379,epoch15
E01,G005,-0.3818,2.9176,epoch15
E01,G006,-0.3281,4.7383,epoch15
E01,G007,-1.8268,2.7869,epoch15
E01,G008,-0.4833,2.1256,epoch15
E01,G009,2.6181,3.6925,epoch15
E01,G010,0.2107,3.2027,epoch15
E01,G011,-0.0383,4.0136,epoch15
E01,G012,0.3805,3.0864,epoch15
E01,G013,-0.0083,4.1646,epoch15
E01,G014,0.3205,2.346,epoch15
E01,G015,-0.3888,3.2783,epoch15
E01,G016,-0.3668,2.4854,epoch15
E01,G017,0.5899,2.7126,epoch15
E01,G018,-1.254,2.89,epoch15
E01,G019,0.15,2.5651,epoch15
E01,G020,0.6929,2.5282,epoch15
E01,G021,0.2603,2.93,epoch15
E01,G022,2.358,3.8641,epoch15
E01,G023,-1.3717,3.7174,epoch15
E01,G024,0.6172,3.7259,epoch15
E01,G025,3.1627,4.3866,epoch15
E01,G026,2.094,3.7489,epoch15
E01,G027,0.4189,2.7058,epoch15
E01,G028,0.2735,1.7723,epoch15
E01,G029,2.8339,3.1712,epoch15
E01,G030,-0.4203,2.5973,epoch15
E01,G031,-0.3059,1.4653,epoch15
E01,G032,2.4199,5.2352,epoch15
E01,G033,-0.4987,1.0983,epoch15
E01,G034,-0.0638,3.5709,epoch15
E01,G035,1.688,4.08,epoch15
E01,G036,-0.1889,2.9558,epoch15
E01,G037,2.9178,6.3436,epoch15
E01,G038,0.8504,3.4764,epoch15
E01,G039,-1.2757,2.412,epoch15
E01,G040,0.4228,4.8376,epoch15
E01,G041,2.1007,2.8302,epoch15
E01,G042,-1.1847,1.7922,epoch15
E01,G043,0.3374,2.4354,epoch15
E01,G044,2.28,3.0991,epoch15
E01,G045,-0.0107,3.5241,epoch15
E01,G046,2.5722,4.2217,epoch15
E01,G047,-1.0126,1.8028,epoch15
E01,G048,1.7758,3.6557,epoch15
E01,G049,2.2408,5.0881,epoch15
E01,G050,3.3374,2.9355,epoch15
E01,G051,-0.8708,2.8022,epoch15
E01,G052,0.8018,3.7708,epoch15
E01,G053,0.6872,4.3889,epoch15
E01,G054,2.5713,3.3573,epoch15
E01,G055,3.9162,3.063,epoch15
E01,G056,-1.628,2.1377,epoch15
E01,G057,0.613,3.9603,epoch15
E01,G058,0.3774,4.0732,epoch15
E01,G059,0.8277,1.0224,epoch15
E02,G000,0.2838,0.0403,epoch15
E02,G001,-2.387,0.2424,epoch15
E02,G002,-0.0581,0.4645,epoch15
E02,G003,1.2929,2.4531,epoch15
E02,G004,-1.412,1.6231,epoch15
E02,G005,-0.01,3.4804,epoch15
E02,G006,-3.4272,1.6517,epoch15
E02,G007,-3.0483,1.7126,epoch15
E02,G008,-2.4997,1.8314,epoch15
E02,G009,0.3819,1.0096,epoch15
E02,G010,-1.4589,0.135,epoch15
E02,G011,0.2659,2.0007,epoch15
E02,G012,1.823,2.9997,epoch15
E02,G013,-0.2903,0.5237,epoch15
E02,G014,-4.7103,1.3789,epoch15
E02,G015,-2.5947,1.875,epoch15
E02,G016,1.0271,1.4081,epoch15
E02,G017,-2.6697,1.6332,epoch15
E02,G018,-1.0323,0.9289,epoch15
E02,G019,-1.2145,1.7886,epoch15
E02,G020,-3.9153,1.6943,epoch15
E02,G021,-1.7111,0.2119,epoch15
E02,G022,0.4602,3.014,epoch15
E02,G023,-2.762,2.1969,epoch15
E02,G024,-1.2487,2.4186,epoch15
E02,G025,1.1571,0.231,epoch15
E02,G026,-0.6792,-0.3656,epoch15
E02,G027,-2.2836,1.9083,epoch15
E02,G028,-0.2852,1.1571,epoch15
E02,G029,-0.5877,0.8629,epoch15
E02,G030,-3.7055,0.2165,epoch15
E02,G031,0.0998,0.6294,epoch15
E02,G032,0.5986,1.8595,epoch15
E02,G033,-2.4839,0.621,epoch15
E02,G034,-1.0106,1.1523,epoch15
E02,G035,-0.9596,1.9926,epoch15
E02,G036,-1.9963,0.1865,epoch15
E02,G037,0.1289,3.1348,epoch15
E02,G038,-0.2122,0.0008,epoch15
E02,G039,-1.3194,3.3316,epoch15
E02,G040,-0.1478,0.5774,epoch15
E02,G041,1.0143,2.4669,epoch15
E02,G042,1.7453,2.8969,epoch15
E02,G043,-0.3885,1.5796,epoch15
E02,G044,2.1406,2.5247,epoch15
E02,G045,-0.906,1.7829,epoch15
E02,G046,1.5518,0.584,epoch15
E02,G047,-2.6941,1.428,epoch15
E02,G048,1.0514,2.6582,epoch15
E02,G049,1.072,1.2075,epoch15
E02,G050,-2.57,0.1918,epoch15
E02,G051,-2.7847,0.7701,epoch15
E02,G052,-0.8038,1.7103,epoch15
E02,G053,0.7165,2.1502,epoch15
E02,G054,0.935,2.9549,epoch15
E02,G055,-1.1513,2.0455,epoch15
E02,G056,-2.0382,1.5339,epoch15
E02,G057,-2.2051,-0.8205,epoch15
E02,G058,-2.3923,3.1257,epoch15
E02,G059,-2.0215,0.943,epoch15
E03,G000,-3.4471,3.3105,epoch15
E03,G001,-2.4902,1.5943,epoch15
E03,G002,-4.1106,1.7834,epoch15
E03,G003,-1.231,2.2646,epoch15
E03,G004,-3.0079,3.4205,epoch15
E03,G005,-3.4625,3.4364,epoch15
E03,G006,-3.7202,2.1343,epoch15
E03,G007,-4.4648,3.5316,epoch15
E03,G008,-4.9541,1.2496,epoch15
E03,G009,-3.4651,2.7714,epoch15
E03,G010,-3.1338,1.5044,epoch15
E03,G011,-1.3074,3.4961,epoch15
E03,G012,-1.7767,2.0457,epoch15
E03,G013,-2.1974,3.1316,epoch15
E03,G014,-4.1744,2.7515,epoch15
E03,G015,-1.9815,0.4296,epoch15
E03,G016,-3.258,3.8307,epoch15
E03,G017,-1.6359,2.4944,epoch15
E03,G018,-2.7034,1.413,epoch15
E03,G019,-3.9729,0.0305,epoch15
E03,G020,-2.2434,2.0099,epoch15
E03,G021,-2.1739,0.2222,epoch15
E03,G022,-1.4073,2.5276,epoch15
E03,G023,-3.3942,1.9657,epoch15
E03,G024,-0.9659,3.9121,epoch15
E03,G025,-3.572,1.6021,epoch15
E03,G026,-2.1724,3.0303,epoch15
E03,G027,-3.2066,3.1982,epoch15
E03,G028,-1.699,4.1076,epoch15
E03,G029,-2.5249,1.7581,epoch15
E03,G030,-4.0608,2.4216,epoch15
E03,G031,-0.2542,0.8328,epoch15
E03,G032,0.335,1.9394,epoch15
E03,G033,-1.7626,1.5305,epoch15
E03,G034,-0.4118,2.4704,epoch15
E03,G035,-1.6991,1.5143,epoch15
E03,G036,-3.6388,1.5001,epoch15
E03,G037,-0.0626,3.4075,epoch15
E03,G038,-2.6748,1.633,epoch15
E03,G039,-2.2779,2.0382,epoch15
E03,G040,-1.7631,1.6606,epoch15
E03,G041,-2.8165,3.8508,epoch15
E03,G042,-2.1725,3.8974,epoch15
E03,G043,-3.6846,2.6458,epoch15
E03,G044,-1.7703,2.1367,epoch15
E03,G045,-2.4617,3.866,epoch15
E03,G046,-1.6459,3.0689,epoch15
E03,G047,-3.0834,1.4014,epoch15
E03,G048,-0.6924,1.4198,epoch15
E03,G049,-3.7328,1.6597,epoch15
E03,G050,-3.8887,4.2092,epoch15
E03,G051,-4.8853,1.1551,epoch15
E03,G052,-5.292,4.466,epoch15
E03,G053,-2.2676,2.517,epoch15
E03,G054,0.6178,2.4334,epoch15
E03,G055,-2.0906,3.794,epoch15
E03,G056,-3.1409,1.4768,epoch15
E03,G057,-5.1691,2.0351,epoch15
E03,G058,-1.3273,1.4794,epoch15
E03,G059,-3.9271,0.6419,epoch15
E04,G000,-1.3659,-6.5393,epoch15
E04,G001,-1.6574,-5.9812,epoch15
E04,G002,0.4356,-6.4781,epoch15
E04,G003,-0.17,-7.3279,epoch15
E04,G004,-3.4716,-6.2056,epoch15
E04,G005,-2.7324,-6.1741,epoch15
E04,G006,-3.0526,-6.8966,epoch15
E04,G007,-2.0531,-6.592,epoch15
E04,G008,-2.6858,-8.6275,epoch15
E04,G009,-1.0115,-4.3382,epoch15
E04,G010,0.4038,-6.3173,epoch15
E04,G011,-3.0678,-5.3298,epoch15
E04,G012,-1.6976,-4.6571,epoch15
E04,G013,-0.3081,-4.8237,epoch15
E04,G014,-4.0055,-6.4693,epoch15
E04,G015,-3.1631,-6.2186,epoch15
E04,G016,-1.1284,-5.4538,epoch15
E04,G017,-0.9924,-4.5018,epoch15
E04,G018,-2.7285,-5.8641,epoch15
E04,G019,0.684,-6.4249,epoch15
E04,G020,-1.7016,-5.9794,epoch15
E04,G021,-2.8312,-5.673,epoch15
E04,G022,-1.822,-5.1329,epoch15
E04,G023,-3.1238,-6.1571,epoch15
E04,G024,0.731,-4.3037,epoch15
E04,G025,-1.7076,-5.555,epoch15
E04,G026,-1.6536,-4.9635,epoch15
E04,G027,0.7034,-5.4638,epoch15
E04,G028,0.02,-6.2376,epoch15
E04,G029,-1.0593,-6.5187,epoch15
E04,G030,-2.1129,-5.9143,epoch15
E04,G031,-2.748,-5.3575,epoch15
E04,G032,-0.8919,-4.3686,epoch15
E04,G033,-5.8616,-6.7222,epoch15
E04,G034,0.5017,-5.9914,epoch15
E04,G035,-0.612,-5.8931,epoch15
E04,G036,-0.6251,-4.6496,epoch15
E04,G037,2.0726,-5.2801,epoch15
E04,G038,0.1998,-6.2133,epoch15
E04,G039,-3.84,-5.6661,epoch15
E04,G040,0.0117,-6.9114,epoch15
E04,G041,0.4542,-5.5703,epoch15
E04,G042,-1.9217,-5.8691,epoch15
E04,G043,-1.1993,-5.6443,epoch15
E04,G044,-1.522,-6.9445,epoch15
E04,G045,-2.099,-4.7258,epoch15
E04,G046,1.9172,-3.7852,epoch15
E04,G047,-4.2765,-7.2484,epoch15
E04,G048,-1.6879,-5.5265,epoch15
E04,G049,-0.5599,-4.9594,epoch15
E04,G050,-0.8221,-3.613,epoch15
E04,G051,-2.1187,-6.5702,epoch15
E04,G052,-2.6248,-7.2494,epoch15
E04,G053,-1.2749,-5.7966,epoch15
E04,G054,-0.4637,-4.164,epoch15
E04,G055,-3.1172,-5.7026,epoch15
E04,G056,-1.8621,-5.8193,epoch15
E04,G057,-2.1515,-4.3241,epoch15
E04,G058,-0.4622,-7.5542,epoch15
E04,G059,-4.1053,-8.8139,epoch15
E05,G000,-3.5455,-1.0132,epoch15
E05,G001,-4.5257,-1.5453,epoch15
E05,G002,-1.27,-2.8822,epoch15
E05,G003,0.1457,-0.5604,epoch15
E05,G004,-4.3517,-2.1328,epoch15
E05,G005,-1.4424,-1.9124,epoch15
E05,G006,-2.8905,-3.3958,epoch15
E05,G007,-5.2704,-2.6213,epoch15
E05,G008,-4.1428,-3.2116,epoch15
E05,G009,-1.0113,-2.074,epoch15
E05,G010,-2.8812,-2.3749,epoch15
E05,G011,-2.7924,-0.4432,epoch15
E05,G012,-1.7519,-0.9039,epoch15
E05,G013,-2.4634,-3.0038,epoch15
E05,G014,-4.4491,-1.9833,epoch15
E05,G015,-3.9004,-0.7787,epoch15
E05,G016,-1.4225,-1.4205,epoch15
E05,G017,-2.8564,-0.7948,epoch15
E05,G018,-4.7226,-2.4016,epoch15
E05,G019,-4.3964,-1.38,epoch15
E05,G020,-4.417,-3.2381,epoch15
E05,G021,-5.1928,-1.6712,epoch15
E05,G022,-1.0429,-2.4787,epoch15
E05,G023,-2.3787,-0.9276,epoch15
E05,G024,-1.9942,-3.0941,epoch15
E05,G025,-0.3888,-3.1499,epoch15
E05,G026,-3.9198,-1.8933,epoch15
E05,G027,-3.0805,-2.1488,epoch15
E05,G028,-2.3732,-1.5967,epoch15
E05,G029,-2.4487,-1.2806,epoch15
E05,G030,-3.209,-2.2919,epoch15
E05,G031,-2.7668,-2.3068,epoch15
E05,G032,0.3677,-1.0892,epoch15
E05,G033,-4.8416,-2.2554,epoch15
E05,G034,-3.02,-1.2653,epoch15
E05,G035,-2.2851,0.2317,epoch15
E05,G036,-3.4729,-2.5398,epoch15
E05,G037,-1.6478,-1.4941,epoch15
E05,G038,-1.4913,-0.7105,epoch15
E05,G039,-2.1177,-2.4346,epoch15
E05,G040,-2.2459,-2.516,epoch15
E05,G041,-4.4435,-2.1832,epoch15
E05,G042,-3.6059,-0.9516,epoch15
E05,G043,-4.5932,-2.0525,epoch15
E05,G044,-0.8097,-0.6625,epoch15
E05,G045,-0.8755,-2.2549,epoch15
E05,G046,0.7184,-0.5338,epoch15
E05,G047,-4.9455,-2.7547,epoch15
E05,G048,-2.9235,-2.4267,epoch15
E05,G049,-2.3337,-2.2143,epoch15
E05,G050,-2.3013,-1.7756,epoch15
E05,G051,-2.9736,-0.6183,epoch15
E05,G052,-2.8786,-3.714,epoch15
E05,G053,0.528,-1.1362,epoch15
E05,G054,-0.0477,0.0449,epoch15
E05,G055,-1.9252,-0.4172,epoch15
E05,G056,-3.7991,-2.6732,epoch15
E05,G057,-2.978,-2.7558,epoch15
E05,G058,-2.4796,-2.0178,epoch15
E05,G059,-5.9056,-2.2877,epoch15
E06,G000,-0.2709,-0.9629,epoch15
E06,G001,-1.9405,-1.0404,epoch15
E06,G002,-0.6592,-0.6864,epoch15
E06,G003,0.0391,-2.005,epoch15
E06,G004,1.1135,-2.4435,epoch15
E06,G005,-0.5403,-2.0241,epoch15
E06,G006,-2.9432,-3.1619,epoch15
E06,G007,-1.301,-1.4904,epoch15
E06,G008,-1.709,-1.4553,epoch15
E06,G009,0.278,0.9922,epoch15
E06,G010,-1.0102,-0.7191,epoch15
E06,G011,-0.7624,-0.9913,epoch15
E06,G012,-0.2848,0.6949,epoch15
E06,G013,-1.5087,-1.8773,epoch15
E06,G014,-1.5594,-1.4134,epoch15
E06,G015,-0.5018,-0.3331,epoch15
E06,G016,-1.4414,-0.461,epoch15
E06,G017,0.3023,-0.4408,epoch15
E06,G018,-1.4568,-1.8304,epoch15
E06,G019,0.5985,-2.1089,epoch15
E06,G020,-1.4547,-1.448,epoch15
E06,G021,-1.669,-2.0287,epoch15
E06,G022,-0.6786,-0.0317,epoch15
E06,G023,-1.7722,-1.3534,epoch15
E06,G024,2.4065,-0.2618,epoch15
E06,G025,-1.7878,-2.3375,epoch15
E06,G026,-0.7986,-0.3053,epoch15
E06,G027,-0.9475,-2.176,epoch15
E06,G028,0.3425,-2.1908,epoch15
E06,G029,-1.3511,-2.4399,epoch15
E06,G030,-2.4002,-2.3618,epoch15
E06,G031,0.1801,0.0428,epoch15
E06,G032,2.201,0.3675,epoch15
E06,G033,-4.3416,-2.8922,epoch15
E06,G034,0.1007,-0.8666,epoch15
E06,G035,-1.1057,-1.203,epoch15
E06,G036,-1.8295,-2.8555,epoch15
E06,G037,2.6433,-1.117,epoch15
E06,G038,0.9882,-2.7387,epoch15
E06,G039,-0.6572,-2.3193,epoch15
E06,G040,0.1368,-3.1939,epoch15
E06,G041,1.1222,-1.674,epoch15
E06,G042,1.4383,-1.7782,epoch15
E06,G043,1.2899,-1.6902,epoch15
E06,G044,0.6251,-2.0168,epoch15
E06,G045,-0.6129,-0.1436,epoch15
E06,G046,2.7176,-0.3837,epoch15
E06,G047,0.0756,-1.0573,epoch15
E06,G048,-0.8423,-0.1764,epoch15
E06,G049,-0.1253,-0.3293,epoch15
E06,G050,-0.141,-0.2878,epoch15
E06,G051,-1.3708,-1.8532,epoch15
E06,G052,-0.8347,-1.7102,epoch15
E06,G053,-1.6636,-1.9788,epoch15
E06,G054,-0.0616,-1.4632,epoch15
E06,G055,1.4757,-0.8278,epoch15
E06,G056,-1.1174,-1.7988,epoch15
E06,G057,-0.2017,-0.0843,epoch15
E06,G058,1.1822,-0.6657,epoch15
E06,G059,-3.3457,-0.2507,epoch15
E07,G000,2.885,1.7328,epoch15
E07,G001,1.9241,0.2759,epoch15
E07,G002,4.901,2.1794,epoch15
E07,G003,3.8238,-1.8999,epoch15
E07,G004,2.3426,2.0083,epoch15
E07,G005,0.6425,1.0657,epoch15
E07,G006,1.3167,1.0651,epoch15
E07,G007,-0.1517,-1.0857,epoch15
E07,G008,0.1119,2.6795,epoch15
E07,G009,3.3663,0.4432,epoch15
E07,G010,1.6257,0.3242,epoch15
E07,G011,3.0717,2.5142,epoch15
E07,G012,4.7353,1.1646,epoch15
E07,G013,4.1428,0.1806,epoch15
E07,G014,-0.1352,0.6541,epoch15
E07,G015,0.8102,-0.4263,epoch15
E07,G016,2.6891,1.6544,epoch15
E07,G017,3.7268,1.2501,epoch15
E07,G018,2.4015,1.5807,epoch15
E07,G019,3.9893,-0.1665,epoch15
E07,G020,2.7992,1.6289,epoch15
E07,G021,3.6807,1.0772,epoch15
E07,G022,5.7463,3.2045,epoch15
E07,G023,4.1078,0.5455,epoch15
E07,G024,3.0938,3.1789,epoch15
E07,G025,4.0081,1.9866,epoch15
E07,G026,2.5444,1.4329,epoch15
E07,G027,2.8102,0.394,epoch15
E07,G028,3.9469,1.4922,epoch15
E07,G029,2.5344,1.5456,epoch15
E07,G030,1.1587,-0.0647,epoch15
E07,G031,4.1407,-0.1544,epoch15
E07,G032,5.7996,0.9938,epoch15
E07,G033,1.9499,1.8703,epoch15
E07,G034,5.3116,1.5784,epoch15
E07,G035,4.4044,1.932,epoch15
E07,G036,2.541,0.9755,epoch15
E07,G037,2.2297,1.6422,epoch15
E07,G038,3.2711,1.4923,epoch15
E07,G039,1.3105,0.2065,epoch15
E07,G040,2.6046,2.2677,epoch15
E07,G041,4.1228,1.441,epoch15
E07,G042,3.4003,0.9208,epoch15
E07,G043,3.5955,0.0995,epoch15
E07,G044,1.2092,1.0408,epoch15
E07,G045,5.6143,0.5706,epoch15
E07,G046,4.1316,1.0555,epoch15
E07,G047,-0.0108,1.3213,epoch15
E07,G048,3.8554,0.208,epoch15
E07,G049,3.4186,0.7998,epoch15
E07,G050,2.6621,1.6645,epoch15
E07,G051,2.6568,1.6369,epoch15
E07,G052,2.0224,0.3554,epoch15
E07,G053,1.5478,1.0919,epoch15
E07,G054,4.2391,1.5867,epoch15
E07,G055,4.8797,0.3374,epoch15
E07,G056,1.4573,-1.2331,epoch15
E07,G057,2.0436,-1.168,epoch15
E07,G058,4.0689,1.901,epoch15
E07,G059,4.2828,0.5634,epoch15
E08,G000,-1.9328,-2.2459,epoch15
E08,G001,-1.0843,-2.0305,epoch15
E08,G002,-0.9255,-1.2892,epoch15
E08,G003,-1.8272,-1.5248,epoch15
E08,G004,-1.5307,-1.4141,epoch15
E08,G005,-0.624,0.8289,epoch15
E08,G006,-1.6664,-2.311,epoch15
E08,G007,-1.9231,-1.2588,epoch15
E08,G008,-4.1302,-2.4973,epoch15
E08,G009,-2.1849,-1.7494,epoch15
E08,G010,-1.5424,-2.1081,epoch15
E08,G011,-0.0769,-1.0668,epoch15
E08,G012,0.469,-1.4445,epoch15
E08,G013,-2.059,-1.1492,epoch15
E08,G014,-2.3106,-1.5662,epoch15
E08,G015,0.5662,-1.7558,epoch15
E08,G016,-0.4074,0.8817,epoch15
E08,G017,-2.4391,-2.0038,epoch15
E08,G018,-5.0303,-1.5972,epoch15
E08,G019,-2.4863,0.9488,epoch15
E08,G020,-0.7205,-2.0445,epoch15
E08,G021,-4.6595,-0.7171,epoch15
E08,G022,1.3263,0.6564,epoch15
E08,G023,-2.4968,-1.3587,epoch15
E08,G024,-0.4553,-3.0124,epoch15
E08,G025,0.2125,0.3649,epoch15
E08,G026,-1.0257,-0.8658,epoch15
E08,G027,-1.8018,-1.6614,epoch15
E08,G028,-0.8452,0.1899,epoch15
E08,G029,0.2321,-1.2726,epoch15
E08,G030,-1.8705,-0.1343,epoch15
E08,G031,-1.2594,-1.5387,epoch15
E08,G032,1.5686,-0.1781,epoch15
E08,G033,-5.3624,-2.8141,epoch15
E08,G034,-0.5988,-1.2806,epoch15
E08,G035,-1.7204,-1.7306,epoch15
E08,G036,-1.4079,-1.8064,epoch15
E08,G037,1.6869,-0.197,epoch15
E08,G038,0.1705,-0.7212,epoch15
E08,G039,-2.1975,-1.4563,epoch15
E08,G040,-2.7851,0.108,epoch15
E08,G041,0.965,-0.793,epoch15
E08,G042,-1.6135,-2.6393,epoch15
E08,G043,0.8245,-0.8344,epoch15
E08,G044,-0.8367,-0.9086,epoch15
E08,G045,-3.3654,0.009,epoch15
E08,G046,-0.2945,0.4324,epoch15
E08,G047,-2.3875,-0.6556,epoch15
E08,G048,-0.621,-1.565,epoch15
E08,G049,-1.0001,-0.4921,epoch15
E08,G050,-0.8842,-2.3094,epoch15
E08,G051,-3.6145,-0.2156,epoch15
E08,G052,-1.5671,-1.2419,epoch15
E08,G053,0.1248,-0.7453,epoch15
E08,G054,-0.7231,-1.2305,epoch15
E08,G055,-0.91,-0.8216,epoch15
E08,G056,-5.7516,-2.6055,epoch15
E08,G057,-1.3762,-0.8834,epoch15
E08,G058,2.7468,-1.8156,epoch15
E08,G059,-2.2391,-0.7516,epoch15
E09,G000,-0.6027,-4.1323,epoch15
E09,G001,-1.95,-3.0153,epoch15
E09,G002,-2.0357,-4.3833,epoch15
E09,G003,-1.4515,-5.0055,epoch15
E09,G004,-4.2172,-4.8138,epoch15
E09,G005,-1.8392,-4.5067,epoch15
E09,G006,-2.6961,-5.0799,epoch15
E09,G007,-0.7673,-5.5321,epoch15
E09,G008,-2.1824,-5.8476,epoch15
E09,G009,-1.1806,-5.0256,epoch15
E09,G010,-3.3687,-5.1223,epoch15
E09,G011,-2.0184,-5.3027,epoch15
E09,G012,-1.7105,-5.6241,epoch15
E09,G013,-2.4764,-4.8386,epoch15
E09,G014,-4.7414,-4.473,epoch15
E09,G015,-1.9856,-4.4099,epoch15
E09,G016,-2.2013,-3.9608,epoch15
E09,G017,-3.3243,-3.619,epoch15
E09,G018,-4.2899,-4.2868,epoch15
E09,G019,-2.7238,-4.7375,epoch15
E09,G020,-2.3687,-5.2053,epoch15
E09,G021,-0.9235,-6.1071,epoch15
E09,G022,0.8402,-4.9973,epoch15
E09,G023,-3.9865,-4.4052,epoch15
E09,G024,-2.402,-5.5419,epoch15
E09,G025,0.7964,-2.8306,epoch15
E09,G026,-1.6199,-3.1839,epoch15
E09,G027,-3.0465,-5.229,epoch15
E09,G028,-0.3721,-3.8648,epoch15
E09,G029,-1.59,-5.681,epoch15
E09,G030,-4.3935,-6.0072,epoch15
E09,G031,-3.8577,-5.173,epoch15
E09,G032,0.8703,-3.8172,epoch15
E09,G033,-2.4473,-5.0763,epoch15
E09,G034,-1.7183,-4.8862,epoch15
E09,G035,-2.75,-2.8277,epoch15
E09,G036,-0.9377,-4.2274,epoch15
E09,G037,0.8585,-3.6527,epoch15
E09,G038,-0.6646,-3.4,epoch15
E09,G039,-2.7664,-4.9634,epoch15
E09,G040,-1.5027,-4.8929,epoch15
E09,G041,-2.6143,-4.7731,epoch15
E09,G042,-2.5437,-6.2008,epoch15
E09,G043,0.0197,-2.7971,epoch15
E09,G044,-2.0087,-5.2981,epoch15
E09,G045,-3.669,-5.9922,epoch15
E09,G046,-0.3447,-4.7433,epoch15
E09,G047,-1.7207,-6.2488,epoch15
E09,G048,0.8734,-2.4537,epoch15
E09,G049,-4.6481,-4.4865,epoch15
E09,G050,0.882,-3.3147,epoch15
E09,G051,-3.0177,-3.3266,epoch15
E09,G052,0.3935,-3.6796,epoch15
E09,G053,0.8861,-3.6047,epoch15
E09,G054,0.3749,-4.8476,epoch15
E09,G055,-0.1031,-4.16,epoch15
E09,G056,-2.9627,-5.1356,epoch15
E09,G057,-1.8064,-4.7665,epoch15
E09,G058,-2.303,-5.1502,epoch15
E09,G059,-5.9845,-4.0131,epoch15
E10,G000,4.475,-3.5511,epoch15
E10,G001,0.4218,-4.9667,epoch15
E10,G002,1.8611,-6.2552,epoch15
E10,G003,0.0026,-3.8638,epoch15
E10,G004,1.8137,-3.8732,epoch15
E10,G005,1.826,-4.7601,epoch15
E10,G006,0.779,-6.159,epoch15
E10,G007,0.0627,-4.3632,epoch15
E10,G008,-1.3862,-3.8999,epoch15
E10,G009,0.5778,-6.2394,epoch15
E10,G010,-1.8965,-4.1704,epoch15
E10,G011,-0.8292,-6.1097,epoch15
E10,G012,1.2201,-4.3342,epoch15
E10,G013,-0.6708,-3.1123,epoch15
E10,G014,-0.6644,-4.8603,epoch15
E10,G015,0.558,-4.1283,epoch15
E10,G016,2.5893,-4.8466,epoch15
E10,G017,2.3889,-4.4228,epoch15
E10,G018,-0.5056,-2.8321,epoch15
E10,G019,2.4461,-3.1784,epoch15
E10,G020,-1.6506,-5.345,epoch15
E10,G021,-0.6472,-5.2194,epoch15
E10,G022,2.9311,-4.0937,epoch15
E10,G023,0.948,-2.0967,epoch15
E10,G024,1.5821,-3.9763,epoch15
E10,G025,0.7101,-3.1141,epoch15
E10,G026,1.2569,-4.7257,epoch15
E10,G027,4.1856,-5.0693,epoch15
E10,G028,0.4194,-3.2095,epoch15
E10,G029,1.2578,-4.5045,epoch15
E10,G030,-0.0494,-5.1963,epoch15
E10,G031,0.4971,-4.8511,epoch15
E10,G032,1.8175,-4.3675,epoch15
E10,G033,0.7765,-5.5421,epoch15
E10,G034,5.7934,-5.0173,epoch15
E10,G035,3.0237,-2.8676,epoch15
E10,G036,0.263,-4.1131,epoch15
E10,G037,4.4089,-2.6851,epoch15
E10,G038,0.2335,-4.8963,epoch15
E10,G039,1.2731,-4.3123,epoch15
E10,G040,1.4542,-4.2442,epoch15
E10,G041,2.3847,-3.0357,epoch15
E10,G042,2.1208,-3.5514,epoch15
E10,G043,1.0891,-3.9068,epoch15
E10,G044,-0.4296,-5.3638,epoch15
E10,G045,0.4281,-5.1375,epoch15
E10,G046,1.7023,-4.7815,epoch15
E10,G047,-1.1045,-5.2366,epoch15
E10,G048,0.8599,-4.9252,epoch15
E10,G049,-0.4354,-5.7056,epoch15
E10,G050,-0.1636,-3.3863,epoch15
E10,G051,1.3425,-4.2434,epoch15
E10,G052,-0.5975,-6.3002,epoch15
E10,G053,0.9931,-5.1527,epoch15
E10,G054,2.5659,-4.8112,epoch15
E10,G055,3.1321,-3.7772,epoch15
E10,G056,0.3457,-4.2774,epoch15
E10,G057,0.6558,-5.7192,epoch15
E10,G058,0.6773,-3.8875,epoch15
E10,G059,0.3459,-5.3924,epoch15
E11,G000,-0.4607,-0.3549,epoch15
E11,G001,0.0596,-0.9858,epoch15
E11,G002,0.4465,-1.0841,epoch15
E11,G003,-2.25,-0.9112,epoch15
E11,G004,2.407,-1.8079,epoch15
E11,G005,1.936,-1.9386,epoch15
E11,G006,-2.2604,-3.1638,epoch15
E11,G007,-0.2794,-1.5822,epoch15
E11,G008,-1.5419,-2.2254,epoch15
E11,G009,0.3306,-1.9904,epoch15
E11,G010,-3.0364,-2.3053,epoch15
E11,G011,0.4612,-1.5121,epoch15
E11,G012,2.8088,-1.8737,epoch15
E11,G013,2.3143,-1.503,epoch15
E11,G014,0.5,-0.9416,epoch15
E11,G015,0.9273,-1.6518,epoch15
E11,G016,2.7194,-0.3636,epoch15
E11,G017,1.2997,-2.0831,epoch15
E11,G018,-0.4179,-3.15,epoch15
E11,G019,-1.5501,-1.4908,epoch15
E11,G020,-1.5433,-1.1323,epoch15
E11,G021,1.4763,-2.2581,epoch15
E11,G022,0.7057,-0.626,epoch15
E11,G023,0.5567,-0.8884,epoch15
E11,G024,0.0387,-0.7399,epoch15
E11,G025,0.4705,-1.323,epoch15
E11,G026,1.5568,-1.1414,epoch15
E11,G027,0.2176,-2.9466,epoch15
E11,G028,0.3483,-1.4285,epoch15
E11,G029,2.0823,-1.0373,epoch15
E11,G030,0.8152,-0.4187,epoch15
E11,G031,-0.3887,-2.7892,epoch15
E11,G032,1.1989,-1.7795,epoch15
E11,G033,0.2702,-2.6161,epoch15
E11,G034,1.8405,-0.2882,epoch15
E11,G035,2.1252,-3.6033,epoch15
E11,G036,3.9939,-2.2416,epoch15
E11,G037,3.2611,0.8994,epoch15
E11,G038,1.6777,-0.578,epoch15
E11,G039,-0.8432,-3.1231,epoch15
E11,G040,1.1533,-1.1142,epoch15
E11,G041,-0.8041,-0.9416,epoch15
E11,G042,-0.7691,-1.1599,epoch15
E11,G043,0.8094,-1.5229,epoch15
E11,G044,0.863,-2.0001,epoch15
E11,G045,2.7276,-0.3333,epoch15
E11,G046,2.9084,-0.6384,epoch15
E11,G047,-1.0827,-1.3006,epoch15
E11,G048,0.4024,-0.8381,epoch15
E11,G049,1.8682,-2.0638,epoch15
E11,G050,1.0605,-0.2668,epoch15
E11,G051,1.8716,-2.1385,epoch15
E11,G052,0.4657,-1.453,epoch15
E11,G053,0.7318,-2.5343,epoch15
E11,G054,1.2833,-1.4226,epoch15
E11,G055,1.7062,-1.619,epoch15
E11,G056,1.82,-2.6016,epoch15
E11,G057,-0.8659,-1.3964,epoch15
E11,G058,2.9338,0.0135,epoch15
E11,G059,1.7086,-0.078,epoch15
E00,G000,-0.4154,2.0037,epoch16
E00,G001,-2.5288,2.5492,epoch16
E00,G002,0.0976,3.8938,epoch16
E00,G003,0.2616,4.2563,epoch16
E00,G004,-2.788,1.1775,epoch16
E00,G005,-0.2772,2.4436,epoch16
E00,G006,-2.7185,2.3688,epoch16
E00,G007,-2.1974,3.5253,epoch16
E00,G008,-1.4414,3.2136,epoch16
E00,G009,-0.556,2.8868,epoch16
E00,G010,-0.6607,2.0405,epoch16
E00,G011,0.2955,4.1453,epoch16
E00,G012,0.6534,3.5046,epoch16
E00,G013,-0.9257,4.2547,epoch16
E00,G014,-1.2855,2.3914,epoch16
E00,G015,-0.4211,4.0763,epoch16
E00,G016,1.1629,3.2711,epoch16
E00,G017,0.9834,4.2551,epoch16
E00,G018,-3.0006,3.3132,epoch16
E00,G019,-0.1714,4.2071,epoch16
E00,G020,-1.4727,2.5013,epoch16
E00,G021,0.1383,3.663,epoch16
E00,G022,-0.2985,3.4163,epoch16
E00,G023,1.238,3.5072,epoch16
E00,G024,-0.8287,4.0231,epoch16
E00,G025,-0.0812,6.9365,epoch16
E00,G026,-3.4712,3.1827,epoch16
E00,G027,-1.8146,3.8868,epoch16
E00,G028,-0.1893,3.8661,epoch16
E00,G029,-1.2814,4.6262,epoch16
E00,G030,-1.015,3.8135,epoch16
E00,G031,1.0094,5.3599,epoch16
E00,G032,1.3314,4.4111,epoch16
E00,G033,-2.7054,5.2576,epoch16
E00,G034,0.9677,5.4258,epoch16
E00,G035,1.4464,2.4219,epoch16
E00,G036,1.8098,3.7933,epoch16
E00,G037,0.8517,4.5567,epoch16
E00,G038,0.7926,2.2554,epoch16
E00,G039,-1.6721,2.7107,epoch16
E00,G040,0.1383,3.1443,epoch16
E00,G041,-0.6238,3.3258,epoch16
E00,G042,-0.6454,3.8603,epoch16
E00,G043,-0.0818,2.1492,epoch16
E00,G044,-0.8602,4.5251,epoch16
E00,G045,-0.8876,4.5328,epoch16
E00,G046,1.6464,4.9047,epoch16
E00,G047,-2.6381,3.3044,epoch16
E00,G048,-1.1767,3.9059,epoch16
E00,G049,-1.287,3.0579,epoch16
E00,G050,0.1955,4.8622,epoch16
E00,G051,-2.7683,3.3122,epoch16
E00,G052,-3.1422,5.1127,epoch16
E00,G053,-0.4029,3.4914,epoch16
E00,G054,0.2103,4.9065,epoch16
E00,G055,2.2968,3.9204,epoch16
E00,G056,-2.6215,2.7124,epoch16
E00,G057,-1.1492,2.7583,epoch16
E00,G058,0.6893,4.3015,epoch16
E00,G059,-2.023,3.2183,epoch16
E01,G000,-0.2253,0.9333,epoch16
E01,G001,-2.0616,0.9126,epoch16
E01,G002,3.0404,0.5566,epoch16
E01,G003,2.6715,1.2695,epoch16
E01,G004,0.5158,0.602,epoch16
E01,G005,-0.3818,0.0039,epoch16
E01,G006,-0.3281,-0.9421,epoch16
E01,G007,-1.8268,-0.1046,epoch16
E01,G008,-0.4833,0.3593,epoch16
E01,G009,2.6181,0.7793,epoch16
E01,G010,0.2107,0.5733,epoch16
E01,G011,-0.0383,-0.4149,epoch16
E01,G012,0.3805,0.5975,epoch16
E01,G013,-0.0083,1.0173,epoch16
E01,G014,0.3205,-0.7269,epoch16
E01,G015,-0.3888,0.3889,epoch16
E01,G016,-0.3668,-0.0338,epoch16
E01,G017,0.5899,0.4943,epoch16
E01,G018,-1.254,1.1319,epoch16
E01,G019,0.15,0.1946,epoch16
E01,G020,0.6929,-1.0841,epoch16
E01,G021,0.2603,0.3156,epoch16
E01,G022,2.358,0.7872,epoch16
E01,G023,-1.3717,0.936,epoch16
E01,G024,0.6172,-1.3154,epoch16
E01,G025,3.1627,-0.4163,epoch16
E01,G026,2.094,0.4384,epoch16
E01,G027,0.4189,-1.3264,epoch16
E01,G028,0.2735,1.0982,epoch16
E01,G029,2.8339,-1.4297,epoch16
E01,G030,-0.4203,-0.5442,epoch16
E01,G031,-0.3059,-1.3894,epoch16
E01,G032,2.4199,0.1494,epoch16
E01,G033,-0.4987,0.2925,epoch16
E01,G034,-0.0638,0.7072,epoch16
E01,G035,1.688,1.372,epoch16
E01,G036,-0.1889,0.6034,epoch16
E01,G037,2.9178,-0.7915,epoch16
E01,G038,0.8504,0.6585,epoch16
E01,G039,-1.2757,-1.7014,epoch16
E01,G040,0.4228,-0.2701,epoch16
E01,G041,2.1007,0.1174,epoch16
E01,G042,-1.1847,-0.5505,epoch16
E01,G043,0.3374,0.6823,epoch16
E01,G044,2.28,-0.1164,epoch16
E01,G045,-0.0107,1.9845,epoch16
E01,G046,2.5722,1.4458,epoch16
E01,G047,-1.0126,1.1123,epoch16
E01,G048,1.7758,0.9476,epoch16
E01,G049,2.2408,0.8071,epoch16
E01,G050,3.3374,0.4692,epoch16
E01,G051,-0.8708,1.5656,epoch16
E01,G052,0.8018,-0.9088,epoch16
E01,G053,0.6872,0.6506,epoch16
E01,G054,2.5713,0.9364,epoch16
E01,G055,3.9162,0.6926,epoch16
E01,G056,-1.628,0.1986,epoch16
E01,G057,0.613,-0.8192,epoch16
E01,G058,0.3774,0.9691,epoch16
E01,G059,0.8277,0.5222,epoch16
E02,G000,0.2838,3.552,epoch16
E02,G001,-2.387,3.4659,epoch16
E02,G002,-0.0581,2.3621,epoch16
E02,G003,1.2929,1.9922,epoch16
E02,G004,-1.412,2.3687,epoch16
E02,G005,-0.01,3.0298,epoch16
E02,G006,-3.4272,4.6192,epoch16
E02,G007,-3.0483,2.8843,epoch16
E02,G008,-2.4997,3.1125,epoch16
E02,G009,0.3819,4.0782,epoch16
E02,G010,-1.4589,4.7501,epoch16
E02,G011,0.2659,3.6066,epoch16
E02,G012,1.823,4.3107,epoch16
E02,G013,-0.2903,3.3141,epoch16
E02,G014,-4.7103,1.17,epoch16
E02,G015,-2.5947,1.6313,epoch16
E02,G016,1.0271,2.6578,epoch16
E02,G017,-2.6697,4.2516,epoch16
E02,G018,-1.0323,2.8684,epoch16
E02,G019,-1.2145,3.077,epoch16
E02,G020,-3.9153,2.4082,epoch16
E02,G021,-1.7111,1.8229,epoch16
E02,G022,0.4602,3.6031,epoch16
E02,G023,-2.762,2.8538,epoch16
E02,G024,-1.2487,3.6918,epoch16
E02,G025,1.1571,4.338,epoch16
E02,G026,-0.6792,1.2569,epoch16
E02,G027,-2.2836,2.9556,epoch16
E02,G028,-0.2852,4.4208,epoch16
E02,G029,-0.5877,2.0239,epoch16
E02,G030,-3.7055,2.075,epoch16
E02,G031,0.0998,3.4878,epoch16
E02,G032,0.5986,4.6589,epoch16
E02,G033,-2.4839,3.2525,epoch16
E02,G034,-1.0106,3.0395,epoch16
E02,G035,-0.9596,3.5046,epoch16
E02,G036,-1.9963,3.6229,epoch16
E02,G037,0.1289,4.0387,epoch16
E02,G038,-0.2122,5.1924,epoch16
E02,G039,-1.3194,2.9172,epoch16
E02,G040,-0.1478,2.3446,epoch16
E02,G041,1.0143,2.7667,epoch16
E02,G042,1.7453,3.5082,epoch16
E02,G043,-0.3885,2.8823,epoch16
E02,G044,2.1406,3.9449,epoch16
E02,G045,-0.906,3.7213,epoch16
E02,G046,1.5518,5.258,epoch16
E02,G047,-2.6941,3.291,epoch16
E02,G048,1.0514,4.4804,epoch16
E02,G049,1.072,2.5079,epoch16
E02,G050,-2.57,2.8171,epoch16
E02,G051,-2.7847,3.3831,epoch16
E02,G052,-0.8038,2.9744,epoch16
E02,G053,0.7165,3.9733,epoch16
E02,G054,0.935,3.7319,epoch16
E02,G055,-1.1513,2.4722,epoch16
E02,G056,-2.0382,4.0578,epoch16
E02,G057,-2.2051,3.4149,epoch16
E02,G058,-2.3923,1.1727,epoch16
E02,G059,-2.0215,1.7519,epoch16
E03,G000,-3.4471,-0.7021,epoch16
E03,G001,-2.4902,-0.82,epoch16
E03,G002,-4.1106,-1.4831,epoch16
E03,G003,-1.231,-2.3248,epoch16
E03,G004,-3.0079,-0.5554,epoch16
E03,G005,-3.4625,-1.4199,epoch16
E03,G006,-3.7202,-0.7023,epoch16
E03,G007,-4.4648,-1.3182,epoch16
E03,G008,-4.9541,-0.8647,epoch16
E03,G009,-3.4651,-0.2256,epoch16
E03,G010,-3.1338,-0.6275,epoch16
E03,G011,-1.3074,-1.4074,epoch16
E03,G012,-1.7767,-0.382,epoch16
E03,G013,-2.1974,-0.8545,epoch16
E03,G014,-4.1744,-3.3334,epoch16
E03,G015,-1.9815,-1.3749,epoch16
E03,G016,-3.258,-1.7519,epoch16
E03,G017,-1.6359,-0.6703,epoch16
E03,G018,-2.7034,-1.046,epoch16
E03,G019,-3.9729,-2.6262,epoch16
E03,G020,-2.2434,-0.3607,epoch16
E03,G021,-2.1739,-1.0799,epoch16
E03,G022,-1.4073,-1.7836,epoch16
E03,G023,-3.3942,-0.444,epoch16
E03,G024,-0.9659,-1.7017,epoch16
E03,G025,-3.572,-2.5255,epoch16
E03,G026,-2.1724,-0.5648,epoch16
E03,G027,-3.2066,-0.3419,epoch16
E03,G028,-1.699,-1.6322,epoch16
E03,G029,-2.5249,-0.3963,epoch16
E03,G030,-4.0608,-0.7118,epoch16
E03,G031,-0.2542,-1.5838,epoch16
E03,G032,0.335,1.5152,epoch16
E03,G033,-1.7626,-1.6329,epoch16
E03,G034,-0.4118,-0.5778,epoch16
E03,G035,-1.6991,-2.8143,epoch16
E03,G036,-3.6388,-0.9006,epoch16
E03,G037,-0.0626,-1.019,epoch16
E03,G038,-2.6748,-0.8848,epoch16
E03,G039,-2.2779,-2.6776,epoch16
E03,G040,-1.7631,0.226,epoch16
E03,G041,-2.8165,0.67,epoch16
E03,G042,-2.1725,0.7155,epoch16
E03,G043,-3.6846,-3.4825,epoch16
E03,G044,-1.7703,-0.5317,epoch16
E03,G045,-2.4617,-0.6008,epoch16
E03,G046,-1.6459,-3.3451,epoch16
E03,G047,-3.0834,-1.9881,epoch16
E03,G048,-0.6924,-0.7034,epoch16
E03,G049,-3.7328,0.1671,epoch16
E03,G050,-3.8887,-1.811,epoch16
E03,G051,-4.8853,-1.4897,epoch16
E03,G052,-5.292,-1.5174,epoch16
E03,G053,-2.2676,-0.417,epoch16
E03,G054,0.6178,-0.9858,epoch16
E03,G055,-2.0906,0.1585,epoch16
E03,G056,-3.1409,-0.7849,epoch16
E03,G057,-5.1691,-2.8942,epoch16
E03,G058,-1.3273,0.148,epoch16
E03,G059,-3.9271,-2.2688,epoch16
E04,G000,-1.3659,3.3384,epoch16
E04,G001,-1.6574,4.2641,epoch16
E04,G002,0.4356,3.671,epoch16
E04,G003,-0.17,4.4544,epoch16
E04,G004,-3.4716,3.4583,epoch16
E04,G005,-2.7324,3.9636,epoch16
E04,G006,-3.0526,2.2461,epoch16
E04,G007,-2.0531,2.5464,epoch16
E04,G008,-2.6858,3.3925,epoch16
E04,G009,-1.0115,4.4011,epoch16
E04,G010,0.4038,3.9037,epoch16
E04,G011,-3.0678,3.5036,epoch16
E04,G012,-1.6976,4.3324,epoch16
E04,G013,-0.3081,3.6128,epoch16
E04,G014,-4.0055,1.4932,epoch16
E04,G015,-3.1631,3.4567,epoch16
E04,G016,-1.1284,4.2139,epoch16
E04,G017,-0.9924,4.9184,epoch16
E04,G018,-2.7285,2.2232,epoch16
E04,G019,0.684,2.7532,epoch16
E04,G020,-1.7016,3.3302,epoch16
E04,G021,-2.8312,3.0417,epoch16
E04,G022,-1.822,3.6703,epoch16
E04,G023,-3.1238,3.9267,epoch16
E04,G024,0.731,4.3363,epoch16
E04,G025,-1.7076,5.4033,epoch16
E04,G026,-1.6536,3.9912,epoch16
E04,G027,0.7034,5.5611,epoch16
E04,G028,0.02,4.7353,epoch16
E04,G029,-1.0593,6.132,epoch16
E04,G030,-2.1129,3.7377,epoch16
E04,G031,-2.748,3.5725,epoch16
E04,G032,-0.8919,5.199,epoch16
E04,G033,-5.8616,2.2922,epoch16
E04,G034,0.5017,3.5856,epoch16
E04,G035,-0.612,4.3258,epoch16
E04,G036,-0.6251,4.0298,epoch16
E04,G037,2.0726,2.91,epoch16
E04,G038,0.1998,3.9716,epoch16
E04,G039,-3.84,2.8322,epoch16
E04,G040,0.0117,3.7628,epoch16
E04,G041,0.4542,4.0033,epoch16
E04,G042,-1.9217,3.5002,epoch16
E04,G043,-1.1993,4.9817,epoch16
E04,G044,-1.522,4.026,epoch16
E04,G045,-2.099,3.7568,epoch16
E04,G046,1.9172,4.3428,epoch16
E04,G047,-4.2765,4.358,epoch16
E04,G048,-1.6879,4.6055,epoch16
E04,G049,-0.5599,5.1467,epoch16
E04,G050,-0.8221,3.7715,epoch16
E04,G051,-2.1187,3.3984,epoch16
E04,G052,-2.6248,4.8612,epoch16
E04,G053,-1.2749,3.693,epoch16
E04,G054,-0.4637,5.0415,epoch16
E04,G055,-3.1172,4.519,epoch16
E04,G056,-1.8621,3.049,epoch16
E04,G057,-2.1515,2.3341,epoch16
E04,G058,-0.4622,4.474,epoch16
E04,G059,-4.1053,1.8956,epoch16
E05,G000,-3.5455,-6.4127,epoch16
E05,G001,-4.5257,-7.7918,epoch16
E05,G002,-1.27,-4.4972,epoch16
E05,G003,0.1457,-4.7871,epoch16
E05,G004,-4.3517,-6.1328,epoch16
E05,G005,-1.4424,-5.7308,epoch16
E05,G006,-2.8905,-6.4988,epoch16
E05,G007,-5.2704,-6.1191,epoch16
E05,G008,-4.1428,-5.9743,epoch16
E05,G009,-1.0113,-6.3459,epoch16
E05,G010,-2.8812,-8.4719,epoch16
E05,G011,-2.7924,-5.2475,epoch16
E05,G012,-1.7519,-4.9876,epoch16
E05,G013,-2.4634,-5.4879,epoch16
E05,G014,-4.4491,-4.9329,epoch16
E05,G015,-3.9004,-7.2887,epoch16
E05,G016,-1.4225,-8.2004,epoch16
E05,G017,-2.8564,-4.3683,epoch16
E05,G018,-4.7226,-6.0046,epoch16
E05,G019,-4.3964,-7.4534,epoch16
E05,G020,-4.417,-6.775,epoch16
E05,G021,-5.1928,-5.8266,epoch16
E05,G022,-1.0429,-6.2086,epoch16
E05,G023,-2.3787,-5.5612,epoch16
E05,G024,-1.9942,-3.766,epoch16
E05,G025,-0.3888,-3.8804,epoch16
E05,G026,-3.9198,-6.4026,epoch16
E05,G027,-3.0805,-5.6662,epoch16
E05,G028,-2.3732,-6.4797,epoch16
E05,G029,-2.4487,-5.47,epoch16
E05,G030,-3.209,-6.5601,epoch16
E05,G031,-2.7668,-6.3134,epoch16
E05,G032,0.3677,-6.3657,epoch16
E05,G033,-4.8416,-4.8609,epoch16
E05,G034,-3.02,-5.5594,epoch16
E05,G035,-2.2851,-6.3805,epoch16
E05,G036,-3.4729,-6.2087,epoch16
E05,G037,-1.6478,-4.13,epoch16
E05,G038,-1.4913,-3.6293,epoch16
E05,G039,-2.1177,-6.5535,epoch16
E05,G040,-2.2459,-5.1644,epoch16
E05,G041,-4.4435,-4.7997,epoch16
E05,G042,-3.6059,-6.1709,epoch16
E05,G043,-4.5932,-6.809,epoch16
E05,G044,-0.8097,-5.9609,epoch16
E05,G045,-0.8755,-5.504,epoch16
E05,G046,0.7184,-5.4693,epoch16
E05,G047,-4.9455,-7.2941,epoch16
E05,G048,-2.9235,-5.8094,epoch16
E05,G049,-2.3337,-5.4786,epoch16
E05,G050,-2.3013,-5.153,epoch16
E05,G051,-2.9736,-6.1038,epoch16
E05,G052,-2.8786,-4.5365,epoch16
E05,G053,0.528,-6.2169,epoch16
E05,G054,-0.0477,-5.3651,epoch16
E05,G055,-1.9252,-6.7896,epoch16
E05,G056,-3.7991,-5.6331,epoch16
E05,G057,-2.978,-6.2389,epoch16
E05,G058,-2.4796,-7.0017,epoch16
E05,G059,-5.9056,-7.3318,epoch16
E06,G000,-0.2709,5.6001,epoch16
E06,G001,-1.9405,4.3881,epoch16
E06,G002,-0.6592,3.9842,epoch16
E06,G003,0.0391,4.86,epoch16
E06,G004,1.1135,2.2168,epoch16
E06,G005,-0.5403,3.4751,epoch16
E06,G006,-2.9432,1.8735,epoch16
E06,G007,-1.301,2.9413,epoch16
E06,G008,-1.709,2.9691,epoch16
E06,G009,0.278,4.2953,epoch16
E06,G010,-1.0102,4.8158,epoch16
E06,G011,-0.7624,5.0033,epoch16
E06,G012,-0.2848,7.0132,epoch16
E06,G013,-1.5087,3.4439,epoch16
E06,G014,-1.5594,3.3126,epoch16
E06,G015,-0.5018,4.3564,epoch16
E06,G016,-1.4414,3.2,epoch16
E06,G017,0.3023,4.091,epoch16
E06,G018,-1.4568,3.9195,epoch16
E06,G019,0.5985,3.3418,epoch16
E06,G020,-1.4547,4.2053,epoch16
E06,G021,-1.669,4.6778,epoch16
E06,G022,-0.6786,3.5167,epoch16
E06,G023,-1.7722,1.818,epoch16
E06,G024,2.4065,4.4636,epoch16
E06,G025,-1.7878,3.3102,epoch16
E06,G026,-0.7986,4.0834,epoch16
E06,G027,-0.9475,3.264,epoch16
E06,G028,0.3425,4.6338,epoch16
E06,G029,-1.3511,4.9133,epoch16
E06,G030,-2.4002,3.9691,epoch16
E06,G031,0.1801,3.8422,epoch16
E06,G032,2.201,3.885,epoch16
E06,G033,-4.3416,0.9554,epoch16
E06,G034,0.1007,2.2316,epoch16
E06,G035,-1.1057,3.285,epoch16
E06,G036,-1.8295,3.7054,epoch16
E06,G037,2.6433,4.3705,epoch16
E06,G038,0.9882,3.6782,epoch16
E06,G039,-0.6572,2.076,epoch16
E06,G040,0.1368,2.8321,epoch16
E06,G041,1.1222,2.6026,epoch16
E06,G042,1.4383,4.7318,epoch16
E06,G043,1.2899,2.3507,epoch16
E06,G044,0.6251,4.397,epoch16
E06,G045,-0.6129,3.0838,epoch16
E06,G046,2.7176,5.6106,epoch16
E06,G047,0.0756,4.0,epoch16
E06,G048,-0.8423,4.9287,epoch16
E06,G049,-0.1253,4.9996,epoch16
E06,G050,-0.141,3.4913,epoch16
E06,G051,-1.3708,2.8074,epoch16
E06,G052,-0.8347,3.9856,epoch16
E06,G053,-1.6636,3.0637,epoch16
E06,G054,-0.0616,4.6188,epoch16
E06,G055,1.4757,4.1515,epoch16
E06,G056,-1.1174,3.2637,epoch16
E06,G057,-0.2017,4.3626,epoch16
E06,G058,1.1822,4.1112,epoch16
E06,G059,-3.3457,4.0911,epoch16
E07,G000,2.885,-0.1899,epoch16
E07,G001,1.9241,1.5579,epoch16
E07,G002,4.901,2.5777,epoch16
E07,G003,3.8238,0.6184,epoch16
E07,G004,2.3426,0.796,epoch16
E07,G005,0.6425,2.1448,epoch16
E07,G006,1.3167,1.0578,epoch16
E07,G007,-0.1517,-0.7057,epoch16
E07,G008,0.1119,-0.191,epoch16
E07,G009,3.3663,2.2058,epoch16
E07,G010,1.6257,0.2622,epoch16
E07,G011,3.0717,3.409,epoch16
E07,G012,4.7353,3.2739,epoch16
E07,G013,4.1428,1.4184,epoch16
E07,G014,-0.1352,1.1094,epoch16
E07,G015,0.8102,0.3401,epoch16
E07,G016,2.6891,1.2881,epoch16
E07,G017,3.7268,1.1745,epoch16
E07,G018,2.4015,1.7145,epoch16
E07,G019,3.9893,0.4138,epoch16
E07,G020,2.7992,1.0006,epoch16
E07,G021,3.6807,1.4977,epoch16
E07,G022,5.7463,2.6134,epoch16
E07,G023,4.1078,-0.1086,epoch16
E07,G024,3.0938,0.6252,epoch16
E07,G025,4.0081,1.2637,epoch16
E07,G026,2.5444,1.1511,epoch16
E07,G027,2.8102,1.8319,epoch16
E07,G028,3.9469,1.821,epoch16
E07,G029,2.5344,3.411,epoch16
E07,G030,1.1587,1.8856,epoch16
E07,G031,4.1407,2.0501,epoch16
E07,G032,5.7996,1.979,epoch16
E07,G033,1.9499,1.8697,epoch16
E07,G034,5.3116,2.7635,epoch16
E07,G035,4.4044,2.3606,epoch16
E07,G036,2.541,1.2347,epoch16
E07,G037,2.2297,2.8128,epoch16
E07,G038,3.2711,3.3505,epoch16
E07,G039,1.3105,0.4591,epoch16
E07,G040,2.6046,-0.0967,epoch16
E07,G041,4.1228,2.707,epoch16
E07,G042,3.4003,1.9973,epoch16
E07,G043,3.5955,1.8186,epoch16
E07,G044,1.2092,0.9879,epoch16
E07,G045,5.6143,4.3237,epoch16
E07,G046,4.1316,1.7929,epoch16
E07,G047,-0.0108,-0.1231,epoch16
E07,G048,3.8554,1.4257,epoch16
E07,G049,3.4186,2.0758,epoch16
E07,G050,2.6621,1.2125,epoch16
E07,G051,2.6568,0.8595,epoch16
E07,G052,2.0224,1.7207,epoch16
E07,G053,1.5478,1.0457,epoch16
E07,G054,4.2391,2.1309,epoch16
E07,G055,4.8797,1.9963,epoch16
E07,G056,1.4573,0.3358,epoch16
E07,G057,2.0436,1.2161,epoch16
E07,G058,4.0689,1.0094,epoch16
E07,G059,4.2828,1.8955,epoch16
E08,G000,-1.9328,0.9769,epoch16
E08,G001,-1.0843,1.1428,epoch16
E08,G002,-0.9255,0.3101,epoch16
E08,G003,-1.8272,1.2378,epoch16
E08,G004,-1.5307,0.3129,epoch16
E08,G005,-0.624,3.0476,epoch16
E08,G006,-1.6664,1.0759,epoch16
E08,G007,-1.9231,1.9045,epoch16
E08,G008,-4.1302,-0.6069,epoch16
E08,G009,-2.1849,0.544,epoch16
E08,G010,-1.5424,1.3555,epoch16
E08,G011,-0.0769,0.8022,epoch16
E08,G012,0.469,2.9466,epoch16
E08,G013,-2.059,0.9886,epoch16
E08,G014,-2.3106,1.1556,epoch16
E08,G015,0.5662,2.1841,epoch16
E08,G016,-0.4074,1.9163,epoch16
E08,G017,-2.4391,2.6051,epoch16
E08,G018,-5.0303,0.2393,epoch16
E08,G019,-2.4863,2.203,epoch16
E08,G020,-0.7205,2.4831,epoch16
E08,G021,-4.6595,1.0477,epoch16
E08,G022,1.3263,2.4067,epoch16
E08,G023,-2.4968,0.8271,epoch16
E08,G024,-0.4553,1.5125,epoch16
E08,G025,0.2125,2.5731,epoch16
E08,G026,-1.0257,1.7001,epoch16
E08,G027,-1.8018,0.1644,epoch16
E08,G028,-0.8452,2.0633,epoch16
E08,G029,0.2321,2.1462,epoch16
E08,G030,-1.8705,2.1853,epoch16
E08,G031,-1.2594,1.8429,epoch16
E08,G032,1.5686,3.6506,epoch16
E08,G033,-5.3624,-0.164,epoch16
E08,G034,-0.5988,1.0759,epoch16
E08,G035,-1.7204,2.5418,epoch16
E08,G036,-1.4079,0.7521,epoch16
E08,G037,1.6869,2.8607,epoch16
E08,G038,0.1705,2.3272,epoch16
E08,G039,-2.1975,-0.5889,epoch16
E08,G040,-2.7851,2.4123,epoch16
E08,G041,0.965,3.427,epoch16
E08,G042,-1.6135,2.0696,epoch16
E08,G043,0.8245,1.083,epoch16
E08,G044,-0.8367,2.5837,epoch16
E08,G045,-3.3654,1.0417,epoch16
E08,G046,-0.2945,2.3184,epoch16
E08,G047,-2.3875,1.664,epoch16
E08,G048,-0.621,0.761,epoch16
E08,G049,-1.0001,0.2748,epoch16
E08,G050,-0.8842,1.7084,epoch16
E08,G051,-3.6145,1.406,epoch16
E08,G052,-1.5671,0.3913,epoch16
E08,G053,0.1248,0.9412,epoch16
E08,G054,-0.7231,2.636,epoch16
E08,G055,-0.91,1.9195,epoch16
E08,G056,-5.7516,0.3152,epoch16
E08,G057,-1.3762,0.8923,epoch16
E08,G058,2.7468,2.42,epoch16
E08,G059,-2.2391,1.248,epoch16
E09,G000,-0.6027,-3.0796,epoch16
E09,G001,-1.95,-4.3901,epoch16
E09,G002,-2.0357,-2.9559,epoch16
E09,G003,-1.4515,-3.8233,epoch16
E09,G004,-4.2172,-3.2793,epoch16
E09,G005,-1.8392,-1.8167,epoch16
E09,G006,-2.6961,-2.4944,epoch16
E09,G007,-0.7673,-2.2801,epoch16
E09,G008,-2.1824,-3.0989,epoch16
E09,G009,-1.1806,-3.1044,epoch16
E09,G010,-3.3687,-2.9043,epoch16
E09,G011,-2.0184,-2.9304,epoch16
E09,G012,-1.7105,-3.1952,epoch16
E09,G013,-2.4764,-3.6352,epoch16
E09,G014,-4.7414,-3.5539,epoch16
E09,G015,-1.9856,-2.5753,epoch16
E09,G016,-2.2013,-1.2458,epoch16
E09,G017,-3.3243,-2.2961,epoch16
E09,G018,-4.2899,-3.6586,epoch16
E09,G019,-2.7238,-1.9595,epoch16
E09,G020,-2.3687,-3.5983,epoch16
E09,G021,-0.9235,-1.8418,epoch16
E09,G022,0.8402,-1.9864,epoch16
E09,G023,-3.9865,-0.6087,epoch16
E09,G024,-2.402,-3.8309,epoch16
E09,G025,0.7964,-2.35,epoch16
E09,G026,-1.6199,-2.8602,epoch16
E09,G027,-3.0465,-2.9827,epoch16
E09,G028,-0.3721,-2.3826,epoch16
E09,G029,-1.59,-3.5609,epoch16
E09,G030,-4.3935,-4.072,epoch16
E09,G031,-3.8577,-2.9122,epoch16
E09,G032,0.8703,-1.1948,epoch16
E09,G033,-2.4473,-4.2413,epoch16
E09,G034,-1.7183,-3.7322,epoch16
E09,G035,-2.75,-1.8879,epoch16
E09,G036,-0.9377,-2.045,epoch16
E09,G037,0.8585,-1.1857,epoch16
E09,G038,-0.6646,-3.1026,epoch16
E09,G039,-2.7664,-3.6653,epoch16
E09,G040,-1.5027,-2.8073,epoch16
E09,G041,-2.6143,-2.162,epoch16
E09,G042,-2.5437,-3.1686,epoch16
E09,G043,0.0197,-2.4316,epoch16
E09,G044,-2.0087,-1.885,epoch16
E09,G045,-3.669,-3.186,epoch16
E09,G046,-0.3447,-2.7441,epoch16
E09,G047,-1.7207,-3.5292,epoch16
E09,G048,0.8734,-2.949,epoch16
E09,G049,-4.6481,-3.0324,epoch16
E09,G050,0.882,-3.0624,epoch16
E09,G051,-3.0177,-3.3215,epoch16
E09,G052,0.3935,-1.2079,epoch16
E09,G053,0.8861,-2.1071,epoch16
E09,G054,0.3749,-2.7603,epoch16
E09,G055,-0.1031,-1.233,epoch16
E09,G056,-2.9627,-3.3856,epoch16
E09,G057,-1.8064,-3.1392,epoch16
E09,G058,-2.303,-2.9082,epoch16
E09,G059,-5.9845,-4.017,epoch16
E10,G000,4.475,3.4263,epoch16
E10,G001,0.4218,3.1221,epoch16
E10,G002,1.8611,1.9232,epoch16
E10,G003,0.0026,3.1523,epoch16
E10,G004,1.8137,3.4989,epoch16
E10,G005,1.826,3.481,epoch16
E10,G006,0.779,3.1276,epoch16
E10,G007,0.0627,5.218,epoch16
E10,G008,-1.3862,3.6642,epoch16
E10,G009,0.5778,3.3079,epoch16
E10,G010,-1.8965,3.1617,epoch16
E10,G011,-0.8292,3.4734,epoch16
E10,G012,1.2201,3.9468,epoch16
E10,G013,-0.6708,3.015,epoch16
E10,G014,-0.6644,4.2758,epoch16
E10,G015,0.558,2.4435,epoch16
E10,G016,2.5893,3.9429,epoch16
E10,G017,2.3889,3.9907,epoch16
E10,G018,-0.5056,1.9953,epoch16
E10,G019,2.4461,4.1525,epoch16
E10,G020,-1.6506,3.3135,epoch16
E10,G021,-0.6472,2.4865,epoch16
E10,G022,2.9311,5.8971,epoch16
E10,G023,0.948,4.5734,epoch16
E10,G024,1.5821,3.5542,epoch16
E10,G025,0.7101,3.4883,epoch16
E10,G026,1.2569,2.9308,epoch16
E10,G027,4.1856,4.316,epoch16
E10,G028,0.4194,3.6374,epoch16
E10,G029,1.2578,2.3153,epoch16
E10,G030,-0.0494,2.5681,epoch16
E10,G031,0.4971,3.1428,epoch16
E10,G032,1.8175,3.9295,epoch16
E10,G033,0.7765,2.5909,epoch16
E10,G034,5.7934,3.8404,epoch16
E10,G035,3.0237,4.6399,epoch16
E10,G036,0.263,4.3299,epoch16
E10,G037,4.4089,4.5799,epoch16
E10,G038,0.2335,1.4707,epoch16
E10,G039,1.2731,3.1905,epoch16
E10,G040,1.4542,4.0628,epoch16
E10,G041,2.3847,3.8573,epoch16
E10,G042,2.1208,3.9434,epoch16
E10,G043,1.0891,3.8542,epoch16
E10,G044,-0.4296,1.8577,epoch16
E10,G045,0.4281,1.7651,epoch16
E10,G046,1.7023,4.4753,epoch16
E10,G047,-1.1045,2.8192,epoch16
E10,G048,0.8599,3.8778,epoch16
E10,G049,-0.4354,3.0816,epoch16
E10,G050,-0.1636,2.9069,epoch16
E10,G051,1.3425,4.6561,epoch16
E10,G052,-0.5975,2.4234,epoch16
E10,G053,0.9931,3.8069,epoch16
E10,G054,2.5659,3.5024,epoch16
E10,G055,3.1321,4.0902,epoch16
E10,G056,0.3457,3.0588,epoch16
E10,G057,0.6558,3.6384,epoch16
E10,G058,0.6773,3.6577,epoch16
E10,G059,0.3459,1.5518,epoch16
E11,G000,-0.4607,0.3831,epoch16
E11,G001,0.0596,0.0226,epoch16
E11,G002,0.4465,1.0464,epoch16
E11,G003,-2.25,1.8213,epoch16
E11,G004,2.407,0.179,epoch16
E11,G005,1.936,-0.9585,epoch16
E11,G006,-2.2604,-1.1139,epoch16
E11,G007,-0.2794,-0.3067,epoch16
E11,G008,-1.5419,0.1965,epoch16
E11,G009,0.3306,-1.1125,epoch16
E11,G010,-3.0364,-0.0015,epoch16
E11,G011,0.4612,0.7659,epoch16
E11,G012,2.8088,-0.1001,epoch16
E11,G013,2.3143,1.0779,epoch16
E11,G014,0.5,-1.1285,epoch16
E11,G015,0.9273,0.0939,epoch16
E11,G016,2.7194,-0.3386,epoch16
E11,G017,1.2997,0.7307,epoch16
E11,G018,-0.4179,-1.4776,epoch16
E11,G019,-1.5501,0.3723,epoch16
E11,G020,-1.5433,-2.1868,epoch16
E11,G021,1.4763,-0.5093,epoch16
E11,G022,0.7057,-0.0934,epoch16
E11,G023,0.5567,1.1492,epoch16
E11,G024,0.0387,0.2836,epoch16
E11,G025,0.4705,-0.0752,epoch16
E11,G026,1.5568,-0.2807,epoch16
E11,G027,0.2176,0.0844,epoch16
E11,G028,0.3483,-0.4476,epoch16
E11,G029,2.0823,2.1946,epoch16
E11,G030,0.8152,-2.5382,epoch16
E11,G031,-0.3887,-0.0889,epoch16
E11,G032,1.1989,-1.5497,epoch16
E11,G033,0.2702,0.6724,epoch16
E11,G034,1.8405,-0.1901,epoch16
E11,G035,2.1252,1.5673,epoch16
E11,G036,3.9939,-0.1898,epoch16
E11,G037,3.2611,1.6057,epoch16
E11,G038,1.6777,0.5908,epoch16
E11,G039,-0.8432,0.5543,epoch16
E11,G040,1.1533,0.5455,epoch16
E11,G041,-0.8041,-2.7302,epoch16
E11,G042,-0.7691,-0.7499,epoch16
E11,G043,0.8094,-1.109,epoch16
E11,G044,0.863,1.0736,epoch16
E11,G045,2.7276,0.9781,epoch16
E11,G046,2.9084,1.009,epoch16
E11,G047,-1.0827,-0.1496,epoch16
E11,G048,0.4024,0.552,epoch16
E11,G049,1.8682,-0.6225,epoch16
E11,G050,1.0605,1.6695,epoch16
E11,G051,1.8716,0.0222,epoch16
E11,G052,0.4657,-0.5019,epoch16
E11,G053,0.7318,-1.753,epoch16
E11,G054,1.2833,-0.1836,epoch16
E11,G055,1.7062,0.1606,epoch16
E11,G056,1.82,-0.6931,epoch16
E11,G057,-0.8659,-0.4917,epoch16
E11,G058,2.9338,0.3896,epoch16
E11,G059,1.7086,-1.1754,epoch16
E00,G000,-0.4154,-0.5855,epoch17
E00,G001,-2.5288,-0.4265,epoch17
E00,G002,0.0976,0.5432,epoch17
E00,G003,0.2616,0.3743,epoch17
E00,G004,-2.788,-0.1632,epoch17
E00,G005,-0.2772,-1.6875,epoch17
E00,G006,-2.7185,0.4196,epoch17
E00,G007,-2.1974,-1.2191,epoch17
E00,G008,-1.4414,-0.9345,epoch17
E00,G009,-0.556,0.1683,epoch17
E00,G010,-0.6607,0.5059,epoch17
E00,G011,0.2955,0.7668,epoch17
E00,G012,0.6534,0.6704,epoch17
E00,G013,-0.9257,0.6286,epoch17
E00,G014,-1.2855,-1.2757,epoch17
E00,G015,-0.4211,0.2093,epoch17
E00,G016,1.1629,1.5721,epoch17
E00,G017,0.9834,-0.5481,epoch17
E00,G018,-3.0006,-1.9821,epoch17
E00,G019,-0.1714,-1.004,epoch17
E00,G020,-1.4727,0.6508,epoch17
E00,G021,0.1383,0.967,epoch17
E00,G022,-0.2985,0.0078,epoch17
E00,G023,1.238,-0.0514,epoch17
E00,G024,-0.8287,-0.0665,epoch17
E00,G025,-0.0812,1.2881,epoch17
E00,G026,-3.4712,-2.4979,epoch17
E00,G027,-1.8146,-1.228,epoch17
E00,G028,-0.1893,-0.3774,epoch17
E00,G029,-1.2814,-0.0511,epoch17
E00,G030,-1.015,-0.4888,epoch17
E00,G031,1.0094,0.2882,epoch17
E00,G032,1.3314,0.4726,epoch17
E00,G033,-2.7054,-3.1985,epoch17
E00,G034,0.9677,3.0437,epoch17
E00,G035,1.4464,0.8204,epoch17
E00,G036,1.8098,0.3747,epoch17
E00,G037,0.8517,0.0722,epoch17
E00,G038,0.7926,0.7816,epoch17
E00,G039,-1.6721,1.3884,epoch17
E00,G040,0.1383,1.2552,epoch17
E00,G041,-0.6238,0.1809,epoch17
E00,G042,-0.6454,-1.2704,epoch17
E00,G043,-0.0818,0.0237,epoch17
E00,G044,-0.8602,-0.3184,epoch17
E00,G045,-0.8876,0.6888,epoch17
E00,G046,1.6464,-0.3724,epoch17
E00,G047,-2.6381,-0.4858,epoch17
E00,G048,-1.1767,0.252,epoch17
E00,G049,-1.287,-0.8712,epoch17
E00,G050,0.1955,0.8621,epoch17
E00,G051,-2.7683,-2.165,epoch17
E00,G052,-3.1422,-1.7576,epoch17
E00,G053,-0.4029,-0.3854,epoch17
E00,G054,0.2103,0.4028,epoch17
E00,G055,2.2968,0.343,epoch17
E00,G056,-2.6215,-1.6633,epoch17
E00,G057,-1.1492,0.5146,epoch17
E00,G058,0.6893,0.1267,epoch17
E00,G059,-2.023,-1.1567,epoch17
E01,G000,-0.2253,-3.2606,epoch17
E01,G001,-2.0616,-4.4837,epoch17
E01,G002,3.0404,-2.5625,epoch17
E01,G003,2.6715,-2.6278,epoch17
E01,G004,0.5158,-4.732,epoch17
E01,G005,-0.3818,-4.1431,epoch17
E01,G006,-0.3281,-4.6435,epoch17
E01,G007,-1.8268,-3.9253,epoch17
E01,G008,-0.4833,-3.5541,epoch17
E01,G009,2.6181,-4.4451,epoch17
E01,G010,0.2107,-4.153,epoch17
E01,G011,-0.0383,-3.292,epoch17
E01,G012,0.3805,-2.5858,epoch17
E01,G013,-0.0083,-3.6696,epoch17
E01,G014,0.3205,-2.3772,epoch17
E01,G015,-0.3888,-3.6929,epoch17
E01,G016,-0.3668,-2.5389,epoch17
E01,G017,0.5899,-3.6933,epoch17
E01,G018,-1.254,-5.1636,epoch17
E01,G019,0.15,-3.6453,epoch17
E01,G020,0.6929,-3.5801,epoch17
E01,G021,0.2603,-3.4908,epoch17
E01,G022,2.358,-2.9964,epoch17
E01,G023,-1.3717,-4.1644,epoch17
E01,G024,0.6172,-4.5918,epoch17
E01,G025,3.1627,-3.5904,epoch17
E01,G026,2.094,-2.7995,epoch17
E01,G027,0.4189,-2.8361,epoch17
E01,G028,0.2735,-6.6482,epoch17
E01,G029,2.8339,-2.7854,epoch17
E01,G030,-0.4203,-2.5831,epoch17
E01,G031,-0.3059,-2.708,epoch17
E01,G032,2.4199,-2.6156,epoch17
E01,G033,-0.4987,-3.6661,epoch17
E01,G034,-0.0638,-4.0023,epoch17
E01,G035,1.688,-3.2725,epoch17
E01,G036,-0.1889,-3.2506,epoch17
E01,G037,2.9178,-3.5951,epoch17
E01,G038,0.8504,-4.0633,epoch17
E01,G039,-1.2757,-3.6361,epoch17
E01,G040,0.4228,-4.769,epoch17
E01,G041,2.1007,-3.2111,epoch17
E01,G042,-1.1847,-5.1733,epoch17
E01,G043,0.3374,-3.3472,epoch17
E01,G044,2.28,-3.0733,epoch17
E01,G045,-0.0107,-3.8281,epoch17
E01,G046,2.5722,-3.6245,epoch17
E01,G047,-1.0126,-4.1917,epoch17
E01,G048,1.7758,-5.4989,epoch17
E01,G049,2.2408,-4.1421,epoch17
E01,G050,3.3374,-3.115,epoch17
E01,G051,-0.8708,-2.9463,epoch17
E01,G052,0.8018,-4.1876,epoch17
E01,G053,0.6872,-3.6831,epoch17
E01,G054,2.5713,-1.5071,epoch17
E01,G055,3.9162,-1.2378,epoch17
E01,G056,-1.628,-4.32,epoch17
E01,G057,0.613,-3.0013,epoch17
E01,G058,0.3774,-2.5316,epoch17
E01,G059,0.8277,-3.5335,epoch17
E02,G000,0.2838,-3.6385,epoch17
E02,G001,-2.387,-4.3378,epoch17
E02,G002,-0.0581,-2.4161,epoch17
E02,G003,1.2929,-0.4811,epoch17
E02,G004,-1.412,-3.5469,epoch17
E02,G005,-0.01,-1.5959,epoch17
E02,G006,-3.4272,-2.2862,epoch17
E02,G007,-3.0483,-4.2865,epoch17
E02,G008,-2.4997,-4.7197,epoch17
E02,G009,0.3819,-1.5735,epoch17
E02,G010,-1.4589,-2.5782,epoch17
E02,G011,0.2659,-2.2237,epoch17
E02,G012,1.823,-2.4847,epoch17
E02,G013,-0.2903,-2.1636,epoch17
E02,G014,-4.7103,-4.9955,epoch17
E02,G015,-2.5947,-1.5369,epoch17
E02,G016,1.0271,-3.8938,epoch17
E02,G017,-2.6697,-4.9281,epoch17
E02,G018,-1.0323,-3.5703,epoch17
E02,G019,-1.2145,-1.7372,epoch17
E02,G020,-3.9153,-4.3852,epoch17
E02,G021,-1.7111,-4.0567,epoch17
E02,G022,0.4602,-3.4829,epoch17
E02,G023,-2.762,-3.4587,epoch17
E02,G024,-1.2487,-4.0695,epoch17
E02,G025,1.1571,-3.6015,epoch17
E02,G026,-0.6792,-4.8791,epoch17
E02,G027,-2.2836,-4.0447,epoch17
E02,G028,-0.2852,-1.4097,epoch17
E02,G029,-0.5877,-3.3795,epoch17
E02,G030,-3.7055,-3.8726,epoch17
E02,G031,0.0998,-0.8976,epoch17
E02,G032,0.5986,-3.1064,epoch17
E02,G033,-2.4839,-4.4852,epoch17
E02,G034,-1.0106,-2.5396,epoch17
E02,G035,-0.9596,-4.3187,epoch17
E02,G036,-1.9963,-3.3248,epoch17
E02,G037,0.1289,-1.4761,epoch17
E02,G038,-0.2122,-3.6771,epoch17
E02,G039,-1.3194,-4.2562,epoch17
E02,G040,-0.1478,-1.4211,epoch17
E02,G041,1.0143,-3.6933,epoch17
E02,G042,1.7453,-3.1849,epoch17
E02,G043,-0.3885,-2.9817,epoch17
E02,G044,2.1406,-3.1328,epoch17
E02,G045,-0.906,-3.5934,epoch17
E02,G046,1.5518,-1.0578,epoch17
E02,G047,-2.6941,-4.2877,epoch17
E02,G048,1.0514,-2.8272,epoch17
E02,G049,1.072,-3.4215,epoch17
E02,G050,-2.57,-3.2537,epoch17
E02,G051,-2.7847,-4.7697,epoch17
E02,G052,-0.8038,-2.5642,epoch17
E02,G053,0.7165,-3.2119,epoch17
E02,G054,0.935,-1.5708,epoch17
E02,G055,-1.1513,-4.2823,epoch17
E02,G056,-2.0382,-4.2484,epoch17
E02,G057,-2.2051,-3.5337,epoch17
E02,G058,-2.3923,-3.6424,epoch17
E02,G059,-2.0215,-4.6302,epoch17
E03,G000,-3.4471,-3.994,epoch17
E03,G001,-2.4902,-5.8268,epoch17
E03,G002,-4.1106,-4.5936,epoch17
E03,G003,-1.231,-6.6605,epoch17
E03,G004,-3.0079,-4.3664,epoch17
E03,G005,-3.4625,-3.2199,epoch17
E03,G006,-3.7202,-4.2561,epoch17
E03,G007,-4.4648,-4.0732,epoch17
E03,G008,-4.9541,-5.4138,epoch17
E03,G009,-3.4651,-3.7216,epoch17
E03,G010,-3.1338,-5.0166,epoch17
E03,G011,-1.3074,-4.205,epoch17
E03,G012,-1.7767,-4.6201,epoch17
E03,G013,-2.1974,-7.2496,epoch17
E03,G014,-4.1744,-4.6888,epoch17
E03,G015,-1.9815,-3.7945,epoch17
E03,G016,-3.258,-3.9227,epoch17
E03,G017,-1.6359,-5.1429,epoch17
E03,G018,-2.7034,-4.2999,epoch17
E03,G019,-3.9729,-4.4372,epoch17
E03,G020,-2.2434,-6.2091,epoch17
E03,G021,-2.1739,-5.7926,epoch17
E03,G022,-1.4073,-3.9484,epoch17
E03,G023,-3.3942,-5.0016,epoch17
E03,G024,-0.9659,-4.216,epoch17
E03,G025,-3.572,-5.2566,epoch17
E03,G026,-2.1724,-3.1191,epoch17
E03,G027,-3.2066,-6.0656,epoch17
E03,G028,-1.699,-5.4515,epoch17
E03,G029,-2.5249,-5.4549,epoch17
E03,G030,-4.0608,-6.0996,epoch17
E03,G031,-0.2542,-4.8355,epoch17
E03,G032,0.335,-3.4294,epoch17
E03,G033,-1.7626,-6.0364,epoch17
E03,G034,-0.4118,-3.6189,epoch17
E03,G035,-1.6991,-2.6306,epoch17
E03,G036,-3.6388,-3.7327,epoch17
E03,G037,-0.0626,-1.7871,epoch17
E03,G038,-2.6748,-3.4833,epoch17
E03,G039,-2.2779,-4.3633,epoch17
E03,G040,-1.7631,-2.3877,epoch17
E03,G041,-2.8165,-3.1619,epoch17
E03,G042,-2.1725,-2.494,epoch17
E03,G043,-3.6846,-4.1555,epoch17
E03,G044,-1.7703,-6.1468,epoch17
E03,G045,-2.4617,-5.1401,epoch17
E03,G046,-1.6459,-3.6012,epoch17
E03,G047,-3.0834,-4.0579,epoch17
E03,G048,-0.6924,-3.9602,epoch17
E03,G049,-3.7328,-3.4211,epoch17
E03,G050,-3.8887,-5.2875,epoch17
E03,G051,-4.8853,-5.5714,epoch17
E03,G052,-5.292,-3.8187,epoch17
E03,G053,-2.2676,-3.8632,epoch17
E03,G054,0.6178,-3.6892,epoch17
E03,G055,-2.0906,-2.5351,epoch17
E03,G056,-3.1409,-3.9412,epoch17
E03,G057,-5.1691,-5.6416,epoch17
E03,G058,-1.3273,-3.8601,epoch17
E03,G059,-3.9271,-6.3787,epoch17
E04,G000,-1.3659,0.9638,epoch17
E04,G001,-1.6574,0.9508,epoch17
E04,G002,0.4356,-0.5884,epoch17
E04,G003,-0.17,2.7629,epoch17
E04,G004,-3.4716,1.8375,epoch17
E04,G005,-2.7324,1.2374,epoch17
E04,G006,-3.0526,0.8569,epoch17
E04,G007,-2.0531,2.1222,epoch17
E04,G008,-2.6858,-0.0803,epoch17
E04,G009,-1.0115,2.0527,epoch17
E04,G010,0.4038,1.3119,epoch17
E04,G011,-3.0678,-0.3053,epoch17
E04,G012,-1.6976,0.1303,epoch17
E04,G013,-0.3081,0.5189,epoch17
E04,G014,-4.0055,0.984,epoch17
E04,G015,-3.1631,0.6353,epoch17
E04,G016,-1.1284,2.0493,epoch17
E04,G017,-0.9924,1.2491,epoch17
E04,G018,-2.7285,-0.7953,epoch17
E04,G019,0.684,2.6533,epoch17
E04,G020,-1.7016,2.8017,epoch17
E04,G021,-2.8312,1.1572,epoch17
E04,G022,-1.822,0.9505,epoch17
E04,G023,-3.1238,1.4736,epoch17
E04,G024,0.731,0.4096,epoch17
E04,G025,-1.7076,0.9673,epoch17
E04,G026,-1.6536,-0.1658,epoch17
E04,G027,0.7034,1.8764,epoch17
E04,G028,0.02,1.3941,epoch17
E04,G029,-1.0593,0.8755,epoch17
E04,G030,-2.1129,0.5257,epoch17
E04,G031,-2.748,-0.337,epoch17
E04,G032,-0.8919,0.6953,epoch17
E04,G033,-5.8616,1.14,epoch17
E04,G034,0.5017,1.0987,epoch17
E04,G035,-0.612,2.6562,epoch17
E04,G036,-0.6251,0.2864,epoch17
E04,G037,2.0726,1.5274,epoch17
E04,G038,0.1998,0.7066,epoch17
E04,G039,-3.84,0.1852,epoch17
E04,G040,0.0117,1.8588,epoch17
E04,G041,0.4542,-0.6153,epoch17
E04,G042,-1.9217,1.7028,epoch17
E04,G043,-1.1993,2.0407,epoch17
E04,G044,-1.522,0.9428,epoch17
E04,G045,-2.099,1.3826,epoch17
E04,G046,1.9172,1.501,epoch17
E04,G047,-4.2765,1.3752,epoch17
E04,G048,-1.6879,1.3321,epoch17
E04,G049,-0.5599,0.6374,epoch17
E04,G050,-0.8221,1.4107,epoch17
E04,G051,-2.1187,1.4414,epoch17
E04,G052,-2.6248,0.6674,epoch17
E04,G053,-1.2749,1.1105,epoch17
E04,G054,-0.4637,1.0478,epoch17
E04,G055,-3.1172,0.6734,epoch17
E04,G056,-1.8621,0.3437,epoch17
E04,G057,-2.1515,-0.76,epoch17
E04,G058,-0.4622,1.1099,epoch17
E04,G059,-4.1053,0.6349,epoch17
E05,G000,-3.5455,-1.7042,epoch17
E05,G001,-4.5257,-2.6779,epoch17
E05,G002,-1.27,-0.3173,epoch17
E05,G003,0.1457,-0.2155,epoch17
E05,G004,-4.3517,-1.6513,epoch17
E05,G005,-1.4424,-1.2786,epoch17
E05,G006,-2.8905,-1.7762,epoch17
E05,G007,-5.2704,-1.8724,epoch17
E05,G008,-4.1428,-2.8392,epoch17
E05,G009,-1.0113,-0.1582,epoch17
E05,G010,-2.8812,-1.725,epoch17
E05,G011,-2.7924,-2.201,epoch17
E05,G012,-1.7519,-0.744,epoch17
E05,G013,-2.4634,0.0026,epoch17
E05,G014,-4.4491,-3.2755,epoch17
E05,G015,-3.9004,-0.4752,epoch17
E05,G016,-1.4225,-1.2854,epoch17
E05,G017,-2.8564,0.5012,epoch17
E05,G018,-4.7226,-1.4309,epoch17
E05,G019,-4.3964,-1.6774,epoch17
E05,G020,-4.417,-0.9413,epoch17
E05,G021,-5.1928,-0.8967,epoch17
E05,G022,-1.0429,-0.9438,epoch17
E05,G023,-2.3787,-1.4667,epoch17
E05,G024,-1.9942,-1.7026,epoch17
E05,G025,-0.3888,0.1762,epoch17
E05,G026,-3.9198,-3.2792,epoch17
E05,G027,-3.0805,-1.7177,epoch17
E05,G028,-2.3732,-3.0961,epoch17
E05,G029,-2.4487,-0.6262,epoch17
E05,G030,-3.209,-3.8853,epoch17
E05,G031,-2.7668,-1.9085,epoch17
E05,G032,0.3677,-0.4397,epoch17
E05,G033,-4.8416,-2.5829,epoch17
E05,G034,-3.02,-1.6013,epoch17
E05,G035,-2.2851,-1.8728,epoch17
E05,G036,-3.4729,-1.8363,epoch17
E05,G037,-1.6478,-2.5784,epoch17
E05,G038,-1.4913,-0.3067,epoch17
E05,G039,-2.1177,-0.8916,epoch17
E05,G040,-2.2459,-0.1967,epoch17
E05,G041,-4.4435,-1.1973,epoch17
E05,G042,-3.6059,-0.3632,epoch17
E05,G043,-4.5932,-0.9211,epoch17
E05,G044,-0.8097,0.2603,epoch17
E05,G045,-0.8755,-0.718,epoch17
E05,G046,0.7184,-0.2193,epoch17
E05,G047,-4.9455,-2.4268,epoch17
E05,G048,-2.9235,-3.5025,epoch17
E05,G049,-2.3337,-1.3835,epoch17
E05,G050,-2.3013,-1.4496,epoch17
E05,G051,-2.9736,0.2741,epoch17
E05,G052,-2.8786,-3.6476,epoch17
E05,G053,0.528,-0.315,epoch17
E05,G054,-0.0477,-1.6705,epoch17
E05,G055,-1.9252,-1.1237,epoch17
E05,G056,-3.7991,-2.7606,epoch17
E05,G057,-2.978,-1.435,epoch17
E05,G058,-2.4796,-1.0666,epoch17
E05,G059,-5.9056,-1.4766,epoch17
E06,G000,-0.2709,0.1844,epoch17
E06,G001,-1.9405,0.2058,epoch17
E06,G002,-0.6592,1.0766,epoch17
E06,G003,0.0391,0.6237,epoch17
E06,G004,1.1135,-0.4336,epoch17
E06,G005,-0.5403,1.4148,epoch17
E06,G006,-2.9432,-1.0655,epoch17
E06,G007,-1.301,0.0854,epoch17
E06,G008,-1.709,-0.9746,epoch17
E06,G009,0.278,-0.7157,epoch17
E06,G010,-1.0102,-2.6919,epoch17
E06,G011,-0.7624,0.8287,epoch17
E06,G012,-0.2848,-0.2836,epoch17
E06,G013,-1.5087,0.6023,epoch17
E06,G014,-1.5594,0.9345,epoch17
E06,G015,-0.5018,-1.2063,epoch17
E06,G016,-1.4414,0.7936,epoch17
E06,G017,0.3023,0.3775,epoch17
E06,G018,-1.4568,-0.016,epoch17
E06,G019,0.5985,-0.8346,epoch17
E06,G020,-1.4547,-0.1366,epoch17
E06,G021,-1.669,-0.2518,epoch17
E06,G022,-0.6786,1.9238,epoch17
E06,G023,-1.7722,1.8388,epoch17
E06,G024,2.4065,0.7905,epoch17
E06,G025,-1.7878,0.029,epoch17
E06,G026,-0.7986,1.971,epoch17
E06,G027,-0.9475,-0.3804,epoch17
E06,G028,0.3425,0.433,epoch17
E06,G029,-1.3511,0.0591,epoch17
E06,G030,-2.4002,-0.3509,epoch17
E06,G031,0.1801,0.8968,epoch17
E06,G032,2.201,0.6129,epoch17
E06,G033,-4.3416,-0.9121,epoch17
E06,G034,0.1007,1.9618,epoch17
E06,G035,-1.1057,1.5122,epoch17
E06,G036,-1.8295,0.0646,epoch17
E06,G037,2.6433,1.4223,epoch17
E06,G038,0.9882,0.1306,epoch17
E06,G039,-0.6572,0.4693,epoch17
E06,G040,0.1368,-0.0052,epoch17
E06,G041,1.1222,0.3851,epoch17
E06,G042,1.4383,-0.1027,epoch17
E06,G043,1.2899,-0.2964,epoch17
E06,G044,0.6251,-0.0828,epoch17
E06,G045,-0.6129,0.0087,epoch17
E06,G046,2.7176,0.8619,epoch17
E06,G047,0.0756,-0.1679,epoch17
E06,G048,-0.8423,0.4699,epoch17
E06,G049,-0.1253,-0.3572,epoch17
E06,G050,-0.141,-0.226,epoch17
E06,G051,-1.3708,-0.3351,epoch17
E06,G052,-0.8347,1.1885,epoch17
E06,G053,-1.6636,0.8627,epoch17
E06,G054,-0.0616,0.3444,epoch17
E06,G055,1.4757,0.1966,epoch17
E06,G056,-1.1174,-0.6906,epoch17
E06,G057,-0.2017,1.8423,epoch17
E06,G058,1.1822,1.568,epoch17
E06,G059,-3.3457,-1.6738,epoch17
E07,G000,2.885,-0.1718,epoch17
E07,G001,1.9241,-0.7223,epoch17
E07,G002,4.901,0.2912,epoch17
E07,G003,3.8238,-1.7867,epoch17
E07,G004,2.3426,-0.1446,epoch17
E07,G005,0.6425,-1.4694,epoch17
E07,G006,1.3167,-0.7717,epoch17
E07,G007,-0.1517,0.7408,epoch17
E07,G008,0.1119,0.2822,epoch17
E07,G009,3.3663,-1.0678,epoch17
E07,G010,1.6257,-1.4844,epoch17
E07,G011,3.0717,-0.0725,epoch17
E07,G012,4.7353,-1.1448,epoch17
E07,G013,4.1428,-0.8319,epoch17
E07,G014,-0.1352,-1.286,epoch17
E07,G015,0.8102,-1.4605,epoch17
E07,G016,2.6891,0.7685,epoch17
E07,G017,3.7268,0.2218,epoch17
E07,G018,2.4015,-0.8905,epoch17
E07,G019,3.9893,1.5615,epoch17
E07,G020,2.7992,0.1391,epoch17
E07,G021,3.6807,-0.0566,epoch17
E07,G022,5.7463,2.2937,epoch17
E07,G023,4.1078,1.4365,epoch17
E07,G024,3.0938,0.1244,epoch17
E07,G025,4.0081,0.8398,epoch17
E07,G026,2.5444,-0.6156,epoch17
E07,G027,2.8102,-1.1097,epoch17
E07,G028,3.9469,1.7888,epoch17
E07,G029,2.5344,1.378,epoch17
E07,G030,1.1587,-1.4155,epoch17
E07,G031,4.1407,0.4011,epoch17
E07,G032,5.7996,-0.5008,epoch17
E07,G033,1.9499,0.5246,epoch17
E07,G034,5.3116,0.606,epoch17
E07,G035,4.4044,-0.0315,epoch17
E07,G036,2.541,0.8805,epoch17
E07,G037,2.2297,0.7854,epoch17
E07,G038,3.2711,0.2438,epoch17
E07,G039,1.3105,0.3976,epoch17
E07,G040,2.6046,0.0583,epoch17
E07,G041,4.1228,1.2428,epoch17
E07,G042,3.4003,-0.2334,epoch17
E07,G043,3.5955,1.2654,epoch17
E07,G044,1.2092,0.3795,epoch17
E07,G045,5.6143,1.0323,epoch17
E07,G046,4.1316,-0.1633,epoch17
E07,G047,-0.0108,1.0411,epoch17
E07,G048,3.8554,0.1963,epoch17
E07,G049,3.4186,1.6574,epoch17
E07,G050,2.6621,-0.2942,epoch17
E07,G051,2.6568,-0.6184,epoch17
E07,G052,2.0224,-0.3463,epoch17
E07,G053,1.5478,0.9057,epoch17
E07,G054,4.2391,0.1401,epoch17
E07,G055,4.8797,0.9134,epoch17
E07,G056,1.4573,-1.6835,epoch17
E07,G057,2.0436,-0.8655,epoch17
E07,G058,4.0689,0.7635,epoch17
E07,G059,4.2828,-0.6375,epoch17
E08,G000,-1.9328,-4.0437,epoch17
E08,G001,-1.0843,-2.4269,epoch17
E08,G002,-0.9255,-3.0883,epoch17
E08,G003,-1.8272,-0.825,epoch17
E08,G004,-1.5307,-2.9577,epoch17
E08,G005,-0.624,-0.4626,epoch17
E08,G006,-1.6664,-2.4694,epoch17
E08,G007,-1.9231,-2.3736,epoch17
E08,G008,-4.1302,-3.7385,epoch17
E08,G009,-2.1849,-2.6444,epoch17
E08,G010,-1.5424,-2.2985,epoch17
E08,G011,-0.0769,-3.8829,epoch17
E08,G012,0.469,-1.3532,epoch17
E08,G013,-2.059,-3.9294,epoch17
E08,G014,-2.3106,-3.4752,epoch17
E08,G015,0.5662,-4.7106,epoch17
E08,G016,-0.4074,-1.6926,epoch17
E08,G017,-2.4391,-1.5859,epoch17
E08,G018,-5.0303,-3.1849,epoch17
E08,G019,-2.4863,-2.0057,epoch17
E08,G020,-0.7205,-3.1455,epoch17
E08,G021,-4.6595,-3.287,epoch17
E08,G022,1.3263,-0.742,epoch17
E08,G023,-2.4968,-3.509,epoch17
E08,G024,-0.4553,-2.3019,epoch17
E08,G025,0.2125,-1.5361,epoch17
E08,G026,-1.0257,-2.4559,epoch17
E08,G027,-1.8018,-2.3076,epoch17
E08,G028,-0.8452,-2.0508,epoch17
E08,G029,0.2321,-2.2904,epoch17
E08,G030,-1.8705,-0.2239,epoch17
E08,G031,-1.2594,-2.7589,epoch17
E08,G032,1.5686,-0.3427,epoch17
E08,G033,-5.3624,-2.3985,epoch17
E08,G034,-0.5988,-4.0515,epoch17
E08,G035,-1.7204,-1.9736,epoch17
E08,G036,-1.4079,-1.5893,epoch17
E08,G037,1.6869,-0.7869,epoch17
E08,G038,0.1705,-2.5901,epoch17
E08,G039,-2.1975,-2.8473,epoch17
E08,G040,-2.7851,-3.4379,epoch17
E08,G041,0.965,-2.8642,epoch17
E08,G042,-1.6135,-2.4971,epoch17
E08,G043,0.8245,-1.616,epoch17
E08,G044,-0.8367,-0.835,epoch17
E08,G045,-3.3654,-1.8639,epoch17
E08,G046,-0.2945,-0.7232,epoch17
E08,G047,-2.3875,-4.0176,epoch17
E08,G048,-0.621,-3.8015,epoch17
E08,G049,-1.0001,-2.8334,epoch17
E08,G050,-0.8842,-0.7515,epoch17
E08,G051,-3.6145,-3.978,epoch17
E08,G052,-1.5671,-4.524,epoch17
E08,G053,0.1248,-2.6248,epoch17
E08,G054,-0.7231,-1.1005,epoch17
E08,G055,-0.91,-3.6261,epoch17
E08,G056,-5.7516,-3.7858,epoch17
E08,G057,-1.3762,-4.0206,epoch17
E08,G058,2.7468,-0.541,epoch17
E08,G059,-2.2391,-2.4508,epoch17
E09,G000,-0.6027,0.5895,epoch17
E09,G001,-1.95,0.0427,epoch17
E09,G002,-2.0357,0.4609,epoch17
E09,G003,-1.4515,0.0897,epoch17
E09,G004,-4.2172,-0.7016,epoch17
E09,G005,-1.8392,-0.3622,epoch17
E09,G006,-2.6961,-1.119,epoch17
E09,G007,-0.7673,0.4396,epoch17
E09,G008,-2.1824,-0.6799,epoch17
E09,G009,-1.1806,1.2543,epoch17
E09,G010,-3.3687,-1.8681,epoch17
E09,G011,-2.0184,1.3188,epoch17
E09,G012,-1.7105,0.862,epoch17
E09,G013,-2.4764,1.4832,epoch17
E09,G014,-4.7414,-0.5291,epoch17
E09,G015,-1.9856,-0.5544,epoch17
E09,G016,-2.2013,-0.4355,epoch17
E09,G017,-3.3243,1.5268,epoch17
E09,G018,-4.2899,-0.3773,epoch17
E09,G019,-2.7238,0.2817,epoch17
E09,G020,-2.3687,-0.4717,epoch17
E09,G021,-0.9235,0.4978,epoch17
E09,G022,0.8402,0.4168,epoch17
E09,G023,-3.9865,-1.3298,epoch17
E09,G024,-2.402,-0.1457,epoch17
E09,G025,0.7964,1.9662,epoch17
E09,G026,-1.6199,1.8411,epoch17
E09,G027,-3.0465,-0.1218,epoch17
E09,G028,-0.3721,-0.2194,epoch17
E09,G029,-1.59,1.8196,epoch17
E09,G030,-4.3935,-0.3834,epoch17
E09,G031,-3.8577,-1.0071,epoch17
E09,G032,0.8703,1.2026,epoch17
E09,G033,-2.4473,0.606,epoch17
E09,G034,-1.7183,2.3722,epoch17
E09,G035,-2.75,-0.0639,epoch17
E09,G036,-0.9377,0.9872,epoch17
E09,G037,0.8585,0.9134,epoch17
E09,G038,-0.6646,2.1253,epoch17
E09,G039,-2.7664,-0.0507,epoch17
E09,G040,-1.5027,0.4892,epoch17
E09,G041,-2.6143,-0.1341,epoch17
E09,G042,-2.5437,-0.1031,epoch17
E09,G043,0.0197,0.6423,epoch17
E09,G044,-2.0087,-2.7576,epoch17
E09,G045,-3.669,1.2506,epoch17
E09,G046,-0.3447,1.0633,epoch17
E09,G047,-1.7207,-0.1009,epoch17
E09,G048,0.8734,0.481,epoch17
E09,G049,-4.6481,0.1175,epoch17
E09,G050,0.882,0.6095,epoch17
E09,G051,-3.0177,-0.8612,epoch17
E09,G052,0.3935,0.9803,epoch17
E09,G053,0.8861,1.058,epoch17
E09,G054,0.3749,0.8738,epoch17
E09,G055,-0.1031,-0.3555,epoch17
E09,G056,-2.9627,0.2346,epoch17
E09,G057,-1.8064,-1.0614,epoch17
E09,G058,-2.303,0.7652,epoch17
E09,G059,-5.9845,0.8782,epoch17
E10,G000,4.475,5.3949,epoch17
E10,G001,0.4218,3.5071,epoch17
E10,G002,1.8611,3.4586,epoch17
E10,G003,0.0026,3.7916,epoch17
E10,G004,1.8137,4.3904,epoch17
E10,G005,1.826,3.4243,epoch17
E10,G006,0.779,3.1295,epoch17
E10,G007,0.0627,1.6902,epoch17
E10,G008,-1.3862,3.0851,epoch17
E10,G009,0.5778,3.5287,epoch17
E10,G010,-1.8965,3.5673,epoch17
E10,G011,-0.8292,5.3899,epoch17
E10,G012,1.2201,3.1604,epoch17
E10,G013,-0.6708,2.8555,epoch17
E10,G014,-0.6644,4.2722,epoch17
E10,G015,0.558,3.3123,epoch17
E10,G016,2.5893,4.0511,epoch17
E10,G017,2.3889,4.5341,epoch17
E10,G018,-0.5056,3.7568,epoch17
E10,G019,2.4461,3.7312,epoch17
E10,G020,-1.6506,4.4087,epoch17
E10,G021,-0.6472,5.1639,epoch17
E10,G022,2.9311,3.8444,epoch17
E10,G023,0.948,4.5776,epoch17
E10,G024,1.5821,5.543,epoch17
E10,G025,0.7101,4.5711,epoch17
E10,G026,1.2569,3.4873,epoch17
E10,G027,4.1856,4.5826,epoch17
E10,G028,0.4194,5.1631,epoch17
E10,G029,1.2578,3.4482,epoch17
E10,G030,-0.0494,4.5067,epoch17
E10,G031,0.4971,4.9487,epoch17
E10,G032,1.8175,4.5852,epoch17
E10,G033,0.7765,4.1659,epoch17
E10,G034,5.7934,5.9355,epoch17
E10,G035,3.0237,5.8722,epoch17
E10,G036,0.263,5.1756,epoch17
E10,G037,4.4089,4.0904,epoch17
E10,G038,0.2335,4.9732,epoch17
E10,G039,1.2731,4.6506,epoch17
E10,G040,1.4542,5.2911,epoch17
E10,G041,2.3847,4.0188,epoch17
E10,G042,2.1208,5.3677,epoch17
E10,G043,1.0891,4.9487,epoch17
E10,G044,-0.4296,2.87,epoch17
E10,G045,0.4281,5.9617,epoch17
E10,G046,1.7023,4.0992,epoch17
E10,G047,-1.1045,3.1405,epoch17
E10,G048,0.8599,4.7008,epoch17
E10,G049,-0.4354,3.5962,epoch17
E10,G050,-0.1636,4.1501,epoch17
E10,G051,1.3425,4.0716,epoch17
E10,G052,-0.5975,4.5232,epoch17
E10,G053,0.9931,5.4077,epoch17
E10,G054,2.5659,5.3339,epoch17
E10,G055,3.1321,5.6926,epoch17
E10,G056,0.3457,4.1439,epoch17
E10,G057,0.6558,3.0936,epoch17
E10,G058,0.6773,5.1259,epoch17
E10,G059,0.3459,4.0353,epoch17
E11,G000,-0.4607,-2.9025,epoch17
E11,G001,0.0596,-3.0296,epoch17
E11,G002,0.4465,-1.5048,epoch17
E11,G003,-2.25,-2.5491,epoch17
E11,G004,2.407,-4.8816,epoch17
E11,G005,1.936,-2.9044,epoch17
E11,G006,-2.2604,-4.0736,epoch17
E11,G007,-0.2794,-3.8792,epoch17
E11,G008,-1.5419,-3.6821,epoch17
E11,G009,0.3306,-3.6547,epoch17
E11,G010,-3.0364,-2.6092,epoch17
E11,G011,0.4612,-2.7356,epoch17
E11,G012,2.8088,-2.4782,epoch17
E11,G013,2.3143,-1.8877,epoch17
E11,G014,0.5,-3.0114,epoch17
E11,G015,0.9273,-2.0341,epoch17
E11,G016,2.7194,-2.7253,epoch17
E11,G017,1.2997,-2.659,epoch17
E11,G018,-0.4179,-3.6028,epoch17
E11,G019,-1.5501,-5.2523,epoch17
E11,G020,-1.5433,-4.8952,epoch17
E11,G021,1.4763,-2.4485,epoch17
E11,G022,0.7057,-3.0714,epoch17
E11,G023,0.5567,-1.7983,epoch17
E11,G024,0.0387,-1.7775,epoch17
E11,G025,0.4705,-3.9621,epoch17
E11,G026,1.5568,-2.39,epoch17
E11,G027,0.2176,-0.5376,epoch17
E11,G028,0.3483,-3.8189,epoch17
E11,G029,2.0823,-2.5483,epoch17
E11,G030,0.8152,-3.5893,epoch17
E11,G031,-0.3887,-3.5886,epoch17
E11,G032,1.1989,-2.8399,epoch17
E11,G033,0.2702,-3.468,epoch17
E11,G034,1.8405,-1.9652,epoch17
E11,G035,2.1252,-3.7265,epoch17
E11,G036,3.9939,-2.444,epoch17
E11,G037,3.2611,-3.0985,epoch17
E11,G038,1.6777,-2.2737,epoch17
E11,G039,-0.8432,-3.4345,epoch17
E11,G040,1.1533,-3.3294,epoch17
E11,G041,-0.8041,-3.2777,epoch17
E11,G042,-0.7691,-4.0161,epoch17
E11,G043,0.8094,-3.7197,epoch17
E11,G044,0.863,-1.8623,epoch17
E11,G045,2.7276,-4.2838,epoch17
E11,G046,2.9084,-1.5907,epoch17
E11,G047,-1.0827,-3.1684,epoch17
E11,G048,0.4024,-3.3211,epoch17
E11,G049,1.8682,-2.3698,epoch17
E11,G050,1.0605,-2.3976,epoch17
E11,G051,1.8716,-4.5846,epoch17
E11,G052,0.4657,-3.1065,epoch17
E11,G053,0.7318,-3.3326,epoch17
E11,G054,1.2833,-3.4884,epoch17
E11,G055,1.7062,-2.5214,epoch17
E11,G056,1.82,-3.1288,epoch17
E11,G057,-0.8659,-3.9522,epoch17
E11,G058,2.9338,-4.5331,epoch17
E11,G059,1.7086,-3.0781,epoch17
E00,G000,-0.4154,-2.1506,epoch18
E00,G001,-2.5288,-3.2196,epoch18
E00,G002,0.0976,-2.8777,epoch18
E00,G003,0.2616,-1.9095,epoch18
E00,G004,-2.788,-1.6774,epoch18
E00,G005,-0.2772,-3.4952,epoch18
E00,G006,-2.7185,-2.5893,epoch18
E00,G007,-2.1974,-1.8273,epoch18
E00,G008,-1.4414,-4.8699,epoch18
E00,G009,-0.556,-1.2151,epoch18
E00,G010,-0.6607,-2.5391,epoch18
E00,G011,0.2955,0.1228,epoch18
E00,G012,0.6534,-0.4125,epoch18
E00,G013,-0.9257,-2.7101,epoch18
E00,G014,-1.2855,-3.3231,epoch18
E00,G015,-0.4211,-3.363,epoch18
E00,G016,1.1629,-2.9787,epoch18
E00,G017,0.9834,-1.0418,epoch18
E00,G018,-3.0006,-2.9735,epoch18
E00,G019,-0.1714,-2.4225,epoch18
E00,G020,-1.4727,-2.7494,epoch18
E00,G021,0.1383,-1.4386,epoch18
E00,G022,-0.2985,-0.6851,epoch18
E00,G023,1.238,-2.2206,epoch18
E00,G024,-0.8287,-2.6445,epoch18
E00,G025,-0.0812,-1.4375,epoch18
E00,G026,-3.4712,-0.8996,epoch18
E00,G027,-1.8146,-4.6763,epoch18
E00,G028,-0.1893,-3.1714,epoch18
E00,G029,-1.2814,-1.8514,epoch18
E00,G030,-1.015,-2.4029,epoch18
E00,G031,1.0094,-0.147,epoch18
E00,G032,1.3314,-0.4618,epoch18
E00,G033,-2.7054,-1.0793,epoch18
E00,G034,0.9677,-2.337,epoch18
E00,G035,1.4464,-1.2555,epoch18
E00,G036,1.8098,-2.6064,epoch18
E00,G037,0.8517,-0.293,epoch18
E00,G038,0.7926,-1.3,epoch18
E00,G039,-1.6721,-1.5848,epoch18
E00,G040,0.1383,-3.0265,epoch18
E00,G041,-0.6238,-1.649,epoch18
E00,G042,-0.6454,-2.5935,epoch18
E00,G043,-0.0818,-2.3076,epoch18
E00,G044,-0.8602,-2.4117,epoch18
E00,G045,-0.8876,-2.974,epoch18
E00,G046,1.6464,-0.0355,epoch18
E00,G047,-2.6381,-2.0031,epoch18
E00,G048,-1.1767,-0.8923,epoch18
E00,G049,-1.287,-3.3658,epoch18
E00,G050,0.1955,-3.8512,epoch18
E00,G051,-2.7683,-3.8077,epoch18
E00,G052,-3.1422,-2.7961,epoch18
E00,G053,-0.4029,-1.2676,epoch18
E00,G054,0.2103,-1.3095,epoch18
E00,G055,2.2968,-0.1065,epoch18
E00,G056,-2.6215,-1.7368,epoch18
E00,G057,-1.1492,-1.4697,epoch18
E00,G058,0.6893,-1.9053,epoch18
E00,G059,-2.023,-3.4044,epoch18
E01,G000,-0.2253,-3.3394,epoch18
E01,G001,-2.0616,-5.4477,epoch18
E01,G002,3.0404,-4.4485,epoch18
E01,G003,2.6715,-2.7539,epoch18
E01,G004,0.5158,-4.4924,epoch18
E01,G005,-0.3818,-3.5605,epoch18
E01,G006,-0.3281,-5.6532,epoch18
E01,G007,-1.8268,-3.8595,epoch18
E01,G008,-0.4833,-4.2177,epoch18
E01,G009,2.6181,-4.5084,epoch18
E01,G010,0.2107,-5.3718,epoch18
E01,G011,-0.0383,-5.2139,epoch18
E01,G012,0.3805,-5.4831,epoch18
E01,G013,-0.0083,-3.2416,epoch18
E01,G014,0.3205,-6.1442,epoch18
E01,G015,-0.3888,-3.7696,epoch18
E01,G016,-0.3668,-4.0223,epoch18
E01,G017,0.5899,-4.5589,epoch18
E01,G018,-1.254,-5.4257,epoch18
E01,G019,0.15,-4.4814,epoch18
E01,G020,0.6929,-3.8383,epoch18
E01,G021,0.2603,-3.904,epoch18
E01,G022,2.358,-3.7142,epoch18
E01,G023,-1.3717,-5.8207,epoch18
E01,G024,0.6172,-6.1974,epoch18
E01,G025,3.1627,-2.1713,epoch18
E01,G026,2.094,-4.7621,epoch18
E01,G027,0.4189,-5.8113,epoch18
E01,G028,0.2735,-3.2983,epoch18
E01,G029,2.8339,-5.3487,epoch18
E01,G030,-0.4203,-3.4823,epoch18
E01,G031,-0.3059,-3.6203,epoch18
E01,G032,2.4199,-3.2928,epoch18
E01,G033,-0.4987,-4.0619,epoch18
E01,G034,-0.0638,-5.5507,epoch18
E01,G035,1.688,-4.9393,epoch18
E01,G036,-0.1889,-4.5519,epoch18
E01,G037,2.9178,-3.1531,epoch18
E01,G038,0.8504,-4.0472,epoch18
E01,G039,-1.2757,-4.0324,epoch18
E01,G040,0.4228,-4.9045,epoch18
E01,G041,2.1007,-5.8655,epoch18
E01,G042,-1.1847,-4.127,epoch18
E01,G043,0.3374,-4.3647,epoch18
E01,G044,2.28,-2.9176,epoch18
E01,G045,-0.0107,-1.9766,epoch18
E01,G046,2.5722,-3.2595,epoch18
E01,G047,-1.0126,-3.8426,epoch18
E01,G048,1.7758,-4.9654,epoch18
E01,G049,2.2408,-3.589,epoch18
E01,G050,3.3374,-3.499,epoch18
E01,G051,-0.8708,-4.4706,epoch18
E01,G052,0.8018,-3.5228,epoch18
E01,G053,0.6872,-5.2219,epoch18
E01,G054,2.5713,-2.7694,epoch18
E01,G055,3.9162,-2.9148,epoch18
E01,G056,-1.628,-3.0549,epoch18
E01,G057,0.613,-6.3115,epoch18
E01,G058,0.3774,-4.3045,epoch18
E01,G059,0.8277,-2.6104,epoch18
E02,G000,0.2838,-1.7392,epoch18
E02,G001,-2.387,-2.5825,epoch18
E02,G002,-0.0581,0.129,epoch18
E02,G003,1.2929,1.2112,epoch18
E02,G004,-1.412,-1.9422,epoch18
E02,G005,-0.01,-2.2955,epoch18
E02,G006,-3.4272,-3.2662,epoch18
E02,G007,-3.0483,-2.1838,epoch18
E02,G008,-2.4997,-3.7255,epoch18
E02,G009,0.3819,-2.3035,epoch18
E02,G010,-1.4589,-1.9595,epoch18
E02,G011,0.2659,-1.2742,epoch18
E02,G012,1.823,-0.5961,epoch18
E02,G013,-0.2903,-1.2998,epoch18
E02,G014,-4.7103,-4.3418,epoch18
E02,G015,-2.5947,-1.7884,epoch18
E02,G016,1.0271,-1.2414,epoch18
E02,G017,-2.6697,-2.5266,epoch18
E02,G018,-1.0323,-2.6573,epoch18
E02,G019,-1.2145,-1.3572,epoch18
E02,G020,-3.9153,-2.5944,epoch18
E02,G021,-1.7111,-2.8604,epoch18
E02,G022,0.4602,-0.4288,epoch18
E02,G023,-2.762,-1.0573,epoch18
E02,G024,-1.2487,-2.0975,epoch18
E02,G025,1.1571,-1.3187,epoch18
E02,G026,-0.6792,-3.2869,epoch18
E02,G027,-2.2836,-2.3961,epoch18
E02,G028,-0.2852,-1.2643,epoch18
E02,G029,-0.5877,-1.1735,epoch18
E02,G030,-3.7055,-2.6221,epoch18
E02,G031,0.0998,-1.5986,epoch18
E02,G032,0.5986,-1.7912,epoch18
E02,G033,-2.4839,-2.0752,epoch18
E02,G034,-1.0106,-2.6617,epoch18
E02,G035,-0.9596,-1.7438,epoch18
E02,G036,-1.9963,-2.2952,epoch18
E02,G037,0.1289,-1.9412,epoch18
E02,G038,-0.2122,-0.9965,epoch18
E02,G039,-1.3194,-2.6981,epoch18
E02,G040,-0.1478,-1.0,epoch18
E02,G041,1.0143,-1.7989,epoch18
E02,G042,1.7453,-0.7033,epoch18
E02,G043,-0.3885,-0.3729,epoch18
E02,G044,2.1406,-1.2923,epoch18
E02,G045,-0.906,-0.6967,epoch18
E02,G046,1.5518,-1.6703,epoch18
E02,G047,-2.6941,-2.8044,epoch18
E02,G048,1.0514,-3.5391,epoch18
E02,G049,1.072,-1.8278,epoch18
E02,G050,-2.57,-2.7421,epoch18
E02,G051,-2.7847,-2.1135,epoch18
E02,G052,-0.8038,-4.0021,epoch18
E02,G053,0.7165,-2.246,epoch18
E02,G054,0.935,-1.2363,epoch18
E02,G055,-1.1513,-1.5228,epoch18
E02,G056,-2.0382,-4.0826,epoch18
E02,G057,-2.2051,-3.0805,epoch18
E02,G058,-2.3923,-0.038,epoch18
E02,G059,-2.0215,-2.0359,epoch18
E03,G000,-3.4471,-8.3229,epoch18
E03,G001,-2.4902,-11.9341,epoch18
E03,G002,-4.1106,-10.1897,epoch18
E03,G003,-1.231,-8.4368,epoch18
E03,G004,-3.0079,-8.9698,epoch18
E03,G005,-3.4625,-8.6714,epoch18
E03,G006,-3.7202,-8.8832,epoch18
E03,G007,-4.4648,-9.448,epoch18
E03,G008,-4.9541,-8.9602,epoch18
E03,G009,-3.4651,-10.4777,epoch18
E03,G010,-3.1338,-6.9898,epoch18
E03,G011,-1.3074,-9.0325,epoch18
E03,G012,-1.7767,-9.8083,epoch18
E03,G013,-2.1974,-7.4567,epoch18
E03,G014,-4.1744,-9.7246,epoch18
E03,G015,-1.9815,-7.9279,epoch18
E03,G016,-3.258,-9.9469,epoch18
E03,G017,-1.6359,-8.6715,epoch18
E03,G018,-2.7034,-8.9677,epoch18
E03,G019,-3.9729,-10.6449,epoch18
E03,G020,-2.2434,-9.0468,epoch18
E03,G021,-2.1739,-9.0772,epoch18
E03,G022,-1.4073,-8.8863,epoch18
E03,G023,-3.3942,-9.723,epoch18
E03,G024,-0.9659,-10.0228,epoch18
E03,G025,-3.572,-8.9668,epoch18
E03,G026,-2.1724,-8.9002,epoch18
E03,G027,-3.2066,-7.931,epoch18
E03,G028,-1.699,-8.934,epoch18
E03,G029,-2.5249,-9.886,epoch18
E03,G030,-4.0608,-10.9429,epoch18
E03,G031,-0.2542,-8.8882,epoch18
E03,G032,0.335,-8.2514,epoch18
E03,G033,-1.7626,-7.6482,epoch18
E03,G034,-0.4118,-6.4097,epoch18
E03,G035,-1.6991,-6.9305,epoch18
E03,G036,-3.6388,-10.2589,epoch18
E03,G037,-0.0626,-9.4787,epoch18
E03,G038,-2.6748,-9.3969,epoch18
E03,G039,-2.2779,-9.8314,epoch18
E03,G040,-1.7631,-7.2762,epoch18
E03,G041,-2.8165,-8.2892,epoch18
E03,G042,-2.1725,-9.2027,epoch18
E03,G043,-3.6846,-8.6183,epoch18
E03,G044,-1.7703,-7.7306,epoch18
E03,G045,-2.4617,-9.6123,epoch18
E03,G046,-1.6459,-7.9065,epoch18
E03,G047,-3.0834,-10.4766,epoch18
E03,G048,-0.6924,-8.5743,epoch18
E03,G049,-3.7328,-9.6012,epoch18
E03,G050,-3.8887,-8.6136,epoch18
E03,G051,-4.8853,-9.5202,epoch18
E03,G052,-5.292,-8.2847,epoch18
E03,G053,-2.2676,-7.8871,epoch18
E03,G054,0.6178,-8.9513,epoch18
E03,G055,-2.0906,-9.6536,epoch18
E03,G056,-3.1409,-10.4183,epoch18
E03,G057,-5.1691,-10.0576,epoch18
E03,G058,-1.3273,-8.8937,epoch18
E03,G059,-3.9271,-10.2833,epoch18
E04,G000,-1.3659,-1.1039,epoch18
E04,G001,-1.6574,-1.6575,epoch18
E04,G002,0.4356,-2.3802,epoch18
E04,G003,-0.17,-2.1603,epoch18
E04,G004,-3.4716,-3.3734,epoch18
E04,G005,-2.7324,-2.3649,epoch18
E04,G006,-3.0526,-3.1901,epoch18
E04,G007,-2.0531,-3.8633,epoch18
E04,G008,-2.6858,-3.5198,epoch18
E04,G009,-1.0115,-3.7273,epoch18
E04,G010,0.4038,-2.1008,epoch18
E04,G011,-3.0678,-1.3868,epoch18
E04,G012,-1.6976,-3.16,epoch18
E04,G013,-0.3081,-1.913,epoch18
E04,G014,-4.0055,-3.7535,epoch18
E04,G015,-3.1631,-3.2528,epoch18
E04,G016,-1.1284,-0.0783,epoch18
E04,G017,-0.9924,-0.5221,epoch18
E04,G018,-2.7285,-2.3607,epoch18
E04,G019,0.684,-2.7314,epoch18
E04,G020,-1.7016,-2.4289,epoch18
E04,G021,-2.8312,-2.4885,epoch18
E04,G022,-1.822,-1.5336,epoch18
E04,G023,-3.1238,-3.601,epoch18
E04,G024,0.731,-1.7232,epoch18
E04,G025,-1.7076,-2.3026,epoch18
E04,G026,-1.6536,-3.2935,epoch18
E04,G027,0.7034,-0.028,epoch18
E04,G028,0.02,-1.1474,epoch18
E04,G029,-1.0593,-2.5837,epoch18
E04,G030,-2.1129,-3.3597,epoch18
E04,G031,-2.748,-2.7548,epoch18
E04,G032,-0.8919,-2.4072,epoch18
E04,G033,-5.8616,-3.7406,epoch18
E04,G034,0.5017,-3.0654,epoch18
E04,G035,-0.612,-2.3041,epoch18
E04,G036,-0.6251,-1.9731,epoch18
E04,G037,2.0726,-1.055,epoch18
E04,G038,0.1998,-3.8326,epoch18
E04,G039,-3.84,-2.7473,epoch18
E04,G040,0.0117,-2.8488,epoch18
E04,G041,0.4542,-2.8311,epoch18
E04,G042,-1.9217,-2.3643,epoch18
E04,G043,-1.1993,-2.2908,epoch18
E04,G044,-1.522,-1.5149,epoch18
E04,G045,-2.099,-1.1001,epoch18
E04,G046,1.9172,-1.6211,epoch18
E04,G047,-4.2765,-2.984,epoch18
E04,G048,-1.6879,-0.1124,epoch18
E04,G049,-0.5599,0.0911,epoch18
E04,G050,-0.8221,-1.4393,epoch18
E04,G051,-2.1187,-2.7088,epoch18
E04,G052,-2.6248,-1.8908,epoch18
E04,G053,-1.2749,-0.6481,epoch18
E04,G054,-0.4637,-2.7513,epoch18
E04,G055,-3.1172,-0.2747,epoch18
E04,G056,-1.8621,-2.5234,epoch18
E04,G057,-2.1515,-1.1534,epoch18
E04,G058,-0.4622,-2.2889,epoch18
E04,G059,-4.1053,-3.4201,epoch18
E05,G000,-3.5455,1.3494,epoch18
E05,G001,-4.5257,1.2392,epoch18
E05,G002,-1.27,2.9954,epoch18
E05,G003,0.1457,2.0255,epoch18
E05,G004,-4.3517,1.0288,epoch18
E05,G005,-1.4424,1.9095,epoch18
E05,G006,-2.8905,0.1814,epoch18
E05,G007,-5.2704,3.1707,epoch18
E05,G008,-4.1428,-0.4205,epoch18
E05,G009,-1.0113,3.7756,epoch18
E05,G010,-2.8812,0.6907,epoch18
E05,G011,-2.7924,2.527,epoch18
E05,G012,-1.7519,3.7962,epoch18
E05,G013,-2.4634,2.6018,epoch18
E05,G014,-4.4491,-0.278,epoch18
E05,G015,-3.9004,1.139,epoch18
E05,G016,-1.4225,2.0526,epoch18
E05,G017,-2.8564,2.3923,epoch18
E05,G018,-4.7226,1.9664,epoch18
E05,G019,-4.3964,2.5903,epoch18
E05,G020,-4.417,2.3924,epoch18
E05,G021,-5.1928,0.1258,epoch18
E05,G022,-1.0429,3.5154,epoch18
E05,G023,-2.3787,-0.2293,epoch18
E05,G024,-1.9942,2.0412,epoch18
E05,G025,-0.3888,1.5464,epoch18
E05,G026,-3.9198,-0.6516,epoch18
E05,G027,-3.0805,2.4207,epoch18
E05,G028,-2.3732,1.923,epoch18
E05,G029,-2.4487,2.9385,epoch18
E05,G030,-3.209,-0.3268,epoch18
E05,G031,-2.7668,1.0485,epoch18
E05,G032,0.3677,2.4302,epoch18
E05,G033,-4.8416,0.1348,epoch18
E05,G034,-3.02,2.0077,epoch18
E05,G035,-2.2851,1.5619,epoch18
E05,G036,-3.4729,1.3808,epoch18
E05,G037,-1.6478,1.062,epoch18
E05,G038,-1.4913,3.8335,epoch18
E05,G039,-2.1177,1.1913,epoch18
E05,G040,-2.2459,1.1803,epoch18
E05,G041,-4.4435,2.6313,epoch18
E05,G042,-3.6059,2.1278,epoch18
E05,G043,-4.5932,2.0046,epoch18
E05,G044,-0.8097,2.8282,epoch18
E05,G045,-0.8755,1.7162,epoch18
E05,G046,0.7184,2.8698,epoch18
E05,G047,-4.9455,-0.7674,epoch18
E05,G048,-2.9235,0.5082,epoch18
E05,G049,-2.3337,-0.0595,epoch18
E05,G050,-2.3013,2.055,epoch18
E05,G051,-2.9736,2.7836,epoch18
E05,G052,-2.8786,1.034,epoch18
E05,G053,0.528,1.8414,epoch18
E05,G054,-0.0477,3.4298,epoch18
E05,G055,-1.9252,1.6864,epoch18
E05,G056,-3.7991,1.7157,epoch18
E05,G057,-2.978,1.7541,epoch18
E05,G058,-2.4796,0.8583,epoch18
E05,G059,-5.9056,1.0796,epoch18
E06,G000,-0.2709,-7.932,epoch18
E06,G001,-1.9405,-9.5227,epoch18
E06,G002,-0.6592,-9.2365,epoch18
E06,G003,0.0391,-9.2205,epoch18
E06,G004,1.1135,-7.2279,epoch18
E06,G005,-0.5403,-5.8302,epoch18
E06,G006,-2.9432,-8.5788,epoch18
E06,G007,-1.301,-6.9988,epoch18
E06,G008,-1.709,-10.2326,epoch18
E06,G009,0.278,-6.9868,epoch18
E06,G010,-1.0102,-6.3354,epoch18
E06,G011,-0.7624,-6.4148,epoch18
E06,G012,-0.2848,-8.2669,epoch18
E06,G013,-1.5087,-7.2088,epoch18
E06,G014,-1.5594,-9.0343,epoch18
E06,G015,-0.5018,-7.2019,epoch18
E06,G016,-1.4414,-8.7852,epoch18
E06,G017,0.3023,-7.6647,epoch18
E06,G018,-1.4568,-9.1956,epoch18
E06,G019,0.5985,-7.4843,epoch18
E06,G020,-1.4547,-8.4656,epoch18
E06,G021,-1.669,-7.5579,epoch18
E06,G022,-0.6786,-6.6811,epoch18
E06,G023,-1.7722,-7.8636,epoch18
E06,G024,2.4065,-7.6608,epoch18
E06,G025,-1.7878,-8.0885,epoch18
E06,G026,-0.7986,-8.1835,epoch18
E06,G027,-0.9475,-7.7894,epoch18
E06,G028,0.3425,-7.5338,epoch18
E06,G029,-1.3511,-7.9473,epoch18
E06,G030,-2.4002,-9.0696,epoch18
E06,G031,0.1801,-7.9691,epoch18
E06,G032,2.201,-7.5869,epoch18
E06,G033,-4.3416,-10.8826,epoch18
E06,G034,0.1007,-7.3216,epoch18
E06,G035,-1.1057,-7.5583,epoch18
E06,G036,-1.8295,-9.4841,epoch18
E06,G037,2.6433,-5.066,epoch18
E06,G038,0.9882,-8.9386,epoch18
E06,G039,-0.6572,-7.727,epoch18
E06,G040,0.1368,-7.4535,epoch18
E06,G041,1.1222,-7.5895,epoch18
E06,G042,1.4383,-6.7738,epoch18
E06,G043,1.2899,-7.0302,epoch18
E06,G044,0.6251,-8.3008,epoch18
E06,G045,-0.6129,-9.2016,epoch18
E06,G046,2.7176,-7.8434,epoch18
E06,G047,0.0756,-8.1355,epoch18
E06,G048,-0.8423,-6.2338,epoch18
E06,G049,-0.1253,-7.29,epoch18
E06,G050,-0.141,-7.8344,epoch18
E06,G051,-1.3708,-8.1147,epoch18
E06,G052,-0.8347,-6.9162,epoch18
E06,G053,-1.6636,-6.684,epoch18
E06,G054,-0.0616,-8.7245,epoch18
E06,G055,1.4757,-7.0218,epoch18
E06,G056,-1.1174,-8.6624,epoch18
E06,G057,-0.2017,-8.76,epoch18
E06,G058,1.1822,-8.3334,epoch18
E06,G059,-3.3457,-7.8986,epoch18
E07,G000,2.885,4.635,epoch18
E07,G001,1.9241,3.9782,epoch18
E07,G002,4.901,5.2312,epoch18
E07,G003,3.8238,5.0735,epoch18
E07,G004,2.3426,4.361,epoch18
E07,G005,0.6425,5.7005,epoch18
E07,G006,1.3167,3.9337,epoch18
E07,G007,-0.1517,3.0396,epoch18
E07,G008,0.1119,3.6835,epoch18
E07,G009,3.3663,3.232,epoch18
E07,G010,1.6257,3.4977,epoch18
E07,G011,3.0717,6.4412,epoch18
E07,G012,4.7353,6.672,epoch18
E07,G013,4.1428,5.1039,epoch18
E07,G014,-0.1352,3.4918,epoch18
E07,G015,0.8102,3.0013,epoch18
E07,G016,2.6891,3.6057,epoch18
E07,G017,3.7268,5.1055,epoch18
E07,G018,2.4015,4.1548,epoch18
E07,G019,3.9893,3.9108,epoch18
E07,G020,2.7992,3.4895,epoch18
E07,G021,3.6807,5.8171,epoch18
E07,G022,5.7463,6.124,epoch18
E07,G023,4.1078,4.8049,epoch18
E07,G024,3.0938,5.5032,epoch18
E07,G025,4.0081,6.2876,epoch18
E07,G026,2.5444,4.5514,epoch18
E07,G027,2.8102,4.8683,epoch18
E07,G028,3.9469,3.0636,epoch18
E07,G029,2.5344,2.8907,epoch18
E07,G030,1.1587,2.3133,epoch18
E07,G031,4.1407,2.2592,epoch18
E07,G032,5.7996,5.5007,epoch18
E07,G033,1.9499,4.2973,epoch18
E07,G034,5.3116,4.3427,epoch18
E07,G035,4.4044,5.1291,epoch18
E07,G036,2.541,4.6164,epoch18
E07,G037,2.2297,5.2377,epoch18
E07,G038,3.2711,3.5686,epoch18
E07,G039,1.3105,5.3794,epoch18
E07,G040,2.6046,6.1351,epoch18
E07,G041,4.1228,4.4165,epoch18
E07,G042,3.4003,6.0547,epoch18
E07,G043,3.5955,5.0834,epoch18
E07,G044,1.2092,3.5057,epoch18
E07,G045,5.6143,4.4252,epoch18
E07,G046,4.1316,3.4891,epoch18
E07,G047,-0.0108,3.4169,epoch18
E07,G048,3.8554,3.2982,epoch18
E07,G049,3.4186,5.6343,epoch18
E07,G050,2.6621,5.0246,epoch18
E07,G051,2.6568,2.7119,epoch18
E07,G052,2.0224,4.8819,epoch18
E07,G053,1.5478,2.6698,epoch18
E07,G054,4.2391,5.1804,epoch18
E07,G055,4.8797,5.51,epoch18
E07,G056,1.4573,4.2081,epoch18
E07,G057,2.0436,2.895,epoch18
E07,G058,4.0689,4.9697,epoch18
E07,G059,4.2828,3.6824,epoch18
E08,G000,-1.9328,-3.7467,epoch18
E08,G001,-1.0843,-2.9402,epoch18
E08,G002,-0.9255,-2.023,epoch18
E08,G003,-1.8272,-2.5045,epoch18
E08,G004,-1.5307,-4.8745,epoch18
E08,G005,-0.624,-4.6537,epoch18
E08,G006,-1.6664,-4.5532,epoch18
E08,G007,-1.9231,-3.8504,epoch18
E08,G008,-4.1302,-6.8159,epoch18
E08,G009,-2.1849,-4.5829,epoch18
E08,G010,-1.5424,-2.4605,epoch18
E08,G011,-0.0769,-4.7401,epoch18
E08,G012,0.469,-4.3794,epoch18
E08,G013,-2.059,-5.0469,epoch18
E08,G014,-2.3106,-4.3039,epoch18
E08,G015,0.5662,-3.744,epoch18
E08,G016,-0.4074,-3.8224,epoch18
E08,G017,-2.4391,-5.139,epoch18
E08,G018,-5.0303,-4.4037,epoch18
E08,G019,-2.4863,-3.7246,epoch18
E08,G020,-0.7205,-4.934,epoch18
E08,G021,-4.6595,-4.9472,epoch18
E08,G022,1.3263,-2.4562,epoch18
E08,G023,-2.4968,-6.0592,epoch18
E08,G024,-0.4553,-5.7204,epoch18
E08,G025,0.2125,-4.5913,epoch18
E08,G026,-1.0257,-4.5095,epoch18
E08,G027,-1.8018,-6.9013,epoch18
E08,G028,-0.8452,-4.2533,epoch18
E08,G029,0.2321,-2.163,epoch18
E08,G030,-1.8705,-4.1761,epoch18
E08,G031,-1.2594,-2.833,epoch18
E08,G032,1.5686,-6.0333,epoch18
E08,G033,-5.3624,-5.0131,epoch18
E08,G034,-0.5988,-2.3111,epoch18
E08,G035,-1.7204,-2.1143,epoch18
E08,G036,-1.4079,-4.454,epoch18
E08,G037,1.6869,-3.6667,epoch18
E08,G038,0.1705,-2.7846,epoch18
E08,G039,-2.1975,-5.7627,epoch18
E08,G040,-2.7851,-4.1446,epoch18
E08,G041,0.965,-4.9247,epoch18
E08,G042,-1.6135,-3.6325,epoch18
E08,G043,0.8245,-3.1607,epoch18
E08,G044,-0.8367,-2.1524,epoch18
E08,G045,-3.3654,-3.2646,epoch18
E08,G046,-0.2945,-3.6823,epoch18
E08,G047,-2.3875,-4.52,epoch18
E08,G048,-0.621,-5.4737,epoch18
E08,G049,-1.0001,-3.8037,epoch18
E08,G050,-0.8842,-3.9768,epoch18
E08,G051,-3.6145,-3.8439,epoch18
E08,G052,-1.5671,-3.7113,epoch18
E08,G053,0.1248,-5.9354,epoch18
E08,G054,-0.7231,-3.2809,epoch18
E08,G055,-0.91,-2.8592,epoch18
E08,G056,-5.7516,-6.2691,epoch18
E08,G057,-1.3762,-2.4491,epoch18
E08,G058,2.7468,-3.9292,epoch18
E08,G059,-2.2391,-2.2221,epoch18
E09,G000,-0.6027,-2.063,epoch18
E09,G001,-1.95,-2.1686,epoch18
E09,G002,-2.0357,-2.1895,epoch18
E09,G003,-1.4515,-2.2616,epoch18
E09,G004,-4.2172,-4.3143,epoch18
E09,G005,-1.8392,-3.4839,epoch18
E09,G006,-2.6961,-5.2006,epoch18
E09,G007,-0.7673,-2.1979,epoch18
E09,G008,-2.1824,-3.8285,epoch18
E09,G009,-1.1806,-1.9594,epoch18
E09,G010,-3.3687,-2.5765,epoch18
E09,G011,-2.0184,-3.5922,epoch18
E09,G012,-1.7105,-2.0998,epoch18
E09,G013,-2.4764,-2.5223,epoch18
E09,G014,-4.7414,-3.3289,epoch18
E09,G015,-1.9856,-1.8575,epoch18
E09,G016,-2.2013,-2.7719,epoch18
E09,G017,-3.3243,-2.6271,epoch18
E09,G018,-4.2899,-2.287,epoch18
E09,G019,-2.7238,-3.4227,epoch18
E09,G020,-2.3687,-4.2803,epoch18
E09,G021,-0.9235,-3.3068,epoch18
E09,G022,0.8402,-1.5066,epoch18
E09,G023,-3.9865,-3.4064,epoch18
E09,G024,-2.402,-0.9112,epoch18
E09,G025,0.7964,-4.9907,epoch18
E09,G026,-1.6199,-3.2937,epoch18
E09,G027,-3.0465,-3.6294,epoch18
E09,G028,-0.3721,-2.6533,epoch18
E09,G029,-1.59,-1.2545,epoch18
E09,G030,-4.3935,-3.6132,epoch18
E09,G031,-3.8577,-4.0976,epoch18
E09,G032,0.8703,-0.9302,epoch18
E09,G033,-2.4473,-1.7265,epoch18
E09,G034,-1.7183,-4.5886,epoch18
E09,G035,-2.75,-2.2137,epoch18
E09,G036,-0.9377,-2.3544,epoch18
E09,G037,0.8585,-2.6502,epoch18
E09,G038,-0.6646,-2.443,epoch18
E09,G039,-2.7664,-3.2241,epoch18
E09,G040,-1.5027,-2.8833,epoch18
E09,G041,-2.6143,-2.5896,epoch18
E09,G042,-2.5437,-4.1031,epoch18
E09,G043,0.0197,-1.8801,epoch18
E09,G044,-2.0087,-3.2615,epoch18
E09,G045,-3.669,-2.5822,epoch18
E09,G046,-0.3447,-2.5685,epoch18
E09,G047,-1.7207,-2.8988,epoch18
E09,G048,0.8734,-1.5769,epoch18
E09,G049,-4.6481,-2.8574,epoch18
E09,G050,0.882,-2.1246,epoch18
E09,G051,-3.0177,-4.161,epoch18
E09,G052,0.3935,-1.7847,epoch18
E09,G053,0.8861,-1.8551,epoch18
E09,G054,0.3749,-2.853,epoch18
E09,G055,-0.1031,-2.2492,epoch18
E09,G056,-2.9627,-5.4777,epoch18
E09,G057,-1.8064,-2.9972,epoch18
E09,G058,-2.303,-3.0868,epoch18
E09,G059,-5.9845,-5.7154,epoch18
E10,G000,4.475,-0.6487,epoch18
E10,G001,0.4218,-2.6193,epoch18
E10,G002,1.8611,-1.5911,epoch18
E10,G003,0.0026,-1.6952,epoch18
E10,G004,1.8137,-1.2569,epoch18
E10,G005,1.826,-1.688,epoch18
E10,G006,0.779,-2.5033,epoch18
E10,G007,0.0627,-1.3661,epoch18
E10,G008,-1.3862,-1.1605,epoch18
E10,G009,0.5778,-3.7149,epoch18
E10,G010,-1.8965,-1.7148,epoch18
E10,G011,-0.8292,-2.057,epoch18
E10,G012,1.2201,-2.4338,epoch18
E10,G013,-0.6708,-0.4811,epoch18
E10,G014,-0.6644,-1.1815,epoch18
E10,G015,0.558,-2.5719,epoch18
E10,G016,2.5893,-2.6548,epoch18
E10,G017,2.3889,-0.602,epoch18
E10,G018,-0.5056,-2.6889,epoch18
E10,G019,2.4461,-1.6358,epoch18
E10,G020,-1.6506,-4.1648,epoch18
E10,G021,-0.6472,-2.1493,epoch18
E10,G022,2.9311,0.1208,epoch18
E10,G023,0.948,-1.3363,epoch18
E10,G024,1.5821,-1.1549,epoch18
E10,G025,0.7101,0.7097,epoch18
E10,G026,1.2569,-0.5245,epoch18
E10,G027,4.1856,0.6364,epoch18
E10,G028,0.4194,-0.7475,epoch18
E10,G029,1.2578,-0.2636,epoch18
E10,G030,-0.0494,-3.0955,epoch18
E10,G031,0.4971,-1.9264,epoch18
E10,G032,1.8175,-2.0935,epoch18
E10,G033,0.7765,-0.054,epoch18
E10,G034,5.7934,-0.161,epoch18
E10,G035,3.0237,-0.8567,epoch18
E10,G036,0.263,-2.1642,epoch18
E10,G037,4.4089,-1.1864,epoch18
E10,G038,0.2335,-4.3156,epoch18
E10,G039,1.2731,0.4837,epoch18
E10,G040,1.4542,-1.4368,epoch18
E10,G041,2.3847,-0.8734,epoch18
E10,G042,2.1208,-2.549,epoch18
E10,G043,1.0891,-1.1882,epoch18
E10,G044,-0.4296,-1.5307,epoch18
E10,G045,0.4281,-0.9917,epoch18
E10,G046,1.7023,-0.323,epoch18
E10,G047,-1.1045,-2.5446,epoch18
E10,G048,0.8599,-1.1182,epoch18
E10,G049,-0.4354,-0.789,epoch18
E10,G050,-0.1636,-1.4625,epoch18
E10,G051,1.3425,-1.1147,epoch18
E10,G052,-0.5975,-1.6109,epoch18
E10,G053,0.9931,-2.0156,epoch18
E10,G054,2.5659,0.2292,epoch18
E10,G055,3.1321,-1.1832,epoch18
E10,G056,0.3457,-3.4011,epoch18
E10,G057,0.6558,-1.236,epoch18
E10,G058,0.6773,-2.9622,epoch18
E10,G059,0.3459,-2.9212,epoch18
E11,G000,-0.4607,3.5644,epoch18
E11,G001,0.0596,2.6061,epoch18
E11,G002,0.4465,2.4838,epoch18
E11,G003,-2.25,2.6461,epoch18
E11,G004,2.407,2.7571,epoch18
E11,G005,1.936,2.441,epoch18
E11,G006,-2.2604,1.0529,epoch18
E11,G007,-0.2794,2.5605,epoch18
E11,G008,-1.5419,1.9056,epoch18
E11,G009,0.3306,2.5496,epoch18
E11,G010,-3.0364,2.7155,epoch18
E11,G011,0.4612,3.1544,epoch18
E11,G012,2.8088,2.9609,epoch18
E11,G013,2.3143,3.4439,epoch18
E11,G014,0.5,3.8933,epoch18
E11,G015,0.9273,2.0399,epoch18
E11,G016,2.7194,2.2599,epoch18
E11,G017,1.2997,2.4858,epoch18
E11,G018,-0.4179,2.3803,epoch18
E11,G019,-1.5501,1.301,epoch18
E11,G020,-1.5433,2.6441,epoch18
E11,G021,1.4763,3.1417,epoch18
E11,G022,0.7057,2.3462,epoch18
E11,G023,0.5567,1.5443,epoch18
E11,G024,0.0387,0.9646,epoch18
E11,G025,0.4705,3.0697,epoch18
E11,G026,1.5568,2.1304,epoch18
E11,G027,0.2176,2.0761,epoch18
E11,G028,0.3483,2.3194,epoch18
E11,G029,2.0823,2.2839,epoch18
E11,G030,0.8152,3.2197,epoch18
E11,G031,-0.3887,3.9618,epoch18
E11,G032,1.1989,1.2528,epoch18
E11,G033,0.2702,1.5615,epoch18
E11,G034,1.8405,3.4601,epoch18
E11,G035,2.1252,1.8317,epoch18
E11,G036,3.9939,2.435,epoch18
E11,G037,3.2611,3.6369,epoch18
E11,G038,1.6777,4.4525,epoch18
E11,G039,-0.8432,3.171,epoch18
E11,G040,1.1533,2.9718,epoch18
E11,G041,-0.8041,2.5185,epoch18
E11,G042,-0.7691,2.1044,epoch18
E11,G043,0.8094,2.7221,epoch18
E11,G044,0.863,1.8022,epoch18
E11,G045,2.7276,1.5435,epoch18
E11,G046,2.9084,3.4844,epoch18
E11,G047,-1.0827,2.886,epoch18
E11,G048,0.4024,3.8098,epoch18
E11,G049,1.8682,0.6595,epoch18
E11,G050,1.0605,2.4123,epoch18
E11,G051,1.8716,1.7827,epoch18
E11,G052,0.4657,2.4747,epoch18
E11,G053,0.7318,0.9539,epoch18
E11,G054,1.2833,3.9136,epoch18
E11,G055,1.7062,2.5961,epoch18
E11,G056,1.82,2.5019,epoch18
E11,G057,-0.8659,3.3492,epoch18
E11,G058,2.9338,1.2781,epoch18
E11,G059,1.7086,2.1448,epoch18
E00,G000,-0.4154,4.4227,epoch19
E00,G001,-2.5288,3.96,epoch19
E00,G002,0.0976,5.695,epoch19
E00,G003,0.2616,5.5502,epoch19
E00,G004,-2.788,5.1059,epoch19
E00,G005,-0.2772,3.7039,epoch19
E00,G006,-2.7185,4.4587,epoch19
E00,G007,-2.1974,4.9316,epoch19
E00,G008,-1.4414,3.6025,epoch19
E00,G009,-0.556,3.2605,epoch19
E00,G010,-0.6607,4.7136,epoch19
E00,G011,0.2955,5.0608,epoch19
E00,G012,0.6534,5.4412,epoch19
E00,G013,-0.9257,4.1431,epoch19
E00,G014,-1.2855,3.1596,epoch19
E00,G015,-0.4211,4.6211,epoch19
E00,G016,1.1629,5.4923,epoch19
E00,G017,0.9834,5.6153,epoch19
E00,G018,-3.0006,5.7515,epoch19
E00,G019,-0.1714,4.0487,epoch19
E00,G020,-1.4727,6.0238,epoch19
E00,G021,0.1383,1.7202,epoch19
E00,G022,-0.2985,6.1228,epoch19
E00,G023,1.238,3.6595,epoch19
E00,G024,-0.8287,6.1625,epoch19
E00,G025,-0.0812,4.3463,epoch19
E00,G026,-3.4712,4.8267,epoch19
E00,G027,-1.8146,2.9301,epoch19
E00,G028,-0.1893,3.4994,epoch19
E00,G029,-1.2814,5.1667,epoch19
E00,G030,-1.015,4.9622,epoch19
E00,G031,1.0094,4.7886,epoch19
E00,G032,1.3314,7.3997,epoch19
E00,G033,-2.7054,3.3648,epoch19
E00,G034,0.9677,6.6873,epoch19
E00,G035,1.4464,3.8966,epoch19
E00,G036,1.8098,3.3378,epoch19
E00,G037,0.8517,5.6661,epoch19
E00,G038,0.7926,4.2881,epoch19
E00,G039,-1.6721,4.6934,epoch19
E00,G040,0.1383,2.2349,epoch19
E00,G041,-0.6238,5.0917,epoch19
E00,G042,-0.6454,4.0282,epoch19
E00,G043,-0.0818,3.6919,epoch19
E00,G044,-0.8602,4.9241,epoch19
E00,G045,-0.8876,4.4753,epoch19
E00,G046,1.6464,5.2676,epoch19
E00,G047,-2.6381,5.186,epoch19
E00,G048,-1.1767,5.0807,epoch19
E00,G049,-1.287,4.5986,epoch19
E00,G050,0.1955,5.9837,epoch19
E00,G051,-2.7683,3.3103,epoch19
E00,G052,-3.1422,4.8028,epoch19
E00,G053,-0.4029,4.2802,epoch19
E00,G054,0.2103,4.9626,epoch19
E00,G055,2.2968,6.0356,epoch19
E00,G056,-2.6215,2.8663,epoch19
E00,G057,-1.1492,3.0463,epoch19
E00,G058,0.6893,3.4349,epoch19
E00,G059,-2.023,3.0225,epoch19
E01,G000,-0.2253,1.4301,epoch19
E01,G001,-2.0616,-0.3344,epoch19
E01,G002,3.0404,0.9158,epoch19
E01,G003,2.6715,2.0986,epoch19
E01,G004,0.5158,0.8152,epoch19
E01,G005,-0.3818,1.8318,epoch19
E01,G006,-0.3281,-0.7887,epoch19
E01,G007,-1.8268,0.3516,epoch19
E01,G008,-0.4833,0.9505,epoch19
E01,G009,2.6181,-0.445,epoch19
E01,G010,0.2107,0.2662,epoch19
E01,G011,-0.0383,-0.2469,epoch19
E01,G012,0.3805,0.43,epoch19
E01,G013,-0.0083,0.666,epoch19
E01,G014,0.3205,-1.6823,epoch19
E01,G015,-0.3888,-0.3833,epoch19
E01,G016,-0.3668,0.311,epoch19
E01,G017,0.5899,0.9405,epoch19
E01,G018,-1.254,-0.9276,epoch19
E01,G019,0.15,0.8047,epoch19
E01,G020,0.6929,-0.7263,epoch19
E01,G021,0.2603,-0.1121,epoch19
E01,G022,2.358,1.7751,epoch19
E01,G023,-1.3717,0.5969,epoch19
E01,G024,0.6172,0.4441,epoch19
E01,G025,3.1627,0.9102,epoch19
E01,G026,2.094,2.0528,epoch19
E01,G027,0.4189,1.8441,epoch19
E01,G028,0.2735,0.1166,epoch19
E01,G029,2.8339,0.2291,epoch19
E01,G030,-0.4203,-0.3452,epoch19
E01,G031,-0.3059,2.017,epoch19
E01,G032,2.4199,0.5147,epoch19
E01,G033,-0.4987,-1.4861,epoch19
E01,G034,-0.0638,0.8659,epoch19
E01,G035,1.688,2.1291,epoch19
E01,G036,-0.1889,-0.7418,epoch19
E01,G037,2.9178,1.6821,epoch19
E01,G038,0.8504,-0.4951,epoch19
E01,G039,-1.2757,-0.3253,epoch19
E01,G040,0.4228,2.2285,epoch19
E01,G041,2.1007,1.189,epoch19
E01,G042,-1.1847,0.0583,epoch19
E01,G043,0.3374,0.7757,epoch19
E01,G044,2.28,1.4948,epoch19
E01,G045,-0.0107,0.8435,epoch19
E01,G046,2.5722,0.4426,epoch19
E01,G047,-1.0126,-0.7093,epoch19
E01,G048,1.7758,2.6987,epoch19
E01,G049,2.2408,-0.3613,epoch19
E01,G050,3.3374,2.2395,epoch19
E01,G051,-0.8708,-0.6026,epoch19
E01,G052,0.8018,1.7204,epoch19
E01,G053,0.6872,1.3801,epoch19
E01,G054,2.5713,1.4358,epoch19
E01,G055,3.9162,3.5534,epoch19
E01,G056,-1.628,-0.6439,epoch19
E01,G057,0.613,-0.0266,epoch19
E01,G058,0.3774,-0.2056,epoch19
E01,G059,0.8277,-0.6246,epoch19
E02,G000,0.2838,2.5531,epoch19
E02,G001,-2.387,1.0782,epoch19
E02,G002,-0.0581,2.3762,epoch19
E02,G003,1.2929,4.6766,epoch19
E02,G004,-1.412,0.4467,epoch19
E02,G005,-0.01,1.3882,epoch19
E02,G006,-3.4272,0.4934,epoch19
E02,G007,-3.0483,1.9528,epoch19
E02,G008,-2.4997,2.1648,epoch19
E02,G009,0.3819,3.4059,epoch19
E02,G010,-1.4589,2.5317,epoch19
E02,G011,0.2659,3.1562,epoch19
E02,G012,1.823,5.5856,epoch19
E02,G013,-0.2903,1.8427,epoch19
E02,G014,-4.7103,-0.2439,epoch19
E02,G015,-2.5947,1.6456,epoch19
E02,G016,1.0271,2.9803,epoch19
E02,G017,-2.6697,1.9941,epoch19
E02,G018,-1.0323,0.9396,epoch19
E02,G019,-1.2145,1.2985,epoch19
E02,G020,-3.9153,1.1983,epoch19
E02,G021,-1.7111,0.7,epoch19
E02,G022,0.4602,2.6657,epoch19
E02,G023,-2.762,1.0819,epoch19
E02,G024,-1.2487,3.7269,epoch19
E02,G025,1.1571,3.4119,epoch19
E02,G026,-0.6792,3.7418,epoch19
E02,G027,-2.2836,1.439,epoch19
E02,G028,-0.2852,2.5754,epoch19
E02,G029,-0.5877,1.9738,epoch19
E02,G030,-3.7055,1.3667,epoch19
E02,G031,0.0998,2.4841,epoch19
E02,G032,0.5986,3.0111,epoch19
E02,G033,-2.4839,-0.0262,epoch19
E02,G034,-1.0106,2.338,epoch19
E02,G035,-0.9596,3.0271,epoch19
E02,G036,-1.9963,-0.0423,epoch19
E02,G037,0.1289,2.8636,epoch19
E02,G038,-0.2122,3.5242,epoch19
E02,G039,-1.3194,2.892,epoch19
E02,G040,-0.1478,2.5986,epoch19
E02,G041,1.0143,3.3689,epoch19
E02,G042,1.7453,4.8392,epoch19
E02,G043,-0.3885,3.642,epoch19
E02,G044,2.1406,2.3556,epoch19
E02,G045,-0.906,2.2305,epoch19
E02,G046,1.5518,4.2215,epoch19
E02,G047,-2.6941,1.9025,epoch19
E02,G048,1.0514,1.9337,epoch19
E02,G049,1.072,2.3243,epoch19
E02,G050,-2.57,2.8642,epoch19
E02,G051,-2.7847,1.7673,epoch19
E02,G052,-0.8038,1.8864,epoch19
E02,G053,0.7165,2.5935,epoch19
E02,G054,0.935,1.5038,epoch19
E02,G055,-1.1513,4.0186,epoch19
E02,G056,-2.0382,2.8175,epoch19
E02,G057,-2.2051,2.9232,epoch19
E02,G058,-2.3923,1.5848,epoch19
E02,G059,-2.0215,1.475,epoch19
E03,G000,-3.4471,0.1338,epoch19
E03,G001,-2.4902,-0.5851,epoch19
E03,G002,-4.1106,-3.144,epoch19
E03,G003,-1.231,-0.5778,epoch19
E03,G004,-3.0079,-2.188,epoch19
E03,G005,-3.4625,-1.1833,epoch19
E03,G006,-3.7202,-2.511,epoch19
E03,G007,-4.4648,0.064,epoch19
E03,G008,-4.9541,-1.3141,epoch19
E03,G009,-3.4651,-0.8056,epoch19
E03,G010,-3.1338,-0.0178,epoch19
E03,G011,-1.3074,-0.8016,epoch19
E03,G012,-1.7767,-1.9312,epoch19
E03,G013,-2.1974,-1.0375,epoch19
E03,G014,-4.1744,-2.7786,epoch19
E03,G015,-1.9815,-0.7824,epoch19
E03,G016,-3.258,-0.5859,epoch19
E03,G017,-1.6359,-1.0476,epoch19
E03,G018,-2.7034,-1.7638,epoch19
E03,G019,-3.9729,-0.6486,epoch19
E03,G020,-2.2434,-0.5478,epoch19
E03,G021,-2.1739,0.0891,epoch19
E03,G022,-1.4073,-0.4457,epoch19
E03,G023,-3.3942,-2.3427,epoch19
E03,G024,-0.9659,-1.9189,epoch19
E03,G025,-3.572,-3.0245,epoch19
E03,G026,-2.1724,-0.0338,epoch19
E03,G027,-3.2066,-0.6132,epoch19
E03,G028,-1.699,-1.3199,epoch19
E03,G029,-2.5249,-2.2467,epoch19
E03,G030,-4.0608,-1.2883,epoch19
E03,G031,-0.2542,-1.094,epoch19
E03,G032,0.335,0.454,epoch19
E03,G033,-1.7626,-2.4117,epoch19
E03,G034,-0.4118,-1.5976,epoch19
E03,G035,-1.6991,1.1766,epoch19
E03,G036,-3.6388,-2.3776,epoch19
E03,G037,-0.0626,-0.1088,epoch19
E03,G038,-2.6748,0.1093,epoch19
E03,G039,-2.2779,-2.7757,epoch19
E03,G040,-1.7631,0.1114,epoch19
E03,G041,-2.8165,-0.2712,epoch19
E03,G042,-2.1725,-0.9425,epoch19
E03,G043,-3.6846,-0.302,epoch19
E03,G044,-1.7703,-2.054,epoch19
E03,G045,-2.4617,-2.862,epoch19
E03,G046,-1.6459,1.5387,epoch19
E03,G047,-3.0834,-1.5347,epoch19
E03,G048,-0.6924,0.5497,epoch19
E03,G049,-3.7328,0.1001,epoch19
E03,G050,-3.8887,-0.6176,epoch19
E03,G051,-4.8853,-1.2845,epoch19
E03,G052,-5.292,-0.7537,epoch19
E03,G053,-2.2676,1.0513,epoch19
E03,G054,0.6178,0.158,epoch19
E03,G055,-2.0906,0.8766,epoch19
E03,G056,-3.1409,-1.9977,epoch19
E03,G057,-5.1691,-2.1284,epoch19
E03,G058,-1.3273,-0.561,epoch19
E03,G059,-3.9271,-1.2334,epoch19
E04,G000,-1.3659,-2.2539,epoch19
E04,G001,-1.6574,-1.3375,epoch19
E04,G002,0.4356,-1.9664,epoch19
E04,G003,-0.17,-2.2471,epoch19
E04,G004,-3.4716,-1.9749,epoch19
E04,G005,-2.7324,-2.6789,epoch19
E04,G006,-3.0526,-3.5788,epoch19
E04,G007,-2.0531,-2.5438,epoch19
E04,G008,-2.6858,-4.191,epoch19
E04,G009,-1.0115,-3.6673,epoch19
E04,G010,0.4038,-2.661,epoch19
E04,G011,-3.0678,-2.9661,epoch19
E04,G012,-1.6976,-3.661,epoch19
E04,G013,-0.3081,-2.6003,epoch19
E04,G014,-4.0055,-4.1289,epoch19
E04,G015,-3.1631,-3.8759,epoch19
E04,G016,-1.1284,-4.2814,epoch19
E04,G017,-0.9924,-2.1003,epoch19
E04,G018,-2.7285,-1.8282,epoch19
E04,G019,0.684,-2.1341,epoch19
E04,G020,-1.7016,-2.4854,epoch19
E04,G021,-2.8312,-3.0005,epoch19
E04,G022,-1.822,-1.5717,epoch19
E04,G023,-3.1238,-4.1264,epoch19
E04,G024,0.731,-2.7071,epoch19
E04,G025,-1.7076,-2.0625,epoch19
E04,G026,-1.6536,-3.9893,epoch19
E04,G027,0.7034,-2.1623,epoch19
E04,G028,0.02,-2.2535,epoch19
E04,G029,-1.0593,-0.8283,epoch19
E04,G030,-2.1129,-3.299,epoch19
E04,G031,-2.748,-2.3113,epoch19
E04,G032,-0.8919,-2.8559,epoch19
E04,G033,-5.8616,-4.4529,epoch19
E04,G034,0.5017,-4.8704,epoch19
E04,G035,-0.612,-3.0306,epoch19
E04,G036,-0.6251,-1.5572,epoch19
E04,G037,2.0726,-1.5232,epoch19
E04,G038,0.1998,-2.4555,epoch19
E04,G039,-3.84,-1.0629,epoch19
E04,G040,0.0117,-2.026,epoch19
E04,G041,0.4542,-3.6766,epoch19
E04,G042,-1.9217,-2.905,epoch19
E04,G043,-1.1993,-2.3045,epoch19
E04,G044,-1.522,-1.2655,epoch19
E04,G045,-2.099,-3.2462,epoch19
E04,G046,1.9172,-1.4949,epoch19
E04,G047,-4.2765,-2.1026,epoch19
E04,G048,-1.6879,-3.2,epoch19
E04,G049,-0.5599,-2.1843,epoch19
E04,G050,-0.8221,-4.3724,epoch19
E04,G051,-2.1187,-3.1595,epoch19
E04,G052,-2.6248,-5.6972,epoch19
E04,G053,-1.2749,-3.0253,epoch19
E04,G054,-0.4637,-1.2471,epoch19
E04,G055,-3.1172,-2.2118,epoch19
E04,G056,-1.8621,-2.9972,epoch19
E04,G057,-2.1515,-2.6893,epoch19
E04,G058,-0.4622,-0.3259,epoch19
E04,G059,-4.1053,-3.7272,epoch19
E05,G000,-3.5455,-0.6846,epoch19
E05,G001,-4.5257,-2.7374,epoch19
E05,G002,-1.27,-1.8336,epoch19
E05,G003,0.1457,-1.5074,epoch19
E05,G004,-4.3517,-2.3786,epoch19
E05,G005,-1.4424,-2.7923,epoch19
E05,G006,-2.8905,-2.0064,epoch19
E05,G007,-5.2704,-1.6525,epoch19
E05,G008,-4.1428,-2.7047,epoch19
E05,G009,-1.0113,-2.6607,epoch19
E05,G010,-2.8812,-5.0133,epoch19
E05,G011,-2.7924,-2.4572,epoch19
E05,G012,-1.7519,-0.8604,epoch19
E05,G013,-2.4634,-0.7019,epoch19
E05,G014,-4.4491,-5.482,epoch19
E05,G015,-3.9004,-4.38,epoch19
E05,G016,-1.4225,-1.311,epoch19
E05,G017,-2.8564,-2.6106,epoch19
E05,G018,-4.7226,-2.7209,epoch19
E05,G019,-4.3964,-2.4319,epoch19
E05,G020,-4.417,-1.9825,epoch19
E05,G021,-5.1928,-4.3218,epoch19
E05,G022,-1.0429,-1.3723,epoch19
E05,G023,-2.3787,-1.1695,epoch19
E05,G024,-1.9942,-1.3587,epoch19
E05,G025,-0.3888,-1.6391,epoch19
E05,G026,-3.9198,-2.0669,epoch19
E05,G027,-3.0805,-1.6687,epoch19
E05,G028,-2.3732,-2.3658,epoch19
E05,G029,-2.4487,-0.781,epoch19
E05,G030,-3.209,-1.6999,epoch19
E05,G031,-2.7668,-1.3528,epoch19
E05,G032,0.3677,0.0399,epoch19
E05,G033,-4.8416,-3.9406,epoch19
E05,G034,-3.02,-0.773,epoch19
E05,G035,-2.2851,-1.4675,epoch19
E05,G036,-3.4729,-2.6854,epoch19
E05,G037,-1.6478,-1.8649,epoch19
E05,G038,-1.4913,0.3579,epoch19
E05,G039,-2.1177,-2.5432,epoch19
E05,G040,-2.2459,-1.4536,epoch19
E05,G041,-4.4435,-2.1017,epoch19
E05,G042,-3.6059,-2.583,epoch19
E05,G043,-4.5932,-0.7371,epoch19
E05,G044,-0.8097,1.3755,epoch19
E05,G045,-0.8755,-0.0498,epoch19
E05,G046,0.7184,0.1346,epoch19
E05,G047,-4.9455,-1.4427,epoch19
E05,G048,-2.9235,-1.7962,epoch19
E05,G049,-2.3337,-2.9071,epoch19
E05,G050,-2.3013,-2.8268,epoch19
E05,G051,-2.9736,-0.4671,epoch19
E05,G052,-2.8786,-2.6664,epoch19
E05,G053,0.528,-2.0389,epoch19
E05,G054,-0.0477,-1.675,epoch19
E05,G055,-1.9252,-1.2278,epoch19
E05,G056,-3.7991,-2.9786,epoch19
E05,G057,-2.978,-2.1518,epoch19
E05,G058,-2.4796,-1.1531,epoch19
E05,G059,-5.9056,-1.4903,epoch19
E06,G000,-0.2709,1.9549,epoch19
E06,G001,-1.9405,3.115,epoch19
E06,G002,-0.6592,2.3488,epoch19
E06,G003,0.0391,2.8745,epoch19
E06,G004,1.1135,4.2838,epoch19
E06,G005,-0.5403,4.0799,epoch19
E06,G006,-2.9432,1.5482,epoch19
E06,G007,-1.301,3.2338,epoch19
E06,G008,-1.709,2.2389,epoch19
E06,G009,0.278,4.0171,epoch19
E06,G010,-1.0102,2.5907,epoch19
E06,G011,-0.7624,3.823,epoch19
E06,G012,-0.2848,3.7899,epoch19
E06,G013,-1.5087,3.0427,epoch19
E06,G014,-1.5594,2.1358,epoch19
E06,G015,-0.5018,2.4477,epoch19
E06,G016,-1.4414,3.213,epoch19
E06,G017,0.3023,4.6056,epoch19
E06,G018,-1.4568,1.9971,epoch19
E06,G019,0.5985,2.9923,epoch19
E06,G020,-1.4547,3.2521,epoch19
E06,G021,-1.669,1.8885,epoch19
E06,G022,-0.6786,4.7282,epoch19
E06,G023,-1.7722,3.6991,epoch19
E06,G024,2.4065,1.4855,epoch19
E06,G025,-1.7878,2.8846,epoch19
E06,G026,-0.7986,2.0464,epoch19
E06,G027,-0.9475,3.5466,epoch19
E06,G028,0.3425,4.5854,epoch19
E06,G029,-1.3511,1.8916,epoch19
E06,G030,-2.4002,1.4996,epoch19
E06,G031,0.1801,3.3349,epoch19
E06,G032,2.201,4.0926,epoch19
E06,G033,-4.3416,2.8004,epoch19
E06,G034,0.1007,4.3933,epoch19
E06,G035,-1.1057,3.7711,epoch19
E06,G036,-1.8295,3.7456,epoch19
E06,G037,2.6433,5.4241,epoch19
E06,G038,0.9882,3.4252,epoch19
E06,G039,-0.6572,2.1331,epoch19
E06,G040,0.1368,2.9203,epoch19
E06,G041,1.1222,4.214,epoch19
E06,G042,1.4383,4.316,epoch19
E06,G043,1.2899,4.3826,epoch19
E06,G044,0.6251,2.6279,epoch19
E06,G045,-0.6129,2.7139,epoch19
E06,G046,2.7176,5.0101,epoch19
E06,G047,0.0756,4.1658,epoch19
E06,G048,-0.8423,3.9285,epoch19
E06,G049,-0.1253,3.3759,epoch19
E06,G050,-0.141,2.7174,epoch19
E06,G051,-1.3708,3.2578,epoch19
E06,G052,-0.8347,4.2934,epoch19
E06,G053,-1.6636,2.0227,epoch19
E06,G054,-0.0616,5.0043,epoch19
E06,G055,1.4757,2.7254,epoch19
E06,G056,-1.1174,3.1818,epoch19
E06,G057,-0.2017,3.0676,epoch19
E06,G058,1.1822,4.159,epoch19
E06,G059,-3.3457,1.32,epoch19
E07,G000,2.885,6.3589,epoch19
E07,G001,1.9241,7.4293,epoch19
E07,G002,4.901,7.613,epoch19
E07,G003,3.8238,6.3714,epoch19
E07,G004,2.3426,7.7112,epoch19
E07,G005,0.6425,7.4252,epoch19
E07,G006,1.3167,6.9145,epoch19
E07,G007,-0.1517,6.5482,epoch19
E07,G008,0.1119,7.9906,epoch19
E07,G009,3.3663,6.5348,epoch19
E07,G010,1.6257,6.7464,epoch19
E07,G011,3.0717,8.361,epoch19
E07,G012,4.7353,6.3426,epoch19
E07,G013,4.1428,5.234,epoch19
E07,G014,-0.1352,5.9126,epoch19
E07,G015,0.8102,7.2524,epoch19
E07,G016,2.6891,7.3702,epoch19
E07,G017,3.7268,6.8649,epoch19
E07,G018,2.4015,5.9161,epoch19
E07,G019,3.9893,7.8526,epoch19
E07,G020,2.7992,6.1754,epoch19
E07,G021,3.6807,5.3562,epoch19
E07,G022,5.7463,8.5051,epoch19
E07,G023,4.1078,7.6135,epoch19
E07,G024,3.0938,8.334,epoch19
E07,G025,4.0081,8.7317,epoch19
E07,G026,2.5444,8.0619,epoch19
E07,G027,2.8102,7.7991,epoch19
E07,G028,3.9469,7.0112,epoch19
E07,G029,2.5344,5.0641,epoch19
E07,G030,1.1587,6.9951,epoch19
E07,G031,4.1407,6.8675,epoch19
E07,G032,5.7996,9.492,epoch19
E07,G033,1.9499,7.7683,epoch19
E07,G034,5.3116,8.3066,epoch19
E07,G035,4.4044,8.6549,epoch19
E07,G036,2.541,6.694,epoch19
E07,G037,2.2297,7.9537,epoch19
E07,G038,3.2711,6.8119,epoch19
E07,G039,1.3105,6.2514,epoch19
E07,G040,2.6046,7.6571,epoch19
E07,G041,4.1228,8.6413,epoch19
E07,G042,3.4003,6.0599,epoch19
E07,G043,3.5955,8.4699,epoch19
E07,G044,1.2092,9.099,epoch19
E07,G045,5.6143,6.1512,epoch19
E07,G046,4.1316,7.6943,epoch19
E07,G047,-0.0108,6.3022,epoch19
E07,G048,3.8554,8.438,epoch19
E07,G049,3.4186,9.0791,epoch19
E07,G050,2.6621,8.5353,epoch19
E07,G051,2.6568,6.565,epoch19
E07,G052,2.0224,6.097,epoch19
E07,G053,1.5478,6.8449,epoch19
E07,G054,4.2391,7.6479,epoch19
E07,G055,4.8797,7.9447,epoch19
E07,G056,1.4573,5.8472,epoch19
E07,G057,2.0436,7.9989,epoch19
E07,G058,4.0689,7.0367,epoch19
E07,G059,4.2828,7.0569,epoch19
E08,G000,-1.9328,3.4536,epoch19
E08,G001,-1.0843,1.572,epoch19
E08,G002,-0.9255,3.484,epoch19
E08,G003,-1.8272,3.0299,epoch19
E08,G004,-1.5307,2.5558,epoch19
E08,G005,-0.624,3.8816,epoch19
E08,G006,-1.6664,1.9419,epoch19
E08,G007,-1.9231,5.2009,epoch19
E08,G008,-4.1302,3.1983,epoch19
E08,G009,-2.1849,2.1505,epoch19
E08,G010,-1.5424,0.4257,epoch19
E08,G011,-0.0769,4.7408,epoch19
E08,G012,0.469,3.6343,epoch19
E08,G013,-2.059,2.7043,epoch19
E08,G014,-2.3106,1.2382,epoch19
E08,G015,0.5662,1.9849,epoch19
E08,G016,-0.4074,1.7617,epoch19
E08,G017,-2.4391,5.8647,epoch19
E08,G018,-5.0303,3.4995,epoch19
E08,G019,-2.4863,2.7962,epoch19
E08,G020,-0.7205,4.5247,epoch19
E08,G021,-4.6595,0.1675,epoch19
E08,G022,1.3263,4.573,epoch19
E08,G023,-2.4968,3.0083,epoch19
E08,G024,-0.4553,1.9408,epoch19
E08,G025,0.2125,3.0154,epoch19
E08,G026,-1.0257,2.3795,epoch19
E08,G027,-1.8018,3.096,epoch19
E08,G028,-0.8452,4.6631,epoch19
E08,G029,0.2321,4.841,epoch19
E08,G030,-1.8705,3.5891,epoch19
E08,G031,-1.2594,4.3254,epoch19
E08,G032,1.5686,2.092,epoch19
E08,G033,-5.3624,4.0003,epoch19
E08,G034,-0.5988,3.3727,epoch19
E08,G035,-1.7204,2.164,epoch19
E08,G036,-1.4079,2.6848,epoch19
E08,G037,1.6869,3.6324,epoch19
E08,G038,0.1705,4.0495,epoch19
E08,G039,-2.1975,2.6805,epoch19
E08,G040,-2.7851,0.9822,epoch19
E08,G041,0.965,5.0015,epoch19
E08,G042,-1.6135,5.0274,epoch19
E08,G043,0.8245,2.936,epoch19
E08,G044,-0.8367,4.7775,epoch19
E08,G045,-3.3654,4.6842,epoch19
E08,G046,-0.2945,5.0596,epoch19
E08,G047,-2.3875,4.1445,epoch19
E08,G048,-0.621,1.4142,epoch19
E08,G049,-1.0001,3.9143,epoch19
E08,G050,-0.8842,2.2925,epoch19
E08,G051,-3.6145,5.0649,epoch19
E08,G052,-1.5671,1.4133,epoch19
E08,G053,0.1248,1.8162,epoch19
E08,G054,-0.7231,4.5672,epoch19
E08,G055,-0.91,4.1086,epoch19
E08,G056,-5.7516,1.827,epoch19
E08,G057,-1.3762,2.8594,epoch19
E08,G058,2.7468,4.4643,epoch19
E08,G059,-2.2391,4.0686,epoch19
E09,G000,-0.6027,-5.837,epoch19
E09,G001,-1.95,-5.9978,epoch19
E09,G002,-2.0357,-5.302,epoch19
E09,G003,-1.4515,-5.6687,epoch19
E09,G004,-4.2172,-5.6813,epoch19
E09,G005,-1.8392,-6.282,epoch19
E09,G006,-2.6961,-5.3934,epoch19
E09,G007,-0.7673,-6.2713,epoch19
E09,G008,-2.1824,-5.8076,epoch19
E09,G009,-1.1806,-5.2377,epoch19
E09,G010,-3.3687,-5.7459,epoch19
E09,G011,-2.0184,-3.1282,epoch19
E09,G012,-1.7105,-3.4919,epoch19
E09,G013,-2.4764,-4.0367,epoch19
E09,G014,-4.7414,-4.3662,epoch19
E09,G015,-1.9856,-4.8552,epoch19
E09,G016,-2.2013,-3.6859,epoch19
E09,G017,-3.3243,-4.9985,epoch19
E09,G018,-4.2899,-5.4511,epoch19
E09,G019,-2.7238,-4.4905,epoch19
E09,G020,-2.3687,-6.7904,epoch19
E09,G021,-0.9235,-5.4757,epoch19
E09,G022,0.8402,-4.9527,epoch19
E09,G023,-3.9865,-5.0925,epoch19
E09,G024,-2.402,-5.1955,epoch19
E09,G025,0.7964,-5.1126,epoch19
E09,G026,-1.6199,-6.0487,epoch19
E09,G027,-3.0465,-5.5553,epoch19
E09,G028,-0.3721,-6.4085,epoch19
E09,G029,-1.59,-5.9939,epoch19
E09,G030,-4.3935,-5.9223,epoch19
E09,G031,-3.8577,-5.3021,epoch19
E09,G032,0.8703,-4.7697,epoch19
E09,G033,-2.4473,-7.3284,epoch19
E09,G034,-1.7183,-4.1108,epoch19
E09,G035,-2.75,-4.291,epoch19
E09,G036,-0.9377,-5.3492,epoch19
E09,G037,0.8585,-4.4501,epoch19
E09,G038,-0.6646,-6.5114,epoch19
E09,G039,-2.7664,-5.011,epoch19
E09,G040,-1.5027,-6.3214,epoch19
E09,G041,-2.6143,-3.9259,epoch19
E09,G042,-2.5437,-5.9028,epoch19
E09,G043,0.0197,-4.5558,epoch19
E09,G044,-2.0087,-5.115,epoch19
E09,G045,-3.669,-6.7424,epoch19
E09,G046,-0.3447,-1.5514,epoch19
E09,G047,-1.7207,-6.9786,epoch19
E09,G048,0.8734,-4.4627,epoch19
E09,G049,-4.6481,-6.234,epoch19
E09,G050,0.882,-5.3094,epoch19
E09,G051,-3.0177,-3.8042,epoch19
E09,G052,0.3935,-6.3287,epoch19
E09,G053,0.8861,-4.5329,epoch19
E09,G054,0.3749,-4.0382,epoch19
E09,G055,-0.1031,-4.2277,epoch19
E09,G056,-2.9627,-4.7222,epoch19
E09,G057,-1.8064,-6.1607,epoch19
E09,G058,-2.303,-6.6164,epoch19
E09,G059,-5.9845,-7.2206,epoch19
E10,G000,4.475,3.5785,epoch19
E10,G001,0.4218,3.7536,epoch19
E10,G002,1.8611,3.2668,epoch19
E10,G003,0.0026,5.1933,epoch19
E10,G004,1.8137,3.4364,epoch19
E10,G005,1.826,3.4732,epoch19
E10,G006,0.779,2.9795,epoch19
E10,G007,0.0627,1.5077,epoch19
E10,G008,-1.3862,3.6413,epoch19
E10,G009,0.5778,2.4493,epoch19
E10,G010,-1.8965,2.945,epoch19
E10,G011,-0.8292,5.8992,epoch19
E10,G012,1.2201,2.5104,epoch19
E10,G013,-0.6708,3.4412,epoch19
E10,G014,-0.6644,3.2058,epoch19
E10,G015,0.558,3.6229,epoch19
E10,G016,2.5893,3.4956,epoch19
E10,G017,2.3889,3.1578,epoch19
E10,G018,-0.5056,4.8947,epoch19
E10,G019,2.4461,1.8081,epoch19
E10,G020,-1.6506,1.7281,epoch19
E10,G021,-0.6472,4.4699,epoch19
E10,G022,2.9311,4.7047,epoch19
E10,G023,0.948,3.4978,epoch19
E10,G024,1.5821,3.2046,epoch19
E10,G025,0.7101,3.926,epoch19
E10,G026,1.2569,6.3218,epoch19
E10,G027,4.1856,4.9134,epoch19
E10,G028,0.4194,2.7331,epoch19
E10,G029,1.2578,3.9105,epoch19
E10,G030,-0.0494,2.9707,epoch19
E10,G031,0.4971,5.4519,epoch19
E10,G032,1.8175,4.9648,epoch19
E10,G033,0.7765,4.0686,epoch19
E10,G034,5.7934,5.0212,epoch19
E10,G035,3.0237,6.4247,epoch19
E10,G036,0.263,4.055,epoch19
E10,G037,4.4089,5.2737,epoch19
E10,G038,0.2335,2.446,epoch19
E10,G039,1.2731,2.9858,epoch19
E10,G040,1.4542,4.1246,epoch19
E10,G041,2.3847,3.7197,epoch19
E10,G042,2.1208,6.3575,epoch19
E10,G043,1.0891,3.9805,epoch19
E10,G044,-0.4296,2.4061,epoch19
E10,G045,0.4281,5.199,epoch19
E10,G046,1.7023,3.7067,epoch19
E10,G047,-1.1045,3.7231,epoch19
E10,G048,0.8599,3.5715,epoch19
E10,G049,-0.4354,2.7174,epoch19
E10,G050,-0.1636,4.3987,epoch19
E10,G051,1.3425,3.696,epoch19
E10,G052,-0.5975,4.6416,epoch19
E10,G053,0.9931,3.7266,epoch19
E10,G054,2.5659,3.5005,epoch19
E10,G055,3.1321,3.1251,epoch19
E10,G056,0.3457,1.9845,epoch19
E10,G057,0.6558,2.8892,epoch19
E10,G058,0.6773,3.7283,epoch19
E10,G059,0.3459,3.1168,epoch19
E11,G000,-0.4607,-4.5176,epoch19
E11,G001,0.0596,-4.3048,epoch19
E11,G002,0.4465,-4.469,epoch19
E11,G003,-2.25,-4.2274,epoch19
E11,G004,2.407,-1.4198,epoch19
E11,G005,1.936,-2.3903,epoch19
E11,G006,-2.2604,-4.7819,epoch19
E11,G007,-0.2794,-2.2798,epoch19
E11,G008,-1.5419,-3.0812,epoch19
E11,G009,0.3306,-2.8321,epoch19
E11,G010,-3.0364,-3.1451,epoch19
E11,G011,0.4612,-3.4964,epoch19
E11,G012,2.8088,-2.7833,epoch19
E11,G013,2.3143,-3.6279,epoch19
E11,G014,0.5,-3.591,epoch19
E11,G015,0.9273,-4.6302,epoch19
E11,G016,2.7194,-4.1296,epoch19
E11,G017,1.2997,-2.3712,epoch19
E11,G018,-0.4179,-4.6487,epoch19
E11,G019,-1.5501,-3.2963,epoch19
E11,G020,-1.5433,-2.1697,epoch19
E11,G021,1.4763,-4.7123,epoch19
E11,G022,0.7057,-1.6247,epoch19
E11,G023,0.5567,-4.476,epoch19
E11,G024,0.0387,-4.6858,epoch19
E11,G025,0.4705,-2.8476,epoch19
E11,G026,1.5568,-1.8662,epoch19
E11,G027,0.2176,-4.1572,epoch19
E11,G028,0.3483,-4.1205,epoch19
E11,G029,2.0823,-3.5927,epoch19
E11,G030,0.8152,-4.4448,epoch19
E11,G031,-0.3887,-3.5396,epoch19
E11,G032,1.1989,-3.4763,epoch19
E11,G033,0.2702,-4.074,epoch19
E11,G034,1.8405,-2.5109,epoch19
E11,G035,2.1252,-3.6856,epoch19
E11,G036,3.9939,-2.0231,epoch19
E11,G037,3.2611,-3.2869,epoch19
E11,G038,1.6777,-3.7291,epoch19
E11,G039,-0.8432,-2.1488,epoch19
E11,G040,1.1533,-1.3456,epoch19
E11,G041,-0.8041,-3.6974,epoch19
E11,G042,-0.7691,-2.887,epoch19
E11,G043,0.8094,-2.8882,epoch19
E11,G044,0.863,-3.6812,epoch19
E11,G045,2.7276,-2.1735,epoch19
E11,G046,2.9084,-1.8838,epoch19
E11,G047,-1.0827,-2.9973,epoch19
E11,G048,0.4024,-4.8265,epoch19
E11,G049,1.8682,-2.9152,epoch19
E11,G050,1.0605,-3.3807,epoch19
E11,G051,1.8716,-4.4519,epoch19
E11,G052,0.4657,-4.403,epoch19
E11,G053,0.7318,-4.5905,epoch19
E11,G054,1.2833,-4.3594,epoch19
E11,G055,1.7062,-3.8926,epoch19
E11,G056,1.82,-3.4876,epoch19
E11,G057,-0.8659,-5.1312,epoch19
E11,G058,2.9338,-3.3183,epoch19
E11,G059,1.7086,-6.1352,epoch19
E00,G000,-0.4154,-0.9588,epoch20
E00,G001,-2.5288,-2.3018,epoch20
E00,G002,0.0976,-1.4065,epoch20
E00,G003,0.2616,-0.2268,epoch20
E00,G004,-2.788,-2.2785,epoch20
E00,G005,-0.2772,-2.2612,epoch20
E00,G006,-2.7185,-3.1081,epoch20
E00,G007,-2.1974,-1.7749,epoch20
E00,G008,-1.4414,-2.9386,epoch20
E00,G009,-0.556,-2.4358,epoch20
E00,G010,-0.6607,-3.4572,epoch20
E00,G011,0.2955,-4.362,epoch20
E00,G012,0.6534,-1.9684,epoch20
E00,G013,-0.9257,-2.6326,epoch20
E00,G014,-1.2855,-2.0153,epoch20
E00,G015,-0.4211,-1.8755,epoch20
E00,G016,1.1629,-0.3078,epoch20
E00,G017,0.9834,0.1823,epoch20
E00,G018,-3.0006,-2.8105,epoch20
E00,G019,-0.1714,-2.7147,epoch20
E00,G020,-1.4727,-1.7049,epoch20
E00,G021,0.1383,-2.5025,epoch20
E00,G022,-0.2985,-1.5496,epoch20
E00,G023,1.238,-0.6396,epoch20
E00,G024,-0.8287,-1.8184,epoch20
E00,G025,-0.0812,-0.1569,epoch20
E00,G026,-3.4712,-4.1721,epoch20
E00,G027,-1.8146,-2.6609,epoch20
E00,G028,-0.1893,-0.7994,epoch20
E00,G029,-1.2814,-3.4557,epoch20
E00,G030,-1.015,-2.2669,epoch20
E00,G031,1.0094,-0.5694,epoch20
E00,G032,1.3314,-3.7558,epoch20
E00,G033,-2.7054,-1.3375,epoch20
E00,G034,0.9677,-2.0373,epoch20
E00,G035,1.4464,-1.7522,epoch20
E00,G036,1.8098,-0.5957,epoch20
E00,G037,0.8517,-2.6546,epoch20
E00,G038,0.7926,-0.7212,epoch20
E00,G039,-1.6721,-2.7643,epoch20
E00,G040,0.1383,-2.1717,epoch20
E00,G041,-0.6238,-2.4037,epoch20
E00,G042,-0.6454,-0.5858,epoch20
E00,G043,-0.0818,-3.0171,epoch20
E00,G044,-0.8602,-1.4392,epoch20
E00,G045,-0.8876,-1.2854,epoch20
E00,G046,1.6464,-0.8107,epoch20
E00,G047,-2.6381,-2.4306,epoch20
E00,G048,-1.1767,-1.9863,epoch20
E00,G049,-1.287,-1.3129,epoch20
E00,G050,0.1955,-1.3869,epoch20
E00,G051,-2.7683,-3.3441,epoch20
E00,G052,-3.1422,-3.699,epoch20
E00,G053,-0.4029,-1.6732,epoch20
E00,G054,0.2103,-1.6491,epoch20
E00,G055,2.2968,-0.9564,epoch20
E00,G056,-2.6215,-1.7998,epoch20
E00,G057,-1.1492,-3.9215,epoch20
E00,G058,0.6893,0.6655,epoch20
E00,G059,-2.023,-2.8299,epoch20
E01,G000,-0.2253,0.9864,epoch20
E01,G001,-2.0616,-0.811,epoch20
E01,G002,3.0404,3.3491,epoch20
E01,G003,2.6715,3.5183,epoch20
E01,G004,0.5158,1.0534,epoch20
E01,G005,-0.3818,1.6225,epoch20
E01,G006,-0.3281,1.1039,epoch20
E01,G007,-1.8268,0.5319,epoch20
E01,G008,-0.4833,2.5993,epoch20
E01,G009,2.6181,2.3178,epoch20
E01,G010,0.2107,1.198,epoch20
E01,G011,-0.0383,0.2266,epoch20
E01,G012,0.3805,3.245,epoch20
E01,G013,-0.0083,0.9601,epoch20
E01,G014,0.3205,0.1009,epoch20
E01,G015,-0.3888,2.9668,epoch20
E01,G016,-0.3668,2.863,epoch20
E01,G017,0.5899,0.0706,epoch20
E01,G018,-1.254,-0.7329,epoch20
E01,G019,0.15,1.2436,epoch20
E01,G020,0.6929,0.0227,epoch20
E01,G021,0.2603,1.4352,epoch20
E01,G022,2.358,5.0783,epoch20
E01,G023,-1.3717,4.4626,epoch20
E01,G024,0.6172,1.4439,epoch20
E01,G025,3.1627,3.0011,epoch20
E01,G026,2.094,3.229,epoch20
E01,G027,0.4189,1.5917,epoch20
E01,G028,0.2735,0.2062,epoch20
E01,G029,2.8339,3.266,epoch20
E01,G030,-0.4203,1.7189,epoch20
E01,G031,-0.3059,1.9727,epoch20
E01,G032,2.4199,3.3925,epoch20
E01,G033,-0.4987,0.1406,epoch20
E01,G034,-0.0638,3.5171,epoch20
E01,G035,1.688,2.4455,epoch20
E01,G036,-0.1889,1.8972,epoch20
E01,G037,2.9178,2.702,epoch20
E01,G038,0.8504,2.8674,epoch20
E01,G039,-1.2757,2.5668,epoch20
E01,G040,0.4228,1.3048,epoch20
E01,G041,2.1007,2.8722,epoch20
E01,G042,-1.1847,1.0703,epoch20
E01,G043,0.3374,0.702,epoch20
E01,G044,2.28,2.1669,epoch20
E01,G045,-0.0107,2.8085,epoch20
E01,G046,2.5722,3.4711,epoch20
E01,G047,-1.0126,2.7339,epoch20
E01,G048,1.7758,1.2949,epoch20
E01,G049,2.2408,1.282,epoch20
E01,G050,3.3374,2.4092,epoch20
E01,G051,-0.8708,1.8958,epoch20
E01,G052,0.8018,1.5414,epoch20
E01,G053,0.6872,0.9778,epoch20
E01,G054,2.5713,1.4049,epoch20
E01,G055,3.9162,4.09,epoch20
E01,G056,-1.628,2.5323,epoch20
E01,G057,0.613,0.7193,epoch20
E01,G058,0.3774,3.343,epoch20
E01,G059,0.8277,1.2489,epoch20
E02,G000,0.2838,0.0433,epoch20
E02,G001,-2.387,-0.1242,epoch20
E02,G002,-0.0581,-1.1285,epoch20
E02,G003,1.2929,-0.9425,epoch20
E02,G004,-1.412,-2.9922,epoch20
E02,G005,-0.01,-0.427,epoch20
E02,G006,-3.4272,-1.5823,epoch20
E02,G007,-3.0483,-0.0907,epoch20
E02,G008,-2.4997,-1.6943,epoch20
E02,G009,0.3819,-0.5292,epoch20
E02,G010,-1.4589,-0.1774,epoch20
E02,G011,0.2659,-1.3873,epoch20
E02,G012,1.823,0.3546,epoch20
E02,G013,-0.2903,0.1439,epoch20
E02,G014,-4.7103,-2.7487,epoch20
E02,G015,-2.5947,-0.0271,epoch20
E02,G016,1.0271,-0.1087,epoch20
E02,G017,-2.6697,0.1997,epoch20
E02,G018,-1.0323,-0.7624,epoch20
E02,G019,-1.2145,-0.953,epoch20
E02,G020,-3.9153,-0.0383,epoch20
E02,G021,-1.7111,-0.9517,epoch20
E02,G022,0.4602,-0.1416,epoch20
E02,G023,-2.762,-1.3715,epoch20
E02,G024,-1.2487,-1.9842,epoch20
E02,G025,1.1571,-0.4909,epoch20
E02,G026,-0.6792,-1.711,epoch20
E02,G027,-2.2836,-1.2543,epoch20
E02,G028,-0.2852,-1.2605,epoch20
E02,G029,-0.5877,-0.5903,epoch20
E02,G030,-3.7055,-2.1989,epoch20
E02,G031,0.0998,-2.1893,epoch20
E02,G032,0.5986,-0.6297,epoch20
E02,G033,-2.4839,-2.4185,epoch20
E02,G034,-1.0106,-2.0234,epoch20
E02,G035,-0.9596,-1.2708,epoch20
E02,G036,-1.9963,-0.6365,epoch20
E02,G037,0.1289,-1.2102,epoch20
E02,G038,-0.2122,-2.3611,epoch20
E02,G039,-1.3194,-1.9383,epoch20
E02,G040,-0.1478,2.3514,epoch20
E02,G041,1.0143,-0.9841,epoch20
E02,G042,1.7453,0.1077,epoch20
E02,G043,-0.3885,-1.4022,epoch20
E02,G044,2.1406,0.3346,epoch20
E02,G045,-0.906,0.9478,epoch20
E02,G046,1.5518,-0.2168,epoch20
E02,G047,-2.6941,-0.5528,epoch20
E02,G048,1.0514,-1.9841,epoch20
E02,G049,1.072,-0.588,epoch20
E02,G050,-2.57,-2.0686,epoch20
E02,G051,-2.7847,-1.2511,epoch20
E02,G052,-0.8038,-1.8685,epoch20
E02,G053,0.7165,-0.2562,epoch20
E02,G054,0.935,-1.4777,epoch20
E02,G055,-1.1513,-0.809,epoch20
E02,G056,-2.0382,-1.6912,epoch20
E02,G057,-2.2051,-2.5761,epoch20
E02,G058,-2.3923,-2.5159,epoch20
E02,G059,-2.0215,-3.2979,epoch20
E03,G000,-3.4471,-1.8988,epoch20
E03,G001,-2.4902,-2.1429,epoch20
E03,G002,-4.1106,-2.6551,epoch20
E03,G003,-1.231,-1.8839,epoch20
E03,G004,-3.0079,-1.0838,epoch20
E03,G005,-3.4625,-2.5729,epoch20
E03,G006,-3.7202,-2.7745,epoch20
E03,G007,-4.4648,-1.9439,epoch20
E03,G008,-4.9541,-2.5231,epoch20
E03,G009,-3.4651,-1.4932,epoch20
E03,G010,-3.1338,-2.4556,epoch20
E03,G011,-1.3074,0.1091,epoch20
E03,G012,-1.7767,-2.4452,epoch20
E03,G013,-2.1974,-2.3559,epoch20
E03,G014,-4.1744,-3.0837,epoch20
E03,G015,-1.9815,-0.2903,epoch20
E03,G016,-3.258,-1.1418,epoch20
E03,G017,-1.6359,-2.0162,epoch20
E03,G018,-2.7034,-2.0504,epoch20
E03,G019,-3.9729,-2.3152,epoch20
E03,G020,-2.2434,-1.8599,epoch20
E03,G021,-2.1739,-1.2859,epoch20
E03,G022,-1.4073,-1.0364,epoch20
E03,G023,-3.3942,-2.0605,epoch20
E03,G024,-0.9659,-0.1973,epoch20
E03,G025,-3.572,-2.9477,epoch20
E03,G026,-2.1724,-0.8753,epoch20
E03,G027,-3.2066,-0.0289,epoch20
E03,G028,-1.699,0.1606,epoch20
E03,G029,-2.5249,-2.1553,epoch20
E03,G030,-4.0608,-3.0055,epoch20
E03,G031,-0.2542,-3.6905,epoch20
E03,G032,0.335,-0.9304,epoch20
E03,G033,-1.7626,-0.3116,epoch20
E03,G034,-0.4118,-3.1707,epoch20
E03,G035,-1.6991,-2.9684,epoch20
E03,G036,-3.6388,-1.7717,epoch20
E03,G037,-0.0626,-0.501,epoch20
E03,G038,-2.6748,-4.1671,epoch20
E03,G039,-2.2779,-2.1696,epoch20
E03,G040,-1.7631,-1.3093,epoch20
E03,G041,-2.8165,-2.9222,epoch20
E03,G042,-2.1725,-0.9398,epoch20
E03,G043,-3.6846,-2.9792,epoch20
E03,G044,-1.7703,-0.8729,epoch20
E03,G045,-2.4617,-1.5877,epoch20
E03,G046,-1.6459,-2.0576,epoch20
E03,G047,-3.0834,-4.0196,epoch20
E03,G048,-0.6924,-1.7188,epoch20
E03,G049,-3.7328,-2.1932,epoch20
E03,G050,-3.8887,-2.1416,epoch20
E03,G051,-4.8853,-3.5162,epoch20
E03,G052,-5.292,-2.8234,epoch20
E03,G053,-2.2676,-0.681,epoch20
E03,G054,0.6178,-2.2955,epoch20
E03,G055,-2.0906,-1.6238,epoch20
E03,G056,-3.1409,-2.4433,epoch20
E03,G057,-5.1691,-2.9301,epoch20
E03,G058,-1.3273,-0.8646,epoch20
E03,G059,-3.9271,-1.2426,epoch20
E04,G000,-1.3659,-5.1942,epoch20
E04,G001,-1.6574,-5.1191,epoch20
E04,G002,0.4356,-7.7996,epoch20
E04,G003,-0.17,-4.6792,epoch20
E04,G004,-3.4716,-5.4033,epoch20
E04,G005,-2.7324,-6.2108,epoch20
E04,G006,-3.0526,-4.7622,epoch20
E04,G007,-2.0531,-7.0047,epoch20
E04,G008,-2.6858,-4.6784,epoch20
E04,G009,-1.0115,-5.1769,epoch20
E04,G010,0.4038,-5.8843,epoch20
E04,G011,-3.0678,-5.21,epoch20
E04,G012,-1.6976,-5.1605,epoch20
E04,G013,-0.3081,-5.7996,epoch20
E04,G014,-4.0055,-7.5008,epoch20
E04,G015,-3.1631,-5.9445,epoch20
E04,G016,-1.1284,-3.6498,epoch20
E04,G017,-0.9924,-3.5189,epoch20
E04,G018,-2.7285,-4.3262,epoch20
E04,G019,0.684,-5.7004,epoch20
E04,G020,-1.7016,-6.0341,epoch20
E04,G021,-2.8312,-5.4047,epoch20
E04,G022,-1.822,-4.5064,epoch20
E04,G023,-3.1238,-5.1442,epoch20
E04,G024,0.731,-2.5191,epoch20
E04,G025,-1.7076,-3.9104,epoch20
E04,G026,-1.6536,-4.4942,epoch20
E04,G027,0.7034,-2.8736,epoch20
E04,G028,0.02,-5.3829,epoch20
E04,G029,-1.0593,-5.8312,epoch20
E04,G030,-2.1129,-4.0069,epoch20
E04,G031,-2.748,-4.62,epoch20
E04,G032,-0.8919,-4.1238,epoch20
E04,G033,-5.8616,-5.1664,epoch20
E04,G034,0.5017,-4.6112,epoch20
E04,G035,-0.612,-4.2437,epoch20
E04,G036,-0.6251,-4.3577,epoch20
E04,G037,2.0726,-3.3774,epoch20
E04,G038,0.1998,-3.6775,epoch20
E04,G039,-3.84,-5.4773,epoch20
E04,G040,0.0117,-4.3389,epoch20
E04,G041,0.4542,-6.9546,epoch20
E04,G042,-1.9217,-3.5474,epoch20
E04,G043,-1.1993,-5.853,epoch20
E04,G044,-1.522,-4.9508,epoch20
E04,G045,-2.099,-1.8635,epoch20
E04,G046,1.9172,-4.2304,epoch20
E04,G047,-4.2765,-6.746,epoch20
E04,G048,-1.6879,-2.8368,epoch20
E04,G049,-0.5599,-4.8582,epoch20
E04,G050,-0.8221,-4.63,epoch20
E04,G051,-2.1187,-5.5457,epoch20
E04,G052,-2.6248,-4.9715,epoch20
E04,G053,-1.2749,-3.9372,epoch20
E04,G054,-0.4637,-5.1344,epoch20
E04,G055,-3.1172,-3.5569,epoch20
E04,G056,-1.8621,-6.0585,epoch20
E04,G057,-2.1515,-4.244,epoch20
E04,G058,-0.4622,-5.093,epoch20
E04,G059,-4.1053,-5.7826,epoch20
E05,G000,-3.5455,-1.3712,epoch20
E05,G001,-4.5257,-1.8178,epoch20
E05,G002,-1.27,1.0906,epoch20
E05,G003,0.1457,-0.5147,epoch20
E05,G004,-4.3517,-2.4414,epoch20
E05,G005,-1.4424,-0.5838,epoch20
E05,G006,-2.8905,-2.3589,epoch20
E05,G007,-5.2704,-1.7683,epoch20
E05,G008,-4.1428,-1.824,epoch20
E05,G009,-1.0113,0.949,epoch20
E05,G010,-2.8812,-2.2994,epoch20
E05,G011,-2.7924,-1.1794,epoch20
E05,G012,-1.7519,0.0532,epoch20
E05,G013,-2.4634,-1.2622,epoch20
E05,G014,-4.4491,-1.6053,epoch20
E05,G015,-3.9004,-0.6039,epoch20
E05,G016,-1.4225,-1.3651,epoch20
E05,G017,-2.8564,0.5121,epoch20
E05,G018,-4.7226,-2.7423,epoch20
E05,G019,-4.3964,-1.1524,epoch20
E05,G020,-4.417,-1.3045,epoch20
E05,G021,-5.1928,1.588,epoch20
E05,G022,-1.0429,-1.5028,epoch20
E05,G023,-2.3787,-0.8477,epoch20
E05,G024,-1.9942,1.9724,epoch20
E05,G025,-0.3888,-0.3632,epoch20
E05,G026,-3.9198,-0.5006,epoch20
E05,G027,-3.0805,-0.7641,epoch20
E05,G028,-2.3732,-1.9304,epoch20
E05,G029,-2.4487,-0.044,epoch20
E05,G030,-3.209,-2.3208,epoch20
E05,G031,-2.7668,-0.1053,epoch20
E05,G032,0.3677,-1.3129,epoch20
E05,G033,-4.8416,-1.1861,epoch20
E05,G034,-3.02,-2.9324,epoch20
E05,G035,-2.2851,-0.4246,epoch20
E05,G036,-3.4729,0.4965,epoch20
E05,G037,-1.6478,0.2566,epoch20
E05,G038,-1.4913,-0.0517,epoch20
E05,G039,-2.1177,-1.2808,epoch20
E05,G040,-2.2459,-0.5025,epoch20
E05,G041,-4.4435,2.2676,epoch20
E05,G042,-3.6059,-0.8914,epoch20
E05,G043,-4.5932,-0.6957,epoch20
E05,G044,-0.8097,-0.4372,epoch20
E05,G045,-0.8755,-0.8065,epoch20
E05,G046,0.7184,1.3651,epoch20
E05,G047,-4.9455,-1.8464,epoch20
E05,G048,-2.9235,-1.2616,epoch20
E05,G049,-2.3337,-2.0604,epoch20
E05,G050,-2.3013,-1.0554,epoch20
E05,G051,-2.9736,-0.7215,epoch20
E05,G052,-2.8786,-1.8992,epoch20
E05,G053,0.528,-0.5181,epoch20
E05,G054,-0.0477,-0.7643,epoch20
E05,G055,-1.9252,0.8382,epoch20
E05,G056,-3.7991,-1.4408,epoch20
E05,G057,-2.978,-1.5443,epoch20
E05,G058,-2.4796,-0.0039,epoch20
E05,G059,-5.9056,-1.952,epoch20
E06,G000,-0.2709,-4.6115,epoch20
E06,G001,-1.9405,-3.5834,epoch20
E06,G002,-0.6592,-1.5336,epoch20
E06,G003,0.0391,-2.3907,epoch20
E06,G004,1.1135,-2.3499,epoch20
E06,G005,-0.5403,-3.37,epoch20
E06,G006,-2.9432,-5.8813,epoch20
E06,G007,-1.301,-4.18,epoch20
E06,G008,-1.709,-2.6722,epoch20
E06,G009,0.278,-4.2834,epoch20
E06,G010,-1.0102,-3.943,epoch20
E06,G011,-0.7624,-1.7267,epoch20
E06,G012,-0.2848,-2.3842,epoch20
E06,G013,-1.5087,-3.3802,epoch20
E06,G014,-1.5594,-3.6179,epoch20
E06,G015,-0.5018,-3.0751,epoch20
E06,G016,-1.4414,-3.4005,epoch20
E06,G017,0.3023,-2.2476,epoch20
E06,G018,-1.4568,-4.3871,epoch20
E06,G019,0.5985,-2.8578,epoch20
E06,G020,-1.4547,-2.6748,epoch20
E06,G021,-1.669,-4.6965,epoch20
E06,G022,-0.6786,-2.4638,epoch20
E06,G023,-1.7722,-4.3481,epoch20
E06,G024,2.4065,-1.6923,epoch20
E06,G025,-1.7878,-2.0333,epoch20
E06,G026,-0.7986,-2.1707,epoch20
E06,G027,-0.9475,-2.4624,epoch20
E06,G028,0.3425,-1.4523,epoch20
E06,G029,-1.3511,-2.4412,epoch20
E06,G030,-2.4002,-4.9106,epoch20
E06,G031,0.1801,-1.8287,epoch20
E06,G032,2.201,-2.5463,epoch20
E06,G033,-4.3416,-1.861,epoch20
E06,G034,0.1007,-2.4428,epoch20
E06,G035,-1.1057,-2.4074,epoch20
E06,G036,-1.8295,-4.7955,epoch20
E06,G037,2.6433,-0.4852,epoch20
E06,G038,0.9882,-1.5025,epoch20
E06,G039,-0.6572,-5.2799,epoch20
E06,G040,0.1368,-3.0826,epoch20
E06,G041,1.1222,-3.2292,epoch20
E06,G042,1.4383,-3.3737,epoch20
E06,G043,1.2899,-1.3985,epoch20
E06,G044,0.6251,-1.1102,epoch20
E06,G045,-0.6129,-4.1873,epoch20
E06,G046,2.7176,-0.2518,epoch20
E06,G047,0.0756,-3.535,epoch20
E06,G048,-0.8423,-1.2098,epoch20
E06,G049,-0.1253,-5.5028,epoch20
E06,G050,-0.141,-3.0917,epoch20
E06,G051,-1.3708,-2.1897,epoch20
E06,G052,-0.8347,-3.1394,epoch20
E06,G053,-1.6636,-2.0921,epoch20
E06,G054,-0.0616,-3.4026,epoch20
E06,G055,1.4757,-1.4088,epoch20
E06,G056,-1.1174,-3.4218,epoch20
E06,G057,-0.2017,-3.355,epoch20
E06,G058,1.1822,-2.8916,epoch20
E06,G059,-3.3457,-4.3979,epoch20
E07,G000,2.885,6.9948,epoch20
E07,G001,1.9241,5.6572,epoch20
E07,G002,4.901,6.146,epoch20
E07,G003,3.8238,8.9403,epoch20
E07,G004,2.3426,4.1921,epoch20
E07,G005,0.6425,5.4191,epoch20
E07,G006,1.3167,6.2097,epoch20
E07,G007,-0.1517,4.1475,epoch20
E07,G008,0.1119,5.1849,epoch20
E07,G009,3.3663,5.1812,epoch20
E07,G010,1.6257,3.7601,epoch20
E07,G011,3.0717,7.4284,epoch20
E07,G012,4.7353,5.5538,epoch20
E07,G013,4.1428,5.2914,epoch20
E07,G014,-0.1352,5.8468,epoch20
E07,G015,0.8102,4.1697,epoch20
E07,G016,2.6891,6.7303,epoch20
E07,G017,3.7268,7.5357,epoch20
E07,G018,2.4015,6.4371,epoch20
E07,G019,3.9893,6.476,epoch20
E07,G020,2.7992,5.1102,epoch20
E07,G021,3.6807,4.4293,epoch20
E07,G022,5.7463,7.0025,epoch20
E07,G023,4.1078,6.7962,epoch20
E07,G024,3.0938,6.4754,epoch20
E07,G025,4.0081,5.7345,epoch20
E07,G026,2.5444,6.5628,epoch20
E07,G027,2.8102,5.1538,epoch20
E07,G028,3.9469,6.5693,epoch20
E07,G029,2.5344,5.5669,epoch20
E07,G030,1.1587,3.9202,epoch20
E07,G031,4.1407,7.5609,epoch20
E07,G032,5.7996,7.8716,epoch20
E07,G033,1.9499,5.9626,epoch20
E07,G034,5.3116,5.4331,epoch20
E07,G035,4.4044,6.1595,epoch20
E07,G036,2.541,5.9506,epoch20
E07,G037,2.2297,6.2654,epoch20
E07,G038,3.2711,8.2683,epoch20
E07,G039,1.3105,3.4056,epoch20
E07,G040,2.6046,7.1233,epoch20
E07,G041,4.1228,4.7003,epoch20
E07,G042,3.4003,4.0956,epoch20
E07,G043,3.5955,5.3929,epoch20
E07,G044,1.2092,6.3109,epoch20
E07,G045,5.6143,5.6912,epoch20
E07,G046,4.1316,6.2709,epoch20
E07,G047,-0.0108,4.2153,epoch20
E07,G048,3.8554,4.935,epoch20
E07,G049,3.4186,5.1785,epoch20
E07,G050,2.6621,5.2908,epoch20
E07,G051,2.6568,5.1444,epoch20
E07,G052,2.0224,5.4311,epoch20
E07,G053,1.5478,3.3793,epoch20
E07,G054,4.2391,5.9958,epoch20
E07,G055,4.8797,7.8865,epoch20
E07,G056,1.4573,5.1008,epoch20
E07,G057,2.0436,5.2938,epoch20
E07,G058,4.0689,5.9644,epoch20
E07,G059,4.2828,4.5346,epoch20
E08,G000,-1.9328,-0.6729,epoch20
E08,G001,-1.0843,-2.6288,epoch20
E08,G002,-0.9255,-0.5821,epoch20
E08,G003,-1.8272,-2.5355,epoch20
E08,G004,-1.5307,-0.8297,epoch20
E08,G005,-0.624,-2.3506,epoch20
E08,G006,-1.6664,-0.8828,epoch20
E08,G007,-1.9231,-0.1552,epoch20
E08,G008,-4.1302,-3.4931,epoch20
E08,G009,-2.1849,-0.171,epoch20
E08,G010,-1.5424,-1.4786,epoch20
E08,G011,-0.0769,0.8494,epoch20
E08,G012,0.469,-0.9992,epoch20
E08,G013,-2.059,-1.5887,epoch20
E08,G014,-2.3106,-2.082,epoch20
E08,G015,0.5662,0.7794,epoch20
E08,G016,-0.4074,-2.2208,epoch20
E08,G017,-2.4391,0.2821,epoch20
E08,G018,-5.0303,-1.9607,epoch20
E08,G019,-2.4863,-1.0299,epoch20
E08,G020,-0.7205,-1.4623,epoch20
E08,G021,-4.6595,-1.0987,epoch20
E08,G022,1.3263,0.9037,epoch20
E08,G023,-2.4968,0.0576,epoch20
E08,G024,-0.4553,-1.7931,epoch20
E08,G025,0.2125,-2.301,epoch20
E08,G026,-1.0257,-1.0309,epoch20
E08,G027,-1.8018,-1.038,epoch20
E08,G028,-0.8452,-0.9208,epoch20
E08,G029,0.2321,1.2772,epoch20
E08,G030,-1.8705,1.5822,epoch20
E08,G031,-1.2594,-0.2611,epoch20
E08,G032,1.5686,-1.7897,epoch20
E08,G033,-5.3624,-0.9166,epoch20
E08,G034,-0.5988,-1.09,epoch20
E08,G035,-1.7204,-0.377,epoch20
E08,G036,-1.4079,-0.0006,epoch20
E08,G037,1.6869,0.846,epoch20
E08,G038,0.1705,0.0741,epoch20
E08,G039,-2.1975,-1.2998,epoch20
E08,G040,-2.7851,0.1327,epoch20
E08,G041,0.965,0.5709,epoch20
E08,G042,-1.6135,1.5483,epoch20
E08,G043,0.8245,-2.875,epoch20
E08,G044,-0.8367,-1.318,epoch20
E08,G045,-3.3654,-0.991,epoch20
E08,G046,-0.2945,1.0934,epoch20
E08,G047,-2.3875,-1.171,epoch20
E08,G048,-0.621,-0.3057,epoch20
E08,G049,-1.0001,-2.1097,epoch20
E08,G050,-0.8842,-0.8204,epoch20
E08,G051,-3.6145,-0.5273,epoch20
E08,G052,-1.5671,-1.6565,epoch20
E08,G053,0.1248,-1.2938,epoch20
E08,G054,-0.7231,-0.1167,epoch20
E08,G055,-0.91,1.2947,epoch20
E08,G056,-5.7516,-4.3316,epoch20
E08,G057,-1.3762,0.3861,epoch20
E08,G058,2.7468,0.319,epoch20
E08,G059,-2.2391,-2.441,epoch20
E09,G000,-0.6027,-2.4166,epoch20
E09,G001,-1.95,-3.3742,epoch20
E09,G002,-2.0357,-1.4241,epoch20
E09,G003,-1.4515,-4.3825,epoch20
E09,G004,-4.2172,-2.7108,epoch20
E09,G005,-1.8392,-3.8563,epoch20
E09,G006,-2.6961,-3.3562,epoch20
E09,G007,-0.7673,-2.2624,epoch20
E09,G008,-2.1824,-3.554,epoch20
E09,G009,-1.1806,-2.2729,epoch20
E09,G010,-3.3687,-4.0744,epoch20
E09,G011,-2.0184,-1.3971,epoch20
E09,G012,-1.7105,-3.5297,epoch20
E09,G013,-2.4764,-3.7279,epoch20
E09,G014,-4.7414,-4.0401,epoch20
E09,G015,-1.9856,-2.5079,epoch20
E09,G016,-2.2013,-3.8323,epoch20
E09,G017,-3.3243,-2.064,epoch20
E09,G018,-4.2899,-3.7816,epoch20
E09,G019,-2.7238,-2.0487,epoch20
E09,G020,-2.3687,-4.9423,epoch20
E09,G021,-0.9235,-4.1042,epoch20
E09,G022,0.8402,-2.9641,epoch20
E09,G023,-3.9865,-4.4068,epoch20
E09,G024,-2.402,-3.1308,epoch20
E09,G025,0.7964,-1.5674,epoch20
E09,G026,-1.6199,-1.7079,epoch20
E09,G027,-3.0465,-2.064,epoch20
E09,G028,-0.3721,-2.4039,epoch20
E09,G029,-1.59,-3.451,epoch20
E09,G030,-4.3935,-3.2652,epoch20
E09,G031,-3.8577,-3.9643,epoch20
E09,G032,0.8703,-1.2337,epoch20
E09,G033,-2.4473,-4.6103,epoch20
E09,G034,-1.7183,-0.9049,epoch20
E09,G035,-2.75,-2.6047,epoch20
E09,G036,-0.9377,-3.148,epoch20
E09,G037,0.8585,-3.2761,epoch20
E09,G038,-0.6646,-1.7944,epoch20
E09,G039,-2.7664,-4.4239,epoch20
E09,G040,-1.5027,-2.9343,epoch20
E09,G041,-2.6143,-3.2276,epoch20
E09,G042,-2.5437,-3.8146,epoch20
E09,G043,0.0197,-1.655,epoch20
E09,G044,-2.0087,-1.3583,epoch20
E09,G045,-3.669,-4.1582,epoch20
E09,G046,-0.3447,-2.2917,epoch20
E09,G047,-1.7207,-3.009,epoch20
E09,G048,0.8734,-2.5994,epoch20
E09,G049,-4.6481,-3.8318,epoch20
E09,G050,0.882,-0.8298,epoch20
E09,G051,-3.0177,-3.9266,epoch20
E09,G052,0.3935,-2.0057,epoch20
E09,G053,0.8861,-2.7397,epoch20
E09,G054,0.3749,-2.4878,epoch20
E09,G055,-0.1031,-4.4895,epoch20
E09,G056,-2.9627,-2.1471,epoch20
E09,G057,-1.8064,-3.5885,epoch20
E09,G058,-2.303,-3.8881,epoch20
E09,G059,-5.9845,-2.2668,epoch20
E10,G000,4.475,5.9023,epoch20
E10,G001,0.4218,4.5206,epoch20
E10,G002,1.8611,4.4657,epoch20
E10,G003,0.0026,6.8535,epoch20
E10,G004,1.8137,5.5068,epoch20
E10,G005,1.826,5.1079,epoch20
E10,G006,0.779,3.544,epoch20
E10,G007,0.0627,4.4308,epoch20
E10,G008,-1.3862,5.537,epoch20
E10,G009,0.5778,5.6775,epoch20
E10,G010,-1.8965,3.4389,epoch20
E10,G011,-0.8292,4.8866,epoch20
E10,G012,1.2201,6.1278,epoch20
E10,G013,-0.6708,8.1531,epoch20
E10,G014,-0.6644,4.2655,epoch20
E10,G015,0.558,3.4232,epoch20
E10,G016,2.5893,6.4143,epoch20
E10,G017,2.3889,5.3999,epoch20
E10,G018,-0.5056,3.7174,epoch20
E10,G019,2.4461,6.524,epoch20
E10,G020,-1.6506,4.5868,epoch20
E10,G021,-0.6472,4.157,epoch20
E10,G022,2.9311,5.0684,epoch20
E10,G023,0.948,6.3511,epoch20
E10,G024,1.5821,6.3836,epoch20
E10,G025,0.7101,4.6068,epoch20
E10,G026,1.2569,6.8942,epoch20
E10,G027,4.1856,5.3992,epoch20
E10,G028,0.4194,7.3279,epoch20
E10,G029,1.2578,6.181,epoch20
E10,G030,-0.0494,5.5621,epoch20
E10,G031,0.4971,6.5174,epoch20
E10,G032,1.8175,6.3474,epoch20
E10,G033,0.7765,4.8583,epoch20
E10,G034,5.7934,8.7963,epoch20
E10,G035,3.0237,6.0919,epoch20
E10,G036,0.263,6.6391,epoch20
E10,G037,4.4089,6.3941,epoch20
E10,G038,0.2335,5.5784,epoch20
E10,G039,1.2731,6.5121,epoch20
E10,G040,1.4542,4.7156,epoch20
E10,G041,2.3847,6.7656,epoch20
E10,G042,2.1208,3.9544,epoch20
E10,G043,1.0891,5.0438,epoch20
E10,G044,-0.4296,4.8582,epoch20
E10,G045,0.4281,7.3376,epoch20
E10,G046,1.7023,7.1688,epoch20
E10,G047,-1.1045,4.5466,epoch20
E10,G048,0.8599,5.7025,epoch20
E10,G049,-0.4354,5.7597,epoch20
E10,G050,-0.1636,3.5804,epoch20
E10,G051,1.3425,6.1962,epoch20
E10,G052,-0.5975,7.0895,epoch20
E10,G053,0.9931,7.5141,epoch20
E10,G054,2.5659,6.5961,epoch20
E10,G055,3.1321,6.1719,epoch20
E10,G056,0.3457,3.6175,epoch20
E10,G057,0.6558,4.6887,epoch20
E10,G058,0.6773,5.5959,epoch20
E10,G059,0.3459,5.3693,epoch20
E11,G000,-0.4607,-0.3221,epoch20
E11,G001,0.0596,-2.6832,epoch20
E11,G002,0.4465,0.4433,epoch20
E11,G003,-2.25,0.1951,epoch20
E11,G004,2.407,-1.7179,epoch20
E11,G005,1.936,-1.028,epoch20
E11,G006,-2.2604,-1.7409,epoch20
E11,G007,-0.2794,-2.8643,epoch20
E11,G008,-1.5419,-1.556,epoch20
E11,G009,0.3306,-0.1763,epoch20
E11,G010,-3.0364,0.1381,epoch20
E11,G011,0.4612,-0.1631,epoch20
E11,G012,2.8088,0.0066,epoch20
E11,G013,2.3143,0.0098,epoch20
E11,G014,0.5,-0.7383,epoch20
E11,G015,0.9273,0.2838,epoch20
E11,G016,2.7194,-1.633,epoch20
E11,G017,1.2997,0.3103,epoch20
E11,G018,-0.4179,-0.683,epoch20
E11,G019,-1.5501,-2.7863,epoch20
E11,G020,-1.5433,0.246,epoch20
E11,G021,1.4763,-1.1055,epoch20
E11,G022,0.7057,0.7934,epoch20
E11,G023,0.5567,-1.0029,epoch20
E11,G024,0.0387,-1.1624,epoch20
E11,G025,0.4705,-0.2266,epoch20
E11,G026,1.5568,0.3483,epoch20
E11,G027,0.2176,0.2969,epoch20
E11,G028,0.3483,-0.7822,epoch20
E11,G029,2.0823,-1.3736,epoch20
E11,G030,0.8152,-1.5812,epoch20
E11,G031,-0.3887,-1.8451,epoch20
E11,G032,1.1989,0.9322,epoch20
E11,G033,0.2702,-1.9349,epoch20
E11,G034,1.8405,1.6052,epoch20
E11,G035,2.1252,-0.2433,epoch20
E11,G036,3.9939,-0.3314,epoch20
E11,G037,3.2611,1.6498,epoch20
E11,G038,1.6777,-0.4078,epoch20
E11,G039,-0.8432,-1.6243,epoch20
E11,G040,1.1533,0.903,epoch20
E11,G041,-0.8041,-0.1678,epoch20
E11,G042,-0.7691,-1.8369,epoch20
E11,G043,0.8094,2.151,epoch20
E11,G044,0.863,0.3038,epoch20
E11,G045,2.7276,-1.1475,epoch20
E11,G046,2.9084,0.6512,epoch20
E11,G047,-1.0827,-0.5125,epoch20
E11,G048,0.4024,0.1352,epoch20
E11,G049,1.8682,0.0187,epoch20
E11,G050,1.0605,1.7103,epoch20
E11,G051,1.8716,0.0183,epoch20
E11,G052,0.4657,0.8746,epoch20
E11,G053,0.7318,-0.6852,epoch20
E11,G054,1.2833,-0.7949,epoch20
E11,G055,1.7062,1.0938,epoch20
E11,G056,1.82,-2.1349,epoch20
E11,G057,-0.8659,0.1991,epoch20
E11,G058,2.9338,0.6531,epoch20
E11,G059,1.7086,-1.7934,epoch20
